,growth_score,infl_score,cpi_yoy,regime,regime_raw,regime_oracle,sb_corr,sb_regime
1913-01,,,,,,,,
1913-02,,,,,,,,
1913-03,,,,,,,,
1913-04,,,,,,,,
1913-05,,,,,,,,
1913-06,,,,,,,,
1913-07,,,,,,,,
1913-08,,,,,,,,
1913-09,,,,,,,,
1913-10,,,,,,,,
1913-11,,,,,,,,
1913-12,,,,,,,,
1914-01,,,,,,,,
1914-02,,,0.020408163265306145,,,,,
1914-03,,,0.010204081632652962,,,,,
1914-04,,,0.010204081632652962,,,,,
1914-05,,,0.0,,,,,
1914-06,,,0.020618556701031077,,,,,
1914-07,,,0.010204081632652962,,,,,
1914-08,,,0.010101010101010166,,,,,
1914-09,,,0.030303030303030276,,,,,
1914-10,,,0.020000000000000018,,,,,
1914-11,,,0.010000000000000009,,,,,
1914-12,,,0.00990099009900991,,,,,
1915-01,,-0.0035283362476088986,0.010000000000000009,,,,,
1915-02,,-0.0026609893088333884,0.010000000000000009,,,,,
1915-03,,-0.002585726680529735,0.010101010101010166,,,,,
1915-04,,-0.005068719877808659,0.0,,,,,
1915-05,,-0.0033000123948154596,0.020408163265306145,,,,,
1915-06,,0.0001017023471054368,0.02020202020202011,,,,,
1915-07,,0.006002547533664878,0.02020202020202011,,,,,
1915-08,,0.002541577286980347,0.010000000000000009,,,,,
1915-09,,-0.004118157313930689,-0.009803921568627416,,,,,
1915-10,,-0.011636477773427578,-0.009803921568627416,,,,,
1915-11,,-0.011661230248675103,0.00990099009900991,,,,,
1915-12,,-0.00511719349205823,0.009803921568627638,,,,,
1916-01,,0.003934608746989199,0.01980198019801982,,,,,
1916-02,,0.008893354621576663,0.02970297029702973,,,,,
1916-03,,0.016467131607118303,0.040000000000000036,,,,,
1916-04,,0.025017986692626837,0.06060606060606055,,,,,
1916-05,,0.031817676865725786,0.06000000000000005,,,,,
1916-06,,0.03501933036440898,0.05940594059405946,,,,,
1916-07,,0.033827544519157815,0.06930693069306937,,,,,
1916-08,,0.03198761052575848,0.06930693069306937,,,,,
1916-09,,0.031170617061706186,0.07920792079207928,,,,,
1916-10,,0.03200378861415555,0.0990099009900991,,,,,
1916-11,,0.036687345205108766,0.10784313725490202,,,,,
1916-12,,0.04022791199736764,0.11650485436893199,,,,,
1917-01,,0.040428174742088666,0.12621359223300965,,,,,
1917-02,,0.038205709848540464,0.125,,,,,
1917-03,,0.04116563018710158,0.15384615384615374,,,,,
1917-04,,0.03985922354088911,0.1428571428571428,,,,,
1917-05,,0.050362368194977164,0.18867924528301883,,,,,
1917-06,,0.05309623252317856,0.1962616822429908,,,,,
1917-07,,0.06217868838781268,0.20370370370370372,,,,,
1917-08,,0.05135748048085845,0.18518518518518512,,,,,
1917-09,,0.040702717413880346,0.19266055045871555,,,,,
1917-10,,0.03060185747803698,0.1981981981981984,,,,,
1917-11,,0.026532956892565157,0.19469026548672552,,,,,
1917-12,,0.015499772139969503,0.17391304347826098,,,,,
1918-01,,0.005210126116309416,0.18103448275862077,,,,,
1918-02,,-0.0001246632339666487,0.19658119658119655,,,,,
1918-03,,-0.0015251649062074657,0.17500000000000004,,,,,
1918-04,,-0.008298563920985824,0.16666666666666674,,,,,
1918-05,,-0.026356327261768037,0.12698412698412698,,,,,
1918-06,,-0.03513139540818547,0.1328125,,,,,
1918-07,,-0.04101933462945806,0.13076923076923075,,,,,
1918-08,,-0.022993403192068274,0.1796875,,,,,
1918-09,,-0.005055344499995812,0.18461538461538463,,,,,
1918-10,,0.012984210381664363,0.18045112781954886,,,,,
1918-11,,0.015608862135187751,0.18518518518518512,,,,,
1918-12,,0.020415006071766495,0.20740740740740748,,,,,
1919-01,,0.026445727539417513,0.2043795620437956,,,,,
1919-02,,0.02574195600231266,0.1785714285714286,,,,,
1919-03,,0.008423529419701647,0.14893617021276584,,,,,
1919-04,,-0.002956959515531876,0.17142857142857126,,,,,
1919-05,,-0.007884673950288523,0.176056338028169,,,,,
1919-06,,-0.0050830453430496525,0.16551724137931023,,,,,
1919-07,,-0.013913500602076273,0.14965986394557818,,,,,
1919-08,,-0.01954551807945712,0.15231788079470188,,,,,
1919-09,,-0.021995654150282817,0.14935064935064934,,,,,
1919-10,,-0.023405191034653217,0.13375796178343968,,,,,
1919-11,,-0.025933219200788393,0.1312500000000001,,,,,
1919-12,,-0.024690487078710688,0.13496932515337412,,,,,
1920-01,,-0.01588120780590463,0.14545454545454528,,,,,
1920-02,,-0.0023260130007098367,0.16969696969696968,,,,,
1920-03,,0.016021485391821855,0.20370370370370372,,,,,
1920-04,,0.03212722924146816,0.2012195121951219,,,,,
1920-05,,0.044125149747021336,0.21556886227544925,,,,,
1920-06,,0.04475074643804691,0.21893491124260378,,,,,
1920-07,,0.049320828668273864,0.23668639053254448,,,,,
1920-08,,0.03900827268865964,0.1954022988505748,,,,,
1920-09,,0.015199020228820415,0.14689265536723162,,,,,
1920-10,,-0.021651070062246758,0.12359550561797739,,,,,
1920-11,,-0.05098579122606639,0.09944751381215444,,,,,
1920-12,,-0.07113499835146155,0.07027027027027022,,,,,
1921-01,,-0.09359853148915194,0.02645502645502651,,,,,
1921-02,,-0.11649229898115025,-0.015544041450777257,,,,,
1921-03,,-0.13704297786516245,-0.05641025641025643,,,,,
1921-04,,-0.14685952479584005,-0.07106598984771562,,,,,
1921-05,,-0.1508077018484068,-0.10837438423645318,,,,,
1921-06,,-0.1489538818653859,-0.14077669902912626,,,,,
1921-07,,-0.14501503691562828,-0.1578947368421051,,,,,
1921-08,,-0.1298663326505447,-0.14903846153846156,,,,,
1921-09,,-0.1027194161270642,-0.1280788177339902,,,,,
1921-10,,-0.07103821171153106,-0.125,,,,,
1921-11,,-0.04322218548320855,-0.12060301507537685,,,,,
1921-12,,-0.024976420685719605,-0.12121212121212133,,,,,
1922-01,,-0.008167024151237157,-0.10824742268041232,,,,,
1922-02,,0.0031070651389552284,-0.1105263157894738,,,,,
1922-03,,0.01842981605953227,-0.08152173913043481,,,,,
1922-04,,0.026732200968425615,-0.08743169398907114,,,,,
1922-05,,0.0352060909706268,-0.07734806629834268,,,,,
1922-06,,0.03652431864303381,-0.05649717514124297,,,,,
1922-07,,0.03972623099345781,-0.05113636363636376,,,,,
1922-08,,0.040377183557920575,-0.05084745762711862,,,,,
1922-09,,0.03299961729666062,-0.0621468926553671,,,,,
1922-10,,0.02677126231830569,-0.05142857142857138,,,,,
1922-11,,0.02224159217582574,-0.04571428571428571,,,,,
1922-12,,0.024235523304765617,-0.0344827586206895,,,,,
1923-01,,0.026577415070112444,-0.023121387283237094,,,,,
1923-02,,0.031125694051589818,-0.005917159763313529,,,,,
1923-03,,0.03434717872345503,-0.005917159763313529,,,,,
1923-04,,0.03626533930680213,0.005988023952095967,,,,,
1923-05,,0.03478606567909262,0.011976047904191489,,,,,
1923-06,,0.03504436631447475,0.011976047904191489,,,,,
1923-07,,0.03327801265815099,0.017964071856287456,,,,,
1923-08,,0.031001089506874868,0.023809523809523725,,,,,
1923-09,,0.029360286299458138,0.030120481927710774,,,,,
1923-10,,0.028122692639961235,0.036144578313252795,,,,,
1923-11,,0.02535869682207325,0.03592814371257491,,,,,
1923-12,,0.01988544915158836,0.029761904761904656,,,,,
1924-01,,0.011827633870214647,0.02366863905325456,,,,,
1924-02,,0.006798965509556377,0.029761904761904656,,,,,
1924-03,,0.0023376148943596298,0.023809523809523725,,,,,
1924-04,,-0.0005886437464315275,0.017857142857142794,,,,,
1924-05,,-0.008031984734222047,0.00591715976331364,,,,,
1924-06,,-0.013491198737885585,0.00591715976331364,,,,,
1924-07,,-0.017946573702242563,0.0,,,,,
1924-08,,-0.019388321677979797,-0.005813953488371992,,,,,
1924-09,,-0.02031265640920203,-0.005847953216374324,,,,,
1924-10,,-0.018754096588523957,-0.005813953488371992,,,,,
1924-11,,-0.015267186821554379,-0.005780346820809301,,,,,
1924-12,,-0.012282797057806539,-0.005780346820809301,,,,,
1925-01,,-0.00837242597391133,0.0,,,,,
1925-02,,-0.003965484970149508,0.0,,,,,
1925-03,,-5.4575712419430156e-05,0.0,,,,,
1925-04,,0.004357496133862909,0.011695906432748426,,,,,
1925-05,,0.007791769251393938,0.0117647058823529,,,,,
1925-06,,0.012696630604219078,0.01764705882352935,,,,,
1925-07,,0.016150936303106832,0.02941176470588225,,,,,
1925-08,,0.02051680137618624,0.0350877192982455,,,,,
1925-09,,0.024441236647370718,0.04117647058823515,,,,,
1925-10,,0.022924748779273675,0.0350877192982455,,,,,
1925-11,,0.018014588638589533,0.029069767441860517,,,,,
1925-12,,0.015435309850854582,0.04651162790697683,,,,,
1926-01,,0.012409923649319924,0.03468208092485536,,,,,
1926-02,,0.011390521399913586,0.03468208092485536,,,,,
1926-03,,0.006061064035572442,0.0406976744186045,,,,,
1926-04,,0.0027004627893612576,0.028901734104046284,,,,,
1926-05,,0.002294579909256668,0.0406976744186045,,,,,
1926-06,,-0.0025752898023058135,0.028901734104046284,,,,,
1926-07,,-0.006901077921021553,0.011428571428571344,,,,,
1926-08,,-0.020367851542764742,-0.011299435028248594,,,,,
1926-09,,-0.03080767849735381,-0.016949152542372947,,,,,
1926-10,,-0.03451808445575262,-0.011299435028248594,,,,,
1926-11,,-0.029741554871379076,-0.005649717514124131,,,,,
1926-12,,-0.02438253503167337,-0.01666666666666672,,,,,
1927-01,,-0.020519179367904698,-0.011173184357541888,,,,,
1927-02,,-0.02133235896489632,-0.022346368715083775,,,,,
1927-03,,-0.019368570764587395,-0.027932960893854775,,,,,
1927-04,,-0.020258170046848593,-0.028089887640449396,,,,,
1927-05,,-0.017797795875093343,-0.03351955307262555,,,,,
1927-06,,-0.011696308596561157,-0.022471910112359716,,,,,
1927-07,,-0.0027930611425614482,-0.005649717514124131,,,,,
1927-08,,0.004581360772150185,-0.011428571428571344,,,,,
1927-09,,0.00778600487934821,-0.011494252873563204,,,,,
1927-10,,0.005870481607892702,-0.011428571428571344,,,,,
1927-11,,0.006368286533663659,-0.011363636363636576,,,,,
1927-12,,0.0031610977551715675,-0.022598870056497078,,,,,
1928-01,,0.0003898053541092558,-0.022598870056497078,,,,,
1928-02,,-0.0005416561080783706,-0.011428571428571344,,,,,
1928-03,,0.00035320900867993194,-0.01724137931034464,,,,,
1928-04,,0.002655168313736885,-0.011560693641618491,,,,,
1928-05,,0.0007812226234705788,-0.011560693641618491,,,,,
1928-06,,0.0017821266658313486,-0.011494252873563204,,,,,
1928-07,,-0.0019373913070789006,-0.02840909090909094,,,,,
1928-08,,-0.001926381122658305,-0.011560693641618491,,,,,
1928-09,,-0.000506306276360502,-0.005813953488371992,,,,,
1928-10,,0.008011009740955533,0.0,,,,,
1928-11,,0.00804404137280118,-0.011494252873563204,,,,,
1928-12,,0.006653699992348096,-0.005780346820809301,,,,,
1929-01,,0.0018802874105687175,-0.011560693641618491,,,,,
1929-02,,0.0018691506723042175,-0.011560693641618491,,,,,
1929-03,,0.0023591513367119303,0.0,,,,,
1929-04,,0.003787336443022972,-0.005847953216374324,,,,,
1929-05,,0.0037535332452404337,-0.011695906432748648,,,,,
1929-06,,-0.0001112979050758578,-0.011627906976744096,,,,,
1929-07,,-0.0005294044087086613,0.0,,,,,
1929-08,,0.005329816540259787,0.011695906432748426,,,,,
1929-09,,0.011645266016663927,0.011695906432748426,,,,,
1929-10,,0.011645266016663927,0.0,,,,,
1929-11,,0.008242264505043876,0.005813953488372103,,,,,
1929-12,,0.005315421831153318,0.005813953488372103,,,,,
1930-01,,0.0058140189984453305,0.005847953216374213,,,,,
1930-02,,0.002912643365519755,0.0,,,,,
1930-03,,-0.0004873294346978604,-0.005847953216374324,,,,,
1930-04,,-0.004394564843481265,-0.005882352941176561,,,,,
1930-05,,-0.003889933772048576,0.00591715976331364,,,,,
1930-06,,-0.004380196516613283,-0.005882352941176561,,,,,
1930-07,,-0.006805377115168478,-0.01754385964912286,,,,,
1930-08,,-0.017918711769960155,-0.040462427745664664,,,,,
1930-09,,-0.02654396222845745,-0.046242774566474076,,,,,
1930-10,,-0.030811615948499328,-0.040462427745664664,,,,,
1930-11,,-0.02840033755086529,-0.046242774566474076,,,,,
1930-12,,-0.025507363584830432,-0.05202312138728338,,,,,
1931-01,,-0.02752093032793425,-0.06395348837209291,,,,,
1931-02,,-0.029650531788232397,-0.07017543859649134,,,,,
1931-03,,-0.031914467819326005,-0.07647058823529418,,,,,
1931-04,,-0.030317603671162298,-0.07692307692307687,,,,,
1931-05,,-0.028491517688134148,-0.08823529411764708,,,,,
1931-06,,-0.02716015674138856,-0.09467455621301768,,,,,
1931-07,,-0.02827873845207557,-0.10119047619047628,,,,,
1931-08,,-0.02482920417078177,-0.09036144578313265,,,,,
1931-09,,-0.018336704525769923,-0.08484848484848484,,,,,
1931-10,,-0.012074800316585255,-0.09638554216867479,,,,,
1931-11,,-0.010050307178504775,-0.09696969696969693,,,,,
1931-12,,-0.012017373157624883,-0.10365853658536583,,,,,
1932-01,,-0.008510241931579565,-0.0931677018633541,,,,,
1932-02,,-0.0071921955291240625,-0.10062893081761004,,,,,
1932-03,,-0.004489606026646054,-0.10191082802547768,,,,,
1932-04,,-0.005484987456810045,-0.10256410256410253,,,,,
1932-05,,-0.005101403306980501,-0.10322580645161283,,,,,
1932-06,,-0.0051644644992459715,-0.10457516339869288,,,,,
1932-07,,-0.0042434070798441775,-0.09933774834437081,,,,,
1932-08,,-0.0021993624973269954,-0.09933774834437081,,,,,
1932-09,,-0.0009017479936353351,-0.10596026490066224,,,,,
1932-10,,-0.0024879603929012922,-0.10666666666666669,,,,,
1932-11,,-0.004301823276145034,-0.10738255033557043,,,,,
1932-12,,-0.0031301504396707563,-0.10204081632653061,,,,,
1933-01,,-0.0010235015462440322,-0.10273972602739723,,,,,
1933-02,,0.001909413188620812,-0.09790209790209792,,,,,
1933-03,,0.0026077545932135238,-0.099290780141844,,,,,
1933-04,,0.0033073213886707364,-0.09999999999999998,,,,,
1933-05,,0.003957908521040193,-0.09352517985611519,,,,,
1933-06,,0.008267245584367158,-0.08029197080291972,,,,,
1933-07,,0.01677831557527744,-0.06617647058823528,,,,,
1933-08,,0.03048405336136336,-0.03676470588235292,,,,,
1933-09,,0.04286246599839254,-0.022222222222222254,,,,,
1933-10,,0.0523010573553333,-0.014925373134328401,,,,,
1933-11,,0.053727714206699764,-0.007518796992481258,,,,,
1933-12,,0.05263172025356296,0.0,,,,,
1934-01,,0.05095359774262085,0.007633587786259444,,,,,
1934-02,,0.05111530873664516,0.02325581395348819,,,,,
1934-03,,0.05465210068020544,0.047244094488189115,,,,,
1934-04,,0.05766312697367452,0.05555555555555558,,,,,
1934-05,,0.05600631289005775,0.05555555555555558,,,,,
1934-06,,0.04745617271597363,0.05555555555555558,,,,,
1934-07,,0.037202475874157315,0.0551181102362206,,,,,
1934-08,,0.021345422705137406,0.022900763358778775,,,,,
1934-09,,0.004762931122645808,0.015151515151515138,,,,,
1934-10,,-0.007277795808197519,0.030303030303030276,,,,,
1934-11,,-0.00985613182867904,0.022727272727272707,,,,,
1934-12,,-0.009224818697365907,0.022727272727272707,,,,,
1935-01,,-0.014901817694975599,0.015151515151515138,,,,,
1935-02,,-0.012963833198851582,0.030303030303030276,,,,,
1935-03,,-0.009083785908112187,0.03007518796992481,,,,,
1935-04,,-0.0019858643365063995,0.03007518796992481,,,,,
1935-05,,0.0019412514327146572,0.03759398496240607,,,,,
1935-06,,0.0059443146463042,0.03759398496240607,,,,,
1935-07,,0.006109442768054103,0.02238805970149249,,,,,
1935-08,,0.0010835263191901028,0.02238805970149249,,,,,
1935-09,,-0.004588160813612536,0.02238805970149249,,,,,
1935-10,,-0.007687359561406537,0.007352941176470562,,,,,
1935-11,,-0.0095524030309276,0.014814814814814836,,,,,
1935-12,,-0.00956559464859678,0.022222222222222365,,,,,
1936-01,,-0.0032912622109631737,0.029850746268656803,,,,,
1936-02,,-0.0020278107024135905,0.014705882352941346,,,,,
1936-03,,-0.005104134927412445,0.007299270072992803,,,,,
1936-04,,-0.012548118019470977,0.0,,,,,
1936-05,,-0.01612884092648284,-0.007246376811594346,,,,,
1936-06,,-0.017240693073511854,-0.007246376811594346,,,,,
1936-07,,-0.013550203913472614,0.007299270072992803,,,,,
1936-08,,-0.005619438297987112,0.014598540145985384,,,,,
1936-09,,0.004136144835746591,0.021897810218978186,,,,,
1936-10,,0.007790252464199416,0.021897810218978186,,,,,
1936-11,,0.009633092871516738,0.021897810218978186,,,,,
1936-12,,0.007808863056172935,0.014492753623188248,,,,,
1937-01,,0.006620343578032003,0.014492753623188248,,,,,
1937-02,,0.00598134630981334,0.021739130434782483,,,,,
1937-03,,0.007193483550195612,0.021739130434782483,,,,,
1937-04,,0.011486653267040422,0.03649635036496357,,,,,
1937-05,,0.014585316830635821,0.04379562043795637,,,,,
1937-06,,0.01950879791247937,0.051094890510948954,,,,,
1937-07,,0.01882118551429888,0.04347826086956519,,,,,
1937-08,,0.01623055728695368,0.043165467625899234,,,,,
1937-09,,0.009952316063457,0.03571428571428581,,,,,
1937-10,,0.007998665672802517,0.04285714285714293,,,,,
1937-11,,0.006149279696703348,0.04285714285714293,,,,,
1937-12,,0.004380818689111887,0.03571428571428581,,,,,
1938-01,,-0.0015543089851462258,0.028571428571428692,,,,,
1938-02,,-0.012255379422571953,0.007092198581560183,,,,,
1938-03,,-0.022348547124435347,0.0,,,,,
1938-04,,-0.03059155749811297,-0.007042253521126751,,,,,
1938-05,,-0.031054240403721768,-0.006993006993007089,,,,,
1938-06,,-0.032004666194476034,-0.02083333333333337,,,,,
1938-07,,-0.031242393281636693,-0.02083333333333337,,,,,
1938-08,,-0.03221082037261401,-0.02758620689655178,,,,,
1938-09,,-0.029186737176117007,-0.02758620689655178,,,,,
1938-10,,-0.027232507995860418,-0.03424657534246578,,,,,
1938-11,,-0.02473964972832096,-0.041095890410958846,,,,,
1938-12,,-0.02118874660845229,-0.03448275862068961,,,,,
1939-01,,-0.014336713557789083,-0.02777777777777779,,,,,
1939-02,,-0.003568193632902828,-0.014084507042253502,,,,,
1939-03,,0.004379959949880257,-0.014184397163120477,,,,,
1939-04,,0.009506265458265504,-0.014184397163120477,,,,,
1939-05,,0.00657609703513936,-0.028169014084506894,,,,,
1939-06,,0.004248969375564876,-0.02127659574468077,,,,,
1939-07,,0.001921841715990396,-0.02127659574468077,,,,,
1939-08,,0.0036935135666098518,-0.02127659574468077,,,,,
1939-09,,0.0031677126372872677,-0.02127659574468077,,,,,
1939-10,,0.007406029940308709,0.0,,,,,
1939-11,,0.011073570987622398,0.0,,,,,
1939-12,,0.015292206350791851,0.0,,,,,
1940-01,,0.012977391535977037,0.0,,,,,
1940-02,,0.010017968330074964,-0.0071428571428571175,,,,,
1940-03,,0.010634496384227385,0.007194244604316502,,,,,
1940-04,,0.011251024438379803,0.007194244604316502,,,,,
1940-05,,0.014907747384753662,0.014492753623188248,,,,,
1940-06,,0.014359804610388494,0.014492753623188248,,,,,
1940-07,,0.015623456038921882,0.021739130434782483,,,,,
1940-08,,0.012642676924932799,0.014492753623188248,,,,,
1940-09,,0.009661897810943714,0.014492753623188248,,,,,
1940-10,,0.0006424713539594784,-0.007092198581560294,,,,,
1940-11,,-0.004188446520436604,0.0,,,,,
1940-12,,-0.009019364394832686,0.0,,,,,
1941-01,,-0.004869583915264976,0.0071428571428571175,,,,,
1941-02,,-0.001867699708344819,0.014388489208633004,,,,,
1941-03,,0.0005175349610625022,0.0071428571428571175,,,,,
1941-04,,0.0023075315352317303,0.014285714285714235,,,,,
1941-05,,0.004076240791429311,0.021428571428571574,,,,,
1941-06,,0.010045875021933133,0.028571428571428692,,,,,
1941-07,,0.01773386233526737,0.042553191489361764,,,,,
1941-08,,0.024298734661009205,0.050000000000000044,,,,,
1941-09,,0.03205408317722723,0.06428571428571428,,,,,
1941-10,,0.03692152660850041,0.07857142857142851,,,,,
1941-11,,0.04346914565611947,0.09285714285714297,,,,,
1941-12,,0.04704057422754808,0.10000000000000009,,,,,
1942-01,,0.04626803116777097,0.09929078014184389,,,,,
1942-02,,0.04488348530901718,0.11347517730496448,,,,,
1942-03,,0.042287234042553135,0.12056737588652489,,,,,
1942-04,,0.04207092436415179,0.12676056338028174,,,,,
1942-05,,0.03750011101674272,0.12587412587412583,,,,,
1942-06,,0.03267804921329792,0.13194444444444442,,,,,
1942-07,,0.02118151173105902,0.10884353741496611,,,,,
1942-08,,0.012301701065534063,0.11564625850340127,,,,,
1942-09,,0.0005230000250880662,0.10738255033557054,,,,,
1942-10,,-0.006031752118595052,0.0927152317880795,,,,,
1942-11,,-0.013966592721502857,0.0915032679738561,,,,,
1942-12,,-0.01870017010608699,0.09090909090909083,,,,,
1943-01,,-0.018750370529002844,0.0903225806451613,,,,,
1943-02,,-0.02068691482343077,0.07643312101910826,,,,,
1943-03,,-0.023537600511444753,0.06962025316455689,,,,,
1943-04,,-0.024331747111475052,0.07499999999999996,,,,,
1943-05,,-0.01913360822460733,0.08074534161490665,,,,,
1943-06,,-0.012940080933629125,0.07361963190184051,,,,,
1943-07,,-0.01046487817358846,0.07361963190184051,,,,,
1943-08,,-0.012498901397582834,0.060975609756097615,,,,,
1943-09,,-0.015969020715686656,0.048484848484848575,,,,,
1943-10,,-0.01914626506426325,0.05454545454545445,,,,,
1943-11,,-0.021367154068973458,0.041916167664670656,,,,,
1943-12,,-0.02102444122626069,0.03571428571428559,,,,,
1944-01,,-0.02428292798350673,0.029585798816567976,,,,,
1944-02,,-0.024489107415995928,0.029585798816567976,,,,,
1944-03,,-0.023195731852902725,0.029585798816567976,,,,,
1944-04,,-0.023900688047572675,0.011627906976744207,,,,,
1944-05,,-0.02559706090932436,0.005747126436781658,,,,,
1944-06,,-0.02932402452302698,0.0,,,,,
1944-07,,-0.025636452761550226,0.005714285714285783,,,,,
1944-08,,-0.018160515933216402,0.017241379310344973,,,,,
1944-09,,-0.008339765072003107,0.023121387283236983,,,,,
1944-10,,-0.0013887276037242505,0.017241379310344973,,,,,
1944-11,,0.000667504759136222,0.017241379310344973,,,,,
1944-12,,0.0002469109685006021,0.017241379310344973,,,,,
1945-01,,0.0027123942032146013,0.02298850574712663,,,,,
1945-02,,0.005177877437928597,0.02298850574712663,,,,,
1945-03,,0.007643360672642596,0.02298850574712663,,,,,
1945-04,,0.006696644108444061,0.02298850574712663,,,,,
1945-05,,0.0037984503481812704,0.017142857142857126,,,,,
1945-06,,0.001849900813424732,0.022857142857142687,,,,,
1945-07,,0.0017655287678457095,0.02840909090909083,,,,,
1945-08,,0.0031377421768797147,0.02259887005649719,,,,,
1945-09,,0.0030951943455595314,0.02259887005649719,,,,,
1945-10,,0.0007119964991822991,0.02259887005649719,,,,,
1945-11,,0.00026553893700294665,0.02259887005649719,,,,,
1945-12,,-0.00018091862517640236,0.02259887005649719,,,,,
1946-01,,-0.0001801889703250681,0.022471910112359383,,,,,
1946-02,,-0.0001794593154737338,0.022471910112359383,,,,,
1946-03,,-0.0015832240426448436,0.016853932584269593,,,,,
1946-04,,-0.00013568002439173776,0.028089887640449396,,,,,
1946-05,,0.0022292209921946915,0.033707865168539186,,,,,
1946-06,,0.00689589363702316,0.033519553072625774,,,,,
1946-07,,0.008187314816977136,0.03314917127071815,,,,,
1946-08,,0.022315261915597556,0.09392265193370153,,,,,
1946-09,,0.0420308415913088,0.11602209944751363,,,,,
1946-10,,0.06463231280688245,0.12707182320441968,,,,,
1946-11,,0.07250081901324804,0.149171270718232,,,,,
1946-12,,0.0799089200630759,0.17679558011049723,,,,,
1947-01,,0.08475397516730294,0.18131868131868134,,,,,
1947-02,,0.08223254776692589,0.18131868131868134,,,,,
1947-03,,0.07166650807896677,0.18784530386740328,,,,,
1947-04,,0.06274809947829618,0.1967213114754096,,,,,
1947-05,,0.05267187562886766,0.1902173913043479,,,,,
1947-06,,0.038796016375064635,0.18378378378378368,,,,,
1947-07,,0.020102323881311474,0.17647058823529416,,,,,
1947-08,,-0.005173555255965745,0.1212121212121211,,,,,
1947-09,,-0.028300961695280707,0.11386138613861396,,,,,
1947-10,,-0.0446724274086379,0.12745098039215685,,,,,
1947-11,,-0.04620322089385122,0.10576923076923084,,,,,
1947-12,,-0.048297290700800785,0.08450704225352124,,,,,
1948-01,,-0.05357803746581573,0.08837209302325566,,,,,
1948-02,,-0.0481431622634987,0.10232558139534875,,,,,
1948-03,,-0.03740258707223382,0.09302325581395343,,,,,
1948-04,,-0.03334322111913535,0.06849315068493156,,,,,
1948-05,,-0.029910801258660955,0.08675799086757996,,,,,
1948-06,,-0.02277218765301961,0.091324200913242,,,,,
1948-07,,-0.007033719164752594,0.09545454545454546,,,,,
1948-08,,-0.001077264578161083,0.09909909909909898,,,,,
1948-09,,0.00019200618453162066,0.0888888888888888,,,,,
1948-10,,-0.004700912774883492,0.0652173913043479,,,,,
1948-11,,-0.01370245193946612,0.060869565217391175,,,,,
1948-12,,-0.02438506614320709,0.04761904761904745,,,,,
1949-01,,-0.0312812230140859,0.02991452991453003,,,,,
1949-02,,-0.03987938934157857,0.012658227848101333,,,,,
1949-03,,-0.044808977868396105,0.01276595744680864,,,,,
1949-04,,-0.044799221009324174,0.017094017094017255,,,,,
1949-05,,-0.04073837755165906,0.004201680672268893,,,,,
1949-06,,-0.038429371729094275,-0.004184100418409997,,,,,
1949-07,,-0.03824752076923509,-0.008298755186722073,,,,,
1949-08,,-0.038561953882607455,-0.02868852459016391,,,,,
1949-09,,-0.0369027034785872,-0.02857142857142858,,,,,
1949-10,,-0.034824118120576036,-0.02448979591836742,,,,,
1949-11,,-0.027360943969946445,-0.02868852459016391,,,,,
1949-12,,-0.01800111188284163,-0.016528925619834656,,,,,
1950-01,,-0.012531691075542908,-0.020746887966805017,,,,,
1950-02,,-0.007122330558146503,-0.02083333333333337,,,,,
1950-03,,-0.0037001194018359274,-0.012605042016806789,,,,,
1950-04,,0.0025391710087994037,-0.008403361344537785,,,,,
1950-05,,0.006695680195458771,-0.012552301255229992,,,,,
1950-06,,0.00949826566479295,-0.004201680672269004,,,,,
1950-07,,0.010561798076142874,-0.004184100418409997,,,,,
1950-08,,0.016574597394739637,0.016877637130801704,,,,,
1950-09,,0.02084630607821304,0.021008403361344463,,,,,
1950-10,,0.02543031541416497,0.02092050209205021,,,,,
1950-11,,0.026907396874126688,0.03797468354430378,,,,,
1950-12,,0.02798096679796399,0.037815126050420034,,,,,
1951-01,,0.034109067244623065,0.05932203389830493,,,,,
1951-02,,0.0399274942428575,0.08085106382978724,,,,,
1951-03,,0.049676287377132505,0.09361702127659566,,,,,
1951-04,,0.05250708071141542,0.09322033898305082,,,,,
1951-05,,0.04781578574264655,0.09322033898305082,,,,,
1951-06,,0.03946672298261122,0.09282700421940926,,,,,
1951-07,,0.03010342514947186,0.08823529411764697,,,,,
1951-08,,0.01910864775281286,0.07468879668049788,,,,,
1951-09,,0.006377918642916036,0.06584362139917688,,,,,
1951-10,,-0.003872438101743522,0.069672131147541,,,,,
1951-11,,-0.009343984098258165,0.06504065040650397,,,,,
1951-12,,-0.010934119660988645,0.06882591093117396,,,,,
1952-01,,-0.014214660551976871,0.06000000000000005,,,,,
1952-02,,-0.018330517048119256,0.04330708661417337,,,,,
1952-03,,-0.02763449304330786,0.023346303501945664,,,,,
1952-04,,-0.03502117022107688,0.019379844961240345,,,,,
1952-05,,-0.035874550688841725,0.02325581395348819,,,,,
1952-06,,-0.031094813344951365,0.019305019305019266,,,,,
1952-07,,-0.02441031469738845,0.02316602316602312,,,,,
1952-08,,-0.01821617856983532,0.030888030888030826,,,,,
1952-09,,-0.011442208832902628,0.030888030888030826,,,,,
1952-10,,-0.0076110791891669805,0.02298850574712641,,,,,
1952-11,,-0.007716042918223049,0.01908396946564883,,,,,
1952-12,,-0.009435651545726377,0.011363636363636465,,,,,
1953-01,,-0.010211694341938322,0.007547169811320753,,,,,
1953-02,,-0.012020697386225056,0.0037735849056603765,,,,,
1953-03,,-0.011961910197864412,0.0076045627376426506,,,,,
1953-04,,-0.010010935361585333,0.011406844106463865,,,,,
1953-05,,-0.007436873106741997,0.007575757575757791,,,,,
1953-06,,-0.005522066652962159,0.011363636363636465,,,,,
1953-07,,-0.004563657412036237,0.01132075471698113,,,,,
1953-08,,-0.0035785777752712824,0.0037453183520599342,,,,,
1953-09,,-0.002919794813117568,0.0074906367041198685,,,,,
1953-10,,-0.002905011730487442,0.0074906367041198685,,,,,
1953-11,,0.00024586837167493193,0.011235955056179803,,,,,
1953-12,,0.0005686183433013161,0.0074906367041198685,,,,,
1954-01,,0.0005733294355680565,0.0074906367041198685,,,,,
1954-02,,-3.797463550640236e-05,0.011278195488721776,,,,,
1954-03,,0.001872444930250905,0.015094339622641506,,,,,
1954-04,,0.0031456852432633804,0.011278195488721776,,,,,
1954-05,,0.0018972991264562533,0.007518796992481258,,,,,
1954-06,,-0.0003145185414245768,0.0074906367041198685,,,,,
1954-07,,-0.00219768499035459,0.003731343283581934,,,,,
1954-08,,-0.0034590049709478663,0.003731343283581934,,,,,
1954-09,,-0.0053316641469778325,0.0,,,,,
1954-10,,-0.006880593545901574,-0.0037174721189590088,,,,,
1954-11,,-0.009039896904265756,-0.007407407407407418,,,,,
1954-12,,-0.009345045208662184,-0.0037174721189590088,,,,,
1955-01,,-0.009340404169812086,-0.0074349442379182396,,,,,
1955-02,,-0.00779015480276236,-0.0074349442379182396,,,,,
1955-03,,-0.0071518718540354576,-0.0074349442379182396,,,,,
1955-04,,-0.005592443543482123,-0.0074349442379182396,,,,,
1955-05,,-0.00342039820236481,-0.003731343283582156,,,,,
1955-06,,-0.0021765997905283012,-0.0074349442379182396,,,,,
1955-07,,-0.001246075830403287,-0.0074349442379182396,,,,,
1955-08,,-0.0006207174919838259,-0.0037174721189590088,,,,,
1955-09,,0.0009282292242491679,-0.0037174721189590088,,,,,
1955-10,,0.004029590447870814,0.003731343283581934,,,,,
1955-11,,0.0055842996911353495,0.003731343283581934,,,,,
1955-12,,0.007446503541770585,0.003731343283581934,,,,,
1956-01,,0.00651947334876507,0.0037453183520599342,,,,,
1956-02,,0.005592443155759555,0.0037453183520599342,,,,,
1956-03,,0.004665412962754041,0.0037453183520599342,,,,,
1956-04,,0.0037337244135891936,0.0037453183520599342,,,,,
1956-05,,0.00404699886530067,0.0074906367041198685,,,,,
1956-06,,0.004987969492165789,0.011235955056179803,,,,,
1956-07,,0.007801599295060875,0.01872659176029967,,,,,
1956-08,,0.010591945975814122,0.02238805970149249,,,,,
1956-09,,0.011201017384985246,0.018656716417910557,,,,,
1956-10,,0.009916605553882721,0.018587360594795488,,,,,
1956-11,,0.008341072438789067,0.02230483271375472,,,,,
1956-12,,0.00800932041822272,0.02230483271375472,,,,,
1957-01,,0.009588329983126751,0.029850746268656803,,,,,
1957-02,,0.009928182175044376,0.029850746268656803,,,,,
1957-03,,0.011200870187857481,0.033582089552238736,,,,,
1957-04,,0.010891089503265432,0.03731343283582089,,,,,
1957-05,,0.010858740769787562,0.037174721189590976,,,,,
1957-06,,0.009860299766315545,0.03703703703703698,,,,,
1957-07,,0.007255096957929658,0.03308823529411775,,,,,
1957-08,,0.004940873701973863,0.03284671532846728,,,,,
1957-09,,0.003307430215296593,0.03663003663003672,,,,,
1957-10,,0.002038643998940458,0.03284671532846728,,,,,
1957-11,,0.00022120222165818854,0.029090909090909056,,,,,
1957-12,,-0.0019482557470563155,0.032727272727272716,,,,,
1958-01,,-0.0031632218558964934,0.02898550724637672,,,,,
1958-02,,-0.0013146583493187092,0.03623188405797095,,,,,
1958-03,,-0.001302498113412584,0.032490974729241895,,,,,
1958-04,,0.0011379246295092765,0.03597122302158273,,,,,
1958-05,,0.0011190968526873513,0.03584229390680993,,,,,
1958-06,,0.0014109059817407274,0.03214285714285703,,,,,
1958-07,,-0.0007047110285238051,0.028469750889679624,,,,,
1958-08,,-0.003731170470382645,0.02473498233215543,,,,,
1958-09,,-0.006092599775274821,0.021201413427561766,,,,,
1958-10,,-0.007544937104238647,0.021201413427561766,,,,,
1958-11,,-0.008065335433824261,0.021201413427561766,,,,,
1958-12,,-0.007123510374893727,0.021126760563380254,,,,,
1959-01,,-0.007373780796178675,0.01760563380281699,,,,,
1959-02,,-0.007925091437364862,0.013986013986013957,,,,,
1959-03,,-0.009637386108677185,0.010489510489510412,,,,,
1959-04,,-0.011640273235595428,0.003472222222222099,,,,,
1959-05,,-0.012450368168918386,0.0034602076124568004,,,,,
1959-06,,-0.012403248333736237,0.0034602076124568004,,,,,
1959-07,,-0.00945807269410857,0.006920415224913601,,,,,
1959-08,,-0.006826088772880064,0.006896551724137945,,,,,
1959-09,,-0.0036175511487263057,0.01038062283737018,,,,,
1959-10,,-0.0006973641589439472,0.01384083044982698,,,,,
1959-11,,0.003095829234211164,0.01730103806228378,,,,,
1959-12,,0.004844460864105097,0.01379310344827589,,,,,
1960-01,,0.006023246379968464,0.01730103806228378,,,,,
1960-02,,0.004007941754593458,0.010344827586207028,,,,,
1960-03,,0.004609625994864974,0.01730103806228378,,,,,
1960-04,,0.0034572246748598347,0.01730103806228378,,,,,
1960-05,,0.004607644274748411,0.01724137931034475,,,,,
1960-06,,0.0034393270492780754,0.01724137931034475,,,,,
1960-07,,0.0025445482766410406,0.01718213058419238,,,,,
1960-08,,0.0007967920177842092,0.013698630136986356,,,,,
1960-09,,-0.0006606249816366039,0.013698630136986356,,,,,
1960-10,,-0.0026748723430911614,0.010238907849829282,,,,,
1960-11,,-0.0023979686726786076,0.013605442176870763,,,,,
1960-12,,-0.0024133928867667107,0.013605442176870763,,,,,
1961-01,,-0.000983248453968466,0.013605442176870763,,,,,
1961-02,,-0.00039011527664589707,0.017064846416382284,,,,,
1961-03,,-8.21489528614796e-05,0.013605442176870763,,,,,
1961-04,,0.00022581737092293788,0.013605442176870763,,,,,
1961-05,,-0.0014833102773198128,0.01016949152542379,,,,,
1961-06,,-0.002039303179058722,0.01016949152542379,,,,,
1961-07,,-0.003453417166810413,0.006756756756756799,,,,,
1961-08,,-0.0023233167854911363,0.013513513513513375,,,,,
1961-09,,-0.0020378109987664317,0.010135135135135087,,,,,
1961-10,,-5.8442551821247246e-05,0.013513513513513375,,,,,
1961-11,,-0.0017513078592598843,0.006711409395973034,,,,,
1961-12,,-0.002318047040572424,0.006711409395973034,,,,,
1962-01,,-0.004010912348011061,0.006711409395973034,,,,,
1962-02,,-0.0031481259296436224,0.006711409395973034,,,,,
1962-03,,-0.001734697023405488,0.010067114093959662,,,,,
1962-04,,-0.0003212681171673535,0.010067114093959662,,,,-0.13635546478165417,negative
1962-05,,0.001644757742613523,0.01342281879194629,,,,-0.25106143812421816,negative
1962-06,,0.00249221536973219,0.01342281879194629,,,,-0.27405271225397704,negative
1962-07,,0.003055278432795275,0.01342281879194629,,,,-0.2214201347861292,negative
1962-08,,0.0022071316282726294,0.010000000000000009,,,,0.10412208801993503,positive
1962-09,,0.0019219348975696247,0.013377926421404673,,,,0.12465018443888247,positive
1962-10,,0.001907121426380276,0.013333333333333197,,,,0.06410540979535233,positive
1962-11,,0.002466405542711325,0.013333333333333197,,,,0.021386432325126256,positive
1962-12,,0.0018997141852408195,0.013333333333333197,,,,0.013852614882804584,positive
1963-01,,0.0013478871904608059,0.013333333333333197,,,,-0.15148991877747447,negative
1963-02,,0.0007960601956807922,0.013333333333333197,,,,-0.15608135614441307,negative
1963-03,,-0.00031776372210751136,0.009966777408637828,,,,-0.07123549417516689,negative
1963-04,,-0.0006010228558426811,0.013289036544850363,,,,0.0735628697190816,positive
1963-05,,-0.001443455359015633,0.009933774834437026,,,,-0.02168671642153102,negative
1963-06,,-0.0011637025539567945,0.009933774834437026,,,,-0.0037457175319778073,negative
1963-07,,-0.001163554891432347,0.013245033112582849,,,,-0.18537537421524736,negative
1963-08,,-0.00034114980324140287,0.013201320132013139,,,,-0.1262891750142412,negative
1963-09,,0.0007627491533999282,0.013201320132013139,,,,-0.23896284191634637,negative
1963-10,,-7.404550985867786e-05,0.009868421052631637,,,,-0.11944691221797298,negative
1963-11,,-7.390075854139463e-05,0.013157894736842257,,,,0.021589594390682042,positive
1963-12,,-7.375600722410967e-05,0.013157894736842257,,,,0.06732357531463518,positive
1964-01,,0.001859723524939608,0.016447368421052655,,,,0.05392035589602325,positive
1964-02,,0.002696711829033121,0.016447368421052655,,,,-0.08196773303477946,negative
1964-03,,0.003253153806068684,0.016447368421052655,,,,-0.015316936731098033,negative
1964-04,,0.0021568059023788413,0.013114754098360715,,,,-0.05000949623164314,negative
1964-05,,0.000780852856154552,0.013114754098360715,,,,-0.16273262110007927,negative
1964-06,,-0.0005951001900697337,0.013114754098360715,,,,-0.11426061105531828,negative
1964-07,,-0.0005949582739322636,0.013071895424836555,,,,-0.07948919538842748,negative
1964-08,,-0.0006091039721567246,0.013029315960912058,,,,-0.07490234348189047,negative
1964-09,,-0.001437581917938191,0.009771986970684043,,,,-0.0675526731172465,negative
1964-10,,-0.0017151829816030584,0.013029315960912058,,,,-0.06875187173129466,negative
1964-11,,-0.0025267321387719335,0.009740259740259827,,,,0.10096245519843894,positive
1964-12,,-0.0014408166541765386,0.01298701298701288,,,,0.008314191849949679,positive
1965-01,,-0.0019861234733734214,0.009708737864077666,,,,0.011152326941622636,positive
1965-02,,-0.0014350782190195588,0.009708737864077666,,,,-0.08280350153346307,negative
1965-03,,-0.001966284046916714,0.009708737864077666,,,,-0.10899080178580631,negative
1965-04,,-0.0008733878720533026,0.012944983818770295,,,,0.006378095891990595,positive
1965-05,,0.0010285697914832088,0.016181229773462702,,,,-0.00014416933242112191,negative
1965-06,,0.0029305274550197238,0.016181229773462702,,,,-0.3599458129257554,negative
1965-07,,0.004543567144918678,0.019354838709677358,,,,-0.4105105768277515,negative
1965-08,,0.004254892821675403,0.016077170418006492,,,,-0.41809299851078346,negative
1965-09,,0.004514191488830846,0.019354838709677358,,,,0.014813931681518996,positive
1965-10,,0.0031676475201826895,0.016077170418006492,,,,0.26317857659553406,positive
1965-11,,0.0034434301512707797,0.019292604501607746,,,,0.3570604152664755,positive
1965-12,,0.0020804785867063105,0.01602564102564097,,,,0.18863539508186028,positive
1966-01,,0.002338175577069633,0.019230769230769384,,,,0.11919190997343687,positive
1966-02,,0.0015240612062325347,0.019230769230769384,,,,0.015266714873992232,positive
1966-03,,0.0034014987632817913,0.025641025641025772,,,,-0.23563696261837697,negative
1966-04,,0.004459767362417027,0.025559105431310014,,,,-0.21611901047115661,negative
1966-05,,0.0065635518621571624,0.028662420382165488,,,,-0.2670687641467767,negative
1966-06,,0.006530584225145169,0.028662420382165488,,,,-0.09724761530749873,negative
1966-07,,0.005952899564565555,0.025316455696202445,,,,-0.13982901114750707,negative
1966-08,,0.0048587768032345435,0.028481012658227778,,,,0.3173962527959095,positive
1966-09,,0.005620071547222105,0.034810126582278444,,,,0.11024035244163351,positive
1966-10,,0.007223548828891445,0.034810126582278444,,,,0.18134128200183613,positive
1966-11,,0.0088013173820925,0.03785488958990535,,,,-0.028585124545609256,negative
1966-12,,0.00799713433761277,0.03785488958990535,,,,-0.12918220485222143,negative
1967-01,,0.006644121654889073,0.03459119496855334,,,,-0.14523437717141707,negative
1967-02,,0.00427618796962307,0.03459119496855334,,,,-0.0946860786203563,negative
1967-03,,0.0008258935764067568,0.028124999999999956,,,,0.10841059938351953,positive
1967-04,,-0.0015652334994426913,0.028037383177569986,,,,0.026848738317807975,positive
1967-05,,-0.004515146326050379,0.024767801857585203,,,,-0.0038162178647874025,negative
1967-06,,-0.004535667021757398,0.02786377708978338,,,,-0.017601654046157787,negative
1967-07,,-0.004827312328486096,0.02777777777777768,,,,0.08373315482115314,positive
1967-08,,-0.0037867516364185998,0.027692307692307683,,,,0.11231518741677377,positive
1967-09,,-0.004057625500086204,0.024464831804281273,,,,0.06042425203719096,positive
1967-10,,-0.0035353069325347493,0.02752293577981657,,,,0.22506722784175184,positive
1967-11,,-0.0035324746751887078,0.024316109422492627,,,,0.5103755521689973,positive
1967-12,,-0.0016939387023810655,0.027355623100303816,,,,0.5143146077793198,positive
1968-01,,-0.00038686685374494933,0.03039513677811545,,,,0.39147886956090117,positive
1968-02,,0.0035089039529049675,0.03647416413373872,,,,0.06894770051864463,positive
1968-03,,0.006612532372357944,0.03951367781155035,,,,0.18205361787924929,positive
1968-04,,0.008665753559601787,0.039393939393939315,,,,0.41321476765289544,positive
1968-05,,0.008390413454312427,0.0392749244712991,,,,0.481570667213731,positive
1968-06,,0.007330325567783569,0.03915662650602392,,,,0.46199047088186757,positive
1968-07,,0.007024337761795819,0.042042042042042205,,,,0.10564665536535851,positive
1968-08,,0.007467933489234732,0.04491017964071853,,,,0.04951028022381314,positive
1968-09,,0.007648490488329773,0.04477611940298498,,,,-0.1764965607664489,negative
1968-10,,0.007088768741681385,0.044642857142857206,,,,-0.2555803880826829,negative
1968-11,,0.006014487515096645,0.047477744807121525,,,,0.13474098051319192,positive
1968-12,,0.005203069165754193,0.047337278106508895,,,,0.2991211807650621,positive
1969-01,,0.004654454879143274,0.0471976401179941,,,,0.26630357380532615,positive
1969-02,,0.002865121069927999,0.04398826979472137,,,,0.2953332976275487,positive
1969-03,,0.002074741284802714,0.04678362573099393,,,Reflation (G+ I+),0.2874068971147135,positive
1969-04,0.5618534235942894,0.0027445563893297997,0.05247813411078739,Reflation (G+ I+),Reflation (G+ I+),Reflation (G+ I+),0.1256661986260174,positive
1969-05,0.5550926874623635,0.005162849698581294,0.05523255813953476,Reflation (G+ I+),Reflation (G+ I+),Reflation (G+ I+),0.2328722405823839,positive
1969-06,0.5483040408052493,0.006599475939114294,0.05507246376811592,Reflation (G+ I+),Reflation (G+ I+),Stagflation (G- I+),0.12071610892476799,positive
1969-07,-0.4930853544768857,0.006299028879271737,0.054755043227665556,Stagflation (G- I+),Stagflation (G- I+),Stagflation (G- I+),0.21460114677799322,positive
1969-08,-0.5346429875957052,0.005241006322399745,0.054441260744985565,Stagflation (G- I+),Stagflation (G- I+),Stagflation (G- I+),0.16198072879912367,positive
1969-09,-0.5624812029791855,0.0049005759689908154,0.05714285714285716,Stagflation (G- I+),Stagflation (G- I+),Stagflation (G- I+),0.2633275791609868,positive
1969-10,-0.597380634281845,0.004614147233354626,0.056980056980056926,Stagflation (G- I+),Stagflation (G- I+),Stagflation (G- I+),0.42415648281318385,positive
1969-11,-0.632404852118295,0.004587845001294763,0.056657223796034106,Stagflation (G- I+),Stagflation (G- I+),Stagflation (G- I+),0.4008104732344391,positive
1969-12,-0.6256701088599695,0.0043155076037944,0.05932203389830515,Stagflation (G- I+),Stagflation (G- I+),Stagflation (G- I+),0.3945957802213471,positive
1970-01,-0.5629579233293908,0.004748249700087179,0.06197183098591563,Stagflation (G- I+),Stagflation (G- I+),Stagflation (G- I+),0.13688514611678362,positive
1970-02,-0.5841052736090404,0.004977635786549736,0.06179775280898858,Stagflation (G- I+),Stagflation (G- I+),Stagflation (G- I+),0.2577868012500163,positive
1970-03,-0.7246325325062336,0.004465388456317644,0.06145251396648055,Stagflation (G- I+),Stagflation (G- I+),Stagflation (G- I+),0.24283808724697492,positive
1970-04,-0.9074134145739241,0.0027242255916667193,0.05817174515235468,Stagflation (G- I+),Stagflation (G- I+),Stagflation (G- I+),0.378000877160256,positive
1970-05,-1.0197252497440434,0.0018792029851469466,0.060606060606060774,Stagflation (G- I+),Stagflation (G- I+),Stagflation (G- I+),0.5762280696202563,positive
1970-06,-1.0895253522387134,0.001094293753553209,0.06043956043956045,Stagflation (G- I+),Stagflation (G- I+),Stagflation (G- I+),0.6575464571716378,positive
1970-07,-0.1309395134384328,0.0012939547094453219,0.060109289617486183,Stagflation (G- I+),Stagflation (G- I+),Disinflationary slowdown (G- I-),0.5495597149842629,positive
1970-08,-0.13722687619867313,0.0005743584100869406,0.05978260869565233,Stagflation (G- I+),Stagflation (G- I+),Disinflationary slowdown (G- I-),0.26975684178754866,positive
1970-09,-0.10870757704591216,-0.0012967434610149514,0.054054054054053946,Disinflationary slowdown (G- I-),Disinflationary slowdown (G- I-),Disinflationary slowdown (G- I-),0.2162544700797908,positive
1970-10,-0.1290667793373591,-0.002433891855612526,0.05660377358490565,Disinflationary slowdown (G- I-),Disinflationary slowdown (G- I-),Disinflationary slowdown (G- I-),0.41633059257057436,positive
1970-11,-0.1423374666717233,-0.0035649257470317663,0.05630026809651478,Disinflationary slowdown (G- I-),Disinflationary slowdown (G- I-),Disinflationary slowdown (G- I-),0.12194889714812675,positive
1970-12,-0.19706186566381922,-0.0026394409401909735,0.05600000000000005,Disinflationary slowdown (G- I-),Disinflationary slowdown (G- I-),Disinflationary slowdown (G- I-),0.1764847571012188,positive
1971-01,-0.20978036251242016,-0.0024173167766957868,0.055702917771883076,Disinflationary slowdown (G- I-),Disinflationary slowdown (G- I-),Disinflationary slowdown (G- I-),0.08318436359441546,positive
1971-02,-0.18099590468998206,-0.0028067468472717447,0.05291005291005302,Disinflationary slowdown (G- I-),Disinflationary slowdown (G- I-),Goldilocks (G+ I-),0.1631667774404004,positive
1971-03,0.3578233286637469,-0.0038523706833983734,0.050000000000000044,Goldilocks (G+ I-),Goldilocks (G+ I-),Goldilocks (G+ I-),0.001772269908862906,positive
1971-04,0.40653059352539506,-0.005792259799287956,0.04712041884816753,Goldilocks (G+ I-),Goldilocks (G+ I-),Goldilocks (G+ I-),0.05950137944933656,positive
1971-05,0.3153365870440991,-0.007988828662523498,0.04155844155844157,Goldilocks (G+ I-),Goldilocks (G+ I-),Goldilocks (G+ I-),0.05589679407813686,positive
1971-06,0.25487182866247876,-0.00860850259825964,0.04404145077720201,Goldilocks (G+ I-),Goldilocks (G+ I-),Goldilocks (G+ I-),0.02476713448929606,positive
1971-07,0.16261806461130757,-0.007708263268528394,0.046391752577319645,Goldilocks (G+ I-),Goldilocks (G+ I-),Disinflationary slowdown (G- I-),0.01879893248577056,positive
1971-08,-0.03769306904882119,-0.00568175716593531,0.04358974358974366,Disinflationary slowdown (G- I-),Disinflationary slowdown (G- I-),Disinflationary slowdown (G- I-),0.3901396819636019,positive
1971-09,-0.0332970380183798,-0.00431927471536999,0.04615384615384599,Disinflationary slowdown (G- I-),Disinflationary slowdown (G- I-),Goldilocks (G+ I-),0.5699360190980519,positive
1971-10,0.043480311225506635,-0.004862129476414713,0.04081632653061207,Goldilocks (G+ I-),Goldilocks (G+ I-),Goldilocks (G+ I-),0.5978803294956734,positive
1971-11,0.1596626524045579,-0.0051825885008244255,0.038071065989847774,Goldilocks (G+ I-),Goldilocks (G+ I-),Goldilocks (G+ I-),0.2943215282580518,positive
1971-12,0.06045418548822509,-0.0076934665117024265,0.03282828282828265,Goldilocks (G+ I-),Goldilocks (G+ I-),Disinflationary slowdown (G- I-),0.19589264732262265,positive
1972-01,-0.030692584265513814,-0.008491169728520855,0.03266331658291466,Disinflationary slowdown (G- I-),Disinflationary slowdown (G- I-),Goldilocks (G+ I-),0.1660202220359669,positive
1972-02,-0.027332810709112556,-0.008606524836903696,0.03266331658291466,Disinflationary slowdown (G- I-),Disinflationary slowdown (G- I-),Goldilocks (G+ I-),0.06341625788265248,positive
1972-03,0.14534519016166716,-0.0066106892884365345,0.0350877192982455,Goldilocks (G+ I-),Goldilocks (G+ I-),Goldilocks (G+ I-),0.04679686987827433,positive
1972-04,0.13812577477255666,-0.004821759912060811,0.03499999999999992,Goldilocks (G+ I-),Goldilocks (G+ I-),Goldilocks (G+ I-),-0.0522545495361753,negative
1972-05,0.23286651875939263,-0.0035181490920400335,0.034912718204488824,Goldilocks (G+ I-),Goldilocks (G+ I-),Goldilocks (G+ I-),0.16729750490426132,positive
1972-06,0.13404733468256624,-0.00347941849765606,0.032258064516129226,Goldilocks (G+ I-),Goldilocks (G+ I-),Goldilocks (G+ I-),0.16984579569879396,positive
1972-07,0.19154153309567376,-0.004506706768101033,0.027093596059113434,Goldilocks (G+ I-),Goldilocks (G+ I-),Goldilocks (G+ I-),0.38920629584133026,positive
1972-08,0.1389145882353482,-0.005140793499444681,0.029484029484029284,Goldilocks (G+ I-),Goldilocks (G+ I-),Goldilocks (G+ I-),0.07648229047503921,positive
1972-09,0.12543118363264408,-0.004694386648863309,0.02941176470588247,Goldilocks (G+ I-),Goldilocks (G+ I-),Goldilocks (G+ I-),0.13345161965096755,positive
1972-10,0.2378138791748705,-0.0023585385165069486,0.031862745098039325,Goldilocks (G+ I-),Goldilocks (G+ I-),Reflation (G+ I+),0.15386991379905965,positive
1972-11,0.3479223415440249,-0.0004565022993154519,0.03422982885085579,Goldilocks (G+ I-),Goldilocks (G+ I-),Reflation (G+ I+),0.19330735202739033,positive
1972-12,0.559834004007772,0.0016439705242264693,0.03667481662591676,Reflation (G+ I+),Reflation (G+ I+),Reflation (G+ I+),0.2510754065639046,positive
1973-01,0.6701244757097577,0.0022608136252810634,0.03406326034063256,Reflation (G+ I+),Reflation (G+ I+),Reflation (G+ I+),0.21668989266189417,positive
1973-02,0.6718811887189451,0.0026969013148129065,0.03649635036496357,Reflation (G+ I+),Reflation (G+ I+),Reflation (G+ I+),0.21782099975416525,positive
1973-03,0.7824920138364964,0.0030811690719075094,0.03874092009685226,Reflation (G+ I+),Reflation (G+ I+),Reflation (G+ I+),0.18882707701156506,positive
1973-04,0.7988945514828066,0.006116845576720799,0.04589371980676327,Reflation (G+ I+),Reflation (G+ I+),Reflation (G+ I+),0.08563127567432174,positive
1973-05,0.6590519505881651,0.009511391048412234,0.050602409638554224,Reflation (G+ I+),Reflation (G+ I+),Reflation (G+ I+),-0.006078919346034918,negative
1973-06,0.20303526981639175,0.013108038443754279,0.05528846153846145,Reflation (G+ I+),Reflation (G+ I+),Stagflation (G- I+),0.046650420439106645,positive
1973-07,-0.27413209123362,0.015055941105418802,0.05995203836930463,Stagflation (G- I+),Stagflation (G- I+),Stagflation (G- I+),0.15455157411452042,positive
1973-08,-0.4800414460994804,0.014965282752115602,0.05727923627684972,Stagflation (G- I+),Stagflation (G- I+),Stagflation (G- I+),0.14040782311577318,positive
1973-09,-0.8134790429156451,0.017439156917166264,0.07380952380952377,Stagflation (G- I+),Stagflation (G- I+),Stagflation (G- I+),0.13484710560838123,positive
1973-10,-0.9011065039200439,0.018518923954451615,0.07363420427553447,Stagflation (G- I+),Stagflation (G- I+),Stagflation (G- I+),0.14903721890992133,positive
1973-11,-0.8151002066353213,0.021781877032363804,0.07801418439716312,Stagflation (G- I+),Stagflation (G- I+),Stagflation (G- I+),0.14715100358512334,positive
1973-12,-0.5867863447625271,0.02087172960084579,0.08254716981132071,Stagflation (G- I+),Stagflation (G- I+),Stagflation (G- I+),-0.05261474453927488,negative
1974-01,-0.727224118343462,0.020930305753073315,0.08705882352941186,Stagflation (G- I+),Stagflation (G- I+),Stagflation (G- I+),-0.10576040536965697,negative
1974-02,-1.035816097395864,0.0214411185548551,0.0938967136150235,Stagflation (G- I+),Stagflation (G- I+),Stagflation (G- I+),-0.20051823424234583,negative
1974-03,-1.1486658292406131,0.022212080350760957,0.10023310023310028,Stagflation (G- I+),Stagflation (G- I+),Stagflation (G- I+),-0.048304924867203676,negative
1974-04,-0.9637717275459055,0.02299847340760991,0.10392609699769051,Stagflation (G- I+),Stagflation (G- I+),Stagflation (G- I+),-0.025699393723054107,negative
1974-05,-0.7613274388424014,0.02114579413731342,0.10091743119266061,Stagflation (G- I+),Stagflation (G- I+),Stagflation (G- I+),0.0367975211690238,positive
1974-06,-0.5482388079492946,0.0191075083753659,0.1070615034168565,Stagflation (G- I+),Stagflation (G- I+),Stagflation (G- I+),0.08200526141633534,positive
1974-07,-0.4525401050437692,0.016610800507212725,0.10859728506787314,Stagflation (G- I+),Stagflation (G- I+),Stagflation (G- I+),0.12263072430727257,positive
1974-08,-0.5061060002755658,0.016525964840781185,0.1151241534988714,Stagflation (G- I+),Stagflation (G- I+),Stagflation (G- I+),0.26049319859485387,positive
1974-09,-0.5348104894508205,0.014151453213672185,0.10864745011086474,Stagflation (G- I+),Stagflation (G- I+),Stagflation (G- I+),0.25119815235782933,positive
1974-10,-0.7157874823889614,0.013955798517843787,0.11946902654867242,Stagflation (G- I+),Stagflation (G- I+),Stagflation (G- I+),0.36269830766681904,positive
1974-11,-0.8022436992146879,0.012235771489913422,0.1206140350877194,Stagflation (G- I+),Stagflation (G- I+),Stagflation (G- I+),0.2961916515692493,positive
1974-12,-1.430553635142675,0.013399974928520672,0.12200435729847503,Stagflation (G- I+),Stagflation (G- I+),Stagflation (G- I+),0.24018277704824112,positive
1975-01,-1.7672365330017508,0.011676023883903361,0.12337662337662336,Stagflation (G- I+),Stagflation (G- I+),Stagflation (G- I+),0.10896275739014218,positive
1975-02,-2.0296959504030707,0.008802509424155863,0.11802575107296143,Stagflation (G- I+),Stagflation (G- I+),Disinflationary slowdown (G- I-),0.22615932464688915,positive
1975-03,-1.8178075266252187,0.004559182575727641,0.11228813559322037,Stagflation (G- I+),Stagflation (G- I+),Disinflationary slowdown (G- I-),0.24519585022519835,positive
1975-04,-1.6858783956931274,-0.0022782354039110886,0.10251046025104604,Disinflationary slowdown (G- I-),Disinflationary slowdown (G- I-),Disinflationary slowdown (G- I-),0.2869274073282198,positive
1975-05,-1.482412026247467,-0.007689533162176521,0.1020833333333333,Disinflationary slowdown (G- I-),Disinflationary slowdown (G- I-),Disinflationary slowdown (G- I-),0.29923587536087426,positive
1975-06,-1.1679450373702684,-0.012534568301516016,0.094650205761317,Disinflationary slowdown (G- I-),Disinflationary slowdown (G- I-),Disinflationary slowdown (G- I-),0.21210860306675192,positive
1975-07,-0.5171773912193403,-0.014185560207773229,0.09387755102040818,Disinflationary slowdown (G- I-),Disinflationary slowdown (G- I-),Goldilocks (G+ I-),0.24554417670724651,positive
1975-08,0.16360295246461276,-0.0143281605516032,0.09716599190283404,Goldilocks (G+ I-),Goldilocks (G+ I-),Goldilocks (G+ I-),0.13657552868926837,positive
1975-09,0.8067100648094891,-0.015324274962803516,0.08599999999999985,Goldilocks (G+ I-),Goldilocks (G+ I-),Goldilocks (G+ I-),0.33719882443138655,positive
1975-10,1.0858990670697672,-0.016898193907414497,0.07905138339920947,Goldilocks (G+ I-),Goldilocks (G+ I-),Goldilocks (G+ I-),0.40105179938331903,positive
1975-11,1.2170629069986745,-0.020644690241329755,0.07436399217221124,Goldilocks (G+ I-),Goldilocks (G+ I-),Goldilocks (G+ I-),0.46376780237673093,positive
1975-12,1.0993988445877618,-0.020697725191375874,0.0737864077669903,Goldilocks (G+ I-),Goldilocks (G+ I-),Goldilocks (G+ I-),0.23927659583541547,positive
1976-01,0.8215734106077827,-0.01942576058063268,0.06936416184971095,Goldilocks (G+ I-),Goldilocks (G+ I-),Goldilocks (G+ I-),0.10647118562541824,positive
1976-02,0.5847071170200577,-0.01758365299551995,0.06717850287907878,Goldilocks (G+ I-),Goldilocks (G+ I-),Goldilocks (G+ I-),0.07143783376342693,positive
1976-03,0.5885303288544188,-0.01710749190412933,0.06285714285714272,Goldilocks (G+ I-),Goldilocks (G+ I-),Goldilocks (G+ I-),0.1183258032515736,positive
1976-04,0.8387703876555354,-0.016506075178463572,0.06072106261859567,Goldilocks (G+ I-),Goldilocks (G+ I-),Goldilocks (G+ I-),0.08534245199958251,positive
1976-05,0.8505707829180733,-0.015269091681109632,0.060491493383743045,Goldilocks (G+ I-),Goldilocks (G+ I-),Goldilocks (G+ I-),0.025133342821978044,positive
1976-06,0.6843343485233789,-0.012826436689721644,0.06203007518796988,Goldilocks (G+ I-),Goldilocks (G+ I-),Goldilocks (G+ I-),0.022559242640042786,positive
1976-07,0.40313231188971205,-0.01031828850989118,0.05970149253731338,Goldilocks (G+ I-),Goldilocks (G+ I-),Disinflationary slowdown (G- I-),0.03682876951867261,positive
1976-08,0.14945629306728336,-0.00900856988206504,0.053505535055350606,Goldilocks (G+ I-),Goldilocks (G+ I-),Disinflationary slowdown (G- I-),0.27696473002540073,positive
1976-09,-0.08889405552685861,-0.00824603509205133,0.057090239410681365,Disinflationary slowdown (G- I-),Disinflationary slowdown (G- I-),Disinflationary slowdown (G- I-),0.3275750408451793,positive
1976-10,-0.17231481604292986,-0.007822653584957935,0.05494505494505497,Disinflationary slowdown (G- I-),Disinflationary slowdown (G- I-),Disinflationary slowdown (G- I-),0.15746780913362557,positive
1976-11,-0.17460705705560697,-0.005799630403264824,0.05464480874316946,Disinflationary slowdown (G- I-),Disinflationary slowdown (G- I-),Disinflationary slowdown (G- I-),0.3287035303832655,positive
1976-12,-0.24951662950909628,-0.006474694610811772,0.0488245931283906,Disinflationary slowdown (G- I-),Disinflationary slowdown (G- I-),Disinflationary slowdown (G- I-),0.2124856862742093,positive
1977-01,-0.2893168192451411,-0.006847203942858704,0.048648648648648596,Disinflationary slowdown (G- I-),Disinflationary slowdown (G- I-),Disinflationary slowdown (G- I-),0.324020246116093,positive
1977-02,-0.07039624226799557,-0.006424363272001576,0.05215827338129486,Disinflationary slowdown (G- I-),Disinflationary slowdown (G- I-),Reflation (G+ I+),0.18428451327078033,positive
1977-03,0.20236148305901974,-0.0026761861734773684,0.05913978494623673,Goldilocks (G+ I-),Goldilocks (G+ I-),Reflation (G+ I+),0.11424708200051158,positive
1977-04,0.4402360142348312,0.0022678650527326316,0.06440071556350624,Reflation (G+ I+),Reflation (G+ I+),Reflation (G+ I+),0.16119292158855275,positive
1977-05,0.46016746060627284,0.007302410851997974,0.06951871657754016,Reflation (G+ I+),Reflation (G+ I+),Reflation (G+ I+),0.13441780788171256,positive
1977-06,0.5537029279247628,0.009572481427618615,0.06725663716814156,Reflation (G+ I+),Reflation (G+ I+),Reflation (G+ I+),0.23677792942105944,positive
1977-07,0.34515480529587855,0.010246193575639141,0.06866197183098599,Reflation (G+ I+),Reflation (G+ I+),Reflation (G+ I+),0.17935447733012597,positive
1977-08,0.2503697968699118,0.008607389117598195,0.06830122591943955,Reflation (G+ I+),Reflation (G+ I+),Reflation (G+ I+),0.24745396763154429,positive
1977-09,0.03978836524179957,0.007496552660524777,0.06620209059233462,Reflation (G+ I+),Reflation (G+ I+),Reflation (G+ I+),0.2345458143711776,positive
1977-10,0.049973755833226385,0.0056810388511728885,0.0659722222222221,Reflation (G+ I+),Reflation (G+ I+),Stagflation (G- I+),0.15248066598168047,positive
1977-11,-0.01970198864842787,0.0034435179865893034,0.06390328151986191,Stagflation (G- I+),Stagflation (G- I+),Reflation (G+ I+),0.3726360267163621,positive
1977-12,0.13749975061670144,0.0022552153774298422,0.0672413793103448,Reflation (G+ I+),Reflation (G+ I+),Reflation (G+ I+),0.3312949872363359,positive
1978-01,0.23594016639085158,0.0010711060103308218,0.0670103092783505,Reflation (G+ I+),Reflation (G+ I+),Goldilocks (G+ I-),0.4339270603065969,positive
1978-02,0.2594990298387787,0.0012105520461685032,0.06837606837606836,Reflation (G+ I+),Reflation (G+ I+),Goldilocks (G+ I-),0.380182884294569,positive
1978-03,0.12863653330480973,-0.00020047556049102022,0.06429780033840937,Goldilocks (G+ I-),Goldilocks (G+ I-),Goldilocks (G+ I-),0.4187742528023791,positive
1978-04,0.12817081236688369,-0.0007839644011335967,0.06554621848739495,Goldilocks (G+ I-),Goldilocks (G+ I-),Reflation (G+ I+),0.3422591283196403,positive
1978-05,0.3315696184337299,-0.0015327608116947194,0.06499999999999995,Goldilocks (G+ I-),Goldilocks (G+ I-),Reflation (G+ I+),0.3221740586344027,positive
1978-06,0.5253920233570369,5.229416289707911e-05,0.06965174129353247,Reflation (G+ I+),Reflation (G+ I+),Reflation (G+ I+),0.36320054810996083,positive
1978-07,0.5520263389527018,0.002459158305403067,0.07413509060955525,Reflation (G+ I+),Reflation (G+ I+),Reflation (G+ I+),0.3166393214445273,positive
1978-08,0.453951733117031,0.005746555547323645,0.077049180327869,Reflation (G+ I+),Reflation (G+ I+),Reflation (G+ I+),0.35289687555065086,positive
1978-09,0.32281904787261356,0.007653992469428911,0.07843137254901955,Reflation (G+ I+),Reflation (G+ I+),Reflation (G+ I+),0.35646187934214063,positive
1978-10,0.2599363307637939,0.009205453097465927,0.08306188925081437,Reflation (G+ I+),Reflation (G+ I+),Reflation (G+ I+),0.48131928353504255,positive
1978-11,0.1557896646503474,0.011169095019593317,0.08928571428571419,Reflation (G+ I+),Reflation (G+ I+),Reflation (G+ I+),0.5597389743504471,positive
1978-12,0.045440778396165504,0.012841999618641686,0.08885298869143798,Reflation (G+ I+),Reflation (G+ I+),Stagflation (G- I+),0.5961688303178794,positive
1979-01,-0.13648057792654011,0.01328317905541472,0.09017713365539448,Stagflation (G- I+),Stagflation (G- I+),Stagflation (G- I+),0.6149868929630398,positive
1979-02,-0.3532382408244185,0.01241927999151568,0.0928,Stagflation (G- I+),Stagflation (G- I+),Stagflation (G- I+),0.5375921224367645,positive
1979-03,-0.40509278559444223,0.012802056470742174,0.09856915739268679,Stagflation (G- I+),Stagflation (G- I+),Stagflation (G- I+),0.4502245648062257,positive
1979-04,-0.4084083073382789,0.01344178985283051,0.10094637223974767,Stagflation (G- I+),Stagflation (G- I+),Stagflation (G- I+),0.35584918358766665,positive
1979-05,-0.31521996598840224,0.01413795573702456,0.10485133020344284,Stagflation (G- I+),Stagflation (G- I+),Stagflation (G- I+),0.2571314818468053,positive
1979-06,-0.29628190949921285,0.014217664659659748,0.10852713178294571,Stagflation (G- I+),Stagflation (G- I+),Stagflation (G- I+),0.23543177940026774,positive
1979-07,-0.3065814892184773,0.013970724510908222,0.10889570552147232,Stagflation (G- I+),Stagflation (G- I+),Stagflation (G- I+),0.18726846390842025,positive
1979-08,-0.37180395085446205,0.013599341418665936,0.1126331811263317,Stagflation (G- I+),Stagflation (G- I+),Stagflation (G- I+),0.1656361259464863,positive
1979-09,-0.5943188330884293,0.013505033082223533,0.11818181818181817,Stagflation (G- I+),Stagflation (G- I+),Stagflation (G- I+),0.13898672867355938,positive
1979-10,-0.6934615034017094,0.014579416498849473,0.12180451127819536,Stagflation (G- I+),Stagflation (G- I+),Stagflation (G- I+),0.5716863492958585,positive
1979-11,-0.6889837024208633,0.01465433653643522,0.12071535022354718,Stagflation (G- I+),Stagflation (G- I+),Stagflation (G- I+),0.5828784750118309,positive
1979-12,-0.4830152082906136,0.014193002777761546,0.12611275964391688,Stagflation (G- I+),Stagflation (G- I+),Stagflation (G- I+),0.6226206118602482,positive
1980-01,-0.32250015496704876,0.014341119831349572,0.13293943870014768,Stagflation (G- I+),Stagflation (G- I+),Stagflation (G- I+),0.38063656799164947,positive
1980-02,-0.3322632183065941,0.016609063119449763,0.1390922401171304,Stagflation (G- I+),Stagflation (G- I+),Stagflation (G- I+),0.2515099292270927,positive
1980-03,-0.3905072661735386,0.018241434091779793,0.14182344428364702,Stagflation (G- I+),Stagflation (G- I+),Stagflation (G- I+),0.2874060548495471,positive
1980-04,-0.5671265394464885,0.01923160302355291,0.14756446991404015,Stagflation (G- I+),Stagflation (G- I+),Stagflation (G- I+),0.15261189699722102,positive
1980-05,-0.9000892392912343,0.01843232930221847,0.14730878186968854,Stagflation (G- I+),Stagflation (G- I+),Stagflation (G- I+),0.15531674492810468,positive
1980-06,-1.3784071895635714,0.016215761536900908,0.1440559440559439,Stagflation (G- I+),Stagflation (G- I+),Stagflation (G- I+),-0.10277506211487264,negative
1980-07,-1.7195828888626443,0.012063519501472247,0.14384508990318134,Stagflation (G- I+),Stagflation (G- I+),Disinflationary slowdown (G- I-),0.13805671177764323,positive
1980-08,-1.5902423851880352,0.00517842798487167,0.13132694938440514,Stagflation (G- I+),Stagflation (G- I+),Disinflationary slowdown (G- I-),0.20327750069574718,positive
1980-09,-1.0362910400738845,-0.0008101633695732913,0.12872628726287272,Disinflationary slowdown (G- I-),Disinflationary slowdown (G- I-),Goldilocks (G+ I-),0.3343983715428936,positive
1980-10,-0.0666029247543295,-0.007106810248210388,0.126005361930295,Disinflationary slowdown (G- I-),Disinflationary slowdown (G- I-),Goldilocks (G+ I-),0.43259180000122055,positive
1980-11,0.6026380432584176,-0.008907953907361904,0.12765957446808507,Goldilocks (G+ I-),Goldilocks (G+ I-),Goldilocks (G+ I-),0.46119023381344354,positive
1980-12,0.8895780191754719,-0.009686766331642616,0.1264822134387351,Goldilocks (G+ I-),Goldilocks (G+ I-),Goldilocks (G+ I-),0.4510371473825456,positive
1981-01,0.7317495523026514,-0.009319523928245393,0.1251629726205996,Goldilocks (G+ I-),Goldilocks (G+ I-),Goldilocks (G+ I-),0.3913134131968966,positive
1981-02,0.6945259493962658,-0.010718713402704833,0.11825192802056561,Goldilocks (G+ I-),Goldilocks (G+ I-),Goldilocks (G+ I-),0.28464141982253405,positive
1981-03,0.727907052125668,-0.012543720592486221,0.11406844106463887,Goldilocks (G+ I-),Goldilocks (G+ I-),Goldilocks (G+ I-),0.05516755851594218,positive
1981-04,0.6092744276944151,-0.01575044384209659,0.10486891385767794,Goldilocks (G+ I-),Goldilocks (G+ I-),Goldilocks (G+ I-),0.024608632306734397,positive
1981-05,0.5850929397094891,-0.01789202135981112,0.09999999999999987,Goldilocks (G+ I-),Goldilocks (G+ I-),Goldilocks (G+ I-),0.2556257636944218,positive
1981-06,0.2942307675228608,-0.01946029529275084,0.097799511002445,Goldilocks (G+ I-),Goldilocks (G+ I-),Goldilocks (G+ I-),0.38362896806389357,positive
1981-07,0.1565775158423789,-0.018548009691306627,0.09552599758162028,Goldilocks (G+ I-),Goldilocks (G+ I-),Goldilocks (G+ I-),0.42912796339836656,positive
1981-08,0.040679986483207635,-0.014032956573521146,0.10761789600967342,Goldilocks (G+ I-),Goldilocks (G+ I-),Goldilocks (G+ I-),0.4363679501356801,positive
1981-09,0.10721192793497496,-0.008894798647368043,0.1080432172869148,Goldilocks (G+ I-),Goldilocks (G+ I-),Disinflationary slowdown (G- I-),0.5039755901634058,positive
1981-10,-0.020676241640057033,-0.0028553986327644887,0.10952380952380958,Disinflationary slowdown (G- I-),Disinflationary slowdown (G- I-),Disinflationary slowdown (G- I-),0.5529653495533768,positive
1981-11,-0.5859764592169026,-0.002735959178742836,0.10141509433962281,Disinflationary slowdown (G- I-),Disinflationary slowdown (G- I-),Disinflationary slowdown (G- I-),0.37455889967464817,positive
1981-12,-1.15060396983306,-0.00423357230068537,0.09590643274853794,Disinflationary slowdown (G- I-),Disinflationary slowdown (G- I-),Disinflationary slowdown (G- I-),0.2550225856854237,positive
1982-01,-1.328505408323514,-0.008005351472625613,0.0892236384704519,Disinflationary slowdown (G- I-),Disinflationary slowdown (G- I-),Disinflationary slowdown (G- I-),0.394590389210409,positive
1982-02,-1.2745442643420661,-0.010979044089866566,0.0839080459770114,Disinflationary slowdown (G- I-),Disinflationary slowdown (G- I-),Disinflationary slowdown (G- I-),0.4521767398906255,positive
1982-03,-1.0575990802409456,-0.01438640641903248,0.07622298065984068,Disinflationary slowdown (G- I-),Disinflationary slowdown (G- I-),Disinflationary slowdown (G- I-),0.49723470894338634,positive
1982-04,-0.8892976128116847,-0.018439390545337053,0.06779661016949157,Disinflationary slowdown (G- I-),Disinflationary slowdown (G- I-),Disinflationary slowdown (G- I-),0.37352571555013736,positive
1982-05,-0.7754668146658269,-0.021801556263824545,0.06509539842873191,Disinflationary slowdown (G- I-),Disinflationary slowdown (G- I-),Disinflationary slowdown (G- I-),0.37463833174035377,positive
1982-06,-0.5870708644785079,-0.022355471042030978,0.06681514476614692,Disinflationary slowdown (G- I-),Disinflationary slowdown (G- I-),Disinflationary slowdown (G- I-),0.4647561344651717,positive
1982-07,-0.5296925004880944,-0.019333797149949386,0.07064017660044164,Disinflationary slowdown (G- I-),Disinflationary slowdown (G- I-),Disinflationary slowdown (G- I-),0.4592841831086744,positive
1982-08,-0.4106914481023196,-0.015961485204717643,0.06441048034934505,Disinflationary slowdown (G- I-),Disinflationary slowdown (G- I-),Disinflationary slowdown (G- I-),0.457308675526704,positive
1982-09,-0.4734576547553851,-0.014603379834619373,0.05850487540628402,Disinflationary slowdown (G- I-),Disinflationary slowdown (G- I-),Disinflationary slowdown (G- I-),0.44416930187722997,positive
1982-10,-0.4122012203371437,-0.016415825103776725,0.0504291845493563,Disinflationary slowdown (G- I-),Disinflationary slowdown (G- I-),Disinflationary slowdown (G- I-),0.5107769317812438,positive
1982-11,-0.4213776170010785,-0.016586761619831816,0.051391862955032064,Disinflationary slowdown (G- I-),Disinflationary slowdown (G- I-),Disinflationary slowdown (G- I-),0.4995257988679077,positive
1982-12,-0.34168557435052416,-0.01662339854062267,0.04589114194236932,Disinflationary slowdown (G- I-),Disinflationary slowdown (G- I-),Disinflationary slowdown (G- I-),0.4400915896243544,positive
1983-01,-0.45157745350692197,-0.016423355432764075,0.038297872340425476,Disinflationary slowdown (G- I-),Disinflationary slowdown (G- I-),Goldilocks (G+ I-),0.2892307994516427,positive
1983-02,-0.21665616675527366,-0.017282742116226338,0.03711558854718988,Disinflationary slowdown (G- I-),Disinflationary slowdown (G- I-),Goldilocks (G+ I-),0.10377234020320417,positive
1983-03,0.07327222494228286,-0.01750694414280457,0.03488372093023262,Goldilocks (G+ I-),Goldilocks (G+ I-),Goldilocks (G+ I-),0.2030616717567985,positive
1983-04,0.47799861034022983,-0.015628475080779768,0.035978835978836,Goldilocks (G+ I-),Goldilocks (G+ I-),Goldilocks (G+ I-),0.17612705122089337,positive
1983-05,0.6761902041087118,-0.01282861918125977,0.03898840885142252,Goldilocks (G+ I-),Goldilocks (G+ I-),Goldilocks (G+ I-),0.4210088299721852,positive
1983-06,0.8058864689381933,-0.01001594607049796,0.03549060542797511,Goldilocks (G+ I-),Goldilocks (G+ I-),Goldilocks (G+ I-),0.42646706468683104,positive
1983-07,0.9035949299975615,-0.009678911044334347,0.025773195876288568,Goldilocks (G+ I-),Goldilocks (G+ I-),Goldilocks (G+ I-),0.5752546581359476,positive
1983-08,1.0203441289170878,-0.011153661145183586,0.024615384615384706,Goldilocks (G+ I-),Goldilocks (G+ I-),Goldilocks (G+ I-),0.5053173110771231,positive
1983-09,0.9979662915517106,-0.01171132258672123,0.025588536335721557,Goldilocks (G+ I-),Goldilocks (G+ I-),Goldilocks (G+ I-),0.47773002680684723,positive
1983-10,0.9608968211490554,-0.008949802615468776,0.02860061287027582,Goldilocks (G+ I-),Goldilocks (G+ I-),Goldilocks (G+ I-),0.36091074045757954,positive
1983-11,0.9363821094335338,-0.005743966002042911,0.02851323828920571,Goldilocks (G+ I-),Goldilocks (G+ I-),Reflation (G+ I+),0.35178959139505483,positive
1983-12,0.9846593414206442,-0.002285950979296885,0.03265306122448974,Goldilocks (G+ I-),Goldilocks (G+ I-),Reflation (G+ I+),0.4389481845314849,positive
1984-01,1.0953299305443036,0.000849459775373429,0.037909836065573854,Reflation (G+ I+),Reflation (G+ I+),Reflation (G+ I+),0.40417909151355585,positive
1984-02,0.9093721812627787,0.004918585321707712,0.04192229038854811,Reflation (G+ I+),Reflation (G+ I+),Reflation (G+ I+),0.28548867814460677,positive
1984-03,0.8429951542497586,0.008432525995490138,0.04596527068437184,Reflation (G+ I+),Reflation (G+ I+),Reflation (G+ I+),0.33133824170825915,positive
1984-04,0.6872735269354189,0.01079619320612113,0.0480081716036771,Reflation (G+ I+),Reflation (G+ I+),Reflation (G+ I+),0.352497849695992,positive
1984-05,0.6786584555925544,0.011480866789206734,0.045638945233265726,Reflation (G+ I+),Reflation (G+ I+),Reflation (G+ I+),0.5229676377282829,positive
1984-06,0.556543309579146,0.009701337766102248,0.042338709677419484,Reflation (G+ I+),Reflation (G+ I+),Reflation (G+ I+),0.2904290158430674,positive
1984-07,0.2455714054612685,0.006399144040329409,0.042211055276381915,Reflation (G+ I+),Reflation (G+ I+),Stagflation (G- I+),0.30907880088486495,positive
1984-08,0.12629713863578995,0.0037479548577000546,0.04204204204204198,Reflation (G+ I+),Reflation (G+ I+),Stagflation (G- I+),0.15377551724169017,positive
1984-09,-0.0513137608723645,0.0024959725740419936,0.04291417165668654,Stagflation (G- I+),Stagflation (G- I+),Stagflation (G- I+),0.39733366999790426,positive
1984-10,0.008918559019071182,0.0014842783094856787,0.04270109235352537,Reflation (G+ I+),Reflation (G+ I+),Disinflationary slowdown (G- I-),0.47943423866933094,positive
1984-11,-0.1830850219875031,0.0004899318426744848,0.04257425742574261,Stagflation (G- I+),Stagflation (G- I+),Disinflationary slowdown (G- I-),0.5565608459759144,positive
1984-12,-0.31215723286218056,-0.0009652451094898651,0.04051383399209474,Disinflationary slowdown (G- I-),Disinflationary slowdown (G- I-),Disinflationary slowdown (G- I-),0.5659266944881224,positive
1985-01,-0.3764378708306687,-0.0021681212432558133,0.03948667324777877,Disinflationary slowdown (G- I-),Disinflationary slowdown (G- I-),Disinflationary slowdown (G- I-),0.44235586263729987,positive
1985-02,-0.25830834624902965,-0.004033827766104739,0.03532875368007837,Disinflationary slowdown (G- I-),Disinflationary slowdown (G- I-),Goldilocks (G+ I-),0.408071127647956,positive
1985-03,0.048384662066639175,-0.0049189373731053365,0.03515625,Goldilocks (G+ I-),Goldilocks (G+ I-),Goldilocks (G+ I-),0.23437723875419403,positive
1985-04,0.16625306912300858,-0.004821221562799204,0.0370370370370372,Goldilocks (G+ I-),Goldilocks (G+ I-),Goldilocks (G+ I-),0.19647757216104278,positive
1985-05,0.1739117590398585,-0.003579872358236126,0.03685741998060155,Goldilocks (G+ I-),Goldilocks (G+ I-),Disinflationary slowdown (G- I-),0.28416467301620674,positive
1985-06,-0.144559404147764,-0.002340996164937305,0.03771760154738879,Disinflationary slowdown (G- I-),Disinflationary slowdown (G- I-),Disinflationary slowdown (G- I-),0.2703941083191366,positive
1985-07,-0.19958910600646612,-0.0017669657332451058,0.03760848601735778,Disinflationary slowdown (G- I-),Disinflationary slowdown (G- I-),Disinflationary slowdown (G- I-),0.41933415086417425,positive
1985-08,-0.19873996726635743,-0.0016635820503647647,0.03554274735830942,Disinflationary slowdown (G- I-),Disinflationary slowdown (G- I-),Disinflationary slowdown (G- I-),0.3286217237438103,positive
1985-09,-0.08378580543915547,-0.0022867291864770087,0.03349282296650724,Disinflationary slowdown (G- I-),Disinflationary slowdown (G- I-),Goldilocks (G+ I-),0.13338313964212165,positive
1985-10,-0.04772697881948039,-0.0034073239723263135,0.03142857142857136,Disinflationary slowdown (G- I-),Disinflationary slowdown (G- I-),Goldilocks (G+ I-),0.08672279703042483,positive
1985-11,0.11840375951900131,-0.0036348769007761433,0.03228869895536568,Goldilocks (G+ I-),Goldilocks (G+ I-),Goldilocks (G+ I-),0.15039043807290484,positive
1985-12,0.23197867229911534,-0.0026385729391785184,0.03513770180436859,Goldilocks (G+ I-),Goldilocks (G+ I-),Reflation (G+ I+),0.4413098352073541,positive
1986-01,0.3820531910899111,-0.00032753114804458944,0.037986704653371284,Goldilocks (G+ I-),Goldilocks (G+ I-),Reflation (G+ I+),0.5764008742085669,positive
1986-02,0.42849808609297324,0.0015692718172665501,0.03886255924170601,Reflation (G+ I+),Reflation (G+ I+),Goldilocks (G+ I-),0.614037416862088,positive
1986-03,0.43005909472629866,0.0005694109170682263,0.031132075471698162,Reflation (G+ I+),Reflation (G+ I+),Goldilocks (G+ I-),0.5479417300724585,positive
1986-04,0.16219376991341222,-0.0033673064699415445,0.022556390977443552,Goldilocks (G+ I-),Goldilocks (G+ I-),Disinflationary slowdown (G- I-),0.48269887561751484,positive
1986-05,-0.16479690570787228,-0.009274363014864558,0.015902712815715425,Disinflationary slowdown (G- I-),Disinflationary slowdown (G- I-),Disinflationary slowdown (G- I-),0.43358499511096504,positive
1986-06,-0.31668993583749616,-0.012780722246316895,0.01491146318732528,Disinflationary slowdown (G- I-),Disinflationary slowdown (G- I-),Disinflationary slowdown (G- I-),0.5108776004998171,positive
1986-07,-0.22804646702812156,-0.012750980596087667,0.017657992565055736,Disinflationary slowdown (G- I-),Disinflationary slowdown (G- I-),Disinflationary slowdown (G- I-),0.3538606777361787,positive
1986-08,-0.16849889704568996,-0.011147503169457097,0.01576994434137302,Disinflationary slowdown (G- I-),Disinflationary slowdown (G- I-),Goldilocks (G+ I-),0.32033486455511606,positive
1986-09,-0.02696394450550714,-0.009391737132838047,0.015740740740740833,Disinflationary slowdown (G- I-),Disinflationary slowdown (G- I-),Disinflationary slowdown (G- I-),0.42058646904942,positive
1986-10,-0.018257666252701643,-0.008272722123194964,0.01754385964912286,Disinflationary slowdown (G- I-),Disinflationary slowdown (G- I-),Goldilocks (G+ I-),0.5247369567011706,positive
1986-11,0.10231753508655538,-0.0071587925181511025,0.014719411223550916,Goldilocks (G+ I-),Goldilocks (G+ I-),Goldilocks (G+ I-),0.5164385098756733,positive
1986-12,0.21637168489561603,-0.006266555107055389,0.012844036697247763,Goldilocks (G+ I-),Goldilocks (G+ I-),Goldilocks (G+ I-),0.4049889849367241,positive
1987-01,0.31393080191084777,-0.00620421035254415,0.010978956999085021,Goldilocks (G+ I-),Goldilocks (G+ I-),Goldilocks (G+ I-),0.4555719141538064,positive
1987-02,0.3676052750460701,-0.004222499120422609,0.014598540145985384,Goldilocks (G+ I-),Goldilocks (G+ I-),Reflation (G+ I+),0.42041190764879255,positive
1987-03,0.22452970027832173,-0.000648754834802109,0.021043000914912957,Goldilocks (G+ I-),Goldilocks (G+ I-),Reflation (G+ I+),0.5119352604823897,positive
1987-04,0.25217119359723256,0.005154012668525127,0.030330882352941124,Reflation (G+ I+),Reflation (G+ I+),Reflation (G+ I+),0.5841329493725215,positive
1987-05,0.3553075771638135,0.011051364396863605,0.037753222836095945,Reflation (G+ I+),Reflation (G+ I+),Reflation (G+ I+),0.6726061406449595,positive
1987-06,0.4378238756216032,0.014921525969073295,0.038567493112947604,Reflation (G+ I+),Reflation (G+ I+),Reflation (G+ I+),0.6457216208184121,positive
1987-07,0.48520706041349493,0.015415151323171762,0.0365296803652968,Reflation (G+ I+),Reflation (G+ I+),Reflation (G+ I+),0.650198742514452,positive
1987-08,0.5356358354632874,0.013962257337761016,0.03926940639269394,Reflation (G+ I+),Reflation (G+ I+),Reflation (G+ I+),0.5934845698683118,positive
1987-09,0.6753036157284146,0.013129184777215492,0.042844120328167756,Reflation (G+ I+),Reflation (G+ I+),Reflation (G+ I+),0.6551730668911107,positive
1987-10,0.7729510596725738,0.013303905155550723,0.04355716878402904,Reflation (G+ I+),Reflation (G+ I+),Reflation (G+ I+),0.021222415687672486,positive
1987-11,0.5148577669184882,0.012773449547739513,0.045330915684496764,Reflation (G+ I+),Reflation (G+ I+),Reflation (G+ I+),-0.009134360832449772,negative
1987-12,0.5156252214635791,0.010884876264570208,0.04528985507246386,Reflation (G+ I+),Reflation (G+ I+),Reflation (G+ I+),-0.004688983344883263,negative
1988-01,0.21727057117154885,0.008366705937163023,0.044343891402715,Reflation (G+ I+),Reflation (G+ I+),Reflation (G+ I+),0.3382501983556156,positive
1988-02,0.2928376904019781,0.004589852195983048,0.04046762589928066,Reflation (G+ I+),Reflation (G+ I+),Disinflationary slowdown (G- I-),0.3435392400829792,positive
1988-03,0.018524327703395183,0.0011034480724439466,0.03942652329749108,Reflation (G+ I+),Reflation (G+ I+),Goldilocks (G+ I-),0.42840797090374627,positive
1988-04,0.2085867174180099,-0.0013376082710088166,0.039250669045495234,Goldilocks (G+ I-),Goldilocks (G+ I-),Goldilocks (G+ I-),0.4256745578987209,positive
1988-05,0.23030777727790047,-0.0019202890916001497,0.03904170363797688,Goldilocks (G+ I-),Goldilocks (G+ I-),Goldilocks (G+ I-),0.504228883836197,positive
1988-06,0.2531854153377248,-0.002122599487054455,0.0389036251105217,Goldilocks (G+ I-),Goldilocks (G+ I-),Goldilocks (G+ I-),0.6573201080267425,positive
1988-07,0.21687593022318075,-0.002250121531983687,0.0396475770925111,Goldilocks (G+ I-),Goldilocks (G+ I-),Goldilocks (G+ I-),0.578816264580212,positive
1988-08,0.18021939791491423,-0.0016664404017248113,0.04130052724077338,Goldilocks (G+ I-),Goldilocks (G+ I-),Goldilocks (G+ I-),0.5434828112616077,positive
1988-09,0.25851070177383245,-0.0010115245254371796,0.04020979020979021,Goldilocks (G+ I-),Goldilocks (G+ I-),Reflation (G+ I+),0.5158498464675639,positive
1988-10,0.2671973702706788,-0.00016283688224283388,0.0417391304347825,Goldilocks (G+ I-),Goldilocks (G+ I-),Reflation (G+ I+),0.5642618159426132,positive
1988-11,0.3284716500054909,0.0004723549470270552,0.04249783174327848,Reflation (G+ I+),Reflation (G+ I+),Reflation (G+ I+),0.615151070619594,positive
1988-12,0.3658589098596091,0.001458497432962294,0.04246100519930662,Reflation (G+ I+),Reflation (G+ I+),Reflation (G+ I+),0.5091484407409571,positive
1989-01,0.29955474463069615,0.00228930510134593,0.04419410745233954,Reflation (G+ I+),Reflation (G+ I+),Reflation (G+ I+),0.5151524417345904,positive
1989-02,0.18018849554695948,0.0031637705189182866,0.046672428694900514,Reflation (G+ I+),Reflation (G+ I+),Reflation (G+ I+),0.49356773734277515,positive
1989-03,0.09521403972191887,0.004364611244515024,0.04827586206896539,Reflation (G+ I+),Reflation (G+ I+),Stagflation (G- I+),0.5884382015784337,positive
1989-04,-0.10729575852916429,0.005350483112190253,0.04978540772532192,Stagflation (G- I+),Stagflation (G- I+),Stagflation (G- I+),0.6379203377862602,positive
1989-05,-0.36538628254273453,0.005856046658529346,0.05123825789923142,Stagflation (G- I+),Stagflation (G- I+),Stagflation (G- I+),0.6548381185484544,positive
1989-06,-0.6433435869743713,0.0064103167138999245,0.05361702127659562,Stagflation (G- I+),Stagflation (G- I+),Stagflation (G- I+),0.5435088253950988,positive
1989-07,-0.8747233826263711,0.006042874376727847,0.051694915254237195,Stagflation (G- I+),Stagflation (G- I+),Stagflation (G- I+),0.45123872484343996,positive
1989-08,-0.7976538436210077,0.004852423064348063,0.04978902953586495,Stagflation (G- I+),Stagflation (G- I+),Disinflationary slowdown (G- I-),0.32896123566001967,positive
1989-09,-0.698064126820393,0.0020956043719849854,0.04705882352941182,Stagflation (G- I+),Stagflation (G- I+),Disinflationary slowdown (G- I-),0.34478806712044197,positive
1989-10,-0.4694025025334193,-0.0008063541448093195,0.04340567612687818,Disinflationary slowdown (G- I-),Disinflationary slowdown (G- I-),Disinflationary slowdown (G- I-),-0.1210049137110533,negative
1989-11,-0.3385521181118804,-0.0026299301468211134,0.04492512479201327,Disinflationary slowdown (G- I-),Disinflationary slowdown (G- I-),Disinflationary slowdown (G- I-),-0.22326217171230195,negative
1989-12,-0.2691454730472314,-0.0031402148218532128,0.046550290939318506,Disinflationary slowdown (G- I-),Disinflationary slowdown (G- I-),Disinflationary slowdown (G- I-),-0.2704967367958379,negative
1990-01,-0.18351669980405316,-0.002307673981706837,0.04647302904564321,Disinflationary slowdown (G- I-),Disinflationary slowdown (G- I-),Stagflation (G- I+),0.19165177342387105,positive
1990-02,-0.3082700721380687,-0.0003875661743154013,0.052023121387283267,Disinflationary slowdown (G- I-),Disinflationary slowdown (G- I-),Stagflation (G- I+),0.22118664918510042,positive
1990-03,-0.3972076130796244,0.0012765534218343033,0.05263157894736836,Stagflation (G- I+),Stagflation (G- I+),Stagflation (G- I+),0.3097341343815052,positive
1990-04,-0.3002077848009445,0.003016911527365926,0.05233033524121011,Stagflation (G- I+),Stagflation (G- I+),Disinflationary slowdown (G- I-),0.3849451895740411,positive
1990-05,-0.19289706691763275,0.0017247673196060798,0.04711616571892785,Stagflation (G- I+),Stagflation (G- I+),Disinflationary slowdown (G- I-),0.5219027824768124,positive
1990-06,-0.03375578766889983,-0.0004463222473663833,0.043618739903069415,Disinflationary slowdown (G- I-),Disinflationary slowdown (G- I-),Disinflationary slowdown (G- I-),0.4466244553161271,positive
1990-07,-0.15564962809971414,-0.0018977320181733925,0.04673650282030639,Disinflationary slowdown (G- I-),Disinflationary slowdown (G- I-),Stagflation (G- I+),0.38827116628482705,positive
1990-08,-0.15722424620318773,-0.0013961569829891163,0.048231511254019255,Disinflationary slowdown (G- I-),Disinflationary slowdown (G- I-),Stagflation (G- I+),0.5914281394265003,positive
1990-09,-0.5393340785422751,0.0020307754969967617,0.05617977528089879,Stagflation (G- I+),Stagflation (G- I+),Stagflation (G- I+),0.5702639758237915,positive
1990-10,-0.9610591460007136,0.005469080900801115,0.06159999999999988,Stagflation (G- I+),Stagflation (G- I+),Stagflation (G- I+),0.7025873677498008,positive
1990-11,-1.0758956315677044,0.00886019317512278,0.06289808917197459,Stagflation (G- I+),Stagflation (G- I+),Stagflation (G- I+),0.5832808579060978,positive
1990-12,-0.9707207608581254,0.009699845543271843,0.0627482128673551,Stagflation (G- I+),Stagflation (G- I+),Stagflation (G- I+),0.555738891799591,positive
1991-01,-0.7342026970105154,0.008304926803287538,0.0610626486915149,Stagflation (G- I+),Stagflation (G- I+),Stagflation (G- I+),0.4181054370218516,positive
1991-02,-0.7446474099305359,0.00580288560934563,0.05651491365777073,Stagflation (G- I+),Stagflation (G- I+),Disinflationary slowdown (G- I-),0.4441355889383562,positive
1991-03,-0.46829303075551376,0.0025540295658413106,0.05312500000000009,Stagflation (G- I+),Stagflation (G- I+),Disinflationary slowdown (G- I-),0.4429271410993774,positive
1991-04,-0.17374107898883384,-0.0012015631568005683,0.04895104895104896,Disinflationary slowdown (G- I-),Disinflationary slowdown (G- I-),Goldilocks (G+ I-),0.3769654851148767,positive
1991-05,0.10508678916873859,-0.0038947463225471393,0.048875096974398735,Goldilocks (G+ I-),Goldilocks (G+ I-),Goldilocks (G+ I-),0.5044642598014146,positive
1991-06,0.3728304681949891,-0.005584283735165452,0.049535603715170407,Goldilocks (G+ I-),Goldilocks (G+ I-),Goldilocks (G+ I-),0.5105627795358357,positive
1991-07,0.6795116186129011,-0.006266791637787497,0.046959199384141614,Goldilocks (G+ I-),Goldilocks (G+ I-),Goldilocks (G+ I-),0.4035053547002544,positive
1991-08,0.8844823204710288,-0.00741956612291169,0.04447852760736182,Goldilocks (G+ I-),Goldilocks (G+ I-),Goldilocks (G+ I-),0.18485772165181077,positive
1991-09,0.8521829600364811,-0.009751305844732515,0.03799392097264431,Goldilocks (G+ I-),Goldilocks (G+ I-),Goldilocks (G+ I-),0.10895038689042502,positive
1991-10,0.6114337667049121,-0.011793269568107514,0.033911077618688834,Goldilocks (G+ I-),Goldilocks (G+ I-),Goldilocks (G+ I-),0.20174405173346374,positive
1991-11,0.22227124736048437,-0.014074567219713362,0.02921348314606753,Goldilocks (G+ I-),Goldilocks (G+ I-),Disinflationary slowdown (G- I-),0.27097200379851444,positive
1991-12,-0.29271739206021147,-0.014036348250422822,0.029895366218236186,Disinflationary slowdown (G- I-),Disinflationary slowdown (G- I-),Disinflationary slowdown (G- I-),0.3744551788110021,positive
1992-01,-0.579336351510202,-0.012590799138936494,0.03064275037369213,Disinflationary slowdown (G- I-),Disinflationary slowdown (G- I-),Disinflationary slowdown (G- I-),0.2273029273249411,positive
1992-02,-0.6826223526803601,-0.011118307774094286,0.026002971768201988,Disinflationary slowdown (G- I-),Disinflationary slowdown (G- I-),Disinflationary slowdown (G- I-),0.2730744791825447,positive
1992-03,-0.4012880414565622,-0.009608868768699264,0.028189910979228294,Disinflationary slowdown (G- I-),Disinflationary slowdown (G- I-),Disinflationary slowdown (G- I-),0.10735391289597243,positive
1992-04,-0.1896472130561329,-0.007780901851046223,0.03185185185185202,Disinflationary slowdown (G- I-),Disinflationary slowdown (G- I-),Disinflationary slowdown (G- I-),0.29843020321104724,positive
1992-05,-0.0009116993101303539,-0.004424450927294321,0.031804733727810675,Disinflationary slowdown (G- I-),Disinflationary slowdown (G- I-),Disinflationary slowdown (G- I-),0.27518752103526795,positive
1992-06,-0.014658954186568096,-0.0021341238939587073,0.030235988200590036,Disinflationary slowdown (G- I-),Disinflationary slowdown (G- I-),Disinflationary slowdown (G- I-),0.24730605879342502,positive
1992-07,0.004447883948839937,-0.001117552993936826,0.03088235294117636,Goldilocks (G+ I-),Goldilocks (G+ I-),Reflation (G+ I+),0.11220005773092036,positive
1992-08,0.010713393177537445,-0.00011978223695476367,0.031571218795888534,Goldilocks (G+ I-),Goldilocks (G+ I-),Reflation (G+ I+),0.1551596018944356,positive
1992-09,0.13671401613015638,0.0008374076435118082,0.03147877013177158,Reflation (G+ I+),Reflation (G+ I+),Reflation (G+ I+),0.17956754253912635,positive
1992-10,-0.11580786855238158,0.0008400586123933525,0.02988338192419837,Stagflation (G- I+),Stagflation (G- I+),Reflation (G+ I+),0.21843853143223083,positive
1992-11,-0.0063521777239939,0.0007565983589055691,0.03202328966521106,Stagflation (G- I+),Stagflation (G- I+),Reflation (G+ I+),0.13345782810610296,positive
1992-12,-5.8892989434337906e-05,0.00037469425164893266,0.030478955007256836,Stagflation (G- I+),Stagflation (G- I+),Goldilocks (G+ I-),0.14783236304608663,positive
1993-01,0.4208919808456013,0.00021876109183766035,0.029006526468455363,Reflation (G+ I+),Reflation (G+ I+),Reflation (G+ I+),0.27312771586279444,positive
1993-02,0.5193603670236149,-0.0001424836643015466,0.03258508327299059,Goldilocks (G+ I-),Goldilocks (G+ I-),Reflation (G+ I+),0.02914001198920505,positive
1993-03,0.46682934214712757,0.0001639070317649982,0.032467532467532534,Reflation (G+ I+),Reflation (G+ I+),Reflation (G+ I+),0.10016177313621925,positive
1993-04,0.4482134294962915,0.0008665430779121568,0.03086862885857844,Reflation (G+ I+),Reflation (G+ I+),Reflation (G+ I+),0.09710109206249574,positive
1993-05,0.2432938749914466,0.000719759259931764,0.032258064516129004,Reflation (G+ I+),Reflation (G+ I+),Reflation (G+ I+),0.37366002386714403,positive
1993-06,0.0788042136669388,0.0004698847721993013,0.0322118826055835,Reflation (G+ I+),Reflation (G+ I+),Disinflationary slowdown (G- I-),0.48421206882625767,positive
1993-07,-0.22415742629194232,0.0002431722296779952,0.029957203994293913,Stagflation (G- I+),Stagflation (G- I+),Disinflationary slowdown (G- I-),0.5287962480330348,positive
1993-08,-0.36332144527436605,-0.0009390792633482033,0.0277580071174377,Disinflationary slowdown (G- I-),Disinflationary slowdown (G- I-),Disinflationary slowdown (G- I-),0.43115639918697996,positive
1993-09,-0.23969391845518165,-0.002133341343393269,0.02767920511000721,Disinflationary slowdown (G- I-),Disinflationary slowdown (G- I-),Disinflationary slowdown (G- I-),0.3347280079041372,positive
1993-10,-0.10526192645643384,-0.002905510387793908,0.02689313517338987,Disinflationary slowdown (G- I-),Disinflationary slowdown (G- I-),Goldilocks (G+ I-),0.35031100846668134,positive
1993-11,0.1320015669050566,-0.002613690431566708,0.027503526093088704,Goldilocks (G+ I-),Goldilocks (G+ I-),Goldilocks (G+ I-),0.28253695428376274,positive
1993-12,0.5206518471783,-0.0026100383725605747,0.026760563380281877,Goldilocks (G+ I-),Goldilocks (G+ I-),Goldilocks (G+ I-),0.31048345045571557,positive
1994-01,0.7619984330223939,-0.0022861702838491774,0.02748414376321362,Goldilocks (G+ I-),Goldilocks (G+ I-),Goldilocks (G+ I-),0.32344517615158447,positive
1994-02,0.8414760904890206,-0.0024272282599883295,0.02524544179523147,Goldilocks (G+ I-),Goldilocks (G+ I-),Goldilocks (G+ I-),0.5885164933876692,positive
1994-03,0.513271121661528,-0.002352480171687283,0.02515723270440251,Goldilocks (G+ I-),Goldilocks (G+ I-),Goldilocks (G+ I-),0.6359351776118778,positive
1994-04,0.36193416588029803,-0.0026740662171248486,0.025069637883008422,Goldilocks (G+ I-),Goldilocks (G+ I-),Goldilocks (G+ I-),0.7397388073690376,positive
1994-05,0.3580409414866364,-0.002498263661413442,0.02361111111111125,Goldilocks (G+ I-),Goldilocks (G+ I-),Goldilocks (G+ I-),0.7361527163862589,positive
1994-06,0.43306038875067693,-0.00247846381870322,0.02288488210818307,Goldilocks (G+ I-),Goldilocks (G+ I-),Goldilocks (G+ I-),0.7399157966373512,positive
1994-07,0.43208885429673993,-0.002105889132905457,0.024930747922437657,Goldilocks (G+ I-),Goldilocks (G+ I-),Reflation (G+ I+),0.6865849543435493,positive
1994-08,0.3551473199576284,-0.0007378844872567188,0.027700831024930705,Goldilocks (G+ I-),Goldilocks (G+ I-),Reflation (G+ I+),0.6748763923713256,positive
1994-09,0.20227747077373642,0.001191803117985779,0.02900552486187835,Reflation (G+ I+),Reflation (G+ I+),Reflation (G+ I+),0.6796526721051175,positive
1994-10,0.25447461874165866,0.002531332074725983,0.02963473466574773,Reflation (G+ I+),Reflation (G+ I+),Reflation (G+ I+),0.6608976576455479,positive
1994-11,0.33205618622919253,0.002109929323887188,0.026080988332189525,Reflation (G+ I+),Reflation (G+ I+),Reflation (G+ I+),0.4532316179070806,positive
1994-12,0.5018989345293827,0.0013587107833050935,0.02674897119341546,Reflation (G+ I+),Reflation (G+ I+),Reflation (G+ I+),0.35878127093182316,positive
1995-01,0.3817966269780608,0.0004580540066775156,0.02674897119341546,Reflation (G+ I+),Reflation (G+ I+),Reflation (G+ I+),0.3325347480419225,positive
1995-02,0.2021674807660905,0.0008791219579990135,0.028043775649794878,Reflation (G+ I+),Reflation (G+ I+),Stagflation (G- I+),0.3287479715563645,positive
1995-03,-0.050111464369732794,0.0012166984982397225,0.02862985685071595,Stagflation (G- I+),Stagflation (G- I+),Stagflation (G- I+),0.5204099631486453,positive
1995-04,-0.2743727449077941,0.0015226634312650207,0.02853260869565233,Stagflation (G- I+),Stagflation (G- I+),Stagflation (G- I+),0.42240706912585796,positive
1995-05,-0.5129165454924802,0.0017746238873135867,0.030529172320217013,Stagflation (G- I+),Stagflation (G- I+),Stagflation (G- I+),0.30306307340812955,positive
1995-06,-0.7580951992568893,0.002104513474338765,0.03186440677966096,Stagflation (G- I+),Stagflation (G- I+),Stagflation (G- I+),0.39527319702805125,positive
1995-07,-0.8512067077680786,0.002272557587342499,0.030405405405405483,Stagflation (G- I+),Stagflation (G- I+),Disinflationary slowdown (G- I-),0.4892168417042221,positive
1995-08,-0.6675974800180282,0.0013115774856011057,0.027628032345013542,Stagflation (G- I+),Stagflation (G- I+),Disinflationary slowdown (G- I-),0.6320581997039534,positive
1995-09,-0.13748716112606793,-0.00034914020805550464,0.026174496644295386,Disinflationary slowdown (G- I-),Disinflationary slowdown (G- I-),Goldilocks (G+ I-),0.5691016972200912,positive
1995-10,0.40192968362583376,-0.0016559457140838778,0.025435073627844584,Goldilocks (G+ I-),Goldilocks (G+ I-),Goldilocks (G+ I-),0.38123478697287,positive
1995-11,0.5589487017639975,-0.001668462763501799,0.02809364548494986,Goldilocks (G+ I-),Goldilocks (G+ I-),Goldilocks (G+ I-),0.40607737756992535,positive
1995-12,0.5161330176463985,-0.0016511879933780622,0.02605210420841697,Goldilocks (G+ I-),Goldilocks (G+ I-),Goldilocks (G+ I-),0.43163257145159045,positive
1996-01,0.1266754921819052,-0.001554439552440074,0.025384101536406245,Goldilocks (G+ I-),Goldilocks (G+ I-),Goldilocks (G+ I-),0.5483853436993206,positive
1996-02,0.10091682601552487,-0.0017623127978313238,0.02727877578176985,Goldilocks (G+ I-),Goldilocks (G+ I-),Disinflationary slowdown (G- I-),0.5884268825144334,positive
1996-03,-0.14403055885767016,-0.0014336208944888788,0.026507620941020438,Disinflationary slowdown (G- I-),Disinflationary slowdown (G- I-),Reflation (G+ I+),0.6557263784564703,positive
1996-04,0.25973945883990696,-0.0004168743807977382,0.028401585204755442,Goldilocks (G+ I-),Goldilocks (G+ I-),Reflation (G+ I+),0.6488185836115641,positive
1996-05,0.34627240472774556,0.0002759043719110857,0.02896642527978943,Reflation (G+ I+),Reflation (G+ I+),Reflation (G+ I+),0.6935513736277116,positive
1996-06,0.49958788418543787,0.001322730413835755,0.02890932982917227,Reflation (G+ I+),Reflation (G+ I+),Reflation (G+ I+),0.5539010045649081,positive
1996-07,0.4828740441483127,0.0012745650310070356,0.027540983606557212,Reflation (G+ I+),Reflation (G+ I+),Reflation (G+ I+),0.5142112038463545,positive
1996-08,0.38151199868180563,0.0012984751468229083,0.029508196721311553,Reflation (G+ I+),Reflation (G+ I+),Reflation (G+ I+),0.5297653663200769,positive
1996-09,0.4288634237827641,0.0010374845284399914,0.02877697841726623,Reflation (G+ I+),Reflation (G+ I+),Reflation (G+ I+),0.597067299442784,positive
1996-10,0.19344209724792116,0.0014832735437182616,0.030026109660574507,Reflation (G+ I+),Reflation (G+ I+),Reflation (G+ I+),0.6676564540209741,positive
1996-11,0.2101316560858747,0.0014704530962960857,0.029928432010410067,Reflation (G+ I+),Reflation (G+ I+),Stagflation (G- I+),0.531104158339146,positive
1996-12,0.0749265508433193,0.0021871564745754024,0.03255208333333326,Reflation (G+ I+),Reflation (G+ I+),Stagflation (G- I+),0.4973988647051101,positive
1997-01,-0.03371242529321025,0.002599983974165866,0.03322475570032579,Stagflation (G- I+),Stagflation (G- I+),Stagflation (G- I+),0.49354430259931936,positive
1997-02,-0.05212148671176979,0.0025071749127863092,0.030440414507771907,Stagflation (G- I+),Stagflation (G- I+),Goldilocks (G+ I-),0.5281426367326174,positive
1997-03,0.0014039670779246172,0.0014509879375499968,0.030342156229825612,Reflation (G+ I+),Reflation (G+ I+),Goldilocks (G+ I-),0.561543841017411,positive
1997-04,0.006240467636208294,-0.00035282871508457436,0.027617212588310958,Goldilocks (G+ I-),Goldilocks (G+ I-),Disinflationary slowdown (G- I-),0.6005535074217966,positive
1997-05,-0.11868448175383778,-0.001847760938921212,0.024952015355086177,Disinflationary slowdown (G- I-),Disinflationary slowdown (G- I-),Goldilocks (G+ I-),0.608249090027791,positive
1997-06,-0.008240172732328327,-0.00396521816067219,0.022349936143039484,Disinflationary slowdown (G- I-),Disinflationary slowdown (G- I-),Goldilocks (G+ I-),0.5349535073477529,positive
1997-07,0.24472983622527414,-0.005132414884351028,0.022973835354180183,Goldilocks (G+ I-),Goldilocks (G+ I-),Goldilocks (G+ I-),0.5452580316237733,positive
1997-08,0.46423394404132784,-0.0054174885349604525,0.022292993630573354,Goldilocks (G+ I-),Goldilocks (G+ I-),Goldilocks (G+ I-),0.5119040788725808,positive
1997-09,0.4665534384847906,-0.004906766515551941,0.022250476795931284,Goldilocks (G+ I-),Goldilocks (G+ I-),Goldilocks (G+ I-),0.5706351471668647,positive
1997-10,0.42575741949628954,-0.004675970556067315,0.02154626108998725,Goldilocks (G+ I-),Goldilocks (G+ I-),Goldilocks (G+ I-),0.04457372647376814,positive
1997-11,0.45558378160778845,-0.004401308932373466,0.020846493998736504,Goldilocks (G+ I-),Goldilocks (G+ I-),Goldilocks (G+ I-),-0.0874975016819045,negative
1997-12,0.38393007119855055,-0.004534212496198696,0.01828499369482972,Goldilocks (G+ I-),Goldilocks (G+ I-),Goldilocks (G+ I-),-0.35012013437455514,negative
1998-01,0.36331738307065986,-0.0046915799727729746,0.017023959646910614,Goldilocks (G+ I-),Goldilocks (G+ I-),Goldilocks (G+ I-),-0.3017060132480192,negative
1998-02,0.2635117626826573,-0.0051753631451013846,0.015713387806411072,Goldilocks (G+ I-),Goldilocks (G+ I-),Goldilocks (G+ I-),-0.24104337755015065,negative
1998-03,0.15817749771590914,-0.005139091131995215,0.01441102756892243,Goldilocks (G+ I-),Goldilocks (G+ I-),Goldilocks (G+ I-),-0.06654145254550779,negative
1998-04,-0.022362296286030037,-0.005074809965272856,0.013749999999999929,Disinflationary slowdown (G- I-),Disinflationary slowdown (G- I-),Disinflationary slowdown (G- I-),0.3882080401912835,positive
1998-05,-0.03149950587674774,-0.004644007867095236,0.014357053682896526,Disinflationary slowdown (G- I-),Disinflationary slowdown (G- I-),Goldilocks (G+ I-),0.3515090849169215,positive
1998-06,0.15409707299669945,-0.0033690741166461664,0.01686445971267969,Goldilocks (G+ I-),Goldilocks (G+ I-),Goldilocks (G+ I-),0.00653161436396546,positive
1998-07,0.21290244893835605,-0.0018270665229286158,0.016843418590143378,Goldilocks (G+ I-),Goldilocks (G+ I-),Goldilocks (G+ I-),-0.322645201994238,negative
1998-08,0.10254574375731232,-0.000549394138044168,0.016822429906542036,Goldilocks (G+ I-),Goldilocks (G+ I-),Disinflationary slowdown (G- I-),-0.5083781614806886,negative
1998-09,-0.3597245854095965,-0.0002743857520625115,0.016169154228855787,Disinflationary slowdown (G- I-),Disinflationary slowdown (G- I-),Disinflationary slowdown (G- I-),-0.4931204207914244,negative
1998-10,-0.4271621140381217,-0.0003712524906990082,0.01488833746898277,Disinflationary slowdown (G- I-),Disinflationary slowdown (G- I-),Disinflationary slowdown (G- I-),-0.33165140002569893,negative
1998-11,-0.5646315648458125,-0.0005286500058562602,0.014851485148514865,Disinflationary slowdown (G- I-),Disinflationary slowdown (G- I-),Disinflationary slowdown (G- I-),-0.32480339785762274,negative
1998-12,-0.2566705113386723,-0.0005246495673247118,0.015479876160990669,Disinflationary slowdown (G- I-),Disinflationary slowdown (G- I-),Stagflation (G- I+),-0.29574346961981873,negative
1999-01,-0.06071450091684398,-3.900720523595559e-05,0.016119032858028515,Disinflationary slowdown (G- I-),Disinflationary slowdown (G- I-),Reflation (G+ I+),-0.48675418777339513,negative
1999-02,0.24221197609495193,0.0004969269271464984,0.01670792079207928,Reflation (G+ I+),Reflation (G+ I+),Reflation (G+ I+),-0.2069185804834626,negative
1999-03,0.24381898493057574,0.0005527111363038961,0.016059295861643008,Reflation (G+ I+),Reflation (G+ I+),Reflation (G+ I+),-0.06353088252124212,negative
1999-04,0.3203037010923134,0.0006411931963692212,0.017262638717632672,Reflation (G+ I+),Reflation (G+ I+),Reflation (G+ I+),0.13228083707458443,positive
1999-05,0.29366546044234726,0.0019606150982251665,0.022769230769230653,Reflation (G+ I+),Reflation (G+ I+),Reflation (G+ I+),0.15010464833945636,positive
1999-06,0.4251712096417695,0.0032340183415309927,0.020884520884520752,Reflation (G+ I+),Reflation (G+ I+),Reflation (G+ I+),0.3284355752388854,positive
1999-07,0.2244334343186074,0.00379139911162139,0.019631901840490684,Reflation (G+ I+),Reflation (G+ I+),Reflation (G+ I+),0.41609502114586544,positive
1999-08,0.20652642996066758,0.002965044288599488,0.021446078431372584,Reflation (G+ I+),Reflation (G+ I+),Reflation (G+ I+),0.5777830440031712,positive
1999-09,0.197351984963931,0.00301192155852616,0.022643818849449104,Reflation (G+ I+),Reflation (G+ I+),Reflation (G+ I+),0.5428063401398242,positive
1999-10,0.23982037061034867,0.004279553712921269,0.026283618581907087,Reflation (G+ I+),Reflation (G+ I+),Reflation (G+ I+),0.4648770821337833,positive
1999-11,0.281957928357387,0.004770923689230228,0.025609756097561,Reflation (G+ I+),Reflation (G+ I+),Reflation (G+ I+),0.32775298000985903,positive
1999-12,0.26139828358804607,0.005067851801610273,0.026219512195122086,Reflation (G+ I+),Reflation (G+ I+),Reflation (G+ I+),0.27563257244962713,positive
2000-01,0.23673036480912718,0.004361307741783428,0.02684563758389258,Reflation (G+ I+),Reflation (G+ I+),Reflation (G+ I+),0.04673888073013615,positive
2000-02,0.15871142968300217,0.0040642797841964895,0.027388922702373808,Reflation (G+ I+),Reflation (G+ I+),Reflation (G+ I+),-0.11332240604045238,negative
2000-03,0.15428445991740197,0.004717428287159986,0.03221884498480243,Reflation (G+ I+),Reflation (G+ I+),Reflation (G+ I+),-0.0991036115263176,negative
2000-04,0.15831389997645562,0.006601375046271247,0.037575757575757596,Reflation (G+ I+),Reflation (G+ I+),Reflation (G+ I+),-0.30985659510975017,negative
2000-05,0.1716612554919855,0.007040650187320252,0.030685920577617543,Reflation (G+ I+),Reflation (G+ I+),Stagflation (G- I+),-0.2808603873993635,negative
2000-06,-0.03413923598366453,0.00601373443577128,0.03188929001203378,Stagflation (G- I+),Stagflation (G- I+),Stagflation (G- I+),-0.25493022795931575,negative
2000-07,-0.11448860674892886,0.004450586847286515,0.0373044524669075,Stagflation (G- I+),Stagflation (G- I+),Stagflation (G- I+),0.08437434917608858,positive
2000-08,-0.16881380123519732,0.0051572902232885735,0.03659268146370742,Stagflation (G- I+),Stagflation (G- I+),Stagflation (G- I+),0.05004533277506996,positive
2000-09,-0.14000430538835232,0.0049423394381796736,0.034111310592459754,Stagflation (G- I+),Stagflation (G- I+),Stagflation (G- I+),0.14137378046961702,positive
2000-10,-0.12298032567239259,0.003333916410150649,0.03454437164979152,Stagflation (G- I+),Stagflation (G- I+),Stagflation (G- I+),-0.07950553985188157,negative
2000-11,-0.20108595268917087,0.0018911919188840248,0.034482758620689724,Stagflation (G- I+),Stagflation (G- I+),Stagflation (G- I+),-0.18431080981458445,negative
2000-12,-0.26135958597703024,0.0013212818434210766,0.03446226975638722,Stagflation (G- I+),Stagflation (G- I+),Stagflation (G- I+),-0.3128467733242898,negative
2001-01,-0.6381441025405928,0.0005106509317204452,0.03386809269162194,Stagflation (G- I+),Stagflation (G- I+),Stagflation (G- I+),-0.525633519764876,negative
2001-02,-1.0711177658699411,0.0006293770037341523,0.037322274881516515,Stagflation (G- I+),Stagflation (G- I+),Disinflationary slowdown (G- I-),-0.4885960178547993,negative
2001-03,-1.1966030345472174,0.0006607797618227162,0.035335689045936425,Stagflation (G- I+),Stagflation (G- I+),Disinflationary slowdown (G- I-),-0.5416987418499064,negative
2001-04,-0.873666551702522,-0.00019586946824590168,0.029205607476635587,Disinflationary slowdown (G- I-),Disinflationary slowdown (G- I-),Disinflationary slowdown (G- I-),-0.3634319669021492,negative
2001-05,-0.5585467257281472,-0.0019066714500853704,0.032691185055458316,Disinflationary slowdown (G- I-),Disinflationary slowdown (G- I-),Disinflationary slowdown (G- I-),-0.2896603519436313,negative
2001-06,-0.34305649962911977,-0.001989892756425783,0.036151603498542295,Disinflationary slowdown (G- I-),Disinflationary slowdown (G- I-),Disinflationary slowdown (G- I-),-0.18825142529847644,negative
2001-07,-0.33288602533225514,-0.0004957412244232309,0.03248259860788849,Disinflationary slowdown (G- I-),Disinflationary slowdown (G- I-),Disinflationary slowdown (G- I-),-0.04693670062194161,negative
2001-08,-0.31411278259824665,-0.0015436442690818925,0.02719907407407396,Disinflationary slowdown (G- I-),Disinflationary slowdown (G- I-),Disinflationary slowdown (G- I-),-0.3585893144694801,negative
2001-09,-0.4143575957646173,-0.0039518010340391894,0.02719907407407396,Disinflationary slowdown (G- I-),Disinflationary slowdown (G- I-),Disinflationary slowdown (G- I-),-0.24084986189009022,negative
2001-10,-0.5527954751177871,-0.0052800260182994455,0.02648244099021313,Disinflationary slowdown (G- I-),Disinflationary slowdown (G- I-),Disinflationary slowdown (G- I-),-0.1707739751321939,negative
2001-11,-0.5754239380459711,-0.006156728870576965,0.021264367816091978,Disinflationary slowdown (G- I-),Disinflationary slowdown (G- I-),Disinflationary slowdown (G- I-),-0.0023828110399446785,negative
2001-12,-0.668414719661039,-0.007612575137376731,0.01895462377943713,Disinflationary slowdown (G- I-),Disinflationary slowdown (G- I-),Disinflationary slowdown (G- I-),0.025577654442605978,positive
2002-01,-0.4379504298390543,-0.00973840406498503,0.01551724137931032,Disinflationary slowdown (G- I-),Disinflationary slowdown (G- I-),Disinflationary slowdown (G- I-),-0.10242184343396003,negative
2002-02,-0.18602865162504278,-0.010860825960395911,0.01142204454597362,Disinflationary slowdown (G- I-),Disinflationary slowdown (G- I-),Goldilocks (G+ I-),-0.21024847425398485,negative
2002-03,0.0808629295556581,-0.011390252063649851,0.011376564277588264,Goldilocks (G+ I-),Goldilocks (G+ I-),Goldilocks (G+ I-),-0.3212171315247689,negative
2002-04,0.14201520694834302,-0.01043987544936431,0.014755959137344066,Goldilocks (G+ I-),Goldilocks (G+ I-),Goldilocks (G+ I-),-0.28279648647981515,negative
2002-05,0.10999970989929786,-0.007424597554329615,0.016393442622950838,Goldilocks (G+ I-),Goldilocks (G+ I-),Goldilocks (G+ I-),-0.43354033532518554,negative
2002-06,0.2150713049257208,-0.005249734464299013,0.011817670230725996,Goldilocks (G+ I-),Goldilocks (G+ I-),Goldilocks (G+ I-),-0.5401192975998101,negative
2002-07,0.13117207651555557,-0.004792964966913615,0.010674157303370846,Goldilocks (G+ I-),Goldilocks (G+ I-),Goldilocks (G+ I-),-0.6137217395518579,negative
2002-08,0.04532332073060982,-0.004328884504071798,0.014647887323943731,Goldilocks (G+ I-),Goldilocks (G+ I-),Stagflation (G- I+),-0.5070272445208668,negative
2002-09,-0.12386721744913967,-0.0014944761546198584,0.01802816901408444,Disinflationary slowdown (G- I-),Disinflationary slowdown (G- I-),Stagflation (G- I+),-0.5943824209965672,negative
2002-10,-0.2776692467812174,0.0009400958400477815,0.015143017386427315,Stagflation (G- I+),Stagflation (G- I+),Stagflation (G- I+),-0.6476809665248722,negative
2002-11,-0.17862685932344274,0.0028942131965758473,0.02025886325267323,Stagflation (G- I+),Stagflation (G- I+),Stagflation (G- I+),-0.7916901823808319,negative
2002-12,-0.23461707807091833,0.003960429621828502,0.0219842164599775,Stagflation (G- I+),Stagflation (G- I+),Stagflation (G- I+),-0.7573603277920917,negative
2003-01,-0.10821481900769261,0.006148135650406745,0.02376910016977929,Stagflation (G- I+),Stagflation (G- I+),Stagflation (G- I+),-0.7426122625216437,negative
2003-02,-0.21476467508389185,0.006840524771853297,0.025974025974025983,Stagflation (G- I+),Stagflation (G- I+),Stagflation (G- I+),-0.6424096677965041,negative
2003-03,-0.2969004807762653,0.007912693117475316,0.029808773903261976,Stagflation (G- I+),Stagflation (G- I+),Stagflation (G- I+),-0.7140663928752559,negative
2003-04,-0.3511597095479154,0.008769658559463968,0.030201342281878985,Stagflation (G- I+),Stagflation (G- I+),Stagflation (G- I+),-0.6753077401822005,negative
2003-05,-0.35750875007071364,0.007039505381436124,0.022246941045606317,Stagflation (G- I+),Stagflation (G- I+),Disinflationary slowdown (G- I-),-0.6013654913288902,negative
2003-06,-0.23368781162582952,0.0032326583830390616,0.02057842046718572,Stagflation (G- I+),Stagflation (G- I+),Disinflationary slowdown (G- I-),-0.33829827074751045,negative
2003-07,-0.12836410096148831,-0.0006642310959139412,0.021122846025569686,Disinflationary slowdown (G- I-),Disinflationary slowdown (G- I-),Goldilocks (G+ I-),-0.06631437777638781,negative
2003-08,0.05562907095927594,-0.0015843735270691002,0.021099389228206533,Goldilocks (G+ I-),Goldilocks (G+ I-),Goldilocks (G+ I-),0.08144648021451878,positive
2003-09,0.2688875143238819,-0.0015458161450532075,0.021582733812949728,Goldilocks (G+ I-),Goldilocks (G+ I-),Goldilocks (G+ I-),-0.03807109394766034,negative
2003-10,0.5306975845775133,-0.0015237417323318084,0.023204419889502725,Goldilocks (G+ I-),Goldilocks (G+ I-),Goldilocks (G+ I-),-0.22732760953838954,negative
2003-11,0.6453117533168177,-0.0017665920543513472,0.020408163265306145,Goldilocks (G+ I-),Goldilocks (G+ I-),Goldilocks (G+ I-),-0.44575155036578795,negative
2003-12,0.7504861185727807,-0.002716242779189231,0.01765030336458895,Goldilocks (G+ I-),Goldilocks (G+ I-),Goldilocks (G+ I-),-0.3991203961403405,negative
2004-01,0.859339323950671,-0.003771562482216235,0.018794914317302513,Goldilocks (G+ I-),Goldilocks (G+ I-),Goldilocks (G+ I-),-0.27957077889683474,negative
2004-02,0.8601021964809492,-0.003594151246545718,0.019262520638414937,Goldilocks (G+ I-),Goldilocks (G+ I-),Goldilocks (G+ I-),-0.0874491400146494,negative
2004-03,0.8276789934937367,-0.002760861460699076,0.016930638995084513,Goldilocks (G+ I-),Goldilocks (G+ I-),Goldilocks (G+ I-),-0.04811518725178468,negative
2004-04,0.5969583371344671,-0.002165949056005978,0.017372421281216077,Goldilocks (G+ I-),Goldilocks (G+ I-),Reflation (G+ I+),0.013326302253655851,positive
2004-05,0.510829112053702,-0.0010201462854130608,0.02285092491838947,Goldilocks (G+ I-),Goldilocks (G+ I-),Reflation (G+ I+),0.01966708767083585,positive
2004-06,0.3894380103924865,0.002680603548073108,0.030517711171662132,Reflation (G+ I+),Reflation (G+ I+),Reflation (G+ I+),0.18281788448040567,positive
2004-07,0.33694630834939215,0.006815520830535292,0.032661948829613596,Reflation (G+ I+),Reflation (G+ I+),Reflation (G+ I+),0.04214019417324355,positive
2004-08,0.24057230328271373,0.008433717907343301,0.029907558455682492,Reflation (G+ I+),Reflation (G+ I+),Reflation (G+ I+),-0.22217156625954496,negative
2004-09,0.09766847925922263,0.006695678332007109,0.02654387865655483,Reflation (G+ I+),Reflation (G+ I+),Stagflation (G- I+),-0.3857530612768968,negative
2004-10,0.0009907249609215074,0.004086556153532556,0.025377969762419017,Reflation (G+ I+),Reflation (G+ I+),Stagflation (G- I+),-0.47663713829149024,negative
2004-11,-0.0967197131838324,0.0037910232467202425,0.03189189189189201,Stagflation (G- I+),Stagflation (G- I+),Stagflation (G- I+),-0.21258554799712176,negative
2004-12,-0.04332308617794678,0.005221510384131822,0.035230352303523116,Stagflation (G- I+),Stagflation (G- I+),Stagflation (G- I+),-0.10062516543611401,negative
2005-01,-0.17788623367655848,0.006467333950700611,0.03255561584373301,Stagflation (G- I+),Stagflation (G- I+),Stagflation (G- I+),0.11548728897620832,positive
2005-02,-0.09309296846847626,0.004866319420787395,0.02969762419006483,Stagflation (G- I+),Stagflation (G- I+),Stagflation (G- I+),0.09088491090158365,positive
2005-03,-0.20572559378943284,0.002052552228351323,0.030075187969925032,Stagflation (G- I+),Stagflation (G- I+),Reflation (G+ I+),0.2532899749807203,positive
2005-04,0.001635572814915165,0.0005192465149208951,0.031483457844183604,Reflation (G+ I+),Reflation (G+ I+),Stagflation (G- I+),0.05395350964642198,positive
2005-05,-0.09624880924651402,0.001300877939445947,0.03510638297872348,Stagflation (G- I+),Stagflation (G- I+),Disinflationary slowdown (G- I-),-0.01935107706383843,negative
2005-06,-0.15733335463572565,0.0008258325499298502,0.028027498677948293,Stagflation (G- I+),Stagflation (G- I+),Disinflationary slowdown (G- I-),-0.21931954390928435,negative
2005-07,-0.28875201662495886,-0.0006210467855071525,0.02530311017395892,Disinflationary slowdown (G- I-),Disinflationary slowdown (G- I-),Stagflation (G- I+),0.02836738140415893,positive
2005-08,-0.18774223711035598,-0.001911131338998267,0.03167898627243937,Disinflationary slowdown (G- I-),Disinflationary slowdown (G- I-),Stagflation (G- I+),0.1050949223573052,positive
2005-09,0.000858148154769256,6.126136440208138e-05,0.03641160949868083,Reflation (G+ I+),Reflation (G+ I+),Stagflation (G- I+),0.03192272038142773,positive
2005-10,-0.001102855545679654,0.005458415116264534,0.04686677198525535,Stagflation (G- I+),Stagflation (G- I+),Stagflation (G- I+),-0.05501537221757298,negative
2005-11,-0.024587377175698616,0.008425975900500371,0.04347826086956519,Stagflation (G- I+),Stagflation (G- I+),Reflation (G+ I+),-0.05041771537180998,negative
2005-12,0.03570770810676101,0.007863378881731053,0.034554973821989465,Reflation (G+ I+),Reflation (G+ I+),Reflation (G+ I+),-0.03284931098417414,negative
2006-01,0.06473811874800245,0.003493238252849473,0.03415659485023648,Reflation (G+ I+),Reflation (G+ I+),Reflation (G+ I+),-0.06469698614479753,negative
2006-02,0.20724361853670684,0.0014385797760714109,0.03985317252228637,Reflation (G+ I+),Reflation (G+ I+),Reflation (G+ I+),-0.11259116218785323,negative
2006-03,0.25135901702241364,0.0014202643156965289,0.0359749739311781,Reflation (G+ I+),Reflation (G+ I+),Goldilocks (G+ I-),0.06116766871872972,positive
2006-04,0.4420000212723885,0.0010649760173165462,0.033626487325400856,Reflation (G+ I+),Reflation (G+ I+),Reflation (G+ I+),0.16543653035722625,positive
2006-05,0.36161790609980726,-0.00042954580680477916,0.035457348406988665,Goldilocks (G+ I-),Goldilocks (G+ I-),Reflation (G+ I+),0.28225422508390474,positive
2006-06,0.2975863002817277,0.0003310877726315567,0.04166666666666674,Reflation (G+ I+),Reflation (G+ I+),Reflation (G+ I+),0.08042627226493582,positive
2006-07,0.16613970989406443,0.0020277663457563197,0.043187660668380534,Reflation (G+ I+),Reflation (G+ I+),Reflation (G+ I+),0.14167423855343567,positive
2006-08,0.11903098785822347,0.003211922948763969,0.041453428863869046,Reflation (G+ I+),Reflation (G+ I+),Disinflationary slowdown (G- I-),0.16826611299670727,positive
2006-09,-0.08287999515140262,0.0019041780286211951,0.038187372708757605,Stagflation (G- I+),Stagflation (G- I+),Disinflationary slowdown (G- I-),0.2654343408874288,positive
2006-10,-0.10689673465709755,-0.003430208915052267,0.020623742454728422,Disinflationary slowdown (G- I-),Disinflationary slowdown (G- I-),Disinflationary slowdown (G- I-),0.13928823906624246,positive
2006-11,-0.15064099581909124,-0.010361777921709465,0.013052208835341528,Disinflationary slowdown (G- I-),Disinflationary slowdown (G- I-),Disinflationary slowdown (G- I-),-0.021471064598543296,negative
2006-12,-0.08686790877416703,-0.015277110479813727,0.019736842105263275,Disinflationary slowdown (G- I-),Disinflationary slowdown (G- I-),Disinflationary slowdown (G- I-),-0.004314929208153725,negative
2007-01,-0.02800633628161972,-0.012953682377610003,0.025406504065040636,Disinflationary slowdown (G- I-),Disinflationary slowdown (G- I-),Disinflationary slowdown (G- I-),-0.010267572353162877,negative
2007-02,-0.0760887187806508,-0.00879421353285605,0.020756429652042385,Disinflationary slowdown (G- I-),Disinflationary slowdown (G- I-),Disinflationary slowdown (G- I-),-0.2549154769401788,negative
2007-03,0.00790552858345546,-0.0063372494266398585,0.02415198792148976,Goldilocks (G+ I-),Goldilocks (G+ I-),Disinflationary slowdown (G- I-),-0.31180289117303717,negative
2007-04,-0.043229343043881215,-0.00505692989092308,0.027787787787787677,Disinflationary slowdown (G- I-),Disinflationary slowdown (G- I-),Goldilocks (G+ I-),-0.3824538200066464,negative
2007-05,0.012787901784181585,-0.0025867175648428,0.025736972704714756,Goldilocks (G+ I-),Goldilocks (G+ I-),Reflation (G+ I+),-0.29186116008412916,negative
2007-06,0.21975708404117028,-0.00043799748929000334,0.026908641975308623,Goldilocks (G+ I-),Goldilocks (G+ I-),Reflation (G+ I+),0.19353587976231404,positive
2007-07,0.1984584631919241,0.0006159731781348113,0.02687037949728932,Reflation (G+ I+),Reflation (G+ I+),Reflation (G+ I+),-0.16996445267763408,negative
2007-08,0.11684875170440158,0.0013870120774630394,0.023582309582309557,Reflation (G+ I+),Reflation (G+ I+),Stagflation (G- I+),-0.36328530284522625,negative
2007-09,-0.13229659689000692,0.0005249542469308865,0.019700833742030355,Stagflation (G- I+),Stagflation (G- I+),Stagflation (G- I+),-0.5677499389255247,negative
2007-10,-0.15486678419119237,0.00017443565980437142,0.02755051749630355,Stagflation (G- I+),Stagflation (G- I+),Stagflation (G- I+),-0.5564710051863336,negative
2007-11,-0.03247947877084395,0.0022417859439683996,0.035361744301288356,Stagflation (G- I+),Stagflation (G- I+),Stagflation (G- I+),-0.6065389780735609,negative
2007-12,-0.22463656022952103,0.00808508689026042,0.043062034739454136,Stagflation (G- I+),Stagflation (G- I+),Stagflation (G- I+),-0.6336740099840507,negative
2008-01,-0.5639233431545019,0.01122196118713394,0.04081268582755193,Stagflation (G- I+),Stagflation (G- I+),Stagflation (G- I+),-0.5637025420856384,negative
2008-02,-0.9389976928920325,0.011865150677461415,0.04280294047901356,Stagflation (G- I+),Stagflation (G- I+),Stagflation (G- I+),-0.46816406359811497,negative
2008-03,-1.044098744350948,0.009590193290389327,0.04026555413048727,Stagflation (G- I+),Stagflation (G- I+),Stagflation (G- I+),-0.5425674180443061,negative
2008-04,-0.9720103841716659,0.008255254241650245,0.03981456231251701,Stagflation (G- I+),Stagflation (G- I+),Stagflation (G- I+),-0.5883090884647864,negative
2008-05,-0.7961066414287219,0.005974579577774072,0.03936889774827512,Stagflation (G- I+),Stagflation (G- I+),Stagflation (G- I+),-0.6344188396019709,negative
2008-06,-0.7882726811091444,0.005233972636729499,0.0417554304180352,Stagflation (G- I+),Stagflation (G- I+),Stagflation (G- I+),-0.5436888688508528,negative
2008-07,-0.7162056368359677,0.006756125276360624,0.050217900476117405,Stagflation (G- I+),Stagflation (G- I+),Stagflation (G- I+),-0.5316119052842281,negative
2008-08,-0.855472055156673,0.009598659076096264,0.056001229002539565,Stagflation (G- I+),Stagflation (G- I+),Stagflation (G- I+),-0.5660268845408406,negative
2008-09,-0.6711503518393823,0.010751556203409604,0.05371855115262347,Stagflation (G- I+),Stagflation (G- I+),Stagflation (G- I+),-0.7318208437651372,negative
2008-10,-0.867483383070824,0.008650451079159571,0.04936927430572191,Stagflation (G- I+),Stagflation (G- I+),Disinflationary slowdown (G- I-),-0.44061499451632324,negative
2008-11,-1.1186014707887035,0.0020681524629308293,0.03655186277137501,Stagflation (G- I+),Stagflation (G- I+),Disinflationary slowdown (G- I-),-0.44164210483225613,negative
2008-12,-1.6385202195121027,-0.009575591630137326,0.010695746918073956,Disinflationary slowdown (G- I-),Disinflationary slowdown (G- I-),Disinflationary slowdown (G- I-),-0.3661541053015545,negative
2009-01,-1.7086656017880903,-0.022402426994801293,0.0009141290064560437,Disinflationary slowdown (G- I-),Disinflationary slowdown (G- I-),Disinflationary slowdown (G- I-),-0.4539188994143207,negative
2009-02,-1.8182737969428493,-0.030944853286103614,0.0002984650369528552,Disinflationary slowdown (G- I-),Disinflationary slowdown (G- I-),Disinflationary slowdown (G- I-),-0.35456696426295925,negative
2009-03,-1.9118337622239117,-0.03056416169449298,0.002361910880378737,Disinflationary slowdown (G- I-),Disinflationary slowdown (G- I-),Disinflationary slowdown (G- I-),-0.2416064389250274,negative
2009-04,-1.9688477742093806,-0.028509881807895366,-0.003835562549173832,Disinflationary slowdown (G- I-),Disinflationary slowdown (G- I-),Disinflationary slowdown (G- I-),-0.2724816673822567,negative
2009-05,-1.749243188258109,-0.027170842962565184,-0.007368857152167174,Disinflationary slowdown (G- I-),Disinflationary slowdown (G- I-),Disinflationary slowdown (G- I-),-0.14345063587436818,negative
2009-06,-1.3259178476022322,-0.027682116885251684,-0.012814357989586078,Disinflationary slowdown (G- I-),Disinflationary slowdown (G- I-),Disinflationary slowdown (G- I-),-0.23595734133820048,negative
2009-07,-1.0206845938897495,-0.0257857111050753,-0.014267760436898702,Disinflationary slowdown (G- I-),Disinflationary slowdown (G- I-),Disinflationary slowdown (G- I-),-0.17966790867951943,negative
2009-08,-0.516103550645831,-0.02390555968833142,-0.02097161353676058,Disinflationary slowdown (G- I-),Disinflationary slowdown (G- I-),Goldilocks (G+ I-),-0.383166880841155,negative
2009-09,-0.12632389017638346,-0.01886843262565229,-0.014843486119606064,Disinflationary slowdown (G- I-),Disinflationary slowdown (G- I-),Goldilocks (G+ I-),-0.46190483205949256,negative
2009-10,0.1687149724032102,-0.013213921204482745,-0.012862059666427395,Goldilocks (G+ I-),Goldilocks (G+ I-),Reflation (G+ I+),-0.4834427056561786,negative
2009-11,0.17750450388510342,-0.0036345154883299464,-0.0018284827748612509,Goldilocks (G+ I-),Goldilocks (G+ I-),Reflation (G+ I+),-0.37088024664844355,negative
2009-12,0.15361121536273437,0.006800365134203966,0.01838295869130291,Reflation (G+ I+),Reflation (G+ I+),Reflation (G+ I+),-0.41497758023582215,negative
2010-01,0.17685839896903022,0.017967223589065672,0.027213311262058282,Reflation (G+ I+),Reflation (G+ I+),Reflation (G+ I+),-0.45155997464968445,negative
2010-02,0.1909170915569654,0.025165861541159528,0.026257086429576137,Reflation (G+ I+),Reflation (G+ I+),Reflation (G+ I+),-0.5038195256875113,negative
2010-03,0.13791295595830472,0.024593363996120193,0.02143331778145363,Reflation (G+ I+),Reflation (G+ I+),Reflation (G+ I+),-0.3343167353002099,negative
2010-04,0.13204088105354714,0.02098752864702948,0.023139594469439473,Reflation (G+ I+),Reflation (G+ I+),Reflation (G+ I+),-0.4599233938866448,negative
2010-05,0.13037882859003264,0.017212213063610378,0.022364471956480836,Reflation (G+ I+),Reflation (G+ I+),Reflation (G+ I+),-0.6523313660146539,negative
2010-06,0.16988183601419407,0.014052375847561941,0.020209860840939786,Reflation (G+ I+),Reflation (G+ I+),Reflation (G+ I+),-0.7457620152452812,negative
2010-07,0.15366358770848554,0.007783570086788039,0.01053348972845658,Reflation (G+ I+),Reflation (G+ I+),Goldilocks (G+ I-),-0.7237910449047606,negative
2010-08,0.05980476426770853,0.0016690935856513711,0.012351927783014638,Reflation (G+ I+),Reflation (G+ I+),Disinflationary slowdown (G- I-),-0.6819627731419571,negative
2010-09,-0.02821967950981602,-0.003434222466697723,0.011481045618392027,Disinflationary slowdown (G- I-),Disinflationary slowdown (G- I-),Disinflationary slowdown (G- I-),-0.6275520589646638,negative
2010-10,-0.14703823212394973,-0.005158017369654018,0.01143682658159273,Disinflationary slowdown (G- I-),Disinflationary slowdown (G- I-),Disinflationary slowdown (G- I-),-0.5492657196239302,negative
2010-11,0.013546087472011747,-0.006497231181413285,0.011721876055269531,Goldilocks (G+ I-),Goldilocks (G+ I-),Goldilocks (G+ I-),-0.23709883187623376,negative
2010-12,0.06875575807532107,-0.0059344308843430355,0.011431609115702734,Goldilocks (G+ I-),Goldilocks (G+ I-),Goldilocks (G+ I-),-0.06680175357391233,negative
2011-01,0.30530353932307025,-0.0037396216547499837,0.014957235273143077,Goldilocks (G+ I-),Goldilocks (G+ I-),Reflation (G+ I+),-0.17356386760979586,negative
2011-02,0.4325570783168672,-0.0013792059937532217,0.01631846857448771,Goldilocks (G+ I-),Goldilocks (G+ I-),Reflation (G+ I+),-0.3595922152152983,negative
2011-03,0.8512702266852311,0.0018653290211124145,0.021075846286581656,Reflation (G+ I+),Reflation (G+ I+),Reflation (G+ I+),-0.5859770262023332,negative
2011-04,0.8350996930362806,0.005511891629786804,0.026816032642408505,Reflation (G+ I+),Reflation (G+ I+),Reflation (G+ I+),-0.5741347557344126,negative
2011-05,0.5023697746888508,0.009845185249522138,0.03163630859276467,Reflation (G+ I+),Reflation (G+ I+),Stagflation (G- I+),-0.6505861399493875,negative
2011-06,-0.024147291961623796,0.013425672685659643,0.03568645784634561,Stagflation (G- I+),Stagflation (G- I+),Stagflation (G- I+),-0.6052129019079318,negative
2011-07,-0.16268561978273177,0.014261856579500704,0.03558828252242341,Stagflation (G- I+),Stagflation (G- I+),Stagflation (G- I+),-0.5416903289296863,negative
2011-08,-0.4508814351703178,0.01381753765271639,0.03628715982221076,Stagflation (G- I+),Stagflation (G- I+),Stagflation (G- I+),-0.4917625043851846,negative
2011-09,-0.5829878041081314,0.012306825953266633,0.03771208179119778,Stagflation (G- I+),Stagflation (G- I+),Stagflation (G- I+),-0.5444781810787798,negative
2011-10,-0.6242388249150155,0.01106802609685897,0.03868356841040299,Stagflation (G- I+),Stagflation (G- I+),Stagflation (G- I+),-0.639116446271005,negative
2011-11,-0.21405416402043068,0.008762128964121357,0.035251999213574026,Stagflation (G- I+),Stagflation (G- I+),Reflation (G+ I+),-0.7630517376119532,negative
2011-12,0.05394274769973084,0.005630013103699465,0.03394377590800857,Reflation (G+ I+),Reflation (G+ I+),Goldilocks (G+ I-),-0.7445596607542309,negative
2012-01,0.2030662629458235,0.001387973685171462,0.029624188448710953,Reflation (G+ I+),Reflation (G+ I+),Goldilocks (G+ I-),-0.6868179726927744,negative
2012-02,0.45876223726408205,-0.001689778557768789,0.029252167121508466,Goldilocks (G+ I-),Goldilocks (G+ I-),Goldilocks (G+ I-),-0.6135316041960497,negative
2012-03,0.6921978649751601,-0.00407030305212765,0.028710987804382082,Goldilocks (G+ I-),Goldilocks (G+ I-),Goldilocks (G+ I-),-0.5125478936103965,negative
2012-04,0.7250561611419324,-0.005081867665609471,0.02651398193021781,Goldilocks (G+ I-),Goldilocks (G+ I-),Goldilocks (G+ I-),-0.5105512474786913,negative
2012-05,0.5492020503207904,-0.006439381461801234,0.023027398112989372,Goldilocks (G+ I-),Goldilocks (G+ I-),Goldilocks (G+ I-),-0.5358959088072468,negative
2012-06,0.2505762172421,-0.008775204805389146,0.01704253774937592,Goldilocks (G+ I-),Goldilocks (G+ I-),Disinflationary slowdown (G- I-),-0.6951607480019654,negative
2012-07,-0.017831053037100864,-0.01048752416633018,0.016639937622385137,Disinflationary slowdown (G- I-),Disinflationary slowdown (G- I-),Disinflationary slowdown (G- I-),-0.7364535712191684,negative
2012-08,-0.17089219883770745,-0.01161826679157903,0.014084507042253502,Disinflationary slowdown (G- I-),Disinflationary slowdown (G- I-),Disinflationary slowdown (G- I-),-0.6523795306232493,negative
2012-09,-0.06581017974726577,-0.009925491731562486,0.01692378997550148,Disinflationary slowdown (G- I-),Disinflationary slowdown (G- I-),Goldilocks (G+ I-),-0.5728083112516158,negative
2012-10,0.16059292164922423,-0.00727030170316147,0.01991282080664991,Goldilocks (G+ I-),Goldilocks (G+ I-),Goldilocks (G+ I-),-0.5204723944384245,negative
2012-11,0.1465245885215306,-0.003621611785603645,0.021623435988711304,Goldilocks (G+ I-),Goldilocks (G+ I-),Goldilocks (G+ I-),-0.5566655180606812,negative
2012-12,0.23689062985229403,-0.002023892503222137,0.01764133846085847,Goldilocks (G+ I-),Goldilocks (G+ I-),Goldilocks (G+ I-),-0.6290477165016333,negative
2013-01,0.18448170883758566,-0.0018402611461773022,0.01741022368747558,Goldilocks (G+ I-),Goldilocks (G+ I-),Goldilocks (G+ I-),-0.6092910140202029,negative
2013-02,0.22625099308496166,-0.002623230878648984,0.01594864668122553,Goldilocks (G+ I-),Goldilocks (G+ I-),Goldilocks (G+ I-),-0.6106061865013288,negative
2013-03,0.19578158039764304,-0.001166285940863987,0.019779235097490577,Goldilocks (G+ I-),Goldilocks (G+ I-),Goldilocks (G+ I-),-0.6047593690658027,negative
2013-04,0.315388381322737,-0.0010754548110124378,0.014738962125967703,Goldilocks (G+ I-),Goldilocks (G+ I-),Goldilocks (G+ I-),-0.5986391442130898,negative
2013-05,0.47838094718693847,-0.0018150070749482113,0.010630853814894481,Goldilocks (G+ I-),Goldilocks (G+ I-),Goldilocks (G+ I-),-0.46143274940605944,negative
2013-06,0.5493400885534979,-0.0035829613145345243,0.013619650588516885,Goldilocks (G+ I-),Goldilocks (G+ I-),Goldilocks (G+ I-),-0.13104958188407786,negative
2013-07,0.6141926139989793,-0.0027232458578827674,0.017544165453768912,Goldilocks (G+ I-),Goldilocks (G+ I-),Reflation (G+ I+),0.0497128322658456,positive
2013-08,0.7128975345287455,-0.00019145084638214765,0.019606816118443948,Goldilocks (G+ I-),Goldilocks (G+ I-),Goldilocks (G+ I-),0.07644398189700055,positive
2013-09,0.7786471514481619,0.00047490035426200894,0.015183675595431989,Reflation (G+ I+),Reflation (G+ I+),Goldilocks (G+ I-),-0.030777766261659723,negative
2013-10,0.73825741528742,-0.0007514399092264003,0.01184925261552161,Goldilocks (G+ I-),Goldilocks (G+ I-),Goldilocks (G+ I-),0.1126915509496584,positive
2013-11,0.6189228620881855,-0.0030760605213732695,0.009636127046434018,Goldilocks (G+ I-),Goldilocks (G+ I-),Goldilocks (G+ I-),0.03602154257860442,positive
2013-12,0.40232157428777404,-0.0035744936701109595,0.012370722045339066,Goldilocks (G+ I-),Goldilocks (G+ I-),Goldilocks (G+ I-),-0.0013165391770982458,negative
2014-01,0.43600507926445053,-0.002319053518949215,0.01501735619618394,Goldilocks (G+ I-),Goldilocks (G+ I-),Reflation (G+ I+),-0.2924436749976871,negative
2014-02,0.45077344897553123,-0.0002546735566057827,0.015789473684210575,Goldilocks (G+ I-),Goldilocks (G+ I-),Reflation (G+ I+),-0.3474557649291287,negative
2014-03,0.5235413844141953,8.589514500256801e-05,0.011263492501055294,Reflation (G+ I+),Reflation (G+ I+),Reflation (G+ I+),-0.4830144397909738,negative
2014-04,0.41916558842089047,8.886377951293142e-05,0.015122028757630801,Reflation (G+ I+),Reflation (G+ I+),Reflation (G+ I+),-0.5095017098723544,negative
2014-05,0.6079379377090537,0.0005937551156425074,0.019528578985167577,Reflation (G+ I+),Reflation (G+ I+),Reflation (G+ I+),-0.5663624183526718,negative
2014-06,0.6590763566814306,0.003292007372508841,0.021271115499366777,Reflation (G+ I+),Reflation (G+ I+),Reflation (G+ I+),-0.5006086814303944,negative
2014-07,0.7875341330116199,0.0048941983406969505,0.020723413731670526,Reflation (G+ I+),Reflation (G+ I+),Reflation (G+ I+),-0.4077217752937588,negative
2014-08,0.7067534191838941,0.004999394944922186,0.019923286357643066,Reflation (G+ I+),Reflation (G+ I+),Reflation (G+ I+),-0.34937403546573104,negative
2014-09,0.7899820625764116,0.0034233577468263388,0.016996113341628316,Reflation (G+ I+),Reflation (G+ I+),Goldilocks (G+ I-),-0.33784888251087414,negative
2014-10,0.6819012750154108,0.0016477875768505443,0.01657918675715031,Reflation (G+ I+),Reflation (G+ I+),Goldilocks (G+ I-),-0.4103009793948494,negative
2014-11,0.8049026616607423,-2.944674941420325e-05,0.01664340215632043,Goldilocks (G+ I-),Goldilocks (G+ I-),Goldilocks (G+ I-),-0.3815316842224017,negative
2014-12,0.7450153121098746,-0.00135803640358482,0.013223551823708934,Goldilocks (G+ I-),Goldilocks (G+ I-),Goldilocks (G+ I-),-0.513855647897776,negative
2015-01,0.6928362249869051,-0.0037417524654802334,0.007564932696557447,Goldilocks (G+ I-),Goldilocks (G+ I-),Goldilocks (G+ I-),-0.6859777470668924,negative
2015-02,0.2139522991918179,-0.008197134493243616,-0.0008934831306964819,Goldilocks (G+ I-),Goldilocks (G+ I-),Disinflationary slowdown (G- I-),-0.6200463438533075,negative
2015-03,0.020634493928396946,-0.011729185230596916,-0.00025129801815304553,Goldilocks (G+ I-),Goldilocks (G+ I-),Disinflationary slowdown (G- I-),-0.2965209416937186,negative
2015-04,-0.04986747169461292,-0.013174753876812911,-0.0007363739086643228,Disinflationary slowdown (G- I-),Disinflationary slowdown (G- I-),Disinflationary slowdown (G- I-),-0.06327617013825637,negative
2015-05,-0.04432111304119746,-0.011748338199925176,-0.001995174461766891,Disinflationary slowdown (G- I-),Disinflationary slowdown (G- I-),Disinflationary slowdown (G- I-),0.08604620255903823,positive
2015-06,-0.09801055192045444,-0.009991811097720543,-0.00039932744850779134,Disinflationary slowdown (G- I-),Disinflationary slowdown (G- I-),Disinflationary slowdown (G- I-),-0.3917393275786864,negative
2015-07,-0.14290130860596476,-0.0077099739746462614,0.0012377120368545214,Disinflationary slowdown (G- I-),Disinflationary slowdown (G- I-),Disinflationary slowdown (G- I-),-0.41808495019719033,negative
2015-08,-0.10012534255682218,-0.004960717508478993,0.001695697796432194,Disinflationary slowdown (G- I-),Disinflationary slowdown (G- I-),Disinflationary slowdown (G- I-),-0.44846816418897273,negative
2015-09,-0.09843793724885508,-0.0029235673479930486,0.001950792930057288,Disinflationary slowdown (G- I-),Disinflationary slowdown (G- I-),Disinflationary slowdown (G- I-),-0.49721378082678136,negative
2015-10,-0.12964599109326508,-0.002044863500030284,-0.0003612974780596856,Disinflationary slowdown (G- I-),Disinflationary slowdown (G- I-),Stagflation (G- I+),-0.5118674019299534,negative
2015-11,-0.10279377693659408,-0.0007967098298087469,0.0017057443573555986,Disinflationary slowdown (G- I-),Disinflationary slowdown (G- I-),Stagflation (G- I+),-0.5553954446227121,negative
2015-12,-0.12836014599368173,0.0009094824588176122,0.005017975786678841,Stagflation (G- I+),Stagflation (G- I+),Stagflation (G- I+),-0.3379922573124639,negative
2016-01,-0.10449770248205417,0.003484125474654598,0.007295197860415881,Stagflation (G- I+),Stagflation (G- I+),Stagflation (G- I+),-0.3095127682698663,negative
2016-02,-0.0905375954808405,0.006273804129222174,0.013730868138309926,Stagflation (G- I+),Stagflation (G- I+),Reflation (G+ I+),-0.4281955923774508,negative
2016-03,0.18185073402312668,0.007124703482563489,0.010177997801654737,Reflation (G+ I+),Reflation (G+ I+),Reflation (G+ I+),-0.5318572408137754,negative
2016-04,0.2299597518653933,0.006762946922893022,0.008525362211427412,Reflation (G+ I+),Reflation (G+ I+),Reflation (G+ I+),-0.6000925648002016,negative
2016-05,0.14934872991053966,0.004832502385545205,0.011251104188944261,Reflation (G+ I+),Reflation (G+ I+),Reflation (G+ I+),-0.43948292709366504,negative
2016-06,0.07075627753562448,0.003954865549768567,0.010193225541935691,Reflation (G+ I+),Reflation (G+ I+),Reflation (G+ I+),-0.66110883480807,negative
2016-07,0.13278671445950097,0.003709537052005025,0.009973264945230875,Reflation (G+ I+),Reflation (G+ I+),Reflation (G+ I+),-0.6293759191966803,negative
2016-08,0.35924042019169194,0.0021683243149730374,0.008271388704987004,Reflation (G+ I+),Reflation (G+ I+),Reflation (G+ I+),-0.5582265169085188,negative
2016-09,0.3705228831729751,0.0015903348020685024,0.010628745027610353,Reflation (G+ I+),Reflation (G+ I+),Reflation (G+ I+),-0.007965142355235889,negative
2016-10,0.41857326800364475,0.0018952641491904818,0.014637836474815646,Reflation (G+ I+),Reflation (G+ I+),Reflation (G+ I+),0.14772939364041798,positive
2016-11,0.41076842531247143,0.003370248746268456,0.016359875209176034,Reflation (G+ I+),Reflation (G+ I+),Reflation (G+ I+),-0.10616397898167301,negative
2016-12,0.47445802849213536,0.004476841292214392,0.016925371625037933,Reflation (G+ I+),Reflation (G+ I+),Reflation (G+ I+),-0.25744774022852474,negative
2017-01,0.6377025423947646,0.0053920509547277975,0.02074622132966919,Reflation (G+ I+),Reflation (G+ I+),Reflation (G+ I+),-0.37089363858365554,negative
2017-02,0.9781701651082998,0.007333103752494111,0.025000422090529995,Reflation (G+ I+),Reflation (G+ I+),Reflation (G+ I+),-0.30861464659683496,negative
2017-03,1.0136730477351783,0.009384375123009324,0.027379581714893186,Reflation (G+ I+),Reflation (G+ I+),Reflation (G+ I+),-0.4319391149423147,negative
2017-04,0.9445418789800124,0.00913094594767257,0.023806124334402767,Reflation (G+ I+),Reflation (G+ I+),Reflation (G+ I+),-0.4358956009921259,negative
2017-05,0.7252006530384658,0.007234288629284508,0.02199689878417299,Reflation (G+ I+),Reflation (G+ I+),Reflation (G+ I+),-0.4279719786497525,negative
2017-06,0.6526343553454618,0.0036443911549181585,0.018748777208413614,Reflation (G+ I+),Reflation (G+ I+),Goldilocks (G+ I-),-0.39309671832382775,negative
2017-07,0.5668586851371303,0.0006238416770276353,0.01633487955256463,Reflation (G+ I+),Reflation (G+ I+),Goldilocks (G+ I-),-0.1880172202702073,negative
2017-08,0.29708071746694764,-0.0016992293846832159,0.01727978456372492,Goldilocks (G+ I-),Goldilocks (G+ I-),Goldilocks (G+ I-),-0.14442673905020345,negative
2017-09,0.15077025331898192,-0.0022156575050414525,0.019389742120581754,Goldilocks (G+ I-),Goldilocks (G+ I-),Goldilocks (G+ I-),-0.43522137774025177,negative
2017-10,0.10722630468979986,-0.0008583879871536353,0.022329638650032235,Goldilocks (G+ I-),Goldilocks (G+ I-),Reflation (G+ I+),-0.525889155310493,negative
2017-11,0.11397614966174754,-0.00015217148602351613,0.020411287019761692,Goldilocks (G+ I-),Goldilocks (G+ I-),Goldilocks (G+ I-),-0.5276875312335759,negative
2017-12,0.18186515924005783,0.00030148612257702156,0.02202582938683184,Reflation (G+ I+),Reflation (G+ I+),Reflation (G+ I+),-0.36485956823635207,negative
2018-01,0.10571369980293585,-0.0001401687968735632,0.021090824745684245,Goldilocks (G+ I-),Goldilocks (G+ I-),Reflation (G+ I+),-0.28321420349749016,negative
2018-02,0.24586314100994805,0.00031570642143794597,0.020705076202751638,Reflation (G+ I+),Reflation (G+ I+),Reflation (G+ I+),-0.13917427866739124,negative
2018-03,0.1350629885159991,0.000784883655165082,0.022117954212386604,Reflation (G+ I+),Reflation (G+ I+),Reflation (G+ I+),-0.3020316988835173,negative
2018-04,0.1666938424743345,0.0016377309444028376,0.023597114039729084,Reflation (G+ I+),Reflation (G+ I+),Reflation (G+ I+),-0.31600792646374554,negative
2018-05,0.13620046298772615,0.0027259736338370692,0.02462743943334811,Reflation (G+ I+),Reflation (G+ I+),Reflation (G+ I+),-0.4175803627223754,negative
2018-06,0.2480490667565442,0.003918249617428225,0.028010117148075553,Reflation (G+ I+),Reflation (G+ I+),Reflation (G+ I+),-0.42240420950675733,negative
2018-07,0.23767500312566872,0.004592654488523973,0.0287154783531669,Reflation (G+ I+),Reflation (G+ I+),Stagflation (G- I+),-0.43608768986075475,negative
2018-08,-0.047749309725372974,0.0051972777743361336,0.029495150866471143,Stagflation (G- I+),Stagflation (G- I+),Stagflation (G- I+),-0.3790222201210406,negative
2018-09,-0.08959899276109576,0.004224334162161357,0.026991801041874375,Stagflation (G- I+),Stagflation (G- I+),Stagflation (G- I+),-0.23154477519839697,negative
2018-10,-0.07276261174427867,0.0022057417507725732,0.022769721941990007,Stagflation (G- I+),Stagflation (G- I+),Disinflationary slowdown (G- I-),-0.4130466192315707,negative
2018-11,0.027216731835840308,0.0003811402017799108,0.025224699286070296,Reflation (G+ I+),Reflation (G+ I+),Disinflationary slowdown (G- I-),-0.33967489372725906,negative
2018-12,-0.1089577849209899,-0.0013391384495612217,0.021766010321524032,Disinflationary slowdown (G- I-),Disinflationary slowdown (G- I-),Disinflationary slowdown (G- I-),-0.436533847228212,negative
2019-01,-0.29618437140678183,-0.002396079913172443,0.019101588486313714,Disinflationary slowdown (G- I-),Disinflationary slowdown (G- I-),Disinflationary slowdown (G- I-),-0.5519262273318556,negative
2019-02,-0.4563916280044476,-0.005200802146135424,0.015512351381991252,Disinflationary slowdown (G- I-),Disinflationary slowdown (G- I-),Disinflationary slowdown (G- I-),-0.5440146430651552,negative
2019-03,-0.4689442672427099,-0.006812637904111279,0.01520135265933309,Disinflationary slowdown (G- I-),Disinflationary slowdown (G- I-),Disinflationary slowdown (G- I-),-0.6294901908057404,negative
2019-04,-0.4389272479276992,-0.006557101044815494,0.018625227405691724,Disinflationary slowdown (G- I-),Disinflationary slowdown (G- I-),Disinflationary slowdown (G- I-),-0.3837643677021127,negative
2019-05,-0.051450895775742134,-0.004684498780541262,0.019964397755302565,Disinflationary slowdown (G- I-),Disinflationary slowdown (G- I-),Goldilocks (G+ I-),-0.6052445727450942,negative
2019-06,-0.026164799457851315,-0.002941868732730002,0.017902284687663972,Disinflationary slowdown (G- I-),Disinflationary slowdown (G- I-),Goldilocks (G+ I-),-0.45957768927717296,negative
2019-07,0.2121273155104167,-0.002636109698339363,0.016484846560762545,Goldilocks (G+ I-),Goldilocks (G+ I-),Goldilocks (G+ I-),-0.4010510853948219,negative
2019-08,0.0940581057355412,-0.0023043176952505066,0.018114648063935146,Goldilocks (G+ I-),Goldilocks (G+ I-),Goldilocks (G+ I-),-0.571306570001507,negative
2019-09,0.27970263506568,-0.0016479794474094298,0.017497798894291483,Goldilocks (G+ I-),Goldilocks (G+ I-),Goldilocks (G+ I-),-0.5975753462280528,negative
2019-10,0.10973560059491273,-0.0009671901895739743,0.017113045131695204,Goldilocks (G+ I-),Goldilocks (G+ I-),Reflation (G+ I+),-0.6197056284184523,negative
2019-11,0.17127870613863838,-0.0004932405759930369,0.017640429444213845,Goldilocks (G+ I-),Goldilocks (G+ I-),Stagflation (G- I+),-0.4625040880781309,negative
2019-12,0.0248942335471095,0.0006161889407658508,0.020512779818916194,Reflation (G+ I+),Reflation (G+ I+),Reflation (G+ I+),-0.4039471111554437,negative
2020-01,0.0744932284976999,0.002216463954364551,0.022851297401217163,Reflation (G+ I+),Reflation (G+ I+),Reflation (G+ I+),-0.5071272785709795,negative
2020-02,0.24809611623519606,0.003845446642918693,0.024865719552504606,Reflation (G+ I+),Reflation (G+ I+),Stagflation (G- I+),-0.5307307190211317,negative
2020-03,0.018920225237957528,0.004111816668089258,0.023348735639459495,Reflation (G+ I+),Reflation (G+ I+),Disinflationary slowdown (G- I-),-0.49327701797801415,negative
2020-04,-1.0376305993611097,0.0018951372979573722,0.015393269919198094,Stagflation (G- I+),Stagflation (G- I+),Disinflationary slowdown (G- I-),-0.5107074804565064,negative
2020-05,-4.800648731142637,-0.003906994357426882,0.003290966863368272,Disinflationary slowdown (G- I-),Disinflationary slowdown (G- I-),Disinflationary slowdown (G- I-),-0.49772112402264634,negative
2020-06,-6.2743222289342,-0.009903233254414612,0.0011792637021070806,Disinflationary slowdown (G- I-),Disinflationary slowdown (G- I-),Disinflationary slowdown (G- I-),-0.5589104080347895,negative
2020-07,-5.895100489472501,-0.01204625339519505,0.006457330475554857,Disinflationary slowdown (G- I-),Disinflationary slowdown (G- I-),Disinflationary slowdown (G- I-),-0.5690708513623262,negative
2020-08,-3.0967645493439466,-0.00916848378106394,0.009860818253037085,Disinflationary slowdown (G- I-),Disinflationary slowdown (G- I-),Disinflationary slowdown (G- I-),-0.572711043236877,negative
2020-09,-1.6078644641867061,-0.00482930831808189,0.013096453823307153,Disinflationary slowdown (G- I-),Disinflationary slowdown (G- I-),Goldilocks (G+ I-),-0.24793495443771998,negative
2020-10,-0.523656205440402,-0.002127352562984408,0.013713248610564666,Disinflationary slowdown (G- I-),Disinflationary slowdown (G- I-),Goldilocks (G+ I-),-0.27050389903757993,negative
2020-11,0.7767101826005561,-0.000989090774326887,0.011820661677274913,Goldilocks (G+ I-),Goldilocks (G+ I-),Reflation (G+ I+),-0.19572883219887532,negative
2020-12,1.350910457748448,-0.0007088376031830212,0.011745357842679605,Goldilocks (G+ I-),Goldilocks (G+ I-),Reflation (G+ I+),-0.213291781273492,negative
2021-01,1.73431753309423,2.9368046861821817e-05,0.013620054947193205,Reflation (G+ I+),Reflation (G+ I+),Reflation (G+ I+),-0.12582683047695745,negative
2021-02,2.0326307789157623,0.0016607151377124492,0.013997697415600863,Reflation (G+ I+),Reflation (G+ I+),Reflation (G+ I+),0.08141537155062041,positive
2021-03,2.5052496115521876,0.003881861870210482,0.016762152173745104,Reflation (G+ I+),Reflation (G+ I+),Reflation (G+ I+),0.18715405849249028,positive
2021-04,2.708443995789658,0.007174022320143894,0.02619762508959189,Reflation (G+ I+),Reflation (G+ I+),Reflation (G+ I+),0.3105754572363004,positive
2021-05,1.9852263264244985,0.013181607516979573,0.041596948387021104,Reflation (G+ I+),Reflation (G+ I+),Reflation (G+ I+),0.32809518519780856,positive
2021-06,1.4987389452145017,0.02017426177822631,0.04992706537594471,Reflation (G+ I+),Reflation (G+ I+),Reflation (G+ I+),0.2242371639680195,positive
2021-07,0.8962235564591133,0.025458459487961917,0.053914514133213354,Reflation (G+ I+),Reflation (G+ I+),Reflation (G+ I+),-0.16198141577763397,negative
2021-08,0.514921767058833,0.025828232978504805,0.05365475239385398,Reflation (G+ I+),Reflation (G+ I+),Reflation (G+ I+),-0.383931473414648,negative
2021-09,0.4257510623353641,0.023405427892319645,0.05251271554874992,Reflation (G+ I+),Reflation (G+ I+),Reflation (G+ I+),-0.350899868625717,negative
2021-10,0.4927696221346736,0.02005256603649349,0.053903488550791634,Reflation (G+ I+),Reflation (G+ I+),Reflation (G+ I+),-0.15658352335531145,negative
2021-11,0.9234300396337791,0.01870737596997065,0.062218689033288976,Reflation (G+ I+),Reflation (G+ I+),Reflation (G+ I+),-0.28838225099628284,negative
2021-12,0.7702895236882499,0.01920442437346017,0.06809002839806477,Reflation (G+ I+),Reflation (G+ I+),Reflation (G+ I+),-0.42712646410211863,negative
2022-01,0.7741145483602143,0.019962606599325243,0.07036402865545144,Reflation (G+ I+),Reflation (G+ I+),Reflation (G+ I+),-0.27079744705473874,negative
2022-02,0.3762605418540459,0.019089199543585122,0.07479872468289117,Reflation (G+ I+),Reflation (G+ I+),Reflation (G+ I+),-0.2236678142366794,negative
2022-03,0.3967974699725408,0.017467029169723834,0.07871063897739283,Reflation (G+ I+),Reflation (G+ I+),Reflation (G+ I+),-0.14523550049768938,negative
2022-04,0.3891462539260077,0.017551627262478754,0.08542455554842432,Reflation (G+ I+),Reflation (G+ I+),Reflation (G+ I+),-0.0879594821587372,negative
2022-05,0.25135117537601015,0.016731704752639395,0.08258629340882373,Reflation (G+ I+),Reflation (G+ I+),Stagflation (G- I+),-0.12639051535360232,negative
2022-06,-0.026970047500049832,0.016109192734028485,0.08581511543676523,Stagflation (G- I+),Stagflation (G- I+),Stagflation (G- I+),0.09335304724464209,positive
2022-07,-0.39242672028750747,0.014776611974281872,0.09059757964784154,Stagflation (G- I+),Stagflation (G- I+),Stagflation (G- I+),0.07557514214570572,positive
2022-08,-0.4220501399915571,0.013031113734892255,0.0852481474562552,Stagflation (G- I+),Stagflation (G- I+),Stagflation (G- I+),0.2681289650043515,positive
2022-09,-0.463518024327695,0.009458866142823624,0.08262692503116242,Stagflation (G- I+),Stagflation (G- I+),Stagflation (G- I+),0.25834671463901,positive
2022-10,-0.4428641400931804,0.004255804415693121,0.0820166964383362,Stagflation (G- I+),Stagflation (G- I+),Disinflationary slowdown (G- I-),0.3925631913143032,positive
2022-11,-0.5741955218670246,0.0003882143433944357,0.07745427330804922,Stagflation (G- I+),Stagflation (G- I+),Disinflationary slowdown (G- I-),0.47817428999957184,positive
2022-12,-0.5464847442134038,-0.003704117981674984,0.07110322794191726,Disinflationary slowdown (G- I-),Disinflationary slowdown (G- I-),Disinflationary slowdown (G- I-),0.42802198312260564,positive
2023-01,-0.471549703004307,-0.00904334441130572,0.0645440133141082,Disinflationary slowdown (G- I-),Disinflationary slowdown (G- I-),Disinflationary slowdown (G- I-),0.3138954287285065,positive
2023-02,-0.46721783144242945,-0.012602841034940526,0.06410146968856267,Disinflationary slowdown (G- I-),Disinflationary slowdown (G- I-),Disinflationary slowdown (G- I-),0.22340985191273938,positive
2023-03,-0.5187799979831784,-0.014655664406130378,0.06035613077866597,Disinflationary slowdown (G- I-),Disinflationary slowdown (G- I-),Disinflationary slowdown (G- I-),-0.10141714878098994,negative
2023-04,-0.5693121267876176,-0.016589187243216487,0.04984974122099173,Disinflationary slowdown (G- I-),Disinflationary slowdown (G- I-),Disinflationary slowdown (G- I-),-0.19929812597221847,negative
2023-05,-0.3051659877890732,-0.01874835169319642,0.049303203981889254,Disinflationary slowdown (G- I-),Disinflationary slowdown (G- I-),Disinflationary slowdown (G- I-),-0.49093985419767644,negative
2023-06,-0.07496376185240021,-0.021596779151041377,0.040476092727919744,Disinflationary slowdown (G- I-),Disinflationary slowdown (G- I-),Goldilocks (G+ I-),-0.29850801304752456,negative
2023-07,0.06887911815905126,-0.023240617117654613,0.029691776545588855,Goldilocks (G+ I-),Goldilocks (G+ I-),Goldilocks (G+ I-),0.02611554711021193,positive
2023-08,0.2965002496059821,-0.02462655571207434,0.03177780177942169,Goldilocks (G+ I-),Goldilocks (G+ I-),Goldilocks (G+ I-),0.2757204447264021,positive
2023-09,0.25638955246270595,-0.022070228574451844,0.03665112384399549,Goldilocks (G+ I-),Goldilocks (G+ I-),Goldilocks (G+ I-),0.390774162195032,positive
2023-10,0.2773462088851471,-0.015883517416425706,0.0369969812134443,Goldilocks (G+ I-),Goldilocks (G+ I-),Disinflationary slowdown (G- I-),0.22592663729074253,positive
2023-11,-0.05884666993387751,-0.011918733604162492,0.03241144651893202,Disinflationary slowdown (G- I-),Disinflationary slowdown (G- I-),Goldilocks (G+ I-),0.3841604333032419,positive
2023-12,0.051734742674760775,-0.010367329118230108,0.03137270708841777,Goldilocks (G+ I-),Goldilocks (G+ I-),Goldilocks (G+ I-),0.35715984871170386,positive
2024-01,0.05231515434057574,-0.008940681334626964,0.033521228314302265,Goldilocks (G+ I-),Goldilocks (G+ I-),Goldilocks (G+ I-),0.31836005930951616,positive
2024-02,0.08227658488123273,-0.006675495747153946,0.030908847812280538,Goldilocks (G+ I-),Goldilocks (G+ I-),Goldilocks (G+ I-),0.188866424319432,positive
2024-03,0.08387472514508695,-0.00422045940958371,0.031531711208615976,Goldilocks (G+ I-),Goldilocks (G+ I-),Goldilocks (G+ I-),0.19427905332151313,positive
2024-04,0.406590625873679,-0.0025465944041734093,0.034773850700380304,Goldilocks (G+ I-),Goldilocks (G+ I-),Reflation (G+ I+),0.1756938738648474,positive
2024-05,0.45555880585895214,-0.00034753346781157823,0.03357363950119163,Goldilocks (G+ I-),Goldilocks (G+ I-),Goldilocks (G+ I-),0.28411032485774945,positive
2024-06,0.4354926389018826,0.0006874764989931309,0.032690290569400204,Reflation (G+ I+),Reflation (G+ I+),Goldilocks (G+ I-),0.3176035589505576,positive
2024-07,0.2029138935409154,-0.0010009995875096336,0.029713971072633072,Goldilocks (G+ I-),Goldilocks (G+ I-),Goldilocks (G+ I-),0.3491403284753413,positive
2024-08,0.0631003036414095,-0.0023071796100601026,0.028947531984913066,Goldilocks (G+ I-),Goldilocks (G+ I-),Disinflationary slowdown (G- I-),-0.06822854627163344,negative
2024-09,-0.10171342922653069,-0.003822857071718141,0.025307302964569622,Disinflationary slowdown (G- I-),Disinflationary slowdown (G- I-),Disinflationary slowdown (G- I-),-0.1747109775225901,negative
2024-10,-0.19323743858207032,-0.004542849750467183,0.02440633031069983,Disinflationary slowdown (G- I-),Disinflationary slowdown (G- I-),Disinflationary slowdown (G- I-),-0.27117424880322144,negative
2024-11,-0.14009891153388862,-0.004996310939907194,0.02597904904914672,Disinflationary slowdown (G- I-),Disinflationary slowdown (G- I-),Disinflationary slowdown (G- I-),-0.2200513100025074,negative
2024-12,-0.21842793036144714,-0.00394423534716918,0.027493803960905616,Disinflationary slowdown (G- I-),Disinflationary slowdown (G- I-),Goldilocks (G+ I-),0.006823475258617024,positive
2025-01,0.0031077156030585723,-0.0020661000412604373,0.02888057219980067,Goldilocks (G+ I-),Goldilocks (G+ I-),Goldilocks (G+ I-),0.11780653427192148,positive
2025-02,0.21977362276606185,-0.0006488379595773544,0.030004831121501097,Goldilocks (G+ I-),Goldilocks (G+ I-),Goldilocks (G+ I-),0.247923638584432,positive
2025-03,0.5063032507962165,-0.00013192429979245676,0.0282154895174751,Goldilocks (G+ I-),Goldilocks (G+ I-),Disinflationary slowdown (G- I-),-0.15238962591663374,negative
2025-04,-0.07554450352887697,-0.0008841476732864111,0.023907252538964974,Disinflationary slowdown (G- I-),Disinflationary slowdown (G- I-),Disinflationary slowdown (G- I-),-0.23785024837082105,negative
2025-05,-0.2905756251175054,-0.0023097326011704174,0.023112888616734883,Disinflationary slowdown (G- I-),Disinflationary slowdown (G- I-),Disinflationary slowdown (G- I-),-0.26965045892406303,negative
2025-06,-0.4495086897425605,-0.0031034635541920923,0.02354896535474671,Disinflationary slowdown (G- I-),Disinflationary slowdown (G- I-),Disinflationary slowdown (G- I-),-0.18012328952592832,negative
2025-07,-0.061925477332237036,-0.0019233509322385371,0.02669213018222316,Disinflationary slowdown (G- I-),Disinflationary slowdown (G- I-),Stagflation (G- I+),-0.04289853630004635,negative
2025-08,-0.07473536120379666,-0.0004530968128622463,0.027049023971513986,Disinflationary slowdown (G- I-),Disinflationary slowdown (G- I-),Reflation (G+ I+),-0.06435786702860528,negative
2025-09,0.16816365742737852,0.0010966256933489897,0.029161742842984006,Reflation (G+ I+),Reflation (G+ I+),,0.025388041477218445,positive
2025-10,-0.150019229796875,0.0017648017639802886,0.030126767755256134,Stagflation (G- I+),Stagflation (G- I+),,-0.03878473749063234,negative
2025-11,,,,,,,-0.143528920155593,negative
2025-12,,,0.027350844551226272,,,,-0.1212106343279694,negative
2026-01,,,0.026770805278750087,,,,0.18004624659583243,positive
2026-02,,,0.02386431244904319,,,,-0.0972365607689778,negative
2026-03,,,0.024141129866304123,,,,0.26425060730754785,positive
2026-04,,,0.032564204390883145,,,,0.29359356516757446,positive
2026-05,,,0.0381084493212176,,,,0.679629321800954,positive
2026-06,,,0.04248674039164446,,,,0.6145153643299285,positive
2026-07,,,0.035314250637863864,,,,0.5563429837629086,positive
2026-08,,,0.03364825041479902,,,,0.47403892476028975,positive
2026-09,,,0.033965478924364856,,,,,
2026-10,,,,,,,,
