,NoDur,Durbl,Manuf,Enrgy,Chems,BusEq,Telcm,Utils,Shops,Hlth,Money,Other,UST10,GOLD
1990-01,0.062013743294235917,0.05447077054966468,0.05190038827031797,0.06157598387719072,0.05432151568329644,0.050231314401932084,0.07761516103183881,0.07787188545419878,0.05094471783637006,0.05495981513269889,0.05149280103977584,0.04785948579859327,0.1620324247596807,0.14270999287020594
1990-02,0.06091514927253959,0.05570902140890478,0.052582732962113965,0.0622830132133329,0.05429995656326877,0.05207671539177894,0.07315188450623006,0.07756482603750842,0.0513980639326535,0.05515304458293549,0.05117589254737974,0.048110005886107435,0.16008027082821133,0.14549942286703516
1990-03,0.060944748840026014,0.05570192351655495,0.05258594228111249,0.062277471799362945,0.05430385675797054,0.05207189390025185,0.0731553099406959,0.07757898349549601,0.05140817322211379,0.05517559539337756,0.05117408414269187,0.04811377855217827,0.16001340294033958,0.14549483521782827
1990-04,0.050688879818018916,0.05246715575670064,0.04861176284474586,0.06109708544777026,0.05169569901503205,0.05074417706441781,0.08578010361139611,0.06740412310881172,0.045262552030027575,0.05424339240995559,0.04859400064901386,0.04286588407834879,0.23479368489222752,0.10575149927353328
1990-05,0.051277959140659864,0.05263676072693899,0.04886591431970626,0.06106158001902527,0.05200101843771832,0.051176422877496915,0.0855921000181893,0.06709411517649354,0.04562623778868685,0.05491756183069563,0.048746884687951235,0.04318459390151208,0.23333779587864503,0.10448105519628076
1990-06,0.05128082472613363,0.05270103381333528,0.049104287858591125,0.06156632773530387,0.05203372263095311,0.05044362661571241,0.08413443382128029,0.06754729488497592,0.04538823561667024,0.05409835268634588,0.04874932109174255,0.043384051971646,0.2318979677753381,0.10767051877197166
1990-07,0.06120019222791636,0.055791701278986465,0.052777099345405025,0.06230545507636502,0.054411079543776955,0.052111515059512045,0.07297280595125762,0.0774670072257324,0.05152393147461153,0.05528266983025269,0.05114442708165574,0.048238497277207824,0.159508088985698,0.14526552964162226
1990-08,0.061170495789169,0.055606476054112224,0.05281422742978909,0.06290922042038069,0.05450021807689983,0.051717149760702824,0.07249254321057104,0.07749272191885986,0.05133035765827963,0.055501797792230675,0.05093132672928244,0.048193193956221174,0.15956871138449405,0.1457715598190074
1990-09,0.06108211631052836,0.053765135180746305,0.05181108123135343,0.06452018630465618,0.0531829456014231,0.050799019087930615,0.07016474331205722,0.0762820781087438,0.05048776582336208,0.05598238782766508,0.05040232558388899,0.047484534381985445,0.15703365002256955,0.15700203122308984
1990-10,0.051448113635384256,0.05234367000596988,0.04898818808057677,0.06175257858890809,0.05187459368932875,0.05030308020364831,0.08323671498573888,0.06772517091908901,0.04537763838742243,0.05443263498421683,0.048517027426740904,0.043292701600875824,0.2329544963869449,0.107753391105155
1990-11,0.051536851624870775,0.05225975667875237,0.04888365342901479,0.0615241933321518,0.051975050801379576,0.05023049782739954,0.08346928274088955,0.06815590385745642,0.04530196590999436,0.05448560911280769,0.048289909226886724,0.04315817544296711,0.2333462894150409,0.10738286060038846
1990-12,0.05156116143026627,0.0524858689267702,0.04887301331356105,0.062310318737743474,0.051719363544061404,0.0496404700568809,0.08430577723424397,0.06877458392105364,0.04498423833745431,0.054079397535138685,0.047427477567395356,0.04341211790456105,0.23170754991015483,0.108718661580715
1991-01,0.05150702661034511,0.05256694660783608,0.04879063919802952,0.06251642846045531,0.05168874432245293,0.0495864419063496,0.08435953021000543,0.0688373695274486,0.04497382445603543,0.054083479002065664,0.04734747097024924,0.043357149213334514,0.23139569528970055,0.10898925422569201
1991-02,0.05140862345912328,0.05224513813667222,0.048515825035034224,0.06312240101695284,0.05181027418399501,0.04878528857009059,0.08485565751424787,0.06934788958132117,0.04467275340889839,0.05401462781261712,0.047113385833104454,0.04318426925078028,0.23170034959244706,0.10922351660471565
1991-03,0.05083946748882976,0.05156338150932194,0.048424886625839304,0.06244140143400422,0.05174993265682544,0.048662663780410606,0.08494818913761104,0.06904510441090764,0.04444034552343602,0.05341619132131953,0.04659093235031796,0.04299683328731528,0.23348040878919749,0.11140026168466367
1991-04,0.05078516972099777,0.05157508058136725,0.04844000769158895,0.062465202584956074,0.05178084163682442,0.04870031195431006,0.08491684913124861,0.06902775193064657,0.04433679190121223,0.05332594995581148,0.04652434826939305,0.043062818700075174,0.2335619600165199,0.11149691592504847
1991-05,0.06088414935020142,0.052532787395249136,0.05110118968527855,0.06502329671274042,0.052844604740953316,0.05032470711218655,0.07205076453564106,0.07763169455218608,0.04961968288909976,0.05579673679645233,0.048965398211946384,0.04713865950631813,0.15902669555759674,0.15705963295415004
1991-06,0.05500636066769107,0.04856038748211088,0.04837926390922022,0.07013792577966081,0.04903898225026248,0.04509225806594239,0.08442165935916397,0.08463939357576243,0.046797703092145974,0.05337439612635941,0.05254216573874787,0.045915177304229574,0.16447302802523617,0.1516212986234665
1991-07,0.05455139150783214,0.04837693152754145,0.04829672629827732,0.06975370374271035,0.04887241948467534,0.04447269035787594,0.0843011506468792,0.08428177311712287,0.04673507611564297,0.05316710082321109,0.05216447201501949,0.04577995265251051,0.16486091025320612,0.15438570145749536
1991-08,0.05441247187866711,0.04879814893511682,0.04846794910022836,0.06948651425963488,0.048788096994852086,0.04442761121455603,0.08440980725773482,0.08408591042219551,0.04666347865567247,0.05271490582619621,0.05202312496268711,0.04589373692934825,0.16523882369754042,0.15458941986556998
1991-09,0.05435329731884933,0.0489067848760275,0.04848135689898802,0.06951024135305982,0.048811127176658205,0.044415871584925264,0.08454168442038268,0.0840205872984482,0.04665496793815259,0.05270526658522948,0.051992669592364066,0.0459342892901847,0.16473837137912645,0.1549334842876038
1991-10,0.054053378722974214,0.0487411935378337,0.04834424709564696,0.06942155692279064,0.048694552871067366,0.04435762842199374,0.08439516185728846,0.08446745955326049,0.046484289081606234,0.052660595479075936,0.05194397881049914,0.04587718440426504,0.16601606413749204,0.15454270910420595
1991-11,0.05413005526886756,0.04882705694297195,0.048354341934743056,0.06943696419579871,0.04871720438518837,0.04435572538843632,0.08442227227075436,0.084526082281993,0.046562249528668734,0.052558152205419026,0.05195480877350177,0.04586904001290907,0.16597403830616575,0.1543120085045823
1991-12,0.05442175324105745,0.048148779490062216,0.048015733891667425,0.06804669902921028,0.048461551935067064,0.04429496868720095,0.08286438452879594,0.08572342167535482,0.046834044710207676,0.05255058319467646,0.05154896081407862,0.04561524214713512,0.16811003883083958,0.15536383782464627
1992-01,0.060583799743120816,0.051803376681147865,0.05075876200188665,0.06559465932022018,0.052387198817166886,0.05025508891674018,0.07227076477436417,0.078308188655446,0.0493727256037272,0.055332917246173334,0.04869701926847426,0.04700982338543543,0.15918817267978397,0.1584375029063131
1992-02,0.060501674911280945,0.052772266460293,0.0511112710430027,0.06535631052161707,0.05283533663959241,0.050913884239649036,0.07216979067424555,0.07784562640634392,0.0495613752368034,0.05511657268307668,0.048998588782153386,0.047501494724685005,0.15717564641210996,0.15814016126514688
1992-03,0.0605203981265156,0.052689922364817406,0.051111218300193176,0.06538305886644627,0.05284021322366277,0.05090333525978796,0.07220042356810544,0.07788993324930008,0.049565612502820225,0.05515951034098091,0.04898862241189351,0.04749706590139985,0.1570798398364749,0.15817084604760204
1992-04,0.06069274459276197,0.05309258751412842,0.05127736842873865,0.0653122010237924,0.053322906831080145,0.05072263266049541,0.07251224493792842,0.07819020126169403,0.0497486226639842,0.05487513684791793,0.049305381828402654,0.047384353340230244,0.15631304031467694,0.15725057775416845
1992-05,0.06074274534627981,0.05296238629388769,0.05128301929333149,0.06505568748466475,0.05325036931818965,0.05079248207568165,0.07224549569270723,0.07815370248862936,0.04988601633222978,0.05498502253531124,0.049325316614499716,0.04743716204484292,0.15638600920253642,0.15749458527720836
1992-06,0.06076562081738765,0.05291286414474962,0.05126990575559044,0.06510848270191207,0.05323553175624357,0.05079536600982687,0.07212879262405288,0.07820318540319703,0.04988273971627665,0.055003040663133176,0.04936100748456896,0.047427320255263354,0.1565166491712894,0.15738949349650846
1992-07,0.060568903793801115,0.05309445034860767,0.051210616753077885,0.06478908143980637,0.05291799316196302,0.05062153130654813,0.0723568157738415,0.07825950757455181,0.04981908826793285,0.05474742921891188,0.04951415371706004,0.04734569004980953,0.15715385144100263,0.15760088715308557
1992-08,0.053293457018118585,0.04944858156990864,0.048066032464955596,0.07064529815993277,0.04848314467796918,0.04495607769329064,0.08144247841525903,0.08753468435063261,0.04675776816062914,0.050830370716717296,0.05112171175276654,0.04581406507182438,0.16348408952273957,0.15812224042525605
1992-09,0.05356912800078478,0.048648229634385545,0.04800790778834769,0.07147536651652404,0.048229433335759686,0.04482006359700522,0.0812482708750988,0.08747206325993627,0.0469476932823394,0.05063656962550367,0.05093742156878273,0.0457131758206219,0.16496484883658352,0.15732982785832664
1992-10,0.04902659430999652,0.044620788324312884,0.04224645113986967,0.05576583626268266,0.04611289690669178,0.044349332711206495,0.06880722647003604,0.08117766456523161,0.040928315565474445,0.047289611693216015,0.044924232222635446,0.039459048717234185,0.21896484461015975,0.17632715650125244
1992-11,0.050663631862988785,0.051736105559694136,0.048524012585624346,0.0626857962496724,0.05185386214905371,0.04873777926128104,0.08490343454078216,0.06919482572738475,0.044497558532276854,0.05302953366826759,0.04658276927315628,0.04317060114134327,0.2332062590709723,0.11121383037750239
1992-12,0.0506080204628362,0.05150518752003134,0.048441175697749896,0.06287621763732153,0.05184360259877657,0.048597969315783494,0.08468584841314278,0.06924807624153625,0.044378588880438365,0.052934614268637846,0.04645089996725938,0.0431004452678869,0.233813665206649,0.1115156885219504
1993-01,0.050687660329398886,0.051491269143850826,0.048464189705750345,0.06290746611676323,0.05192398138010378,0.048656796604986056,0.08450848328982605,0.0692423510651829,0.044433747997997285,0.05305718690632903,0.04643340970372589,0.04313104698435274,0.23341435171494584,0.11164805905678715
1993-02,0.04905863852818364,0.044646489930720304,0.04228830660488473,0.05567170088232453,0.046253818291796804,0.044458672467560405,0.06875548390626389,0.0813153372549852,0.041080604137699955,0.047463793348940464,0.04505186257922147,0.03958150485661013,0.2178124532775464,0.1765613339332621
1993-03,0.0536216520685384,0.048633705405403974,0.04801336420615293,0.0715882665116552,0.04825331481694952,0.04478832704568449,0.08121263398066886,0.08760795300553965,0.04696672539285507,0.050782162895207074,0.05094815930620122,0.045730958889801485,0.16430692747349712,0.1575458490018452
1993-04,0.04924135114632338,0.04470777957019606,0.042320009788241894,0.05554329266091532,0.046284037939175196,0.04453870058959409,0.06862644657990032,0.08102959391649124,0.0411863826222552,0.0478292982246097,0.045116448291291814,0.03967352909217513,0.2168460388430519,0.17705709073577883
1993-05,0.04881952236525926,0.04486478185002812,0.04232947269035386,0.055611361996292075,0.0463704733106387,0.044440417563500284,0.06833007144989424,0.08106921474309552,0.040955312037504764,0.047915793423871526,0.04499873758084105,0.03964261395984882,0.21705929476176936,0.1775929322671024
1993-06,0.04887312443804909,0.04501812666290371,0.04240769153961614,0.055798335778525346,0.046578267552829636,0.044038607510202867,0.06811485195419364,0.0815418307499489,0.04079519518369832,0.04792577870554268,0.04524142757585321,0.03959626466421362,0.21846914072419202,0.17560135696023088
1993-07,0.04895379516898775,0.04498882535255542,0.042447483409649135,0.05590562218349307,0.04667916951324991,0.04409334780890092,0.06804017333030003,0.0814895764374311,0.04088926747234357,0.04806091270685188,0.04521921695955879,0.039660552830014455,0.217762030046438,0.17581002678022584
1993-08,0.050677866876288113,0.051485520316387326,0.04850410629184449,0.06291983511148887,0.052039043518158794,0.0486105248448467,0.08448306164184938,0.06921869659223572,0.04442821071892017,0.05321648009158357,0.04643176024603237,0.04314159695429846,0.23329141892747413,0.11155187786859189
1993-09,0.06074801762645404,0.0537264828515803,0.05166129542683835,0.0649170756902168,0.05302133012781737,0.050799703301636495,0.07182911234688004,0.07776120186567596,0.05006812319590009,0.05473431881475126,0.049723076703890284,0.047716292905877554,0.1557351245951855,0.15755884454729596
1993-10,0.060683056558116434,0.05387038138088247,0.05167550508468968,0.06519400405140238,0.052973114608290864,0.05103361253459544,0.07191225033126486,0.07774565043202387,0.050139822380901256,0.05496538862702416,0.05003491677709389,0.04787852257541236,0.15619635864529183,0.15569741601301038
1993-11,0.06049540816120432,0.0536853548424786,0.05167485779124293,0.06541258279651616,0.052873403841934945,0.05105965747268304,0.07185220526998543,0.0780448315579602,0.05007910288117895,0.054801083484050536,0.0502351914040984,0.047907396052120986,0.15644963456648064,0.15542928987806495
1993-12,0.053686995759001,0.048648839992066366,0.04807511312088037,0.07157341981818632,0.04835871472597209,0.04473997262056492,0.0809021086597645,0.08772080459206785,0.04696231425509249,0.05091666779281836,0.05100783015778586,0.045803919408743905,0.16396161451772368,0.15764168457933234
1994-01,0.053715918397818405,0.04859595512484578,0.04802890296965017,0.07163486772675437,0.048343521718267994,0.04471995700270462,0.08106248161390184,0.0877436149306066,0.04705100420473981,0.05091066202134312,0.05101242677097142,0.045784486691714414,0.16397861883109238,0.1574175819955891
1994-02,0.05397214846379479,0.04839387483905498,0.04798816958964769,0.071393280802548,0.04816202450500594,0.04465848549768953,0.08115116455120847,0.08836630505330331,0.04716194293616989,0.05099089094436471,0.05097193946315412,0.045708066245709916,0.1637671543887086,0.15731455271964004
1994-03,0.05441337954789957,0.04839883983289897,0.04855577971306203,0.07147484667897626,0.048721132987391794,0.04549757455010031,0.0799737177010384,0.08725733037118164,0.048076959718411506,0.050840957630980094,0.05103531505832117,0.04593234714301264,0.16181775787225386,0.1580040611944718
1994-04,0.05460193743270386,0.04828677979953418,0.04881421410441563,0.07156666428995229,0.04898549489838346,0.04589362077816917,0.0797589128225907,0.08680112260902229,0.048301034433474464,0.05063049146468827,0.05149052740418603,0.045910664497327926,0.15835598160597827,0.16060255385957362
1994-05,0.05462466093219044,0.04827330089811601,0.04878481657235771,0.07175851274564961,0.04906854802181381,0.04586795231835077,0.07981478128894584,0.08692380968312197,0.04831291268037958,0.050690900594095444,0.051557328275727746,0.04589583811798843,0.15793619796411565,0.16049043990714695
1994-06,0.054571966491792,0.048210299664184865,0.04883644929268863,0.07181258048748874,0.049123619150900695,0.045914704205838125,0.07988209035339097,0.08651076248915643,0.048275692531602604,0.050802009434926514,0.05167996318855403,0.04590430625992502,0.15779708907718654,0.1606784673723649
1994-07,0.0545387581707775,0.04811544821825151,0.048846732232575456,0.0715991141962636,0.04902810919337379,0.045699905995157615,0.08022798400156132,0.08588446170040193,0.04826322776000315,0.050663593574627325,0.051615478172582864,0.04591926166711479,0.15771003341586526,0.16188789170144374
1994-08,0.05462034896035582,0.04812826425015798,0.04877925502089577,0.0715701023310661,0.04901242594508698,0.045689576413325765,0.0802536122213888,0.08549130970252483,0.04843023902385337,0.05082035903350199,0.051699266729038795,0.04598646674385809,0.1573319791386319,0.1621867944863137
1994-09,0.054429302430652526,0.048251606948344225,0.04871689647136374,0.07175827180106555,0.04879837554519522,0.04539789055459902,0.08042951116081097,0.08566119404612127,0.048353900846027774,0.05037968140074806,0.05165897244456302,0.04594413411030302,0.15767169485604174,0.16254856738416387
1994-10,0.04911127651672109,0.044946087115154465,0.04254150467719824,0.05588744954220758,0.04678924856965391,0.044265386501371996,0.06784269718753141,0.08127892537556958,0.04107153728731819,0.048152631884746236,0.045356133879417684,0.03969972685585732,0.2158557850120078,0.1772016095952444
1994-11,0.04912080983134998,0.04496085738811939,0.042552267166712295,0.05588050845332716,0.04680045097219702,0.044266759304343935,0.06786391570848663,0.08129852215657056,0.04108067213234438,0.04816623187102543,0.04537161886546741,0.039711597823612034,0.2156911365619365,0.17723465176450723
1994-12,0.0493285393393391,0.04486534486140414,0.04242975791995925,0.05551827537760242,0.046570478368873465,0.04447750844155323,0.06692307309723962,0.08206781966410112,0.041139560473602226,0.04862674127228768,0.04518432667149245,0.039689456319902144,0.21695559183048385,0.17622352636215918
1995-01,0.04933633576642266,0.044868060500014656,0.04242900970415836,0.055525025392790923,0.04657541539772665,0.044484741975928714,0.06693188678790915,0.08209958850039815,0.04114909713086822,0.048637634156422756,0.04519416000457994,0.039692536372742206,0.21680266894904182,0.17627383936099583
1995-02,0.049389516170345614,0.04517398050413142,0.042538396904801906,0.0556514438713112,0.046721614979798314,0.04461132256070056,0.06685803953082248,0.08169199509733785,0.04120134354670803,0.04851133637449773,0.045108282201872824,0.039715624687889604,0.21604464755742578,0.1767824560123566
1995-03,0.04947830274929082,0.04506355320944701,0.04242745865438827,0.055544198488546345,0.04665485060482911,0.04441608378517565,0.06722141703080031,0.08218401528570324,0.04130995438194567,0.04866380190605273,0.04505655651924342,0.03969357772853379,0.21405924220425362,0.1782269874517901
1995-04,0.05088214951904801,0.05173455813382601,0.04868319911357004,0.06288405619535015,0.05229765414021539,0.04869996753935499,0.08424471485347275,0.06915609630467659,0.04469987293857333,0.05348677924708901,0.04663773998157126,0.04326322287602701,0.23097800290770862,0.11235198624951702
1995-05,0.050918724837236994,0.05177265158702574,0.048696160739147024,0.0629203504379625,0.052279671412846555,0.048548720106186556,0.0842989369269986,0.06914018244311704,0.044822708677075475,0.05349351018514908,0.04667846187420778,0.04330719007152194,0.2307699918986568,0.11235273880286795
1995-06,0.0510484868338231,0.05182528321461755,0.04889780054592142,0.06303361415974154,0.052484790643837965,0.04875300420741056,0.0850238671523667,0.06906786769127685,0.04506505810025161,0.0538601448174519,0.04673983421891639,0.043675744535865604,0.22718471374858665,0.11333979012993203
1995-07,0.05106809699264921,0.05185943368215167,0.04889521474726413,0.06320008302675371,0.052528458140773636,0.04861309998565515,0.08492953046096267,0.0691502142981805,0.04502885193318032,0.05382058908657682,0.04675985452237809,0.043671848942649166,0.22710265277991573,0.11337207140090932
1995-08,0.05107657358233853,0.05183166546127781,0.04883054965168495,0.06318067048591386,0.05254188135022385,0.04848668333883968,0.08468848271217026,0.06918216901473165,0.044992830568217915,0.05372693367080117,0.04670933519735434,0.04359166998868246,0.22769592288748017,0.11346463209028339
1995-09,0.051070958074695826,0.05183881975962855,0.04882290608228196,0.06314314436691582,0.052535025942291404,0.04848130927323598,0.08477785641893597,0.06917857446642335,0.044964919469117515,0.05372729922714883,0.046741528698283324,0.04358655342752188,0.22774479517024723,0.1133863096232724
1995-10,0.06114200270336118,0.05393157428938741,0.05214488819035301,0.06491959759623582,0.053302616848218555,0.05137579291320945,0.07103308706451786,0.0772152707056174,0.05065860407413113,0.05521069107034447,0.050232009670898574,0.048206463605514914,0.15278262014154084,0.15784478112666941
1995-11,0.054597433473280194,0.04802795393301314,0.0487296530400638,0.07171014164957142,0.04879260733759342,0.04547402920040109,0.08027736423359756,0.08546406316003716,0.0484177553975604,0.05069383006265018,0.05137701206433966,0.04598721287824376,0.1556262451130716,0.16482469845657657
1995-12,0.054652173417177506,0.04796232817576103,0.04858749108255622,0.07148321705227972,0.048647910427823834,0.0459040761270049,0.08052345937701401,0.08594802690667902,0.04830940340349779,0.05067872699314615,0.05120327788368045,0.046024390546567776,0.1550012290649309,0.16507428954188072
1996-01,0.05476191554004013,0.047964463170611746,0.048642508133546355,0.07125754768370472,0.04876472273302135,0.046161777711131044,0.08040726807879119,0.08567238926878581,0.04847307859473298,0.05056981829785113,0.051313328641849565,0.04611840804326325,0.15478466631841606,0.16510810778425478
1996-02,0.054798883320516405,0.04793821190642947,0.048657915440298065,0.07151001817279504,0.048685362789004795,0.04620381151641004,0.08044201618373124,0.08570655910937762,0.048625785353238464,0.05042715652324639,0.05127951916701943,0.046130491962964856,0.15506842550279146,0.16452584305217663
1996-03,0.05489307559450847,0.047989667865350624,0.0486799928305869,0.07157290727911736,0.048729114777994575,0.04633567323030868,0.08031027603945072,0.08556871503453302,0.04873985661722837,0.050408781294355644,0.05134677904532773,0.046193974305899325,0.15443817100434762,0.164793015080991
1996-04,0.06128466143768307,0.05366039585902327,0.052061374032993074,0.06490991616005427,0.05319731825128273,0.05164594333210683,0.07103503651626963,0.077370013859454,0.050456495838760204,0.05530898632304602,0.0501885223670507,0.04820543136818251,0.15283276638991408,0.15784313826417964
1996-05,0.05486602848840982,0.04805738967354151,0.04873058278523545,0.0717511832600917,0.04880214664728085,0.04628827270929707,0.08020621081602282,0.08553677639843733,0.04885047259612778,0.05040872512161352,0.051368265242006994,0.046267228579187344,0.15417687739102484,0.16468984029172315
1996-06,0.04939730057248943,0.04502263408556731,0.04232076986879085,0.05533448971564098,0.04650873984226766,0.04435521188117873,0.06722253851823627,0.08251221609910182,0.041260476443504134,0.048527270434616694,0.045004887119346415,0.03967196849246751,0.21343338921606972,0.1794281077107225
1996-07,0.04949371977874706,0.044911378141999886,0.04231756957182362,0.05534882518401908,0.046495076383204506,0.04424826267595105,0.06718292906668735,0.08291072033284783,0.041225840958129395,0.04851698605978606,0.04501865378320396,0.039621627437465466,0.21370301372661876,0.17900539689951608
1996-08,0.04962676025859724,0.04511421043559602,0.04247592547620333,0.05521725839517639,0.04686720087826889,0.043994186551764465,0.06539772712307788,0.08151795719555263,0.04102821422939363,0.04824624065948595,0.04545892951949424,0.03936021247334955,0.2168237343924186,0.17887144241162115
1996-09,0.04972379484011908,0.04503837396318526,0.042414354578630624,0.05514267121783932,0.04683385660061599,0.04389446242318323,0.06559765698554984,0.08129611280473428,0.04089071091709223,0.04813990876493588,0.04536016996280253,0.03930908354691866,0.2173698622119966,0.1789889811823964
1996-10,0.04972179756326678,0.0451817191164377,0.042285200003190505,0.055070381077338935,0.046587335458701945,0.043406032083947076,0.06586056322925853,0.08172716679327396,0.040920455899963216,0.047850770873359996,0.045212634621884705,0.03935919543397547,0.21629335128394883,0.18052339656145233
1996-11,0.049767776424883704,0.04515629205341529,0.042326105236592276,0.0549368930090655,0.04660982095131728,0.04353062045662148,0.066058982962267,0.0816259069957205,0.04104900575087878,0.0479808905191637,0.04515239109752517,0.03942962443859845,0.21535411997037526,0.1810215701335755
1996-12,0.04977534269179192,0.04503326548207162,0.042278050562650535,0.0548267448415298,0.04656248911816807,0.04287135046811353,0.06583709222147272,0.08195946128890556,0.04130366826864823,0.04783492272672935,0.044855880689082486,0.039516825099101566,0.21395071081981298,0.18339419572192156
1997-01,0.05008401492178713,0.04515625219682789,0.04252506959638468,0.05515460948680381,0.04669230549520378,0.042932725387848224,0.0665448095198601,0.0824316464553432,0.04132892005506167,0.04787174549199106,0.04498110920091925,0.03962563161040694,0.21210781207113436,0.1825633485104279
1997-02,0.05098063376565834,0.052047553144570984,0.04893934014333268,0.0632606060653576,0.05254343884810123,0.04852325920319954,0.08439216635910884,0.06884464857100742,0.045040166440887444,0.05343980011682232,0.0466578553431062,0.04370157088577257,0.228028557869049,0.1136004032440258
1997-03,0.05117506403405959,0.05212708095116881,0.04899037805184577,0.06295558452704632,0.05265412389616256,0.048287074837888584,0.08465207001644261,0.06883060492902728,0.04517252182817386,0.05350295853960119,0.04682396456284309,0.043683517880590314,0.22783070586689996,0.11331435007825005
1997-04,0.04989267531979401,0.04509359738651785,0.042448204500642024,0.05511496855933737,0.04657967092075163,0.042617976246243805,0.0663427210810484,0.08243104037994813,0.041428320498099254,0.04748771961633601,0.044783344085378006,0.03954072663129755,0.21237308979102634,0.18386594498357964
1997-05,0.05484414618700992,0.048054620394366206,0.048730669484849526,0.07195926313315246,0.04882684227967466,0.04597478995503286,0.07995066633721325,0.0856315874028676,0.04890869237265918,0.05017910448398104,0.05135852782644065,0.04626326938739434,0.1538329349391163,0.16548488581624196
1997-06,0.06139926795901816,0.05373427822618431,0.05208587356709074,0.06499820840436552,0.05325369861412531,0.05131512900781306,0.07069437425379532,0.07741815838599128,0.05059354267596202,0.055103645869947086,0.05018068151511203,0.04822941835961455,0.15231301069418293,0.15868071246679757
1997-07,0.061390773904142555,0.05379780108922042,0.0519533654121549,0.06519213168531929,0.05311541617618002,0.05146769478045329,0.07058217732473471,0.07735297220402722,0.050519724767683,0.05464761813902404,0.049991419153116855,0.04827862322223543,0.15232264895941816,0.15938763318229004
1997-08,0.054905092431319004,0.04801729504563459,0.04840293872784776,0.07120937081457593,0.048794031346824855,0.04542691257824472,0.07929626785159294,0.08578619929623646,0.048903007424038754,0.050043552410755664,0.05135787969587431,0.04614815859753505,0.15479291096239206,0.16691638281712784
1997-09,0.054334586618294156,0.04857752007011147,0.048251340723596874,0.07175534239997838,0.04831672669103446,0.045685489547870446,0.07905310477062773,0.08598207832880064,0.049041841771864166,0.04969555545207158,0.05102734726719985,0.04638040538931513,0.15403343626855368,0.16786522470068144
1997-10,0.05442992720367763,0.048682986831345455,0.048513142504995,0.07136973783328274,0.048794523003232976,0.04596539357230823,0.07762750792002089,0.08584626459753424,0.049149890723729876,0.04963727217135761,0.050785980068236765,0.04624076733031117,0.1541068441694136,0.16884976207055377
1997-11,0.0541326367463676,0.04849830406042495,0.04809090111074472,0.07112468559901913,0.04858677433695469,0.0455112960567497,0.07801872604746107,0.08594243585586786,0.049054627784682135,0.049656542277770485,0.05063378800616159,0.04598670739469718,0.15551410320914302,0.16924847151395583
1997-12,0.05403148723797323,0.04858395465474669,0.04804943780614703,0.07136201924817853,0.04850896682557972,0.04551480097560851,0.07754608392505564,0.08558538682611232,0.048993984339965733,0.0496448441308936,0.05061690742897895,0.046006591748625876,0.15562777748966702,0.16992775736246718
1998-01,0.05403610599480439,0.04858672810144253,0.04805200710016751,0.07137055974829971,0.048510491448116096,0.045514825568911496,0.07755315815967365,0.08560582089119824,0.0489993345757687,0.04964751525004009,0.05062545106442419,0.046012947795763044,0.15556656876106592,0.16991848554032438
1998-02,0.053911865765742036,0.04858997562845114,0.04809155156212977,0.07108750560879293,0.04844719774390537,0.045633861627126716,0.0778108308078445,0.08521749588798469,0.04901030885821677,0.04978185445089669,0.050531688578196676,0.04601977059150676,0.1559060193053552,0.16996007358385085
1998-03,0.054106737870623894,0.047803389580323576,0.04809150381018636,0.0705291784301754,0.048158068698742146,0.045205991747028995,0.07854100771767061,0.08569163111356039,0.04844318451438914,0.04989078310979138,0.05013541535591072,0.04607167964591887,0.15847265261769838,0.16885877578798017
1998-04,0.054048883582695974,0.04772530535922714,0.04809489513482832,0.07036715295020332,0.04829276239618373,0.04553318770926987,0.07714269443826062,0.08483906107602057,0.04830729972811051,0.05006114299503467,0.0500994389287765,0.04601321135557631,0.16006211454222524,0.16941284980358728
1998-05,0.06157946499882448,0.05363595723319972,0.05173425255284699,0.06460584414836612,0.0527792624565598,0.05029697035591607,0.07073363644782399,0.07754637401838503,0.05029727003516603,0.05505130324456645,0.04931532698704672,0.048326892160871604,0.15071102115346383,0.163386424206963
1998-06,0.06187099753794921,0.054313627114901605,0.05157164999368464,0.06424501245480796,0.053041664973020285,0.04987413783982362,0.0706313942318118,0.07749941441330056,0.05059793019017697,0.05499249733074766,0.04930507693531025,0.04807692343792484,0.1515544641630384,0.16242520938350224
1998-07,0.054077263574031614,0.047793067380648264,0.04809139524998668,0.0703528048999676,0.048319727860180996,0.0454818844256495,0.07712386689629058,0.08484766948646646,0.04834541119996378,0.05004374758682717,0.05010095959853777,0.045998951576264255,0.16005493412401509,0.1693683161411702
1998-08,0.053791843822514306,0.047943046647774955,0.04787776041098712,0.06951527026061506,0.04778194460847489,0.045778522474492454,0.0782418299235901,0.08363967831918413,0.04829911012690965,0.05022758800151164,0.05021766579347299,0.04594230865863192,0.16052895420800622,0.17021447674383458
1998-09,0.05220650386478878,0.045763826244970524,0.04656748438986556,0.06764588874708143,0.04782254100390078,0.04433083581058783,0.0729794790395356,0.08950128655844695,0.047257182578366475,0.04938659025422222,0.04650900887364634,0.043912735543021365,0.1775050805960139,0.16861155649555226
1998-10,0.06166006743772024,0.05416587664301565,0.051566328895558136,0.0640004088584102,0.053204875794937545,0.049438697209379226,0.07014801204325331,0.07792389048595838,0.05053449766298719,0.05470020943680902,0.04897792526788748,0.04789635519349066,0.1530914704460668,0.162691384624526
1998-11,0.060469686278220976,0.053537278794005556,0.05078494420535647,0.06461902252163713,0.05233110341612008,0.0494143401876091,0.06939933418371773,0.07954510180677006,0.04994383494488586,0.05486991099523161,0.048495102962747234,0.047921469877069287,0.15677616629284968,0.16189270353377938
1998-12,0.06015348104861411,0.05347352029500782,0.050744675665237333,0.06484648127255022,0.05244154001469211,0.04887182258955089,0.06922805566808556,0.07968715110053656,0.049570370105183184,0.05460365105371484,0.04829809109589972,0.04778386509494515,0.15793367426787594,0.16236362072810645
1999-01,0.06059822857878057,0.053596516851810216,0.05081884902494589,0.06541691490736162,0.05280510903897016,0.04810529383172932,0.06762188816770333,0.07970253790500656,0.04924950176122452,0.05449841610411156,0.04838197388652603,0.04778866369293837,0.15837328816838434,0.16304281808050744
1999-02,0.0604966560805101,0.05369451198451594,0.050878972969485334,0.0652753827299551,0.05272516521724708,0.048388142501778704,0.06796291601373816,0.07938968405667539,0.049286472047908425,0.054527549884476396,0.04840658433542626,0.047860689289965404,0.15824727486254242,0.16285999802577547
1999-03,0.04949334165294756,0.04472078483953596,0.042077071703259604,0.05476525883443366,0.046402946309843575,0.04174173384904363,0.06526521558144753,0.08329274152192571,0.041275812880309785,0.04710868429684618,0.044151417728248155,0.03933836939117591,0.21394620049694768,0.18642042091403513
1999-04,0.049683418310183164,0.044804779313841844,0.042025032706362306,0.05414702875608434,0.04629286104010537,0.04158075372925698,0.06547184195029475,0.08364465807030814,0.04126600593176988,0.04712301439195758,0.04414956114147776,0.03939861234351258,0.21362803125448965,0.1867844010603557
1999-05,0.0497299987387837,0.044311960662189495,0.04171525329098648,0.0527182391827938,0.04561169013304091,0.04180006629299631,0.06472533448541652,0.08223827298313183,0.04160910395267192,0.048176087471392896,0.04402724381778255,0.03918754536787243,0.21582041019206535,0.18832879342887568
1999-06,0.050088403868339695,0.04423917148935964,0.04173141273594798,0.052571120946349116,0.04548322358776902,0.04196953245272967,0.06499872689376121,0.08425823737741338,0.04164247736454026,0.04822984730480952,0.04394041390512736,0.03917271684016127,0.21426135968563004,0.18741335554806177
1999-07,0.050113949002657414,0.044283535344844846,0.041829561885699765,0.05256160830530459,0.04551895068168085,0.04214103452474784,0.06519425574404411,0.08409629019624522,0.04176960913835475,0.04832916751342607,0.04400866142293519,0.03924158320035748,0.2139380567927188,0.186973736246983
1999-08,0.05015473400355955,0.044083402768005105,0.04198732437331446,0.05301330520644999,0.04578611047803007,0.0422739485648218,0.0651312564442347,0.08439926832306659,0.04167634488665049,0.048160084848174765,0.04376699768771598,0.039053077358822144,0.21441433258217021,0.18609981247498397
1999-09,0.049961347803035225,0.044245936283832575,0.042055381943710016,0.05320531355797752,0.04581587679913887,0.042615437544901436,0.06431898175609747,0.08466420504796367,0.041514842394188164,0.04848352835113506,0.04359991672164023,0.03895960340142834,0.21447302666988124,0.18608660172507027
1999-10,0.04952062064185177,0.0438491275019567,0.04204534630679579,0.0529001082870851,0.04539609335849857,0.04269186456417242,0.06494381320562774,0.08386805552392913,0.04170356138267652,0.04803973412927463,0.04334191512388065,0.03899857015545628,0.21567276102824925,0.18702842879054557
1999-11,0.04974375499861746,0.044485666567742777,0.042810427145257714,0.05534430901373712,0.045587218656861335,0.0437461323111386,0.06434573154770305,0.0852550734856924,0.042533268028673736,0.047623294601670405,0.042560004660840325,0.04002142829587423,0.2227380348230674,0.17320565586312325
1999-12,0.04982907495114968,0.044551701926952576,0.042868023285344385,0.055747323039038996,0.045750594578351275,0.04443507970773853,0.0649379660646056,0.08436434335887762,0.042848164691116616,0.04784408252079579,0.04255105523781949,0.04024094774829272,0.22226442337447175,0.1717672195154451
2000-01,0.04992878312405572,0.04454787805966505,0.042745755061743614,0.05579476279511294,0.04571346727515953,0.04418745648302505,0.06486626897270824,0.08453950808735115,0.042798700053207385,0.047995834753853106,0.042611139864229514,0.04015520081280105,0.22209018095359628,0.17202506370349133
2000-02,0.04972299484409627,0.04472494474931183,0.042341312397979045,0.05610425597261345,0.04525766136782511,0.04400743682851514,0.06444658250244355,0.08634325023459193,0.04228310259189593,0.048897039402123,0.04249213395638069,0.04007099047829579,0.2211556356509773,0.17215265902295088
2000-03,0.04944426161885427,0.04439990758333576,0.04232327619060802,0.055731247914401864,0.04480615382332078,0.04487878195182854,0.06409642282583343,0.08530926658739547,0.0421932909838552,0.04879268336803132,0.04216974611347127,0.040077959934505775,0.22253056966657261,0.17324643143798563
2000-04,0.049303456395662505,0.04389993732764266,0.041933610168980125,0.05479201277335351,0.04605699076489648,0.04525526270812457,0.06360441266899682,0.08471415402378112,0.04158233429824815,0.0496581885439157,0.04121989148703456,0.04026606445192437,0.21987138695115915,0.17784229743628022
2000-05,0.04932226154348813,0.044468801258733516,0.04213518610086922,0.05471654783800377,0.04620414809540483,0.04486345671772425,0.06292276174478022,0.08611451660859461,0.04153480279237357,0.050094135975530266,0.04117911921582989,0.040391862306234295,0.21883782328686827,0.17721457651556521
2000-06,0.04978656243581807,0.04408673994348777,0.042130922978195935,0.05532944506121225,0.04639396535325842,0.044523639133620826,0.06222880317695366,0.0867379264922838,0.04154748005939431,0.05037165974614942,0.041447016247767414,0.04043134894142301,0.21833306025481392,0.17665143017562127
2000-07,0.05098957835904126,0.052047752813015914,0.0488906082848005,0.0641592717913973,0.052886339767412575,0.04788404549517614,0.08147424247595485,0.06960344667996479,0.04546341803825017,0.05335793916817215,0.046095059071603287,0.043776794023540073,0.22936632517481112,0.11400517885685982
2000-08,0.051120631361200077,0.05244677851467295,0.04890655521069614,0.0640156757361456,0.05293631548853778,0.04774503827398154,0.08058656334299956,0.07011940657162957,0.045496468197963505,0.05307713996088371,0.04657161388484261,0.04385773366475824,0.22938187010184152,0.11373820968984744
2000-09,0.051733520829900397,0.05238316922496767,0.04858870450613629,0.06353603008478,0.053189205736111446,0.04723946085200142,0.08162546644433322,0.0690395237770107,0.046024137427816775,0.05322273429565887,0.046326793330771984,0.04377345255768157,0.22832767377285443,0.11499012715997514
2000-10,0.05197709293705393,0.0522839260785035,0.04833927417507559,0.06388333308682996,0.05322154343282933,0.04674936311841864,0.08119224232585122,0.06982712943911176,0.04620370474063283,0.05348133549671996,0.046470726623467094,0.043701829563780964,0.22777446703926993,0.11489403194245537
2000-11,0.05221795519730783,0.05239386593471541,0.048415725175435693,0.06376163902013657,0.053443858542467686,0.046587760067210715,0.08118586894044827,0.0697328484284602,0.04617073554169634,0.05355310343741308,0.04646257284873248,0.04365331160957493,0.22770982838950596,0.11471092686689478
2000-12,0.05299111421692499,0.0515254747776266,0.04833423016499807,0.0637357387623555,0.054103829781761814,0.04481214632612976,0.07706117324057382,0.07080472031725797,0.04652148950278525,0.054089735498622185,0.04629216060001987,0.04335621161373021,0.23198653827720922,0.11438543692000464
2001-01,0.052977836019321725,0.05176504713031719,0.048240232105489673,0.06348316884661921,0.05392301844527785,0.045364645398283186,0.0780089805857391,0.07058138853670162,0.04649781758023805,0.05418648076885443,0.04610961639306259,0.043614990486549564,0.23069274341001222,0.11455403429353346
2001-02,0.05303596654400231,0.051880926530577555,0.04830648987751742,0.06352754978536929,0.053960179055645825,0.045473183684483165,0.07821877067466808,0.07059229833737926,0.046578928008255305,0.05421696897509059,0.04617427988117465,0.04368227872153806,0.22983498390810814,0.11451719601619043
2001-03,0.05319357368129564,0.05207387739260371,0.04813337333291636,0.06366120095790383,0.05398559129629566,0.04394824131781443,0.07649576326663197,0.07170140770056166,0.04637227918567361,0.054347626682353226,0.04591431929161546,0.04373241678912344,0.2322733967829541,0.11416693232225676
2001-04,0.053004530097453574,0.05219429190000552,0.0479750257506737,0.0640534710650412,0.053604839577309236,0.04327506608232886,0.07572935094147269,0.07237340057165097,0.0465253759781385,0.053696922778627615,0.0459588925403224,0.04349712917468653,0.23365542659456534,0.11445627694772383
2001-05,0.06084621627186298,0.053445699595225875,0.05092629726592567,0.06523699549955393,0.053550607226250393,0.04718829889748609,0.06715219344301354,0.07976979754614494,0.049833446390218035,0.055737267684933485,0.04880243668913371,0.04829256773402079,0.1553127659674276,0.16390540978880297
2001-06,0.060819908501847035,0.053504289356387895,0.0509274566249131,0.06527341903622025,0.05353661447156515,0.04725075443953756,0.06722026909467484,0.0797959623481742,0.04984266264497158,0.055720109955962695,0.048777812633498445,0.04827246944211701,0.15539720725690626,0.16366106419322407
2001-07,0.06089358921129825,0.05409684497766304,0.05057961676773112,0.06452166370519352,0.05368648139324664,0.0475797113330046,0.06706038723974041,0.0787678863456501,0.04978731770913677,0.05568382097479361,0.049126274393202315,0.04838699073960561,0.15613083974144254,0.1636985754682916
2001-08,0.06084215808399423,0.05423604914253339,0.05062144262237685,0.06439976836123758,0.053741341571701524,0.047284445389173514,0.06697549431127475,0.07833801997211119,0.04997469683471214,0.05582149593150803,0.04911494193443412,0.04815400275637811,0.1570403629412777,0.16345578014728698
2001-09,0.06151767733939847,0.05324626441308165,0.0506164586880554,0.06408810808708654,0.054179156516910715,0.04640346727433063,0.06567755504421283,0.07880015509103047,0.04949683159159012,0.055730020202649194,0.04888087769710993,0.04798514395678733,0.15910589697297253,0.16427238712478412
2001-10,0.06165550777568644,0.050979096770141875,0.04883632412311545,0.06349565603798023,0.05422209779380305,0.04459920477857286,0.06619250093212606,0.07710714062092537,0.04883395099083299,0.05669081243992309,0.04898586753891276,0.046768351880718075,0.16354443363874901,0.16808905467851276
2001-11,0.06169060050759086,0.05102493022398254,0.048790722795193385,0.0634009153497313,0.05423418648534247,0.04438855257648544,0.06660254272505158,0.07708467793588251,0.048863830583082746,0.05672520152899454,0.04906905239946593,0.04680527898037706,0.16313463236834183,0.16818487554047776
2001-12,0.06165687738344636,0.050278767213865545,0.048401188893030876,0.06393960925482318,0.05382563079224231,0.04375769069954559,0.06612290789657493,0.07738326263899586,0.048470033656503014,0.0564606129721549,0.04877627742554323,0.0464694110990196,0.16562228930654158,0.16883544076771292
2002-01,0.06165275105097149,0.050304353255106,0.04837822339271512,0.06387334567950446,0.05384337035887425,0.043772360229212444,0.0660936262005239,0.07730838648599071,0.04844770387730911,0.056506969094371376,0.048759968609326215,0.04643899699678534,0.1657770585507378,0.16884288621857163
2002-02,0.06175496541728692,0.05045346808847855,0.048514775817364235,0.06373504701893294,0.05391573889012546,0.04378858619525839,0.06559397054033315,0.07692061648151576,0.04858731398352889,0.056423747578615444,0.04876550896028358,0.046380001888973496,0.16578877248641963,0.1693774866528836
2002-03,0.06170621734740829,0.0504422061055108,0.04847556524533675,0.0636395083913018,0.053889629170521806,0.04404199509218347,0.06574955277201155,0.07703736244292166,0.048648813544289286,0.056499942470124645,0.04884096438589235,0.04639116863577052,0.1656331019934001,0.16900397240332696
2002-04,0.053650255674796504,0.0463622562887994,0.0470500910201615,0.06599259440628152,0.0494430230403225,0.04288826333273507,0.07064124550246301,0.08889922700659235,0.04819562555599625,0.049312365440616214,0.047088598698171974,0.04426467802377423,0.17614319617279084,0.17006857983649865
2002-05,0.05392018319819183,0.04660905633815698,0.04707954631071119,0.06548793569355861,0.04932274292507805,0.042275193113086536,0.06866323922926988,0.08876744701322183,0.04817327379751414,0.048760590912600335,0.047100398165994026,0.043881698285831945,0.17837141867617312,0.17158727634061152
2002-06,0.05395618300601765,0.046586062611675666,0.04705503235556396,0.06545262112274088,0.049359095749808894,0.04218519436753381,0.06882714467300194,0.08803536709470298,0.04813191488569911,0.04867545882059783,0.04709464827997206,0.04384949868917139,0.17848958071703477,0.1723021976264792
2002-07,0.053476765695548545,0.04611064047856924,0.04710921474526486,0.06606950562197804,0.04968879850170101,0.04145629044968942,0.06579047525237176,0.08630278641873139,0.04800796018213814,0.04786632167967048,0.04699032134128266,0.043695327845416986,0.182757473567265,0.17467811822037238
2002-08,0.05330877739502102,0.04538564526060215,0.04662336974467892,0.06405127571106672,0.05011735873806984,0.04134241427859967,0.06339180219486111,0.08142155942281655,0.047164536488180205,0.0486562539357695,0.04703404921174126,0.04436800196958661,0.19322935293349083,0.17390560271551556
2002-09,0.05331800441282353,0.04539485913432281,0.04665361695929132,0.06406781809178623,0.05012435447754398,0.04135132666280877,0.0634139201209106,0.08139430734884626,0.04717236898431836,0.04866727102384588,0.04704074479110514,0.04438361345221632,0.19306184290627962,0.17395595163390123
2002-10,0.061446641769474265,0.05007149564517123,0.0482783242414407,0.06294184849983109,0.05382135017772682,0.04362095329494641,0.06505017860592392,0.07516258580611258,0.048550394660049845,0.05647650046619172,0.048572791812139395,0.04635700358600518,0.16998628058748297,0.16966365084750384
2002-11,0.05299432521301978,0.051317545215132654,0.04721979716316009,0.06277527304552206,0.053551887844570344,0.04192750717420511,0.07399046430839666,0.07071298575977274,0.04611538352749996,0.053368052993748374,0.04571330700751942,0.04287423492750398,0.24210695084364292,0.11533228497630597
2002-12,0.053231323939441265,0.05076226154978663,0.0469296577810294,0.06274051248375656,0.05357385648042923,0.04140170005597077,0.0728024183363575,0.0706489503517752,0.04617350791264039,0.05326176707596685,0.045693607339172035,0.04270752308672287,0.2446155385234893,0.11545737508346186
2003-01,0.0531702446358069,0.05038993668384415,0.04666747594422162,0.06272150582455263,0.05346128316286377,0.0409391081722718,0.07165528461392709,0.0709255939876874,0.04581004592545437,0.05294077034017344,0.045422388019503254,0.0424240548679917,0.2475802201692942,0.11589208765240781
2003-02,0.05305148903883458,0.050345268142220526,0.046565956582273096,0.06257086627012755,0.053390543354170074,0.04104933030145542,0.07140501742608378,0.07072057249388423,0.045715630670813974,0.0530905641068178,0.04549485093009037,0.04233595839851904,0.24696100694355996,0.11730294534114966
2003-03,0.052889642780223366,0.050145562966703305,0.04651639078389417,0.06270701804633717,0.05322132568917614,0.04115242882456791,0.0708021334044157,0.07025970795355098,0.04569787234140595,0.05298415520494712,0.04535570650006415,0.042325882051166504,0.24875448384565202,0.11718768960789559
2003-04,0.052844721509739685,0.050126386273919965,0.046520512127466544,0.06278772413211044,0.05342689403959406,0.04117626966287766,0.07083798308675471,0.07049684109447017,0.04582531700221568,0.0531188397907131,0.045385193120722235,0.04241851663412567,0.24822054622792664,0.11681425529736358
2003-05,0.052839421312330874,0.049169716791488904,0.04636888933569501,0.06337562708104667,0.05329227293549527,0.04093422349271027,0.06948098604662155,0.06973737651510649,0.0455392872070513,0.05310042093807631,0.04492094181264522,0.041897780249412694,0.2510171357529361,0.11832592052938318
2003-06,0.05279685686860709,0.05002609788794042,0.04682275412731547,0.06334981554696283,0.054435018735343836,0.04098628888046816,0.06959729194857703,0.06917514929438282,0.04631425799365828,0.05391692817971058,0.04554895527435408,0.042590597591337355,0.2472585496809014,0.11718143799044059
2003-07,0.05283529139426663,0.050076562359059,0.046860708540325584,0.06333318087708269,0.0544124855515984,0.04100258804797967,0.06967397023043306,0.06921542357114407,0.04636909669292637,0.054000670960443996,0.04556647340667887,0.042617442812206745,0.2468830577460557,0.11715304780979935
2003-08,0.06124623770603546,0.05068231464185187,0.04830563628529291,0.06297347942826026,0.05403679363945522,0.04265411284055973,0.062192004147815665,0.07547406590214673,0.04857717884187856,0.05636796288573298,0.048336745518794993,0.04639237426263586,0.17244996256076528,0.1703111313387744
2003-09,0.0525071450088257,0.04458538710112359,0.04594231413100909,0.06302641805964569,0.05006663482431028,0.03996124095142403,0.06114239098833226,0.07751814075533434,0.04652426789595625,0.04840221307799107,0.0461684420107615,0.04363475150391656,0.20292712256692894,0.1775935311244406
2003-10,0.05252414447116752,0.04462587691893703,0.045995003986607136,0.06308141284745865,0.05009301507378631,0.03997874934632967,0.061231771134227064,0.07749806236262213,0.04657402826891833,0.04842392141150404,0.046186900589897786,0.043655049240775366,0.20267718982748964,0.17745487452027917
2003-11,0.05227801199650207,0.044386405037368966,0.04554226266611911,0.0631030740177961,0.0498927177488009,0.03973743320671748,0.06078872841745861,0.0774499658489575,0.046206756869981526,0.04850211939697282,0.045939862864745266,0.04353185676337779,0.20531696594416124,0.17732383922104064
2003-12,0.05224477966080496,0.04436757204072312,0.04552940145991251,0.06313459424476685,0.049919047045037655,0.039740143808011066,0.06086062643206856,0.0774755198169827,0.046232083801481215,0.048510349654080506,0.045962502175481174,0.0435352594771502,0.20544820043281634,0.17703991995068316
2004-01,0.052669122358360486,0.04391556163975543,0.045507447129699105,0.061723037032108886,0.0500547288219242,0.04019481227932035,0.06051769657528807,0.07713652707344452,0.04720610490095094,0.04864865105364507,0.04630091872733956,0.043772885974253765,0.20709231022187674,0.17526019621203298
2004-02,0.05271023452246317,0.04394732937146757,0.045549755076576576,0.06175740336582542,0.05009359665813721,0.0401699368388148,0.060526586458615354,0.07712807223370977,0.047228403961727915,0.04863602987981566,0.04628774177369114,0.04377849622470223,0.20702277906338606,0.1751636345710673
2004-03,0.052687871104994025,0.043962702543338915,0.045552413245681066,0.06171065153052233,0.05008428770974886,0.04020266219175696,0.06056426304570362,0.07712600350221172,0.047189211037066525,0.048650267048615546,0.04628332364290569,0.043793850660815474,0.20687832687480032,0.17531416586183896
2004-04,0.05265926143280435,0.04392834998409678,0.045535251580836655,0.06169765724402328,0.050083881644732625,0.04016220491297017,0.060453541207884376,0.07716430386962829,0.04719324437852627,0.04852613074922032,0.0462532121981527,0.043785997139398,0.20713518513407056,0.17542177852365556
2004-05,0.05308995052957429,0.04433888782823776,0.04576280419819982,0.06232373599364764,0.05049016619279919,0.04017742914917849,0.060750385961551426,0.07704775414925158,0.04730689551796805,0.04909755783151668,0.046260089462111756,0.043962548942158404,0.2034582054177345,0.1759335888260704
2004-06,0.053047331659148614,0.04435317878400016,0.045922591811234724,0.062461395996431635,0.050634163673285555,0.040416673651370215,0.06061374754854253,0.07728211743189542,0.04739688255512401,0.049161546052569075,0.04639866327445183,0.04413516416858158,0.20315733802622835,0.17501920536713625
2004-07,0.04994361916694406,0.04368494861875581,0.041700812985041545,0.05482463824027293,0.04674613730956391,0.04303857531091251,0.06011145076049851,0.08518355126362459,0.0415784681921604,0.05033006055381674,0.04137137602618235,0.04020098283995841,0.22321861179126437,0.17806676694100373
2004-08,0.04957341175182679,0.04352189366619604,0.041545768406601485,0.055082474256846536,0.04653682969775211,0.04264642750326689,0.06000503617488959,0.08538851306169294,0.04145903603663289,0.04994086353690697,0.041283552191513105,0.04015548214140965,0.22454520091744107,0.17831551065702417
2004-09,0.049610669629717954,0.04358912343154817,0.041587708612043923,0.05519027756372402,0.04650161806757122,0.042760028301768054,0.06005558237309,0.08532463822877775,0.04151049070601233,0.0499687964858103,0.04128734767827022,0.04019958175492029,0.223933249893038,0.17848088727370773
2004-10,0.04969248250123772,0.04356759303705859,0.041575283970974174,0.05501028782531844,0.04653967819962424,0.04274667837761108,0.060075569038574715,0.08532319134706094,0.041490274786726955,0.05004522014909006,0.041319064483216525,0.040175651724069485,0.22393472883604046,0.17850429572339668
2004-11,0.049670643037442355,0.04370543792263444,0.041686596511650506,0.05511122221260289,0.04667265311631808,0.042696055940071566,0.06004817799055611,0.08508407703016847,0.0414686664527679,0.05023730166202347,0.04138206515618734,0.04018702267688891,0.22384804723300505,0.17820203305768278
2004-12,0.053138635146463935,0.050757829775080185,0.04747248937761344,0.06342997543678924,0.055051714465786515,0.041497209664592825,0.0699550678060916,0.0691504699185644,0.04691123875468742,0.05453978309016248,0.04617864812845166,0.0430011594780161,0.241906874236312,0.11700890472138811
2005-01,0.05307456662300186,0.05069235200073885,0.047516324012237154,0.06373193568829323,0.0550338568688017,0.04150156164027719,0.06983121906771009,0.06915929894560814,0.04691652427769178,0.05443079434580898,0.04616919456964771,0.04296500835403072,0.2418513339980781,0.11712602960807443
2005-02,0.05319617503483391,0.05037670451363904,0.04752832517648484,0.06414829520809542,0.055059776045895105,0.04137815364536837,0.06949927311107969,0.06942218167842118,0.04697610863432485,0.05422160483015478,0.04613259924547399,0.04296583577109129,0.24277294343127628,0.11632202367386112
2005-03,0.05321705248620988,0.050405596484517076,0.04750506795194253,0.06375323586444465,0.055025826763606296,0.04139624482189143,0.06953795310000746,0.06940585275790703,0.04699516230502051,0.05421503866848358,0.046170265255795054,0.04298497046948213,0.24299795753005077,0.11638977554064157
2005-04,0.05326624478192781,0.05008916711258757,0.04753161155705274,0.06352622881267582,0.05507565340205095,0.041416770704434475,0.0697027427641112,0.06957833940339073,0.047108217991544674,0.054287554295334606,0.04610984788887191,0.04304894868076938,0.2424714776068279,0.11678719499842019
2005-05,0.04948042530777756,0.04324262919602637,0.04138861223421307,0.05473374235975907,0.04640920120607613,0.042539865892613576,0.059862286482072105,0.08439840742008073,0.041395909712515236,0.05045914215660952,0.04127929186536873,0.040088591520876016,0.22796617557892732,0.1767557190670846
2005-06,0.053224178948194846,0.049507439474041445,0.04732625834811702,0.0630185669642959,0.05485945172659842,0.04132701656245053,0.06957326018191777,0.06976764168311309,0.04687274249112332,0.054602719121696314,0.04609120636495443,0.04297686505774935,0.24434277041549035,0.1165098826602571
2005-07,0.05324762452235405,0.04951295627468564,0.04733911141266912,0.06301442065080456,0.05488537367525142,0.04134008471506407,0.06958649543857465,0.06974496612431863,0.046870401158709,0.054619970269901154,0.04609124149243808,0.04299783223480453,0.24427206720218259,0.11647745482824244
2005-08,0.06155421946943867,0.05026034722194916,0.048138886941323226,0.06259854980766599,0.05420000510317483,0.04254407708619909,0.0621293696493066,0.0755009784975468,0.048511539835104624,0.05685114946776674,0.048563386376679604,0.046456009382811574,0.17279188852392122,0.16989959263711196
2005-09,0.06153542381233038,0.050203331421529995,0.04812251239617455,0.06269528990493375,0.05412247157233494,0.04253150705098115,0.06208055060182663,0.07549626428572101,0.04841655095132967,0.056832219878677884,0.04853307272036777,0.046421667917533216,0.17294672316253615,0.17006241432372296
2005-10,0.04948890713246478,0.042968221991195925,0.04134930562268225,0.05477307571230589,0.0464927726408483,0.0423772413305868,0.05995284273984242,0.08445867154503739,0.041249621289795056,0.05052364178201854,0.041262736866967666,0.04007716183350307,0.22734997835263435,0.17767582116011746
2005-11,0.05319887684522085,0.049391953094957135,0.04722385420309417,0.0627880012086763,0.054810629029747655,0.04126004908778382,0.0694644217437017,0.06956529748737061,0.04679471734655914,0.05453165230712706,0.046110840711798225,0.04295956973622867,0.24523001282191115,0.1166701243758233
2005-12,0.05326032407916812,0.049408559644752034,0.04711747802703809,0.06287375934758936,0.05480765393500977,0.04118017869719587,0.06942983486700613,0.06971420817665124,0.046769296607632835,0.05457461715358493,0.046075120013349326,0.04289991362012292,0.24520140509962302,0.1166876507312764
2006-01,0.049687946484661086,0.04293416522052851,0.04137045529254436,0.05398160988364108,0.04673968944847291,0.042461463300267885,0.05986557723537121,0.08339819681470188,0.04163621189111169,0.050494003100939495,0.04170111550144721,0.04025744801095525,0.22636081355178495,0.17911130426357258
2006-02,0.05007112601437637,0.042791073212387044,0.041290842044715316,0.0530718799291533,0.04688518859963176,0.04256479796798947,0.05985484372835854,0.0832744917459074,0.0417817710201999,0.050705706199911695,0.041970517248658176,0.04043359503613223,0.22889915752373402,0.17640500972884476
2006-03,0.05010518890570562,0.042804093482786125,0.04131683715678541,0.05288155040374172,0.04690258210291499,0.042552530795379066,0.05994493832003804,0.08330434086943271,0.0418140587750298,0.050732933104917104,0.04200182140351067,0.04044398217387704,0.22878048627778796,0.17641465622809369
2006-04,0.05015272205562394,0.042863782244910005,0.0413813201101439,0.05296549862667485,0.046923763252588166,0.04259675449834264,0.06000527568771711,0.08320276121719608,0.041863261244143725,0.05073955401998579,0.04203185959839633,0.04051184198119606,0.22830978103138064,0.1764518244317009
2006-05,0.050203263171784945,0.04293184986735171,0.04131950304167454,0.05288208279197207,0.04692531189686755,0.042764439431889234,0.06007675974549723,0.08315695403753101,0.041994231040667566,0.050984405363862284,0.04203467481956194,0.04057700883626007,0.2295971751653586,0.1745523407897214
2006-06,0.0531400316762594,0.0441157900773541,0.04574871508594634,0.06209897051414686,0.05059561642671816,0.04036267686336764,0.060642606881014166,0.07727826524431648,0.04754559886331375,0.04929998684247955,0.04655782053007529,0.04415442664720114,0.20379385125327107,0.17466564309453614
2006-07,0.05019861010636117,0.042939653349029626,0.04131930967497003,0.05290568351648195,0.04692752190883485,0.04277416700799049,0.0601108450414144,0.08321973245744627,0.04199185051611012,0.05099141261026235,0.042034007266874715,0.040579625336240085,0.22983026064254505,0.17417732056543897
2006-08,0.05016391111018138,0.04308662092033026,0.04152174639515254,0.05283962143755875,0.047071133781922805,0.04295897728475094,0.06013946721947592,0.08300166166869352,0.042167481515447726,0.050950914255226874,0.04209339808363931,0.040782932577380665,0.2296140217227794,0.17360811202745996
2006-09,0.050157131393589884,0.04309263101881094,0.04161452120575951,0.053127005603194805,0.046957294146650834,0.04285484643685884,0.060189080548385177,0.08298303068665305,0.04219472154692653,0.05098734878788492,0.04215257970832741,0.040807538773028694,0.22883760564075428,0.17404466450317493
2006-10,0.053300245535830314,0.049454850063287446,0.04713279648553515,0.06284703683250753,0.05482730101267391,0.041188750415071,0.0695127817455999,0.06969888818549165,0.04681658937674514,0.054598958139027376,0.04610282248859948,0.04293479966260359,0.2453071818663227,0.116276998190705
2006-11,0.06170540555668751,0.05022947622651784,0.04815459920789176,0.06261794519676735,0.054187802183635635,0.04257076040220618,0.06209802267360781,0.07549185753365732,0.04852896958558014,0.05691275096604979,0.04865818569536268,0.04652319679875306,0.17259200875586173,0.16972901921742117
2006-12,0.061926256078547834,0.05038215654304164,0.04813335819279683,0.06221015088048292,0.05439754313706927,0.04264176610317134,0.06235480512511388,0.07552637420253236,0.04886509944566357,0.05719326859940383,0.0488494974067576,0.046601595815211685,0.1728328192786018,0.16808530919160544
2007-01,0.06198530477297927,0.05036221445799249,0.04814119258022146,0.06216198542906457,0.05443536646794293,0.04263119286831209,0.062476846439252,0.07556189940132066,0.04888862486977711,0.05720967483680666,0.048926768312253975,0.04664704567009643,0.17244032460921463,0.16813155928476547
2007-02,0.06198751921605738,0.05036022137529831,0.0481315592157809,0.06217955334802191,0.05442239342945745,0.04262439332467715,0.06245805520757027,0.07557722862915303,0.04888038730068316,0.057187831878279825,0.048936671930437076,0.046642451055092515,0.17247598552290383,0.16813574856658728
2007-03,0.061955895611147546,0.05034814684395318,0.04813004066891662,0.06213359609519147,0.05441398237166102,0.04260532133545189,0.06240960620224686,0.0756206229666123,0.04886607781367404,0.05715130425217604,0.04891099473880134,0.046624193909236285,0.1725327506517948,0.16829746653913663
2007-04,0.053334563650821495,0.04442620305207217,0.04593665949081876,0.06262544561843222,0.05080876242004191,0.040516522990794036,0.06111712568183351,0.07782919469755907,0.04779730334384307,0.049521467794720817,0.04674963536710341,0.04438880432133091,0.20415503599904317,0.17079327557158552
2007-05,0.06198819524999861,0.05032645523594348,0.04813882616731117,0.06217639452952706,0.05443662239197016,0.04260893250023521,0.062444210580932094,0.07565766826130298,0.04888273848802408,0.05712851603894594,0.048918891213502284,0.046640081561269676,0.17246884779293614,0.16818361998810105
2007-06,0.05339821268950635,0.04433623017757235,0.045878582790526055,0.06247635274150543,0.05097479049278438,0.04051464337233124,0.061325996661375164,0.07767184062709112,0.04793718902897573,0.04935298451868902,0.046818930203633945,0.044497765803120204,0.2050567804396892,0.16975970045319985
2007-07,0.053457749267435455,0.04457359661688357,0.04599169218635808,0.06273824742958439,0.051063787105339105,0.040680737017087715,0.061306854339970206,0.07712162181959392,0.04796902643528853,0.04927694724785276,0.04674219856597453,0.04460418958945707,0.20487043645794614,0.16960291592122842
2007-08,0.05014399144520308,0.04316700868024676,0.041636236629186904,0.052960212713361,0.04702678867716898,0.04294168768675848,0.06028848325633347,0.08276113858350455,0.042298848894049904,0.05101120743814808,0.04220671505704486,0.040873591692170474,0.22926202873211043,0.17342206051471298
2007-09,0.05014714158305541,0.04320016127810611,0.04165941941084652,0.05299087220087291,0.04701699511231681,0.042942602393387985,0.06034863383480172,0.0827633565748303,0.042302465042197104,0.05101291166475975,0.04221563251044394,0.040888094333297396,0.2289668072286763,0.17354490683240759
2007-10,0.053290165370733,0.04938560343920118,0.047085625840356034,0.06265140954653255,0.05479402576659933,0.04116377048334605,0.06931877644634725,0.06938147104368173,0.04683941305292344,0.05463205717573777,0.04616287489874046,0.04289796587824614,0.24597537224948793,0.11642146880806743
2007-11,0.05332163168955908,0.04944175298438247,0.04716839946664229,0.06269015011576866,0.05482270972181022,0.04107770132419941,0.06956278915597924,0.06916446753319548,0.04689510898142309,0.05469216814525907,0.046301860051865484,0.04290518053268009,0.2458485083227762,0.11610757197445926
2007-12,0.053273960478777915,0.04908647518138077,0.0469872252003004,0.062315180892999256,0.05478539612270161,0.04087639653223853,0.06906852641220904,0.06891051032740554,0.04671537460620277,0.05460461605536785,0.046006887826527045,0.0427118253085212,0.24806256331460222,0.11659506174076607
2008-01,0.05326659685440439,0.04905887331289531,0.04703527828086548,0.06268495119117305,0.0548778583047489,0.04095076451413023,0.069111443014433,0.06896925721231449,0.04667965362296987,0.05447859140644302,0.04592773676121678,0.04266833641248675,0.24780929280227293,0.11648136630964571
2008-02,0.052862392904991326,0.04881709519218308,0.04663641471832423,0.06167431901903849,0.05432070606536027,0.04046403697411086,0.06824850519043488,0.06796010553544496,0.04674219793305816,0.05413583109438227,0.04590672024874887,0.042541034696261214,0.2512720179758516,0.1184186224518097
2008-03,0.05286722668832375,0.04864391354606162,0.0466492977302981,0.06203107226037446,0.054451554411132405,0.04041320840987363,0.06803975128573325,0.06769744909199918,0.0466016966437436,0.054094362173054446,0.04554920838870411,0.042483341208317864,0.2518700412448333,0.11860787691755045
2008-04,0.05287928188849434,0.04859036012114046,0.04663530202810029,0.061951427489087246,0.05446997044283835,0.04042364472842552,0.06804272820189715,0.06769473024035179,0.046621248669710576,0.05405864054883291,0.04549574251156048,0.04249447146645772,0.25190803898942443,0.11873441267367874
2008-05,0.05290137304179009,0.048504353718223064,0.04656213044011456,0.06174196796816319,0.05443616901887403,0.04036244988232274,0.0679307310023457,0.06752701787545713,0.046564828500479286,0.054054892741752354,0.045433257815213186,0.04249660036448306,0.25249847742255643,0.11898575020822526
2008-06,0.052937470737081944,0.048521246579139705,0.04659302207188729,0.061787177911415046,0.054456198949292635,0.04039364681315756,0.06799914283965276,0.06757710210149424,0.046577538802724645,0.05407767213088799,0.04541590344078946,0.04250707472773237,0.25222886706440845,0.11892793583033587
2008-07,0.05258346399043788,0.04688523381211065,0.04605233992716362,0.06315820434354985,0.0543232754815875,0.040404344893760546,0.06647179664833518,0.06828755197620665,0.04642198097620817,0.05442622761765667,0.044083586758562984,0.04216966450586959,0.2555176888065395,0.11921464026201117
2008-08,0.05267893526215294,0.04691637594613095,0.046041060209067064,0.06258839065100899,0.054462077493416104,0.04043287746986808,0.06639605480599059,0.06800909993274412,0.04647797323271904,0.054661960773010214,0.04428831850302585,0.04219334360177931,0.25525286385600104,0.11960066826308569
2008-09,0.052712033830660456,0.04695666010152529,0.04607008312058318,0.06259045843937115,0.054487094253783425,0.040472855952629,0.06652362909008651,0.06796516883877225,0.04656745958046161,0.05469629955420501,0.044292967177783596,0.04221634920126138,0.25549859998396746,0.11895034087490972
2008-10,0.05359728529655185,0.04702877978415054,0.045074570689882854,0.06112176127013093,0.054084359083733005,0.04032456674193944,0.06475703249776381,0.06600455527322471,0.0470183721215765,0.05492055357644729,0.04488422326409647,0.04238890711139085,0.25922629058726737,0.1195687427018443
2008-11,0.054016269173817306,0.043460604366140416,0.043861179703510146,0.05944909734441959,0.05381674366486488,0.040930349360573,0.06360376312515902,0.06620809486596198,0.047591896816453566,0.05598182319125146,0.04439985599618823,0.042408065994640344,0.26258912832374076,0.12168312807327916
2008-12,0.053468122582475304,0.042947416370531406,0.04341095918540733,0.059274660645214756,0.05315666209049915,0.04047322849234903,0.06327857964569872,0.06585568324763995,0.04704933010994316,0.05521121161688612,0.043557944317814214,0.041908311661024496,0.2703950759132955,0.120012814121221
2009-01,0.06199085729278624,0.04952826367414748,0.04765510616629135,0.06179478311281208,0.05440953033695838,0.042536968949055454,0.06172190683481548,0.07522220799360854,0.04898651126742957,0.05724486387779594,0.04855972987923359,0.046550694476642535,0.17541074170092488,0.16838783443749855
2009-02,0.06233464874750369,0.04872752924666014,0.04743320488926005,0.062275451595850836,0.05404280532381774,0.04343327533199183,0.06064812332743918,0.07697775355679654,0.04914216122941423,0.058531859359142235,0.046472799666204614,0.045872625259489055,0.16867247112419614,0.1754352913422339
2009-03,0.06173650388101898,0.04796776567791146,0.0460695056800757,0.06036480037227431,0.053399846357060174,0.043925483045509195,0.06040185528741677,0.07361701928626624,0.049996565377364174,0.05743621409464956,0.04538416784576557,0.04506292184499715,0.16853416571428093,0.18610318553540978
2009-04,0.06166346003123665,0.04748748789825121,0.04593878115951915,0.06064602046136208,0.05350247115606681,0.04362247811628758,0.06002688198199126,0.07412711452899351,0.049732158222520195,0.057191101701339626,0.04457963733305295,0.04469966415512958,0.16761435729381308,0.1891683859604362
2009-05,0.06177826139799497,0.043236149307402216,0.04439515056702053,0.060720995620144706,0.0528108743646901,0.04333015940052695,0.05921421319389926,0.07458272149795904,0.04955443389794227,0.05842421121427534,0.04349464111991137,0.043933362140052945,0.17327593229351337,0.19124889398466702
2009-06,0.06135402576498428,0.04364252627941217,0.04434188642545831,0.06006858602915079,0.052607801719447546,0.04339250420052798,0.05940217750203135,0.07429196209630735,0.04988810923639707,0.058103857546796596,0.04313876382158266,0.043977114961604634,0.17583888753795465,0.18995179687834465
2009-07,0.06135777889274516,0.04366709981157706,0.04433240144699804,0.06000519356680578,0.052578894340355696,0.04341899476156455,0.05941532606323763,0.07437574624887752,0.04988072909449698,0.05814880396610643,0.043127423475495134,0.04396377730363268,0.17570859986789064,0.19001923116021674
2009-08,0.060987198450869064,0.04265079866726952,0.04399910399850859,0.059934459724597274,0.0517178179052283,0.04337838785177992,0.05934293665109316,0.07423890384729594,0.049903408412789105,0.05806497742153072,0.04297082513318196,0.043666826269836416,0.17728064340330696,0.19186371226271312
2009-09,0.06106747083207816,0.04267595357961714,0.04395521969195838,0.059993927005986436,0.051805151636756426,0.04339926546118862,0.059400264997176974,0.07434054101610031,0.049883996737808266,0.05805924352331406,0.042807978291419205,0.043636044442222556,0.1771674255452885,0.19180751723908498
2009-10,0.061089961064754866,0.04291447231571878,0.04390163112310913,0.05994433167346625,0.05164497895344041,0.0434411609274553,0.059138846974963466,0.07458550707866883,0.05011333496710717,0.05827306430756133,0.043052938449333285,0.04358540202796267,0.17784289356540772,0.1904714765710509
2009-11,0.053247484660400926,0.04331071159123971,0.04537587540804988,0.06236648894951493,0.05083417828776574,0.04062765883232274,0.060387067315104154,0.07620336267516511,0.04784552426233712,0.049209164852731156,0.04568478070524889,0.04429247860604955,0.20860208437938155,0.1720131394746884
2009-12,0.053913065091949514,0.043181691575061604,0.04557332581117683,0.0631457722458625,0.050799055579935394,0.041086365589706304,0.0603648547278434,0.07646519186323064,0.04825308901580365,0.04927560934534998,0.04619321965277968,0.04440145659769953,0.2096913658320856,0.16765593707151527
2010-01,0.05026665941727042,0.042152572327416225,0.041061605705248916,0.05256976790308168,0.046613762706663835,0.04290336606125613,0.05970483403316133,0.08193934894641078,0.0428092540088969,0.0512297001908948,0.04178358200226427,0.040642670007332675,0.2331146513680925,0.17320822532200944
2010-02,0.0502054237456382,0.04232079918684249,0.040923873132267995,0.05224155966358394,0.04668637806455379,0.04251267999652126,0.058989907364902734,0.08111674317853428,0.04284474180798188,0.051360311252979365,0.04187055262613162,0.040793627314879115,0.2358221186279338,0.17231128403724957
2010-03,0.05016113992954669,0.04218769834228644,0.04084260169606335,0.052210320303306454,0.04661490751710055,0.04246194727325809,0.058943308182486984,0.0812136700267139,0.04278346330343651,0.05138941951672037,0.04184093855174564,0.04073063259399277,0.2358885087880751,0.17273144397526718
2010-04,0.04986387204421008,0.04175719975822073,0.04058527846106584,0.05220643328650508,0.04652782081033677,0.042280516899006186,0.058326898970242985,0.08085015114877306,0.042560517091067986,0.05129574247053138,0.041501328989997616,0.04045334655396912,0.23918983189632234,0.17260106161975056
2010-05,0.05008638268807974,0.04160545327771597,0.04058145339277046,0.052186083930908865,0.04662336173518723,0.042351229600856896,0.05832771768808553,0.08079224301857968,0.042586364135461616,0.05159962243566989,0.041609282261938677,0.040478562758944216,0.23878133818114636,0.17239090489465472
2010-06,0.0495691127355506,0.04106396036399221,0.039971959567936644,0.05098089510788776,0.04608507253895775,0.04180703247058142,0.057416841969156196,0.07899768215536482,0.04232469346805188,0.050658489984220574,0.04093941420410705,0.04001515313993764,0.24590728711584992,0.17426240517840558
2010-07,0.04943182552051562,0.04050680250214531,0.0396367342275227,0.05040549130437088,0.045794450088942444,0.04145979795462779,0.05692128354569474,0.07876823221366207,0.04180377081424945,0.050497936498792875,0.04050831572745278,0.0397786620980653,0.25004780216401057,0.17443889533994766
2010-08,0.049077928877304715,0.03971116180345096,0.03928701115544096,0.050077913958242126,0.04538215444023341,0.04132587736377559,0.05612490946618979,0.07771226038284357,0.04184818072487508,0.0507193489179129,0.040404126161135985,0.039646386415854246,0.2516342036953245,0.17704853663741615
2010-09,0.04892696925976968,0.03934501548115945,0.038977724106808234,0.049785733324274904,0.04523022997942642,0.04102281896154559,0.05583886890563674,0.07753671253548977,0.041648792825712405,0.05051273622332073,0.04000961837462381,0.03944212355452519,0.2548367500301547,0.17688590643755225
2010-10,0.061075893276371473,0.042722215274243164,0.04365737633079403,0.059928771062723075,0.05156959430851998,0.04334972630558469,0.058700311917348154,0.07420978477535814,0.05007655533783384,0.058078003687078446,0.042894816772201055,0.04334608729628588,0.17869765619120598,0.19169320746445198
2010-11,0.061012978202202736,0.04255076140286559,0.04367731480971548,0.059860286385823754,0.05139969396356448,0.043277348986744305,0.05858895795741864,0.07434420665643532,0.05022414175664409,0.0581963912165144,0.043033317256305964,0.043458486255849894,0.18029341057399148,0.19008270457592405
2010-12,0.05382418477494804,0.04292669594775515,0.045367440084301665,0.06287601698834425,0.05071250724521535,0.040934867471723924,0.06005176444319706,0.07623341524994519,0.048125457062080254,0.04921681942436437,0.04609996965512048,0.04430909331752649,0.21148840903411179,0.16783335930136595
2011-01,0.05367749077623631,0.042632398452458246,0.045111021719043055,0.062134633759851406,0.05043958406735496,0.04079762107674539,0.059617158088061485,0.07596497611647336,0.04808692261278455,0.04899804419225824,0.045595461157876854,0.04404034696308379,0.2157932739440325,0.16711106707373985
2011-02,0.05363933097614884,0.04263333361069169,0.045166089473924885,0.062267664611981674,0.05044341204268136,0.04084070701874129,0.059614471604881564,0.07602721734813694,0.048083656138985686,0.04899219215727055,0.04562972806085081,0.044064805162314105,0.21560330658398913,0.16699408520940154
2011-03,0.05356203605937624,0.04284850772953296,0.04516880775265642,0.06194665258101876,0.05045065515697157,0.040879721066263794,0.05932487040835161,0.07604769246227944,0.048125087663207375,0.048998976188558065,0.04566982149623181,0.044066525080769955,0.2160566648976392,0.16685398145714275
2011-04,0.04887039802727182,0.03867835109938827,0.038509818703694416,0.049280095405107784,0.045302576748750635,0.04050751277717613,0.055314034563210865,0.07756822772562069,0.040994101685270484,0.04995604857307274,0.040000610716725754,0.039103863942874975,0.2607656672785386,0.17514869275329667
2011-05,0.04883685910725895,0.03876088130289697,0.03867004511236516,0.04951152210287089,0.045265227746633295,0.04061913789114752,0.05541123764740064,0.07738527633035237,0.04098349273690287,0.04980812843611538,0.040234405700945476,0.039258210858692334,0.2605806674019998,0.17467490762441837
2011-06,0.04883184524520013,0.038732672529813494,0.03864036728819689,0.04945293858090274,0.045244434513339975,0.04059568002631844,0.05539042133636597,0.0773796444298468,0.04097397333529855,0.04980138126695929,0.04020363131045877,0.0392326768670238,0.2608362820855933,0.17468405118468186
2011-07,0.053851510164905934,0.04270939817163745,0.04326045702840957,0.059690414771011016,0.053480843371286696,0.04065968205380877,0.06300297652908733,0.06659227797474544,0.047177339618287906,0.05522078174150406,0.04350396940090443,0.042032836478683264,0.2685542988732642,0.12026321382246377
2011-08,0.053803462935540065,0.04253911691075988,0.043131707495132614,0.05966568406834213,0.05338887127775519,0.04066485400691282,0.06278540292184805,0.06648342175391102,0.047144609185876936,0.055059829600936,0.043405725598073625,0.04196058881510919,0.2696503428771175,0.1203163825526848
2011-09,0.053691265573324064,0.04229702320512598,0.042951751373559194,0.05923768685837429,0.053240476224538556,0.04053285854718175,0.06254835481343682,0.06634262519655769,0.04703006372134579,0.05487619976030308,0.04317202594775365,0.04180254101048974,0.2713549057980342,0.12092222196997521
2011-10,0.05343937164114214,0.041716325331545775,0.04241960367077025,0.05797823872153358,0.05260380019318593,0.04060684867989433,0.06216704746515549,0.06636133004924955,0.047031862239013504,0.05472960074210669,0.04263905695406872,0.041364282981731705,0.27585641578538556,0.12108621554521667
2011-11,0.0531843559764619,0.04046264359339092,0.041620278983196625,0.05644229734326826,0.05202827399756634,0.04021746031099079,0.0615820716067255,0.06573745373083284,0.04664408380516979,0.05455939406903459,0.04202594917694583,0.04078978717684405,0.28121358624793086,0.12349236398164182
2011-12,0.05318752979035805,0.04045761598328481,0.04162342828169826,0.056444642683027645,0.05203196488126062,0.040217510791201616,0.06158521239338696,0.06573732263612408,0.04664736619739511,0.05456287746570212,0.04202395902450527,0.040790555346796695,0.2811948359820962,0.12349517854316257
2012-01,0.04882930594878797,0.038606293322431394,0.038584760573067915,0.04915725498514362,0.04513894908771084,0.040526919181620255,0.055252634169085144,0.07741179072996163,0.04100786330487622,0.049743695943890505,0.04008015388905743,0.03915642006906902,0.26129108656299976,0.17521287223229828
2012-02,0.04896309673421298,0.03819556080921658,0.038413576872911116,0.04926470912126394,0.04507879320340331,0.04034838038111045,0.055289210995775454,0.07804327683435909,0.04096759587594167,0.049695467693542106,0.039899122148992903,0.039004888268324524,0.2614010865697025,0.17543523449124343
2012-03,0.053516053752015944,0.04260221778450685,0.04500180859267492,0.06162830360522415,0.050340755740641084,0.04084547284785694,0.05920858685875096,0.07606577178844671,0.04810040085680615,0.04894516458042902,0.04555805176672693,0.04397992579109583,0.21712184233205617,0.16708564370276835
2012-04,0.053598600324788324,0.04263282995438287,0.04501802307939216,0.061572805107267564,0.050391117897636374,0.040915027960019286,0.05926873920184621,0.07614357506799481,0.04818673761254532,0.04902324614293717,0.045671451497691445,0.04402253549968836,0.21669007774476506,0.16686523290904498
2012-05,0.053583527123514656,0.042486883729212145,0.04498750469739275,0.06149519084648937,0.050366338989959715,0.04087563194573087,0.0592885894943521,0.07617581014587228,0.04819415347200069,0.04900757121871978,0.045600546150422284,0.04400682637307302,0.21730442160055863,0.16662700421270166
2012-06,0.053489034372895705,0.04218439550825259,0.04451460058509878,0.06023209062139634,0.05001857227202458,0.040617143854821104,0.05945979198334507,0.0762289663683768,0.04818683161849762,0.048915669459049745,0.04500909231421158,0.04388350619419227,0.22232784050821325,0.16493246433962452
2012-07,0.05345511775990322,0.0424089214303025,0.04457331225627192,0.060058288443928104,0.050039084233450395,0.04061011087424281,0.05922661348972199,0.07610984315420738,0.04819403047255287,0.04876377594428351,0.04495067964735699,0.04379619211848752,0.22299035251228463,0.1648236776630062
2012-08,0.061009182968897326,0.042373973477679475,0.04353101974022743,0.05947054444498795,0.0512431339105165,0.04321875452361939,0.05840780196450994,0.07433540842754123,0.05029574101168526,0.05812002179581568,0.04285345074893503,0.04337953381750079,0.18121368566121454,0.19054774750686942
2012-09,0.06103287182336856,0.04236201400282351,0.043518357286786616,0.059457159641343134,0.0512283771011974,0.04319928108031931,0.058409395933798076,0.07443025886809092,0.050288048105586416,0.05812050522045618,0.042830540082069414,0.04337981372677715,0.18127189399045662,0.19047148313692674
2012-10,0.06124248628452821,0.042403455447147964,0.0436389921262759,0.05945893921527726,0.0513345418828337,0.04333899881707183,0.05826973030470824,0.07448755370250335,0.050390810992490646,0.05797081018171948,0.042828970300042665,0.0433668249563424,0.18250759417460644,0.18876029161445196
2012-11,0.05347672737268321,0.04244759645367778,0.04460038621043155,0.06004690275216875,0.05005215959539775,0.04062156461382637,0.05918413955364158,0.07610537839737108,0.048210608466107925,0.048759397124427784,0.04499202586736203,0.04382932687388962,0.22291833762421834,0.16475544909479622
2012-12,0.053519064307274544,0.04247543544431563,0.044636397870076804,0.06001793819634999,0.05008037215290859,0.04063767895913286,0.05917272559081648,0.0759686574751575,0.04822738945103317,0.04877192192880029,0.044978673415046196,0.04383880699563095,0.2230101643038285,0.16466477390962858
2013-01,0.053476451761271325,0.04259868322858521,0.0447116134242504,0.06006648023402809,0.050116296841759125,0.040660510514142136,0.05921031052018448,0.07599423984778192,0.04822435542688093,0.048778051279547256,0.045066777839277684,0.043897349086305576,0.2226534458637314,0.16454543413225473
2013-02,0.0533145854256468,0.04259723190219749,0.04458539552639227,0.05966594181590268,0.04986117176962106,0.040687706156432614,0.05903367181457141,0.07556118219546618,0.04805755266228175,0.0484534248328694,0.04490488956552692,0.04365487724569973,0.22487291661585196,0.16474945247153974
2013-03,0.05332161048681337,0.042595355830964944,0.04458878461917334,0.0596678833483719,0.04986298559602219,0.0406890218123938,0.059038505128359925,0.07557156638008428,0.04805881103226537,0.04845280049941237,0.044907248987461866,0.04365963205077857,0.2248756683564461,0.16471012587145198
2013-04,0.053223766297560475,0.0425502075493154,0.044582438990417646,0.05969146125869902,0.04991471932250666,0.040692301013157954,0.058881383496373986,0.07524398740634829,0.04798420925003017,0.048303131231331835,0.044859600362533274,0.04362697231312423,0.22522122061194463,0.16522460089665644
2013-05,0.0532394903749037,0.042566375398191164,0.04458162430480048,0.05968162618806397,0.04992772699971546,0.04069499106736344,0.05890375406781867,0.07529230918433383,0.04799524798351621,0.04831178531407293,0.044865252078854896,0.043626389532504674,0.22526066881945497,0.16505275868640534
2013-06,0.053268624576957455,0.04302430276529708,0.0448839642911556,0.0600382880189236,0.05013872203277619,0.04096217250173087,0.05894351836648165,0.07481998814723853,0.048235470276759077,0.04854340512062217,0.04527887005530752,0.043905139404455965,0.22353079041888738,0.164426744023407
2013-07,0.05359523948738428,0.043276237823629465,0.045080134528305595,0.06012972756339398,0.050250345996833735,0.0410960006452761,0.05948553418810578,0.07542715952391302,0.04855337574030848,0.0487617280890971,0.04554194816148816,0.04407086560451663,0.22135748885249285,0.16337421379525488
2013-08,0.05359663688463025,0.0430506662849848,0.04492937260392062,0.059929630060773356,0.05008678485242717,0.04099084947932851,0.05944514494726176,0.07513900050511144,0.0484030981901451,0.04849064755996222,0.04539462289098477,0.044008395309690286,0.22210072341448847,0.16443442701629135
2013-09,0.05343283375975631,0.04309788194395429,0.044939197105808626,0.059862512364895065,0.05006375978775219,0.0410782773685483,0.059290257744108316,0.07473624868361113,0.04829149746355851,0.04836594276420439,0.04528773474038188,0.0439940902380374,0.22122576774617841,0.1663339982892052
2013-10,0.04883960880933412,0.038110230606214296,0.038390110870096826,0.0488978860341494,0.045000073502858645,0.04022615689145783,0.05505342187266827,0.07806159653459863,0.04092804204222476,0.0497265674237407,0.039735100684645475,0.03910985514534149,0.263839292159335,0.1740820574233346
2013-11,0.05352217594028307,0.04301501176599523,0.044826869516166774,0.05992132922535352,0.05010803838584667,0.04107703605204911,0.05922043611078081,0.07490061237976084,0.048246377938028086,0.04834414119206481,0.045328044801781445,0.04392802260013928,0.22096970560217977,0.1665921984895705
2013-12,0.053538923665437665,0.0430338875582038,0.04486185266336543,0.059941375541882856,0.05013845274437714,0.0411105928425399,0.059220136919363175,0.07486511007091007,0.04828932800772214,0.0483932834043351,0.04538861117578053,0.04395725665061998,0.2207778080242601,0.1664833807312022
2014-01,0.053592592781374813,0.043057444171054324,0.04492593172566599,0.06001731595504808,0.050172425827831116,0.0411677624754627,0.059308780981597344,0.07494184286388748,0.04830537266089183,0.04841367890093824,0.04543422947378648,0.04402369851264808,0.22037213085663396,0.16626679281317944
2014-02,0.05321217197359596,0.04294022304550411,0.04476437918083755,0.0595343947053004,0.049925029000821686,0.041137094482053535,0.05899567318739516,0.07513614030544935,0.04799874203196756,0.04845966876974434,0.04525194577429825,0.04386315101569522,0.22210451823723257,0.16667686829010425
2014-03,0.05334805718832171,0.04280526939093948,0.04478502506860664,0.05941045620628417,0.04989090260946006,0.04117531321553882,0.05921435336345586,0.07518897212902254,0.04796105508394996,0.04838355999005218,0.045409311442140984,0.043960666446177,0.223297889273671,0.16516916859237948
2014-04,0.04871643059656051,0.03814181568351411,0.03835411857790022,0.04877296950407004,0.04486503799357178,0.040221435195624204,0.054870597582037085,0.07792366100296215,0.040828130567974755,0.04966934911708138,0.03972983134185251,0.039050723629961794,0.26404970074070555,0.17480619846618378
2014-05,0.048751094205673334,0.03815645873553585,0.03836362072619986,0.048882153911254,0.04489672324421454,0.040209088704108956,0.054870838749398076,0.07812103028000535,0.04082023615850321,0.049666137920456245,0.03968107094247207,0.03907037061767356,0.26408332878995416,0.17442784701455064
2014-06,0.04872934461890117,0.038169311313225825,0.038376227514357694,0.04890381883006711,0.044909189272984804,0.04020475593560291,0.054837095565261874,0.07819146281807933,0.04083479873715182,0.04967262701749366,0.03969003304318182,0.039072455022915405,0.263781699559922,0.17462718075085462
2014-07,0.048731955160671754,0.038143552357028265,0.03837122313268641,0.04887275503376152,0.04493208096001998,0.04019492105129595,0.05483209053937408,0.07803275384504155,0.04083407835024777,0.049650612815475545,0.039675979616408126,0.039069340489923804,0.2639119541308937,0.17474670251717145
2014-08,0.048570347084430344,0.03808461390890127,0.03827134891140052,0.04875152171130816,0.04489588106517813,0.04029853846705728,0.055027660361044346,0.07715660593820468,0.04088186980969715,0.0497690534278874,0.03971828623472898,0.039089652258374456,0.26401714381797603,0.17546747700381127
2014-09,0.04846932055441838,0.0380544587957309,0.03827823730947253,0.04888153476095816,0.04483557104693906,0.04032695259483209,0.05533939559725215,0.07678433667246948,0.040851649704844235,0.04966779269547741,0.039756317444817876,0.03908510279888808,0.2631082785009758,0.17656105152292378
2014-10,0.04902737205298683,0.037840521112060176,0.03846402502302788,0.04849256887566753,0.04528542651506429,0.04062566985285554,0.05569598281575998,0.07673761832358862,0.04121364228060803,0.05020418924100659,0.04020285406816624,0.03940903292898295,0.2621566121820491,0.1746444847281762
2014-11,0.04903555127655426,0.037827698771285896,0.038466367146200144,0.04871285206579267,0.04533499188854072,0.04066415220140196,0.05576497666205013,0.0764070796639038,0.041219070029798154,0.05010633294805652,0.040193161301918856,0.03941112282706469,0.2617614212108317,0.17509522200660066
2014-12,0.05335684434497761,0.04278863685044481,0.04480222648434402,0.059402725883897375,0.04991941902668054,0.04120932512388903,0.059276467766926584,0.0751047386656569,0.047993250880231604,0.0484031456485521,0.04544557073927035,0.04399194488190594,0.22310551918722404,0.16520018451599922
2015-01,0.05331276787527739,0.042786804895364745,0.04479297157406064,0.05939906588521997,0.04991730382250373,0.04119676326510043,0.05923083907967609,0.07513501221974554,0.048006826563035794,0.0483819507912423,0.045460474448229114,0.043986039139368195,0.2230513806870279,0.1653417997541481
2015-02,0.05323951130344926,0.042697982818812145,0.04469719994076263,0.05923870043594881,0.04979897797895334,0.041122223823106,0.05904598795894644,0.07509182517215231,0.04796371196806636,0.04835122747803874,0.04529185924447011,0.0438929538120807,0.22391112240315467,0.16565671566205845
2015-03,0.05307374971999304,0.0425313312841926,0.04456057167495372,0.05906291449204633,0.04962249394295648,0.04094871962550329,0.05865316057000367,0.07552317675212995,0.0478147887308601,0.048251329113436506,0.04509189705504679,0.04375525641466552,0.22526110104220867,0.16584950958200328
2015-04,0.05298235491947252,0.04260506243974181,0.04458915304068169,0.058993855655472965,0.04954452522994107,0.04095474157505849,0.05855133491071937,0.07557515061631337,0.047950823173399104,0.04838650721600637,0.04519312670589319,0.04377904182162985,0.22592580124676645,0.16496852144890367
2015-05,0.061214666393916234,0.04266079490939592,0.0436993519837669,0.059323327403575835,0.05133008565342402,0.04323484474611905,0.058165234786404056,0.07458127120991864,0.050425168013659594,0.05798627730657795,0.043007830030323366,0.043445854902451585,0.18165602494858443,0.18926926771188232
2015-06,0.061259760991158256,0.04266558874435943,0.04372265909244174,0.0591783091599361,0.05134369994208643,0.043264633392317745,0.05817596519535166,0.07457553336439163,0.050439898031504046,0.05814728057789193,0.043068399546069766,0.043446072144274345,0.181468770253351,0.1892434295648657
2015-07,0.06137574719815078,0.0427244216223929,0.04383431814823511,0.05909439758734329,0.0514548091469135,0.043249803148754054,0.05843675507721672,0.07406066368505809,0.0506228779353037,0.05855379651080152,0.043430985826706694,0.043554852011416983,0.18063157613012693,0.18897499597157968
2015-08,0.06162165356698065,0.04264957895227859,0.043802089352068536,0.05872512099795284,0.051380561777951986,0.04330903015797909,0.05850448491413347,0.0742823812534449,0.05078152048918269,0.058722921505210066,0.04349046846400973,0.04362557759209849,0.18106656954760966,0.1880380414290994
2015-09,0.06159836260259245,0.042605353176684096,0.04394625204112849,0.058849468780832394,0.05107378634208678,0.0433337904239813,0.05779283902886234,0.07407888689161209,0.05070824747948147,0.05801672525385556,0.04346813226892466,0.043725293429141464,0.18299716481562672,0.18780569746519005
2015-10,0.06166489391232133,0.04251104301090582,0.04382269161009694,0.058436584714657916,0.050923556197550866,0.043380275977173144,0.05770219841224339,0.07417333767467316,0.05065530227554491,0.05750972370416357,0.04342195048231747,0.043710939839424715,0.18422303295668255,0.18786446923224429
2015-11,0.06138501990519332,0.04260680378710028,0.043732433743349425,0.057412996092944875,0.050244743613033126,0.04314263595502984,0.05711323550770707,0.07470405577852174,0.05085902911629142,0.05712623720274071,0.043515696768802826,0.04362176761252304,0.18743913090320372,0.18709621401355858
2015-12,0.06145121138863288,0.042760102726339934,0.04388623121305174,0.0577178987455457,0.05041714588378629,0.04330137327064275,0.057125362337293414,0.07448154682818713,0.051030201969732326,0.05736724220820415,0.043756448773787524,0.043774221259689244,0.18783904118271827,0.18509197221238866
2016-01,0.05319276334277238,0.04044491591836028,0.041602582624170936,0.056204473988271365,0.0519873845745294,0.04022017288411052,0.06153136296972196,0.06561567500921389,0.04670021114075461,0.05454430952929463,0.042052777525831024,0.040808217071634456,0.2822444656588137,0.12285068776252082
2016-02,0.0532082508437608,0.040110226470800134,0.04143151784365837,0.05593758738241724,0.0517689823806346,0.04009842059483737,0.06163745237267296,0.0659455783820889,0.04652845512235454,0.053939509765410655,0.041729571340054165,0.040608547356322494,0.2841445184596418,0.12291138168534578
2016-03,0.053312259966985735,0.040083669866054904,0.041427606627928715,0.05618643136317033,0.051781954964366446,0.04018345268243231,0.06169213126734893,0.06601855986976114,0.046623657894897565,0.054094427959137735,0.04187794943783324,0.04060400725984062,0.2838095316887572,0.12230435915148512
2016-04,0.04906702673231114,0.03778673664850101,0.03845022453604381,0.048535074017852044,0.04525169598619046,0.04065653389516424,0.05563378395239395,0.07639687206959568,0.041264109558649016,0.050074394399500385,0.04022571929813436,0.039399039571505215,0.262489895140816,0.17476889419334268
2016-05,0.04907760411767207,0.03779938396827009,0.03846301586420516,0.04857722943865605,0.04526615480715503,0.04065264475018794,0.0556469510063774,0.07640409030747516,0.041271003223197114,0.05010586826196563,0.04024648618653336,0.03940708303270447,0.2623237454663577,0.17475873956924284
2016-06,0.04908045825213269,0.03780058117020785,0.03846285736700311,0.048577254122296964,0.045267407957567056,0.0406600156844981,0.055648996444158876,0.0764172977032716,0.04127322279662189,0.05011200575414965,0.0402509205123136,0.03940903280985963,0.2622691269474201,0.17477082247849887
2016-07,0.04905343538659224,0.037995553665354634,0.03854219982343082,0.04862981614136553,0.04533892762207134,0.040800456953499355,0.05567248922469222,0.0761066633256093,0.04135009953369673,0.050263415011983024,0.04048693167921655,0.039479178718538226,0.2612322510096729,0.17504858190427725
2016-08,0.04923773098037796,0.03780171407651852,0.03851196719552005,0.048970501538895136,0.04536068298641748,0.04067044229562906,0.05574273638033883,0.07639695938719021,0.04132152741307785,0.050084503019438786,0.04046299449434793,0.039488918758476856,0.2617064539330346,0.17424286754073673
2016-09,0.049298296452814354,0.03788435207219106,0.038597063934103004,0.04910870542043775,0.045514745199262456,0.04077363225328828,0.055633059366464684,0.07614962209863912,0.04135287210505353,0.050016075152760575,0.04069109497836355,0.03958016919356365,0.2611033530894889,0.1742969586835691
2016-10,0.049237831342467016,0.037882884040221054,0.038615357595764066,0.04920461766037787,0.045527596688597446,0.04083226841926896,0.05565734966019758,0.07630491302334823,0.04136282156417254,0.050054282279492025,0.04067864765683121,0.039600677195635765,0.26095709623432145,0.17408365663930467
2016-11,0.049806621762982624,0.0380902375034395,0.03886693874042092,0.04938284227905815,0.04583283157358069,0.04118923240610651,0.05580689603186686,0.07706482225884481,0.041503969891490994,0.049726071154178646,0.04130857478375533,0.04003520121910312,0.2589449582324207,0.17244080216275112
2016-12,0.04980879369136218,0.03810704521509967,0.03888525686844584,0.049408342913866574,0.04584337067835796,0.04119860005419749,0.055835168161281985,0.07707512629928562,0.041517468542829304,0.0497426360032258,0.041336849522711085,0.04005467226023839,0.2587427180382553,0.1724439517508429
2017-01,0.04993181144784854,0.03819991786415601,0.038909219856106486,0.04947672998570252,0.045892198493670384,0.04123494573645025,0.056022379040351226,0.07733989749515759,0.041531326920196,0.0497940230450383,0.04143297827600169,0.04010430459208056,0.25846175752477557,0.17166850972246492
2017-02,0.04993278362391272,0.03818339230232085,0.038898110881016607,0.04962262983395734,0.04585193739570394,0.0412037400046423,0.05598457120173778,0.07734658839212105,0.04154212675908476,0.049794866381742714,0.04146137507859754,0.04010901909159422,0.25857897202697183,0.17148988702659645
2017-03,0.04991060982839084,0.03828400814497275,0.038900231792072096,0.049959563879876,0.045816254192407355,0.04118040361018111,0.056246203915449,0.07714841173924253,0.041566437430290905,0.04960747307817154,0.041436155967729836,0.04017253810303681,0.2586601401054605,0.17111156821271867
2017-04,0.04995166378931314,0.038311065634676005,0.038905032384194786,0.04993488313078425,0.045852553700363015,0.04122563631163398,0.056275304677797074,0.07719463157063809,0.041600213310547376,0.04961980893299471,0.04140264224148137,0.040184125494505216,0.2585149506254197,0.17102748819565128
2017-05,0.049966092606496974,0.03831126144905818,0.03890099045693922,0.04998756834525347,0.04586807934975676,0.041226573558986956,0.05630404790727372,0.07722415559612869,0.04159090657664183,0.04963352775524478,0.04141949613245628,0.040192479196431284,0.2584124868225554,0.17096233424677654
2017-06,0.05002002323655338,0.03831573799086671,0.038917769779137246,0.049926655894462144,0.045877974725450466,0.04127103762074104,0.05625649279336474,0.07731155758979168,0.041611816953694765,0.04962407490014136,0.04140536454351589,0.04020746966395126,0.25847926966597057,0.17077475464235878
2017-07,0.0500156297708504,0.0383720871351905,0.038947010723626274,0.04993596571867993,0.04590175865924323,0.04125242103044765,0.05620861481956705,0.07725464900728632,0.041604157311303125,0.04974097727796578,0.0414987179381644,0.04024504240540757,0.25818157363047917,0.17084139457178862
2017-08,0.050018119955499374,0.038373999614638346,0.03895030031703291,0.04993888804362534,0.0459052069304425,0.04125766396517201,0.056215985522937655,0.07726393435110977,0.04160614928535026,0.04974464038994295,0.04150276052754561,0.04024841998834272,0.2581344926282163,0.1708394384801444
2017-09,0.05308970262254515,0.04261088987816136,0.0446210869762085,0.058958975337175736,0.04951399680949243,0.040999648185810235,0.058511197003056174,0.07560153781717029,0.048023932208608976,0.0482951067768904,0.04531150688205194,0.043841070758595106,0.22606367865029622,0.16455767009393746
2017-10,0.05313883574783431,0.04255910491439397,0.04456793238614579,0.058694977707163025,0.049512446616104495,0.04101891701120955,0.05860348345927322,0.07574445394602683,0.04799938151407787,0.04828539635970174,0.045248126798575705,0.043813106564800745,0.22656789828417911,0.1642459386905138
2017-11,0.05313961438058054,0.042581594166756775,0.04462827880695058,0.05870883109367978,0.04953235874851464,0.04111613579738347,0.05845956710054291,0.0758692577132487,0.04805216190289548,0.048250093451926525,0.04530407941496424,0.04382935351778779,0.2264526571993492,0.1640760167054195
2017-12,0.05308465918337259,0.04266901494340532,0.04461172812481812,0.05868058967772706,0.04949666665864259,0.04115215287924725,0.058390583901139215,0.07582691172305739,0.04788406821239025,0.048257373345846205,0.0452745303834414,0.043798044472646895,0.2268297378752845,0.16404393861898128
2018-01,0.05002692807905155,0.03837174817254724,0.03895311357109855,0.04994551647893105,0.04590152326930207,0.041264031362250146,0.05623038702938152,0.07726475331237569,0.04159428709127675,0.04972721678886797,0.041500400975427926,0.04024342823091037,0.2581748321960609,0.17080183344251826
2018-02,0.053096485816180504,0.04266401602204718,0.04461912555305178,0.05872935258567745,0.049516431567458476,0.041141195607637245,0.05842556082958735,0.07575740104637764,0.047881304123183935,0.048237328104646406,0.04527005486489313,0.043803866579561666,0.22692345350727652,0.16393442379242076
2018-03,0.04996377302372252,0.038339349939645835,0.038852666870456125,0.04983722125666222,0.04598855570233005,0.041136667477649144,0.05609344391879966,0.0775731580603752,0.04133162056510085,0.04950974807755123,0.04138068433971065,0.040139683662656994,0.26001801577626815,0.16983541132907143
2018-04,0.049913177035476784,0.03821825248067656,0.038771649405360244,0.04995403600207158,0.046010489022677785,0.04104899168570725,0.05593301315710945,0.07782636252361404,0.04127143420122075,0.04940101809244776,0.04127993543344719,0.040123612532872284,0.26070197182336263,0.16954605660395575
2018-05,0.04984164539404016,0.03825238611355612,0.03873233126694518,0.0502581455155637,0.045976310798857216,0.04107492122023666,0.05588212948349219,0.07806741644009596,0.04139480230848137,0.04944057394650713,0.04133639493532573,0.040153219304615156,0.2599441837491651,0.16964553952311823
2018-06,0.04984674498231465,0.038249004554248504,0.038733091149292166,0.05024880241074739,0.04598035086888377,0.041071804348117136,0.0558898678713898,0.07807246025081101,0.04138854036427014,0.04943894907892221,0.041329243365025636,0.04015060240235018,0.2599390688067757,0.16966146954685177
2018-07,0.04987253576349861,0.038254717591361384,0.0387262649187566,0.05025491656079058,0.04599482422539803,0.04107378646375324,0.055932353500516716,0.07809679070178352,0.04140285041764229,0.049450801120207076,0.04133002320565805,0.04015287254505319,0.2598403797201587,0.16961688326542212
2018-08,0.04986900518570517,0.038257016681322524,0.03871965056785368,0.05025560430664123,0.04598970592261978,0.04107446686362969,0.05592903082237469,0.0780912405627262,0.04140006418418691,0.04944224016373447,0.04132711321852863,0.040151418177951564,0.2598385708037981,0.1696548725389274
2018-09,0.05328369414927055,0.03980709293705789,0.04135618043924152,0.05560985124307681,0.05169909908599006,0.040063430007098715,0.06134641522187522,0.06541424919144746,0.04661195681656189,0.05412294573255375,0.041859836115327155,0.040519031147421364,0.28660632076638554,0.12169989714669184
2018-10,0.05334930920587794,0.03979371613052449,0.041434181629703554,0.05573122711786243,0.05171069857955957,0.04010009821142899,0.06147212618433586,0.0654416510992951,0.046660754342809564,0.054225162603556934,0.041865497139836075,0.04054682274594096,0.28598053629988174,0.12168821870938681
2018-11,0.05385594209829156,0.04007836855058869,0.04109245359985741,0.05488323882285615,0.051657761916546314,0.040007723005292414,0.06208541749399661,0.06600092107765841,0.04637126436058414,0.05377524782107248,0.04193297841361064,0.040407033310840945,0.2854259086566188,0.12242574087218558
2018-12,0.04992359977607248,0.03827368770168578,0.03869530472821084,0.05022046499391074,0.04598287716632744,0.041075206890556604,0.05598097678516967,0.07815312595333476,0.041385080576207184,0.04940882695981719,0.04133372457929624,0.040144155055694866,0.259638725790609,0.16978424304310724
2019-01,0.061855345297554286,0.04262888000341482,0.043831486755711524,0.056870778649199344,0.05058269590599723,0.04338223162219954,0.057005261785417274,0.07452743093508932,0.05116843034178323,0.057516668573132285,0.04379604141653896,0.04385654498034068,0.18795462662514034,0.18502357710848127
2019-02,0.06163895835345157,0.04247200770435125,0.04349457724136119,0.056270472538672345,0.050825305638657316,0.04333847123738412,0.05716056916363587,0.07438156485883526,0.051058749011489185,0.05765377533301111,0.04361158662806755,0.04369565734822039,0.19011403447186587,0.18428427047099705
2019-03,0.061699366918972424,0.04247137225030022,0.043418931422962374,0.05627437977226203,0.05076396764194901,0.043272642491836724,0.05711943482298476,0.07422762679692772,0.05113899391960974,0.05758862793064972,0.04360715470838976,0.043668335385742205,0.19069674201561154,0.18405242392180163
2019-04,0.06170699948678139,0.042471508165241166,0.04342065968936681,0.05627871761434513,0.050767264661388964,0.043276488773071706,0.057120942571919284,0.07423254045942917,0.05114418430403757,0.05759302007083368,0.04360864067137115,0.04367149537756014,0.19066069386965395,0.18404684428499993
2019-05,0.06166486168777398,0.04246766701043519,0.043394165105574554,0.056299615596551875,0.05071066848619217,0.04322852693400678,0.05700999573872401,0.07422050815399868,0.051098853841879156,0.05769948201489361,0.04353029795585406,0.043612174213553095,0.19084813969901623,0.18421504356154672
2019-06,0.06102939835551552,0.041782686738445284,0.042912959007357025,0.055017658762352074,0.05019094030615679,0.042840685615961285,0.05701133438101529,0.0743161200038225,0.05070569699755731,0.057633915724815084,0.04341455492459897,0.04341058478888612,0.19606475712970234,0.18366870726381423
2019-07,0.06136841529034666,0.04146262762188217,0.04285770696236845,0.05478016481398484,0.050105710642708204,0.042962623522047674,0.057260050468495874,0.07475678790793046,0.050791590488057266,0.05754365122952037,0.04364211141187003,0.04352555792618042,0.19753979979293154,0.18140320192167603
2019-08,0.05278376098640678,0.04253935084821543,0.0447083469621137,0.05745439610854705,0.049324047906501356,0.04160671598798761,0.05791184485509604,0.07547020277655951,0.04788800551884011,0.04831364081548296,0.04550250470021056,0.04387008950454487,0.22731329643795814,0.16531379659153578
2019-09,0.052812524901175696,0.04256965740061986,0.04473160077386575,0.05753107827056006,0.049344971952117865,0.041627626751460096,0.057929455315917214,0.0754648289975156,0.04790242767939522,0.048336000878831546,0.045539432931137054,0.04390116422186145,0.2271112865872333,0.16519794333830926
2019-10,0.052804349874671544,0.04255295800975188,0.04470801198643446,0.05750364965067354,0.049327673318823505,0.041625572935802116,0.0579292934653238,0.07539462976294392,0.04790463193437404,0.0483554023246695,0.04552925148378774,0.04390631550783713,0.2273273042678656,0.1651309554770412
2019-11,0.05280313412871722,0.04257178421817734,0.04471103374462858,0.05749550427481881,0.0493234050362082,0.041634397028767346,0.05793725340592876,0.07538404189912153,0.04790718475699997,0.04836916200558013,0.045539826453615435,0.043914814970160365,0.22728664230628776,0.16512181577098867
2019-12,0.0527903160999155,0.042561394253043054,0.04468650199684093,0.05749358548430116,0.04932511081204348,0.04160579732497065,0.05792106335439311,0.0754422531968399,0.047898902610293996,0.04832797242879141,0.04550488104763311,0.04389314489066237,0.22737339734557382,0.16517567915469755
2020-01,0.048637956639099,0.03765167653100908,0.038161533699189544,0.04867621590215722,0.04565121553121576,0.04060780348731168,0.05475995039660376,0.0769756065302131,0.04090741101355297,0.04859764820130313,0.040555826435108785,0.039671662546913435,0.2685606200691984,0.17058487301712413
2020-02,0.04876003332720397,0.03760822698088591,0.038286329297448005,0.04908713088321356,0.045813800057871557,0.04063128918488936,0.05498028575274497,0.07684805408998086,0.04096017607289356,0.048775301669812005,0.04068179472032999,0.03973211227472743,0.2675461404712528,0.17028932521674608
2020-03,0.04797194564635084,0.03742914673444758,0.037930027654095866,0.04758319673311044,0.04516538410963847,0.04025243061507028,0.054266872517783754,0.0741393785013619,0.04069069460452659,0.04837193980134121,0.040041497456548676,0.03936726464134818,0.2759508612152784,0.17083935976909775
2020-04,0.0474826214173514,0.03603015007599583,0.03671474490427822,0.042680822718456635,0.04517622668012297,0.04030749617473415,0.05254464275756389,0.07004277906006173,0.04119010747955333,0.049078902470437565,0.038598221254147955,0.0384037726541434,0.29192345359830474,0.169826058754848
2020-05,0.05379511453669878,0.03977091538809785,0.04094627545715972,0.05416999450261172,0.05147187499649414,0.040062987285075874,0.06186808067571352,0.06575004882808858,0.04628831312425992,0.05360152933837335,0.04179583028874824,0.04033707760302658,0.2876338786866237,0.12250807928902803
2020-06,0.06131128657228636,0.04124869992076418,0.042816306113768535,0.05393418795232907,0.05009088359338507,0.042979888664708,0.05716699969050181,0.07449540142539432,0.050723382383787215,0.057568482566257705,0.04353868505959186,0.04349509478370515,0.19925168640793678,0.18137901486558414
2020-07,0.06131166255162622,0.04129279815456801,0.04282829799552959,0.05393642002103091,0.05009650219269444,0.04299943116227718,0.057150876941581934,0.07444775292630276,0.05074447750625304,0.057565177266057845,0.043538637281997104,0.043502854718510266,0.19918635143790656,0.18139875984366396
2020-08,0.06131527704232663,0.04059481435558911,0.043227452993398724,0.05527872710178256,0.050029659676204985,0.043106433715387825,0.057268606941799464,0.07397807904409283,0.0504935405243924,0.05772319607718927,0.04398657423029247,0.043558779199204235,0.20056251120711607,0.17887634789122348
2020-09,0.06138043392808236,0.03852740898957093,0.043293744162367295,0.056027415988497496,0.050188332503154014,0.042902567676791264,0.05719786502371091,0.07518461509875889,0.050348201821356804,0.057992771665311416,0.04412424913234794,0.043378811499052046,0.20384262523969038,0.17561095727130818
2020-10,0.06142075618641997,0.038231967870700795,0.043600196274750744,0.05475007682332925,0.05054410893017845,0.04280159809453451,0.057327480774824635,0.07565127304295609,0.050235687638700975,0.058211921807731375,0.04412689496361639,0.04362528027360013,0.20489789620384768,0.174574861114809
2020-11,0.06136048826875321,0.03822857945278685,0.04375091870281751,0.05461932830827957,0.050708559932630876,0.04288402246031029,0.05721245579419536,0.07671417674061334,0.050233876351677455,0.05807384981179247,0.04429281401293481,0.04367553335472575,0.2038529562636962,0.1743924405447862
2020-12,0.05274823097372465,0.041852229424595544,0.04465734750735921,0.05621007901864174,0.049377398788351214,0.041611029669696396,0.05777428676780044,0.07524194433571381,0.04786677147002983,0.04837690301854407,0.04539104275645979,0.04382490338172841,0.2300348313352373,0.16503300155211775
2021-01,0.05263049341071165,0.04144792841515398,0.04467914413950589,0.05604073705176298,0.0494306966036626,0.04154907297183176,0.05762651311320135,0.07537900722877794,0.047937031491380254,0.04829405849887336,0.045245462668895974,0.04379012086913831,0.23082525321764844,0.16512448031945545
2021-02,0.048224218011999345,0.03437571844594603,0.03742460534101462,0.03944444118052297,0.04519386854163901,0.040183913495273525,0.05282260003854145,0.07146519104404249,0.0402782134383453,0.04856086462652405,0.038934664247077776,0.03884914519232352,0.2968915566422147,0.16735099975453518
2021-03,0.04834160673884198,0.03436900762611799,0.03756663491571261,0.0397639960634568,0.04528213400253788,0.040259169628361326,0.05299736687475061,0.0714407161850085,0.040329283130635385,0.048633339699464914,0.03912214857347031,0.03900908112701654,0.2956527828935451,0.16723273254108
2021-04,0.0483003074808208,0.0343663734862911,0.037541440049180475,0.03975837527566742,0.04524486864636854,0.040258773150222076,0.05298909409180022,0.07130289169557004,0.040305415616264585,0.048638079589584125,0.03910241527997334,0.03899548046127459,0.29584013160305717,0.16735635357392548
2021-05,0.04831497980802092,0.03436766276743441,0.037630180122925135,0.03990095664476828,0.04531069651397392,0.0401963050196564,0.05303628190446701,0.07113355294703838,0.04018229323916389,0.048697867544044406,0.03903067685760661,0.03895671333022208,0.29604047432255676,0.16720135897812177
2021-06,0.0483139995913365,0.034441957793200646,0.03762652954028415,0.03985505467972737,0.04530929252361148,0.040247370523307,0.05309984945112485,0.07124628409705966,0.040238108067499834,0.04874956522712758,0.03902251037388893,0.03895992361210444,0.29597899021984564,0.166910564299882
2021-07,0.048324937784088404,0.0344436773119798,0.037633805223865856,0.03985318378741627,0.04532221718165498,0.04024883778983501,0.05311124559359297,0.07126898808799902,0.040242312630884035,0.048752831467112394,0.039032675402135876,0.03896916403000781,0.29585620875764057,0.16693991495178695
2021-08,0.04832170308174329,0.03444119661762304,0.03763402688448523,0.03981780847821805,0.045331651384693576,0.0402591018136891,0.053107707154728345,0.07129884600707352,0.04023994143117877,0.04876337100661421,0.03903107596087093,0.03896151581845354,0.29592334387316,0.16686871048746837
2021-09,0.048323126848236225,0.03444975186059362,0.03763707740901273,0.03981348149033416,0.045335505091475,0.04027667080459526,0.053117212202540974,0.07134014039248318,0.040250626978122504,0.048780703836151004,0.039042623388698364,0.03897267430129765,0.2958204324798177,0.16683997291664157
2021-10,0.04837847041897755,0.03493920785895151,0.03760802525148005,0.04083286287542897,0.045365486973002495,0.04022106737756031,0.05294876542541306,0.07103348247789402,0.040361814052066666,0.04866671515497854,0.03930154597305981,0.03910516250308909,0.2940884612251227,0.1671489324329752
2021-11,0.04838163879608797,0.03394367121949681,0.03765555269282499,0.04056884539985989,0.04524785087125619,0.0400741308803923,0.053694975464064265,0.0706777217941066,0.04034059758466881,0.048809822823048285,0.03920377510739148,0.039050350335914814,0.294791121398342,0.1675599456325456
2021-12,0.04825359778217202,0.03401432762844776,0.03765060758672549,0.04044418522825615,0.045284264092395735,0.040120617917633127,0.053348564092265544,0.07054027201534821,0.04041349539792648,0.0486371968493331,0.03907495137867416,0.038938949782529056,0.29542477596106054,0.16785419428723256
2022-01,0.04804261523718325,0.03415018314435432,0.0376265456751059,0.04044803592881091,0.04505469343448062,0.040158240400605956,0.0532697514525308,0.0700058979953963,0.04044277705657368,0.04848350901067843,0.03903179093878108,0.038873914623524485,0.2961222359516556,0.16828980915031863
2022-02,0.04844471630204975,0.03400698574228374,0.03763993134094402,0.041804050246583985,0.04494568605767161,0.03999164244706271,0.05349620959286655,0.07017355519235888,0.04028543278543689,0.04813755447340637,0.039320985621776744,0.038801569448012135,0.2935575137628725,0.16939416698667387
2022-03,0.04845514929580644,0.03393304453863831,0.03765910998201891,0.041992136899637045,0.044877595334364424,0.039912351957995,0.05352579639318134,0.07014702284214579,0.04028099055806322,0.04812729733860972,0.039303659001455674,0.03878821353216333,0.2933532648385943,0.16964436748732648
2022-04,0.04844664986784198,0.03372067605179328,0.03765468941167779,0.041829555847311815,0.044890301906375385,0.03986152057705241,0.05362209104430984,0.06957040788937739,0.040216779253883984,0.047989888639665204,0.03934547740916187,0.038717014606402395,0.295267607825451,0.16886733966969572
2022-05,0.050426132004088964,0.033449655421514714,0.0380026807508154,0.04277260959123771,0.046378775722186245,0.03968197354428948,0.05317615731374426,0.0704631373144673,0.04041060891015397,0.04835463374507268,0.03966820243650825,0.03876586218136708,0.28752056121976743,0.1709290098447865
2022-06,0.05041745244915399,0.03340779393243495,0.038017961816727626,0.0429449013787135,0.04638664608287335,0.03968054719280362,0.053342727938688314,0.07061559989920668,0.04038903572747207,0.04839329960715286,0.03971093202965711,0.03875872657709164,0.2873642275065123,0.170570147861512
2022-07,0.0538898434461315,0.0392851123554273,0.04086414462770316,0.05428067316173466,0.05146450940276808,0.03991581692320444,0.061587090183409486,0.06565673457450995,0.046238784412339695,0.05356784035834659,0.041805714903130765,0.04021221910143261,0.2886681218638512,0.12256339468601056
2022-08,0.05418582054098531,0.03814695071615643,0.04069135923634792,0.05383806023588762,0.05186195557089639,0.03968591653319714,0.06245530173012341,0.06563008963071292,0.04567758656257691,0.053981689946793546,0.04186981643687658,0.04002907142745946,0.28667980587530734,0.12526657555667906
2022-09,0.05447069646404008,0.03821424681793443,0.04079450869944104,0.054425639523081895,0.052129818110573274,0.03976961361420057,0.06267752148196339,0.06615423030181623,0.04584675870460039,0.054002340273423745,0.042109942776247,0.04017744208760362,0.28313787249928196,0.12608936864579237
2022-10,0.05531823809147025,0.0393855819893017,0.041293152349650385,0.054929338215070185,0.052461224164499616,0.040370335542382424,0.061908923017087385,0.06582132428451884,0.04684432267073969,0.05622684774031039,0.043191112781848444,0.04107012343340366,0.2747417666626878,0.12643770905702928
2022-11,0.05472352184084305,0.03999253402057653,0.04077895651156076,0.05327398025901243,0.05225956361790643,0.040382757637113326,0.061029000057985,0.06583056416647674,0.046884366209129155,0.05576555818916266,0.042726315377132014,0.040850409064569354,0.2783536690591904,0.12714880398934222
2022-12,0.05485227182587417,0.040697510156568625,0.04073579720782694,0.0537262186153319,0.05199458407531434,0.04046233506721021,0.061347203227895684,0.06574629219212388,0.04710097267827888,0.05587729812039802,0.042874459608424675,0.040863061812160206,0.2764617488786741,0.1272602465339185
2023-01,0.06109953594520584,0.03628282568615239,0.04308330695558143,0.050910743930036605,0.05118121551358464,0.04314289283166277,0.05586446346518955,0.07799974787594378,0.05072111812590066,0.057861155419082703,0.04371358280463318,0.043218218436422096,0.2053961611122843,0.17952503189832003
2023-02,0.06227275433268937,0.03533497834530047,0.04324740316778257,0.05139418477491782,0.05171970848840904,0.04316401474499164,0.05498347503364006,0.07960763112765662,0.05055084867767272,0.0589519621661635,0.04391185369286248,0.043170181862193506,0.20374068016008462,0.17795032342563563
2023-03,0.06257376312127824,0.036156350411980814,0.04359997111122785,0.05128403133492811,0.05186515075933934,0.04355286837658393,0.0548004551537532,0.07928420091550396,0.05053799318198862,0.0590647967849998,0.04419967357456324,0.043436756274020216,0.20198166392318495,0.17766232507664761
2023-04,0.06261505821679975,0.036267335051116845,0.04371736834767828,0.05143011380833414,0.05195392001425342,0.04343119544365492,0.054953697397529665,0.07922308973280467,0.05058526242235906,0.059115868322662274,0.04453127453514342,0.04352054178593857,0.20106547735715327,0.17758979756457166
2023-05,0.06261530495613628,0.03635932895071058,0.04375414662137884,0.05143751277715748,0.051956444010172964,0.043451955406582865,0.05497010905949535,0.07921937670666858,0.05059454586246581,0.05908716725095904,0.04453659744896513,0.04353104991950923,0.20106437055600873,0.17742209047378915
2023-06,0.06234324022923039,0.037118470462226945,0.043771767596310206,0.05104936923289497,0.051539889950766575,0.044237316894515516,0.05441928865660183,0.07874701793071315,0.05092094148616055,0.05914387319765017,0.04461556439368601,0.0437486661958388,0.20064151721672385,0.17770307655668102
2023-07,0.06236455653357312,0.03650797663477831,0.043425315669505304,0.050802155736127744,0.05119162294881183,0.044195887351672895,0.05430652723170008,0.0786137276159018,0.0506889816692447,0.05896014545030829,0.04453018075771094,0.043473842783184384,0.20201498752102703,0.17892409209645366
2023-08,0.05281156710625799,0.0416013412364815,0.04468719973034366,0.0563333983783363,0.04944463592026892,0.04164270882685704,0.05737741473556708,0.07528648873110315,0.04800488539939852,0.04868747558741897,0.04535222577321794,0.043777298284140266,0.2287489369166091,0.16624442337399956
2023-09,0.05268691429859997,0.04153607008538839,0.04472679456913316,0.05669258256423987,0.04943336559917815,0.04172651857872986,0.05757199974482105,0.07470849124903857,0.04816627549769781,0.04883128902016487,0.0452981292201991,0.04378914724525648,0.22869447944101384,0.16613794288653896
2023-10,0.05276954427291461,0.041822568029148216,0.04459730290426977,0.057718380100381196,0.04931715484721342,0.04177795690714795,0.05777884275671044,0.07442065138991887,0.04820258803574905,0.04891963214549822,0.04566629194443877,0.04388621582175399,0.2254875366339182,0.16763533421093738
2023-11,0.05272097763691759,0.04101804525495269,0.04469694902930612,0.05737208445693748,0.04945779996705459,0.041965600306885883,0.0580933306842507,0.07507887926801907,0.048569060879909226,0.04882098122300226,0.04583293019294428,0.04392519388514733,0.22393104769049302,0.16851711952417972
2023-12,0.06237549087593226,0.036488063360279106,0.04341471049948035,0.050836709501585774,0.05121199855767132,0.044187772863923766,0.05436710670026179,0.07853871706212456,0.05073746347346105,0.05901446276238848,0.04449775588913746,0.04345544843860133,0.2018465467993772,0.1790277532157756
2024-01,0.053424870353405346,0.04058337785890682,0.04475730071354279,0.05908673161296122,0.049915135670586634,0.0418526244861021,0.05838240701132267,0.07554662375258389,0.048916779108675236,0.04940458836789953,0.045824767424792114,0.04385228203085968,0.2204600684893403,0.1679924431190217
2024-02,0.053374073290730434,0.040226170202843595,0.044741239853641264,0.05911076648705789,0.04996740554082691,0.041958244888187425,0.058601958104129506,0.0753878975958787,0.04899491859045519,0.04954063606302316,0.04587244947615021,0.04392888657350663,0.22010872671162393,0.16818662662194506
2024-03,0.05337373902355961,0.04012913920188068,0.04463832989971673,0.05906166401338933,0.04991966447375705,0.04186597183793606,0.05878922032397681,0.07528171851313248,0.04876329416370728,0.049449867956266616,0.04583467194845812,0.0438173968361375,0.22088095525416657,0.16819436655391498
2024-04,0.05358759014540485,0.04075274023521194,0.04474018836311831,0.05859312358557232,0.05006301033714464,0.042078333565029755,0.05899121543398608,0.07477706369680004,0.048957317537626104,0.04974406984889358,0.045914213429302755,0.04395028791700826,0.22180116325828148,0.16604968264661993
2024-05,0.053647489510987176,0.0408187541123823,0.04465604114153621,0.05860970263343728,0.04999411148784292,0.04201726081207214,0.05865195143876485,0.07518181144486882,0.04885839152265963,0.04953114916270718,0.04584369289559775,0.043840035303645136,0.21949997304966054,0.16884963548383813
2024-06,0.053812357948207004,0.0409758072741585,0.044679372848584774,0.05884787639940342,0.0500825703608606,0.04188965377394553,0.05865944655259854,0.07468969031647166,0.04892751990407395,0.0495816747452511,0.04587592456154498,0.043892348610986794,0.21920829936351013,0.168877457340403
2024-07,0.05109626137785475,0.03338973430055142,0.03796605161129817,0.04212532533832284,0.04635869243637377,0.039770781955264754,0.05324354612695002,0.07010095649768029,0.040591112786471865,0.04935657530987786,0.03983011683239052,0.03862295256692288,0.28571757375042806,0.1718303191096128
2024-08,0.053769755001648024,0.041017466711328374,0.044661103295319166,0.05882772314861589,0.050064140501645434,0.041981441468517955,0.05864057127948291,0.07453811295538242,0.04898688183189378,0.04962519287994735,0.04586119991138871,0.043896224533611077,0.21934374836435397,0.168786438116865
2024-09,0.0537500941142786,0.04122906187420758,0.044758473108590276,0.05910264159420095,0.050021986252940076,0.04204444524277932,0.058740850163600436,0.07440989454329996,0.04906329769266964,0.04954468884033489,0.04590231681964335,0.04389400095913299,0.21913191678810234,0.16840633200621963
2024-10,0.06263338267124523,0.036588806026846894,0.043379867766527275,0.0512562098386887,0.051464284068158866,0.044380038002670756,0.05464408908255803,0.07885527552260278,0.050835735091836136,0.058889127704458116,0.044505278166103446,0.04348028853986949,0.19965902442819503,0.17942859309023934
2024-11,0.06254134370172208,0.036555164811043775,0.04333003678009385,0.05129393444503991,0.05133380006181322,0.04442181208559781,0.05484528868164899,0.07906329058526233,0.05086394947909624,0.05885335379720112,0.04467595859600283,0.04352438355670405,0.19807627436676056,0.18062140905201324
2024-12,0.06296155901508727,0.03570276439143203,0.04332447268716818,0.051150670742327084,0.051371648676126834,0.04456673654496832,0.05443713348466306,0.07848234716015413,0.05054785642898337,0.05939610449765259,0.04430145980771492,0.043436802264667784,0.19814997824022237,0.1821704660588322
2025-01,0.06294948694304664,0.03672598862932975,0.04325952261186138,0.05090316020318775,0.05109791820538694,0.04523727369077608,0.054149080954925446,0.07763477425306271,0.050968449072362185,0.05948680684988746,0.04429324444999078,0.04347619042754492,0.19656055751766424,0.1832575461909737
2025-02,0.053955231730527964,0.040937859779988456,0.044827396232171766,0.05950506292393689,0.05010872617825345,0.04215255234095692,0.0585865399905102,0.07411446503975529,0.04908713263574337,0.0498700607549974,0.046076515221097715,0.04398978466044329,0.21897771375092326,0.16781095876069388
2025-03,0.053926944383684346,0.04138646085764716,0.04497876223013672,0.05953645571338168,0.05019582210937493,0.042315943330091116,0.05841665827374579,0.07422583849122684,0.04928075888855523,0.04991806563719289,0.04621676897974419,0.04405700817628901,0.21841968198051442,0.16712483094841563
2025-04,0.05400949667470028,0.04109714562724637,0.044820872304618294,0.05986077202218509,0.050071822053226585,0.04202918716886798,0.05836465513190551,0.07432667049664797,0.048972690634512636,0.04972757412934687,0.046053320234617175,0.04397089039906131,0.21861077271538445,0.16808413040767953
2025-05,0.06307525123924891,0.03682455299502965,0.04323904742031818,0.05096203616957492,0.05114627742135334,0.04533988917650813,0.054195324369077084,0.07757172670647791,0.05085949669511321,0.05930203914617913,0.04418328109909357,0.04344366281757089,0.19673721904937586,0.18312019569507926
2025-06,0.06314892323374112,0.03653396100023557,0.04309102259489801,0.050998419113260814,0.051119180170666204,0.04510834157671098,0.05413198470026279,0.077357367398116,0.050766932721022597,0.059659684960724706,0.04414489338469201,0.04342063033249083,0.19791697500805758,0.18260168380512085
2025-07,0.06326380819039812,0.03665395225323312,0.043047723565994,0.05094917603019766,0.0512398687771399,0.04502195977362568,0.054110551597729775,0.07740807603812232,0.05079073870573389,0.05967037913740913,0.044107100653527,0.043430770073598454,0.19767013379575712,0.18263576140753374
2025-08,0.06320264440130177,0.03663083275369072,0.04312185796208851,0.05104904628335319,0.05119379026513696,0.04512949677311764,0.054033406770230594,0.07761844668358672,0.050846886455972705,0.05965635153354779,0.04410813452413691,0.043413565594462286,0.19745762753570267,0.18253791246367151
2025-09,0.0631982455847032,0.03659192255049995,0.043179163359315244,0.05099920206726517,0.05115373825710493,0.04519436402278731,0.053993272822645516,0.07784792973374666,0.05091844998232224,0.05955098147886842,0.04409245187645426,0.043393302494422456,0.1972477981909757,0.1826391775788889
2025-10,0.051179625010379426,0.03320805338393289,0.03806267677573099,0.042364966725664,0.04660665480297273,0.04020542679255238,0.05331154174636533,0.0697544481754952,0.04088052248303043,0.0497304945924209,0.039756851132176675,0.038699939179003745,0.28434219748232953,0.1718966017179457
2025-11,0.05525895908316675,0.039584922939898126,0.04102684496504259,0.05390018845236822,0.05233637802709623,0.04056230652510956,0.06112485168216741,0.06615477437267099,0.047056894481057286,0.05633575883697595,0.043028797707647524,0.04100962650175641,0.27387261479949004,0.12874708162555293
2025-12,0.055355563605991254,0.0368943002933069,0.04124080754343949,0.05083798926218513,0.049930849778300423,0.041516748474165845,0.056661419941113705,0.07126230818095657,0.04627518826443552,0.053572694988841624,0.042792435614419304,0.041290788516015024,0.2548543815781228,0.1575145239587065
2026-01,0.05535403535638994,0.03689928935254604,0.04124452329764874,0.050835911148799345,0.04992659299253934,0.0415156338853101,0.056671768741303544,0.07124584056445663,0.0462731964721388,0.053569447163262764,0.04279845890093445,0.04129094748145424,0.2548120150377527,0.15756233960546331
2026-02,0.055288372585869265,0.03700668939722889,0.041164872599896214,0.05065604980575098,0.04983754446634154,0.04162066310078842,0.05669759174843454,0.07130767370872283,0.046271210521660625,0.05367948482712547,0.042918020453496845,0.04137913392575155,0.25541643485985316,0.15675625799907977
2026-03,0.05525866287162743,0.03714204443593672,0.04116469489613208,0.05061628079636584,0.04979666996845812,0.041787824614734,0.05673392695862865,0.07111890377488046,0.046417142482921975,0.053714343900245036,0.04309946854897679,0.04142239330680421,0.2551836170592758,0.15654402638501302
2026-04,0.05516170892144112,0.037148661824522124,0.04111211254956967,0.05117857874348414,0.04970903488799155,0.04184736057107167,0.056837601170401535,0.07122722751729063,0.04648624368830544,0.05366689604030471,0.043184648209025685,0.04144384081363068,0.25465154779394295,0.15634453726901806
2026-05,0.05515085625248043,0.0371459476847305,0.041079620088027125,0.05121376424014222,0.049705206497377315,0.041777631545359704,0.05686712609704215,0.07120887727379803,0.04643220431517315,0.05369202269743396,0.04314905823732209,0.04143347991347554,0.25471457935663255,0.15642962580100514
2026-06,0.055157813134455114,0.03719719415376031,0.04111069634669667,0.05117967750858202,0.04969887441089264,0.04184102996011065,0.05686126036565232,0.07115349535044416,0.04641758102589279,0.05372399965062119,0.04315114499024399,0.0414405676725031,0.2547231845805715,0.15634348084957356
2026-07,0.05519429561708429,0.037194517707521454,0.041241651482941157,0.05113538099243857,0.04973684705040372,0.04181844952322366,0.0567534149694967,0.07123550587759335,0.046393833622962316,0.0538367077523333,0.04320956875288122,0.041469560372476774,0.25480871406754013,0.15597155221110337
2026-08,0.0552797652075847,0.037081405829197174,0.041156320376388354,0.05133604691667528,0.049764291925438825,0.04183752129251152,0.05684073294653533,0.07124972473019042,0.04649184463441286,0.05388165794844017,0.04328144174439323,0.04150410510405338,0.2544619438646104,0.15583319747956842
