,NoDur,Durbl,Manuf,Enrgy,Chems,BusEq,Telcm,Utils,Shops,Hlth,Money,Other,UST10,GOLD
1990-01,0.11228089337688554,0.040703521135240325,0.03128756049041731,0.061843630798096134,0.03748780772696213,0.018928931996901027,0.14902609822046736,0.15382140006212794,0.05677891005428523,0.031197543826901306,0.03277352893042979,0.03532127115118976,0.16879960330900692,0.06974929892108928
1990-02,0.10384595855810688,0.0458182648384059,0.03061942374040776,0.0720407831552213,0.03373852637466045,0.020427250020188945,0.10258611540939735,0.17539213853699814,0.06161760556770111,0.028521215368820158,0.027387320874423145,0.03372811788527771,0.18241928621190476,0.08185799345848631
1990-03,0.09988979715746364,0.05187290937663105,0.03174677379190728,0.076971014477196,0.034356921957822834,0.021481705909333054,0.098619042707845,0.17613447069742433,0.06396966579976615,0.024823209678500133,0.02776360216569427,0.03540048158731873,0.17599496960952746,0.08097543508357005
1990-04,0.04908912507721439,0.025956761144545693,0.03685176939773358,0.12303261563087457,0.04739231341952893,0.02137474424970944,0.11082621394628205,0.05184904603630298,0.029893138933664666,0.042470532343754516,0.03385561771757935,0.046938994598149465,0.10941197414453445,0.271057153360126
1990-05,0.05254155959830218,0.025725211417036407,0.037276879372450195,0.12269283113891238,0.04867033853148826,0.022115730147048374,0.10744341961647495,0.048541831611451654,0.030982462971309823,0.045971803522830604,0.03343644071082861,0.04863685452936273,0.10768350030391793,0.26828113652858593
1990-06,0.05481730500571502,0.025035857984262968,0.037396381477494516,0.12622479037640008,0.05032815924877345,0.022916215310194322,0.11649450724520072,0.047331068754355395,0.03202014971822999,0.049020401783933444,0.03409369313223681,0.05030816869171182,0.10078232531568906,0.2532309759558025
1990-07,0.11899626818219626,0.054511600392874004,0.03651365649813425,0.0708110430890468,0.036944529561014995,0.025538051725812885,0.10626548593706277,0.15487849788600053,0.07564682780251805,0.030376808436120502,0.025556288357159496,0.03701909208457361,0.1660841214429271,0.06085772860455863
1990-08,0.11355617395411505,0.049012037757710035,0.03742934281618868,0.09023410236154812,0.03902045050972316,0.020666251933035076,0.08668090152982852,0.1580282993713732,0.06574275365409528,0.034352235837814105,0.022527184901931188,0.03591336957146701,0.17711687644096344,0.06972001936020723
1990-09,0.10478086149215904,0.037318369813899445,0.03128505099418379,0.11301268418233475,0.03131797401505791,0.018763330449810416,0.06831546250233085,0.14241322040754106,0.05501820994209989,0.03640234812506492,0.02050948425318433,0.031079787217647526,0.18619774226563482,0.12358547433905127
1990-10,0.05711651082497793,0.022989428599191265,0.036169696524430424,0.12961102129098717,0.04867203001435362,0.021781383921575064,0.0978915148776738,0.04977038270803447,0.032028344550157926,0.05464237926063871,0.031326635745724966,0.04796337850345006,0.11358714243959063,0.256450150739214
1990-11,0.06011396480850635,0.02202340529223715,0.03401943917363489,0.11927515746217904,0.051341298914898796,0.02096194371010155,0.10523597569652011,0.058668185573012725,0.03078510461550743,0.05640185197937987,0.027718176097315594,0.04385037921166999,0.1216569093196082,0.2479482081454284
1990-12,0.06277248609743583,0.02026616263283775,0.034116924432008346,0.1191745812981057,0.05468546569383387,0.021562666537272217,0.10330097484223053,0.05577811045531082,0.03209494595425635,0.060376192925355066,0.030877462984934764,0.0437807774123527,0.11615081441728155,0.24506243431678462
1991-01,0.06648307635858335,0.018849189456363345,0.03613822550144274,0.11278315681452354,0.05704844656524207,0.02189251678494829,0.10384079806179339,0.054331140887521646,0.0324846171734708,0.0616678940019583,0.03262427728309881,0.04650092043645091,0.1163196179700879,0.23903612270451494
1991-02,0.07084765320420841,0.018541366009721744,0.03848698611927736,0.10722983472969232,0.056893806894597755,0.025203853242837033,0.09868589344527665,0.04788631945607281,0.03476661258731387,0.06399425333500357,0.03387149236085032,0.05042785829311398,0.10469857763159415,0.2484654926904401
1991-03,0.08040881668479824,0.020220279994088805,0.039485019403054655,0.11694105195427365,0.05893141562079138,0.025372472515835347,0.09847354764226245,0.04858941148011646,0.03668623525880766,0.07087750518174396,0.037758726499409194,0.05381973798028897,0.0957006199858006,0.21673515979872876
1991-04,0.08512568032449161,0.020233502013055873,0.039351008728163515,0.1143095500749163,0.057944473780504074,0.024778310645346267,0.10042925447359691,0.048934686937798025,0.04142827992271519,0.07665393859934572,0.04097895422691639,0.04983908835615396,0.09423547095082102,0.20575780096617516
1991-05,0.10062903370838719,0.030513205981035216,0.028459562657128692,0.10271060510136062,0.030904815666168074,0.020374185409417007,0.07782631615452275,0.147824135430871,0.05020679407583429,0.03954678339123519,0.019392059226619802,0.028647499985964022,0.20753493561320496,0.1154300675982512
1991-06,0.11680184523783214,0.055986918843075245,0.046324907566722875,0.060287996688347854,0.05034657405094456,0.03231124241430729,0.19364199263826834,0.11389639099261102,0.04705879194783126,0.05625888172323871,0.06415766953035464,0.036951902012876875,0.07921094440030034,0.046763941953288875
1991-07,0.11392616737036355,0.05543733941618641,0.045696672791015865,0.05983209194526753,0.049363276648473946,0.029724389086518133,0.2020593605333571,0.11454634756900546,0.046666978653080796,0.055545381860765165,0.0618240699596987,0.035917979670545545,0.07990655897595966,0.04955338551976217
1991-08,0.11444803558990585,0.05302163761040551,0.04517901680075712,0.06051671249153562,0.05016572452355035,0.03028323903540427,0.19804016087498016,0.11539272851667738,0.047305177816215786,0.05791379129112583,0.06311315205746611,0.03584471592723642,0.0795727050907488,0.049203202373990985
1991-09,0.11726003745072623,0.05033908289505641,0.045186708550317575,0.06019519657863477,0.04976325723196272,0.030662324775619965,0.19104103725235616,0.11773985205853671,0.047932675188237656,0.05826117544346794,0.06469353806717398,0.035430597968818964,0.08397299037207345,0.0475215261670176
1991-10,0.11114110220035346,0.04869209178362369,0.0436573873340149,0.059706166171640235,0.048482251859228734,0.030135037666272235,0.1927072330331183,0.12595926529830012,0.04605886044308511,0.05809851587301707,0.06459735838988206,0.03475442739825072,0.08990952413183208,0.04610077841738124
1991-11,0.10843320342591253,0.04673943811508605,0.04372831687480854,0.05989923241023589,0.04819615831866187,0.030215360513415557,0.19559129311988516,0.1262649333348491,0.0442222646246493,0.06129147874232105,0.06518662433330719,0.03513638332202098,0.08876379449366455,0.046331518371182205
1991-12,0.11437152588946181,0.04335161577254333,0.041717151887195394,0.05548644155879129,0.046602833865180875,0.029786166983875442,0.18316692131749507,0.13894779060057588,0.045712415141250656,0.06198720843653462,0.06254579093622012,0.033681228696122306,0.09497570502006852,0.04766720389468468
1992-01,0.10952957162505371,0.034411307416584956,0.03000964523397243,0.08899360922795031,0.03347209130304323,0.01899020840153787,0.06783454847607075,0.1534866887672286,0.0559693814441086,0.04355424942409177,0.019406296791604723,0.02868801536631765,0.21557305627880277,0.1000813302436324
1992-02,0.1184773778095873,0.04817673458865397,0.0318810892789618,0.09031521694407046,0.03730067241117771,0.021026800682651538,0.0645511401039366,0.1529754957742637,0.06389203558132346,0.037258616608364124,0.018157859165948673,0.033266467223960816,0.18953632840447432,0.09318416542262536
1992-03,0.12072081627371074,0.06609957793603242,0.03308728249787076,0.08620427495025891,0.037624507241483994,0.022363051414697098,0.05798970993183892,0.14094505756761477,0.06744215120446416,0.03218642535035601,0.018766336299603087,0.03545079374946742,0.1925757382549019,0.0885442773276998
1992-04,0.1176403922660854,0.07242342156664976,0.03386217739480871,0.08344664746694028,0.04219889808046966,0.021201646365406984,0.06055641363242682,0.14330474718422664,0.06844064138790719,0.02910204478935575,0.020543800319996877,0.03274896437638955,0.18543716476074443,0.08909304040859199
1992-05,0.10729416918276995,0.08155165229262862,0.035316190834665376,0.09776708384946817,0.04736392098914753,0.021144499202044174,0.07320180744139587,0.14153296230493062,0.05683054188785582,0.027110157480019843,0.021529497292607933,0.03184848671535339,0.17233778848469714,0.08517124204241566
1992-06,0.10625677216415719,0.07375571330846022,0.033728327259535104,0.10149791123657011,0.04509026742567176,0.02102407890828715,0.06390682453261298,0.14733179853915873,0.055028804091497456,0.027519071049297357,0.022835510223280592,0.03039090085586192,0.18932609868296932,0.08230792172264025
1992-07,0.09476340004321931,0.07819332788469964,0.03254973752395008,0.09124493817931069,0.038409684434567985,0.019787519317727376,0.06823458977075708,0.14781181106437796,0.05261719760323288,0.024864709168233176,0.024708914333042137,0.028913956817719542,0.2096516736891163,0.08824854017004578
1992-08,0.11074575069786673,0.04682952305759234,0.043433047748511956,0.054371965323256166,0.04859145818909587,0.030875259686050285,0.17758409178816179,0.13691719183707157,0.04677271305721274,0.06015746146083126,0.06546179174100208,0.03506580939979989,0.09700463835442648,0.04618929765912094
1992-09,0.11426155540819896,0.04191392627435389,0.04267846663818024,0.05776173130311086,0.046473216167714264,0.030088125433480876,0.17641658288738302,0.13784272353898272,0.04767285612199772,0.058560563239448214,0.0635172490061785,0.0342150182216303,0.10272896824620159,0.0458690175131389
1992-10,0.055909187443154554,0.0162740368024534,0.02461410759564092,0.05596403490979162,0.03139806389117415,0.01810940281828315,0.1384965957744368,0.051994461605427034,0.026136442081740117,0.04631369588689336,0.02832460429309395,0.02104197186705968,0.13542339503085132,0.35
1992-11,0.08388391791391173,0.019413475647941943,0.03881487898573802,0.11516196771216784,0.06315969107008955,0.022658444066092614,0.10046336097334202,0.04979795358757856,0.044597478934295595,0.07277602921717541,0.04546302230114972,0.05070828977323133,0.10062708908394331,0.19247440073334235
1992-12,0.08889362274148245,0.02139292239240538,0.04075199342220819,0.10568726156636153,0.06410006940062674,0.023984061747495657,0.10819493087765135,0.046362528327139774,0.04881338485540635,0.07785628423032318,0.049777035775457334,0.05406416841694071,0.09007035963964392,0.18005137660685747
1993-01,0.08582027251680836,0.02140267564130206,0.04049795557223848,0.1067651997053525,0.06140304065038789,0.02238076970896247,0.12269569505749024,0.04693970713321847,0.04715496506645478,0.07255945653888757,0.05253870197808257,0.05395397489750848,0.0920109736528972,0.17387661188040912
1993-02,0.0554185649515423,0.01669269147125966,0.0247871692765942,0.05229851148800892,0.032162293706154386,0.018709713940014285,0.1461079915291039,0.051221377520172306,0.02815291581789222,0.04846838571164891,0.030760590286656345,0.02224822584889732,0.12297156845205534,0.35
1993-03,0.11037296049974672,0.042226384111250945,0.043134084032803624,0.05631043040514449,0.04586671965964611,0.030922076395719082,0.18035799070136657,0.13799440265220017,0.04895079956347909,0.0520689016866981,0.06626100139856017,0.03530439522315191,0.10571233167718977,0.0445175219930433
1993-04,0.05024060746157484,0.016246502246950335,0.02453151913692256,0.05577393936949491,0.031952617478443524,0.017972075549190353,0.15571436576262807,0.057170284788657946,0.026455722527845345,0.03905109028858915,0.0302464140934901,0.02110375812581111,0.13057821759145025,0.3429628855789516
1993-05,0.04212261994512397,0.01749376981025794,0.025001590753512794,0.05841435175128251,0.03363550309472398,0.0173964544281607,0.14752240424477314,0.058352197393653035,0.023711276016594573,0.04108571532758981,0.028874350649711257,0.020975021721230395,0.13541474486338592,0.35
1993-06,0.042475360948426855,0.017477182273209463,0.025428109152972878,0.05780823948447225,0.03331508228438288,0.019475573743080177,0.15058315383138934,0.05636608789154324,0.02504517186130004,0.041967802280565396,0.028241556952315793,0.021881387780202294,0.1299352915161394,0.35
1993-07,0.0403209306319745,0.018032752813516482,0.024819654859952918,0.05438100890001155,0.031049436429226154,0.01882076432062178,0.15359213505106858,0.05854215614605046,0.023233525938838633,0.038395967362762747,0.029195961921603415,0.02078309532032363,0.13883261030404911,0.35000000000000003
1993-08,0.07672154550461602,0.023807242935037623,0.03935274059391481,0.12141884341240264,0.05434984838045765,0.02117900971160737,0.13802791744660525,0.04753027148413346,0.043138303325003145,0.05433575460856931,0.056408027654483245,0.05587992061495882,0.0907965229230096,0.17705405140520108
1993-09,0.08118888520371069,0.07104422872187821,0.03192389777279612,0.08813744261641351,0.037210471678360155,0.020672225861236463,0.07622690697696537,0.15783902157023294,0.05038793800951736,0.022408089670191284,0.02644098582043144,0.028747678784261363,0.22375128862574242,0.08402093868826285
1993-10,0.07706220041647394,0.07359678841798974,0.030984190383952715,0.09207484004440478,0.035396542168836226,0.021820285706729343,0.0757294447010687,0.15440447434575638,0.05056866934908248,0.023447078902270723,0.028722600925886566,0.029534511563252614,0.2338274897617305,0.07283088331256529
1993-11,0.08732510219271437,0.08384555780107922,0.03150809270696407,0.08491972747059805,0.038355380958829094,0.02162891998519518,0.07803921160481962,0.13956151341593714,0.05406065536504742,0.025748258571553998,0.024945119905089064,0.029319628277393595,0.22727177689836106,0.07347105484641803
1993-12,0.10550357401113407,0.044622667494068305,0.04378741237112635,0.05641256332395545,0.0455746946255171,0.031137241010398806,0.1848289772604016,0.13652670030845188,0.048969554515485,0.05143160854441709,0.06736611179590225,0.03563583221659547,0.10425747921672258,0.043945583305824085
1994-01,0.10633531769670257,0.04580912910818614,0.04506351348761463,0.05571959412984312,0.04614043819071696,0.031432267322499804,0.181275182757426,0.13818945937925148,0.047228109323061165,0.05185503329322589,0.06823757360003024,0.036153230041385404,0.10285881556321613,0.04370233610684052
1994-02,0.10383909882910629,0.047601656168416086,0.04587853793641335,0.05666173782844028,0.04804335255750998,0.031893956859769146,0.18366174499683785,0.13276069924031147,0.04660974703186453,0.05151774622972317,0.0698264985375133,0.03693420232644796,0.10235066568037417,0.042420355777272566
1994-03,0.1105695107623764,0.04763523742552043,0.04848263898830423,0.05736444905722339,0.05075232272279976,0.03453856254506396,0.17441304808539398,0.12639532157892755,0.05115801515561384,0.0506031235240943,0.07023640872140398,0.03729083718338304,0.09817864182981277,0.04238188242008212
1994-04,0.11257589169604952,0.04677355548871726,0.04887555674938872,0.05831158234220806,0.05127526123314864,0.035319380857779525,0.17562762904573564,0.1248736115911732,0.05160370219511736,0.049202601349070965,0.0725678835281345,0.03631260695371367,0.09205090889055603,0.04462982807920702
1994-05,0.11111028651054469,0.046154388168562786,0.047619311416772725,0.061000400311272664,0.05297211543375732,0.0347501645639576,0.17439779123096916,0.1268768826003649,0.05123994318006017,0.05016095208658887,0.07362626228657874,0.035720169408500695,0.08937086293345838,0.045000469868611254
1994-06,0.10945610847113167,0.044851539130697574,0.048893823132518464,0.061743404716064314,0.05463291033716949,0.03559288616313678,0.18006128439179875,0.11410697749121748,0.050268006341957355,0.05280529110450298,0.07813252193435895,0.03568794187440009,0.0885028207013173,0.04526448420972892
1994-07,0.1096821994265634,0.044139788510584504,0.048668552804299915,0.06109643823615889,0.05362954655630634,0.03424415267992711,0.1884647199010836,0.10982201566134842,0.049980556914202265,0.05184016009757612,0.0774520816294254,0.03536244391959136,0.0887785522733246,0.04683879138960839
1994-08,0.10843367498921434,0.04421909236986359,0.04954273819794844,0.06113137042017878,0.054027095775702604,0.03451882121881472,0.18717848354030076,0.11306880434250623,0.048841483743488075,0.05074673052614735,0.0768405670510775,0.03524828577632916,0.09006769424821837,0.046135157800210054
1994-09,0.1106417249312106,0.043234031207054824,0.05026882261592709,0.059814558320212846,0.05614019371126761,0.03669112570974609,0.1811985056119634,0.11045112546091511,0.049666202112254136,0.054265257103067996,0.07712207336634681,0.03576401202400249,0.08896493449177645,0.04577743333425466
1994-10,0.03965900332186189,0.018872505640095627,0.02625779643804482,0.05420030519383792,0.03295370778279138,0.01942872085715902,0.15579747255877768,0.056084487054809395,0.02401168765703988,0.036782999021465666,0.030785269272704013,0.021578518890199627,0.13358752631121312,0.35
1994-11,0.04057441864796101,0.0180089546056354,0.025904220087424264,0.0602713767333646,0.033243248186597144,0.021301952757896057,0.15354574871865237,0.05712295662567736,0.024079329014642756,0.03677168584537179,0.030451521302551868,0.021038978676381655,0.12768560879784382,0.35
1994-12,0.041948820409899494,0.017462151197479892,0.025088491574822156,0.058506547549929934,0.03178687314878346,0.021903870344459002,0.1427744931271249,0.06142565030270038,0.024257910772278606,0.03970481144857037,0.029268164427180266,0.020721007464074518,0.1351512082326971,0.35
1995-01,0.04204875056614334,0.0178286152718524,0.026223828223201285,0.05663475814636471,0.03244019065225691,0.02196234736683455,0.14611876658442466,0.0602246609597612,0.022544354159038615,0.03921700509904054,0.029094760402351424,0.020493020794549455,0.13516894177418093,0.35000000000000003
1995-02,0.041099996471489486,0.01593618728780537,0.02508569124329502,0.05370748973710088,0.030537942920407145,0.02100446625497461,0.1448878337980293,0.06557301892783571,0.022231152046832858,0.04092948045585085,0.030513881242883473,0.020457680215341945,0.1380351793981535,0.35000000000000003
1995-03,0.04060418042090664,0.01556564396518573,0.025398298747662893,0.05455913975672813,0.03067746840957521,0.021206994841453927,0.1470166196805146,0.06261834564731998,0.021282667682352936,0.039973051144949416,0.030744316251569734,0.020124346670922114,0.14022892678085871,0.3499999999999999
1995-04,0.08302816240960142,0.021325673000081494,0.043010364218510004,0.12543311725959466,0.05971015796551251,0.02632665374375007,0.13674600806096485,0.042877320832448315,0.04324806592224625,0.060375152934792294,0.05678701450237655,0.05790601429514608,0.08964167185483121,0.15358462300014436
1995-05,0.0830493043163974,0.020404262626060574,0.04333976134494275,0.12687741933767885,0.06217010989970434,0.02993579310715354,0.1369407041152685,0.04293260827827782,0.038891056079357576,0.06136465444751894,0.056143309416253936,0.057257482828993324,0.08813952857969083,0.15255400562270152
1995-06,0.08972219200855672,0.01924455164035218,0.042225430184148864,0.13609524574656698,0.06270834084529811,0.027880122369109445,0.13242635993200202,0.04520012690510934,0.03701930447571088,0.05842391584532854,0.06078271088686389,0.0529289426432556,0.09863352948893588,0.13670922702876143
1995-07,0.09057580572042818,0.018048492162500308,0.04308503252113365,0.11839427247816654,0.060798972534881486,0.033762082461028034,0.14708794416929236,0.041196101416533834,0.03970957731661737,0.06273731694906759,0.06087465855963564,0.05540440780428018,0.09594476090793953,0.13238057499849532
1995-08,0.0843300948346503,0.019372594838039863,0.04635459314516352,0.11338730441902263,0.058396332498194745,0.03940409872334851,0.1593576097949833,0.039183709188213005,0.0410472198480694,0.06707570856561931,0.06277372723907312,0.05987671292138151,0.0877663912613041,0.12167390272293663
1995-09,0.08204582074650002,0.01933481946138927,0.04423409152268287,0.10312499661755138,0.056008027052085955,0.038086277433915294,0.17847745638155338,0.039211430164790326,0.03682925705393975,0.06624834677078634,0.06935117348149959,0.057810358071934555,0.09309463273493498,0.11614331250643609
1995-10,0.10974528295041518,0.0936076738661874,0.03507152190381448,0.07943136867835746,0.04558356068087414,0.024934991279283798,0.06600487777666203,0.12352302582880358,0.058307891976335714,0.028386851728261886,0.022909496608459413,0.028487745545424367,0.21391373810633477,0.07009197307078598
1995-11,0.11380930732211067,0.04035551831950853,0.05028193222735085,0.059064464169042215,0.05605009812750117,0.03937209997474043,0.1809089814653017,0.10886061494803521,0.048271855617945385,0.05848359609435754,0.07484252120700924,0.035335617890867733,0.08723733415591509,0.04712605848031441
1995-12,0.1134713488100293,0.04089031578479907,0.05140004410971214,0.05943236633888425,0.05716069597488527,0.038079313259982116,0.17816280597826079,0.1068832746689561,0.04907332847001207,0.05874042840882128,0.07627531672525074,0.03566209650316703,0.0881957802592581,0.04657288470798185
1996-01,0.11115171108940425,0.04110156970109774,0.05106458289040754,0.06111651118708314,0.05587540809133562,0.03588504911659157,0.18002712383123037,0.11034302525051988,0.04748306810060672,0.060174610415091194,0.07490031359907642,0.03511678857876611,0.0892313315500126,0.04652890659877679
1996-02,0.11095418174400061,0.04146617398520292,0.0512576504939188,0.05963897399022371,0.05704159769196887,0.0357827407759983,0.17955821898468247,0.1100705661623951,0.046316476024402205,0.06181521262998197,0.07579053234686088,0.03525827949766291,0.08781842695487668,0.04723096871782449
1996-03,0.11593500177828726,0.04252902107351376,0.05183107439797677,0.060553988100287316,0.05844580215019259,0.03815876528466195,0.1727070011898,0.1055705513087738,0.0486803156635433,0.061360026134550286,0.07811356680281355,0.036289235758293924,0.08169917921669513,0.0481264711406105
1996-04,0.1139339932743889,0.0850003479312269,0.033429287349669615,0.08195134888927097,0.044253638257828236,0.025361856373626784,0.06480921279997,0.12942163799634124,0.05109312854684809,0.03057641212299287,0.02241983723124972,0.027650155205127352,0.2209380997705318,0.06916104425092748
1996-05,0.11379360594735115,0.04453104078790831,0.05359247371169572,0.06387612969589587,0.06119699269637319,0.037386428506165956,0.16646110121239543,0.10337435383064628,0.051852670153833824,0.061213156784359665,0.07852748108272346,0.03798797243817344,0.07916701837795681,0.047039574774521024
1996-06,0.04219139860954565,0.015044375115514652,0.025982828215576563,0.0576580982848157,0.031961328096949806,0.022869710596263228,0.14950465661579218,0.057334900677289316,0.021380195890199113,0.04250651381656605,0.03122332172979528,0.02041360186456775,0.1319290704871247,0.35
1996-07,0.044479804313609615,0.014169271554857154,0.025923579395757547,0.05788789653142234,0.031541078795552166,0.021348945763643812,0.14541029977912437,0.06506398759430294,0.02098969799635319,0.041975737143776094,0.03158643485511606,0.01975034706116494,0.13819499608413663,0.34167792313118306
1996-08,0.045156220086529884,0.01433525985037161,0.026341670123883363,0.05820912548749166,0.0330059502083953,0.020578331662075348,0.12596986738357396,0.0602732633848609,0.020235734364166126,0.04086822632972111,0.03338071318543159,0.018726343939836645,0.15291929399366255,0.35000000000000003
1996-09,0.04367002973071651,0.01420909185535446,0.02703409891498855,0.060601556055103846,0.033527294783366135,0.02112572283885255,0.12375176063413401,0.06274654681049255,0.0213273074625982,0.04310914688652105,0.03505420805990928,0.018840560108389262,0.1450026758595736,0.35
1996-10,0.043738909795639616,0.013175379296468656,0.027608376866170983,0.06113782012384312,0.0350724800039095,0.02286937480181622,0.1226656210948882,0.05933066817111351,0.020792056404728556,0.0455089981784139,0.036112436497197815,0.01818641774748671,0.14380146101832328,0.35
1996-11,0.042975808933274906,0.01327134056339537,0.027015034184119272,0.06484004921939063,0.034839674446482984,0.021166880152837454,0.11625601566886892,0.061703059665394105,0.019116931780252335,0.04279507195521794,0.03801938391858428,0.017284404281894514,0.15144319036952086,0.3492731548607665
1996-12,0.04412723201552385,0.013343860687087558,0.02776620909585527,0.06706826788902966,0.03589974273739944,0.02328532108076286,0.12331412233012352,0.061089941612793054,0.018494577991930036,0.04463165350043561,0.040836782739739785,0.017122996426225476,0.15298202969113375,0.33003726220196017
1997-01,0.04639078877692975,0.013865440892749636,0.02931011260862955,0.07009616019260284,0.03633197259398243,0.02352004938352433,0.1336876483898103,0.06404072357710872,0.018589455375753277,0.04397142736937925,0.04105849750908663,0.017602080855297093,0.14483834630212192,0.31669729617302417
1997-02,0.0893416488387086,0.019671857168570724,0.045390666459023225,0.10108937865135927,0.06012557087492556,0.038933304257087166,0.17041524638502298,0.044790530177648814,0.036142026207532,0.07480063774662533,0.0759596034139006,0.05312314054980066,0.09283783933835188,0.09737854993144324
1997-03,0.09644125364929522,0.020728380314613118,0.04558731470070324,0.08382087287392932,0.06219062232223231,0.03254899628867259,0.178396434970608,0.04447245185363409,0.03902290375219924,0.0749448194887466,0.08127681968606523,0.050429768943281245,0.09658519691408109,0.0935541642419388
1997-04,0.05067892378005472,0.01411350561531504,0.030552142442381414,0.07506940425549279,0.03899620985998357,0.025717315587812137,0.13639025871155933,0.06339275643122809,0.018366030299038057,0.049750720897274135,0.045040739906491975,0.018262329089692657,0.13900576823200378,0.29466389489167244
1997-05,0.11845695120821423,0.04494728586618913,0.055236500656350336,0.06477515222602069,0.0617235305298882,0.03846527067606585,0.15455519396248035,0.10259003884955996,0.052728514728048105,0.06254984984515928,0.08032758447380492,0.03786019026467412,0.07876199423108057,0.04702194248246423
1997-06,0.1248660620760063,0.09467498159292476,0.03820660557125694,0.09427748297087185,0.046099807552752434,0.03370792935198515,0.0655049153480463,0.11339778894012435,0.056406657400371964,0.03076411264325062,0.023335089302147272,0.029123569033265795,0.1911288513714294,0.05850614684556698
1997-07,0.1266473454073442,0.09371406022998038,0.04048262743803825,0.08845238957129892,0.048787195335378626,0.031931854162115,0.06651914783307393,0.11466232706146565,0.058623548907093065,0.03552055964088343,0.025137217693026657,0.02873889873436838,0.18847440536971008,0.052308422616223295
1997-08,0.11607623499710717,0.04541991414944303,0.05647574789548145,0.06526687445259974,0.06210693846325355,0.03987790347713949,0.15266932498423832,0.10174599871537611,0.05315382549586889,0.06272898256938132,0.0804384635794205,0.038715156020376666,0.07883161060686494,0.046493024593448805
1997-09,0.11173318210573838,0.048187648098909554,0.05567049677550444,0.06826670306355337,0.05898202026700116,0.04094761464089131,0.15572803425880344,0.10462883692481162,0.054138600738088405,0.0610715093373057,0.07848451933246474,0.03939846148138654,0.07652737514168402,0.046234997833857094
1997-10,0.11017888772388375,0.04825103160250763,0.05524757341217355,0.06853975486976074,0.05770837288397149,0.04066639010370042,0.15623667231274865,0.10482448342932289,0.05413395980712927,0.061191795057685516,0.07909057079529769,0.04027224418116459,0.07744694148846705,0.04621132233218678
1997-11,0.10702068031248965,0.0470616799874261,0.05131263340566737,0.06768505325661997,0.05598163989426217,0.03763468747918041,0.1653978013356998,0.10741544162762906,0.05362325577148124,0.06206151856105318,0.07809447171590563,0.03842429008751045,0.08181759528343176,0.04646925128164303
1997-12,0.10586793679419854,0.04553230739340557,0.05156168412363187,0.06437301358555728,0.05660152723892203,0.03759152935543543,0.16700288317139783,0.11099046844484689,0.0543013629545899,0.06115814706721409,0.07668933221141536,0.03827414398979297,0.08323885996567898,0.04681680370391324
1998-01,0.10450222770847659,0.04615176701296739,0.04997549104909164,0.06272941905787925,0.05609464528581211,0.03600612070918126,0.16544348963404498,0.11633981571641436,0.05304002763394803,0.061237931567392476,0.07766715230472761,0.03893101457080162,0.0854026756852934,0.04647822206396944
1998-02,0.10126043971910767,0.04630588899987655,0.050754537537842814,0.05932129921285694,0.05497441756284284,0.03745578975620542,0.17507039525268533,0.10889050047616985,0.053447981546394116,0.06417342312442692,0.07547792795866971,0.03892852224466476,0.08785778860449847,0.04608108800375875
1998-03,0.10104088235450737,0.047526643993736045,0.051329132119568535,0.059599386575252815,0.05591070622191495,0.03828986086132276,0.17226967214333866,0.10786367239910676,0.05449475330216209,0.06418888421355769,0.07650930357516374,0.03937119327681532,0.08584871796688393,0.04575719099666927
1998-04,0.10011989476053261,0.047946724633205214,0.05159371708610796,0.05993437956844439,0.055658285857819956,0.03788112283076236,0.17119773262755694,0.10906940352538642,0.054952998040699794,0.0634401652926279,0.07629607126725112,0.03998566844584104,0.08557761201723312,0.04634622404653119
1998-05,0.11137301270804549,0.09642251744167518,0.042390951395733734,0.08583869751000361,0.05060296725635766,0.03990035968060332,0.06996166064916905,0.11104327672413132,0.0625277903577465,0.03529304523672616,0.030726540738542692,0.030744517127077105,0.19097353444419196,0.04220112872999603
1998-06,0.11055961346047144,0.10703245274383454,0.03941719463128522,0.07603908602384041,0.0531924969971722,0.034839603922166264,0.06704714483848638,0.10471766147328494,0.06580224524690262,0.035127909194944865,0.03086996942444992,0.02818344968866541,0.20158118766233665,0.045589984692159136
1998-07,0.09880149008209825,0.04911717662389786,0.051787623152461555,0.060896554279124764,0.05667983833729812,0.039088303942045384,0.16722001052017743,0.1064669945854445,0.05538628705652355,0.0650611064312086,0.07870918595047552,0.04012024493400517,0.08477425925732851,0.045890924847910956
1998-08,0.09577546425777808,0.04983677883399839,0.05013331647838925,0.057933537818011555,0.05261515517017997,0.04026987316958991,0.18030133046346314,0.09943508059810748,0.055021605735302216,0.06651060654303047,0.0796343576492786,0.03951569348487877,0.08617126343893126,0.04684593635906082
1998-09,0.09376188428924595,0.04476323189030782,0.0466013032441136,0.05724503861001713,0.0539463623378431,0.03726822357040376,0.16752495299673356,0.12650692369810984,0.05351006369027932,0.06724242543849562,0.06430049759428096,0.03444551671642273,0.10807995653090544,0.04480361939284131
1998-10,0.107042690701482,0.09618604731863925,0.03449817748019019,0.06945013836737741,0.04748592698644264,0.03971325322921691,0.0692680625505888,0.11182503761668373,0.0665243008858157,0.03906567380809813,0.030045621591875273,0.026474009904269746,0.2185336642173767,0.043887395341943435
1998-11,0.11997098185667558,0.10389142992757605,0.039673829614237266,0.06521539659422133,0.0542246871761393,0.04099397232770711,0.07355540099962216,0.09709384954172921,0.07292971171677352,0.039049684388950026,0.03303578129148643,0.027616285271959657,0.18965176216676724,0.04309722712615507
1998-12,0.1252244614908908,0.10417144731614432,0.04082266584254538,0.061763494714329535,0.05306944949554498,0.04672035288008485,0.07459595144702098,0.09319908691317029,0.07910753144288642,0.041735765167982046,0.03532612717265163,0.029514342776065614,0.17272521128756887,0.042024112053114286
1999-01,0.11424395763821091,0.10127683139368673,0.041201763006912064,0.056704833384796316,0.04970140283933983,0.05424946377929814,0.08859240843530888,0.09265465391282555,0.08416773419088844,0.04328400625549393,0.03554458575136927,0.03062929709982163,0.16650173918347927,0.041247323128568936
1999-02,0.10036170067786832,0.10680795474858076,0.043387019223512915,0.05135680088870312,0.04528861085850308,0.06689470735814913,0.10414899303272325,0.07573040509057982,0.0850834200250629,0.043767966302505006,0.036114250202435666,0.033048496613798224,0.16559508289686353,0.042414592080714346
1999-03,0.051723863897679426,0.014983257974854053,0.0312942680795159,0.06723811137779206,0.03988277992991662,0.03040010540810577,0.16483993563575297,0.060127390908184676,0.019506639194383054,0.057442643312117625,0.04937757948049982,0.017795282428713068,0.14611333372595744,0.24927480864652737
1999-04,0.04838779419591775,0.014875389777993752,0.0331882591408402,0.08207263015856377,0.04319879506284153,0.03387420808116476,0.1547402328359143,0.05648765070768518,0.02019200981627336,0.058260448645787194,0.05061559047831693,0.017818045004188602,0.14600231444267983,0.24028663165183284
1999-05,0.04875536837398908,0.016498053566307867,0.035747157765151284,0.09356952855167404,0.04838082249632471,0.033119613230831624,0.1635967022960921,0.0621699818375709,0.019383916001799114,0.04999749313560973,0.052545126094302064,0.019036101500191787,0.13579807273188682,0.2214020624182689
1999-06,0.051750460893625824,0.01605571807069124,0.03504331927081661,0.08941519408822347,0.045583650870360135,0.03393299900390387,0.16728372322771798,0.07676739064236296,0.019343395682902775,0.04955012847144683,0.04993337734583466,0.018659917843440697,0.13122151362475912,0.21545921096391385
1999-07,0.0521877217508402,0.016412690580012476,0.038846578306387415,0.08741566086359802,0.04654795600789666,0.04036177355620054,0.17962652446641186,0.06839771804276504,0.022115097454770916,0.053690739761049155,0.05273351836716935,0.01993701673571217,0.12707021805788316,0.19465678604930325
1999-08,0.05134170144405615,0.015857473226246515,0.03937184424025731,0.09183444388100036,0.04806065504945431,0.040841815233850616,0.1775447670663815,0.0702533336417775,0.021585185267256484,0.05096523168651499,0.048457097407664705,0.018940138328429137,0.13171178554860385,0.19323452797850665
1999-09,0.048193201421892616,0.0161061636335356,0.04040322838983554,0.0998850095927354,0.04880367473258474,0.04602075308705158,0.1531275706433956,0.07316697801382145,0.019844790601603192,0.05646748735798433,0.04550597667026725,0.017740437365958685,0.1334339837823039,0.20130074470703016
1999-10,0.04245479223605487,0.014693646263094308,0.03997526599017666,0.0919780850096163,0.042675466868729535,0.046639098692024955,0.16588592601883304,0.06647973058871066,0.02112911080587577,0.04988970670944483,0.0415353094881336,0.018159070080413453,0.14260123482299478,0.21590355642589742
1999-11,0.04351682015318499,0.015327439148170193,0.03999903866332227,0.08318981251300857,0.044165133816429065,0.045157656660621256,0.16364763127499063,0.06496984696841675,0.02120573023041938,0.05230840322253834,0.04528096416941211,0.01826711160846129,0.13403606051612618,0.22892835105489895
1999-12,0.04359037365867413,0.01574244527220192,0.03981356805772314,0.08832117778659807,0.045352844855961146,0.054091406396132365,0.17401555575196945,0.05596102452655359,0.02357258084197198,0.05427269672830673,0.0432874921639003,0.019760308441258895,0.13478216219998843,0.20743636331875995
2000-01,0.04138959680860297,0.016458364745588573,0.04608729686928984,0.08757046417482794,0.048465908140685104,0.06575365973628462,0.17942824254385303,0.053004703492430624,0.025704891403097598,0.049318798523127975,0.042165218622666735,0.022601571619829567,0.1275752421373371,0.1944760411823784
2000-02,0.039248305762400654,0.016707139664348752,0.04115203676715945,0.09246283752352563,0.04319753322840017,0.06303097545625726,0.17227738579422414,0.0620519443752021,0.022558208450060905,0.05739680559130283,0.040489251743075966,0.02171394476660404,0.12589439500357102,0.20181923587386716
2000-03,0.03635077624566179,0.015735362257442202,0.04104071048529735,0.08390543292269079,0.03740623119779229,0.07660530777371236,0.15508650041341918,0.054979786203598426,0.02244579611965091,0.05583464540900356,0.036060230658622815,0.022263431935372214,0.14080943604262336,0.22147635233511284
2000-04,0.03746277111348875,0.01647231835792321,0.043675298361304064,0.09023260438891319,0.03375891823601165,0.07683510667700981,0.16596880451273902,0.05615142440586893,0.02402205806341446,0.05322077766846566,0.04038609824283441,0.02200041039033161,0.14054354245791176,0.19926986712378353
2000-05,0.03628715908043599,0.017634107732393742,0.04687907146246194,0.09496845540296947,0.03392525739333455,0.07194124801724923,0.1566107119119958,0.06538798799039018,0.021914812499714338,0.06035686126146189,0.039338350761032904,0.021238386698138177,0.13228803692440247,0.2012295528640193
2000-06,0.0420747563454345,0.014982696529751434,0.046026571330455124,0.11212399678060037,0.03596210853577761,0.06284189717318187,0.1271868563713508,0.0729007249401512,0.021578074920191054,0.06571417689149567,0.043577883106121165,0.02115160462299456,0.13425331090567866,0.19962534154681583
2000-07,0.08208202043745884,0.019900647050236284,0.04678539094415592,0.10531626241551864,0.05629950154037577,0.04276509061747177,0.17321357210459495,0.043226780073755355,0.04451534763638416,0.07846505724896749,0.07450151533598133,0.05030896057743272,0.09181039405519423,0.09080945996247242
2000-08,0.0912840787204409,0.02177087018992754,0.04627517443836448,0.10599347988839315,0.057512026095927,0.03863531508721801,0.14043824761458745,0.04921153928149716,0.045051772295842986,0.07031359229715825,0.10090206490303362,0.05281399809808018,0.08931118783482643,0.09048665325470277
2000-09,0.07799982447658527,0.0221333222661126,0.052901666300575446,0.11816515977364243,0.0552762339205304,0.04527661087557904,0.1204915913922123,0.06075293527451909,0.038341512589652835,0.06921652295903612,0.11548555321506944,0.05700284963070928,0.08952803027611823,0.07742818704965765
2000-10,0.08398340898184288,0.02175316092284912,0.042486783840077584,0.12670037696593478,0.05448127249177259,0.03173008929559215,0.09923768923888379,0.07957580057456624,0.04203645131422385,0.07473261727266932,0.11442347345194952,0.05096075677600658,0.09675133053258451,0.08114678834104701
2000-11,0.09942112808545138,0.023482597737315054,0.04462922476977072,0.11526516730734815,0.06365668534705834,0.02695434786930822,0.09718495217575161,0.07477642016656795,0.04029549339137743,0.07754288022334478,0.11025321281683857,0.047096746683828974,0.10000981728931517,0.07943132613672349
2000-12,0.10651824060086496,0.02178195719762773,0.043220031188421736,0.10906769300332378,0.07020287441550027,0.019209126611896055,0.0571944854503904,0.08728249335169135,0.04380471045978787,0.08198489481255616,0.09477685551645838,0.04213747844510581,0.13482045480462784,0.08799870414174767
2001-01,0.10084643275576446,0.02272222238797664,0.04590773079654021,0.10784382065436349,0.07270083531179829,0.017811704058249053,0.050472899267998986,0.09015638317263626,0.04515824674854776,0.07727531299978022,0.0942552200382143,0.039294592550530784,0.14817081867521553,0.08738378058238414
2001-02,0.11066385147911943,0.024824440128652127,0.047249144757720386,0.11244571153383372,0.06687378413132879,0.019245892964016322,0.06619560993082715,0.06996195409366217,0.05129787371320314,0.0687285500233594,0.1104327704939779,0.04133680267352126,0.13108904292453824,0.07965457115223992
2001-03,0.10644759371057845,0.027452288915417147,0.04411855110961435,0.10977673857694999,0.06561555020208142,0.013909666520865034,0.05255181244958889,0.08460216398531321,0.047356697749853356,0.069002166511755,0.09303928519581073,0.041268552332927415,0.16016493904452228,0.08469399369472283
2001-04,0.09829242351929562,0.028238758354922847,0.04158369563600297,0.11460787694946158,0.05963402764324213,0.012521202965812083,0.04883602017713509,0.0922336755416276,0.047936700895639964,0.06058803481672575,0.09013181001888626,0.03803838765547012,0.17522371534689204,0.09213367047888597
2001-05,0.10073550964002252,0.10866142908288416,0.04654149299888962,0.058531322135124984,0.04826862438678507,0.055690058686166555,0.09161544757156911,0.08246388262251099,0.09564429649043765,0.048430020391330764,0.03999060544038604,0.03340656200664089,0.1492689119796286,0.04075183656762293
2001-06,0.10943520523746132,0.10621492045263341,0.04718439500610621,0.05696273030496103,0.04994568989993521,0.05164388742040556,0.08690327724664551,0.08149734328028613,0.09970399337335686,0.049841636511027645,0.04174834720147245,0.03466890091462981,0.1434010420719421,0.04084863107913661
2001-07,0.10812477597961627,0.11899332161312332,0.042022922317138264,0.05002511034293267,0.05073105207699934,0.05559059182160729,0.08384521104916187,0.06944415480183937,0.09664815583234333,0.048632781909396634,0.04466536194883668,0.03512062336413468,0.15315939891493516,0.04299653802793511
2001-08,0.10262953511388641,0.12110872027958651,0.04254695874469595,0.04812509395026915,0.05155544956084117,0.04758680698181061,0.08029991511683415,0.06205418272014519,0.10152653270962037,0.05109446271591691,0.04400096960593575,0.030882842941492093,0.17150585366715093,0.04508267589181483
2001-09,0.11949653430066884,0.10438413580567395,0.04125533622073903,0.04636732634364439,0.05572535201967923,0.03884711176825993,0.06668041020385751,0.0661079828931215,0.09472980898891802,0.05009140347941756,0.040901374034569796,0.02827099173445164,0.20135273811092627,0.04578949409607226
2001-10,0.12369864267800139,0.07462815280399715,0.029285997455191337,0.0445634630100628,0.054915050200081104,0.02874108017088885,0.07093084272559873,0.05892912404301278,0.08493500143537652,0.05611213726969374,0.040176151003009676,0.021832340988345154,0.25619314073838817,0.0550588754783525
2001-11,0.12255353680358168,0.07321794685234183,0.031073599722692267,0.047218077488822646,0.05532493655744423,0.03491724747937243,0.052759041332597116,0.05909886288660814,0.0842501817882089,0.05530614714520568,0.03722455891446679,0.021234233435792893,0.27311062726431573,0.05271100232854974
2001-12,0.12243626562675347,0.0868055110507248,0.036170827731504436,0.04271803838633039,0.062248298010754495,0.04216726290213308,0.058003787700842586,0.055683345400177144,0.0939021709446592,0.05907921239805735,0.04133064066683232,0.02485267768993268,0.2235883437942643,0.0510136176970337
2002-01,0.1283411851641044,0.08522682652778896,0.03835181500696483,0.04663480812216242,0.06119019557428834,0.041025484606569046,0.06027396749590704,0.060251112697772134,0.10215495246358787,0.054474633400582756,0.0432039656843602,0.026747326692198706,0.2034009013052683,0.04872282525844508
2002-02,0.1287859643437386,0.08904432554112504,0.04084258193115089,0.044929461404690514,0.06235014181669395,0.041292779984569705,0.05095281141390612,0.05422777336375891,0.10571172756103946,0.052128468027092645,0.042742379506397504,0.026100151618617094,0.20670251410588067,0.054188919381339073
2002-03,0.1352853367167334,0.09018286781504183,0.043115040340732005,0.04802984137129834,0.06499174406756464,0.032189026689538824,0.046305264555885746,0.051958241733660586,0.10061996631683554,0.04978451438442729,0.04031800675657263,0.02633361211716853,0.21258684275322512,0.05829969438131549
2002-04,0.09487123716777857,0.04405304269125764,0.047990609410706146,0.06059417968043718,0.05256621948758786,0.03794288717094023,0.15152128117906352,0.13042201628852307,0.054703577129083955,0.07118602131655408,0.06547015790919135,0.034704562048546876,0.1105999192659475,0.04337428925438221
2002-05,0.10373672374481745,0.046419855469278265,0.049191715053207144,0.05931431258185404,0.05298099525025224,0.0347888054061295,0.12935606092154553,0.13647332965172884,0.05603785948878081,0.06848609410189686,0.06816391342043758,0.032661693501845696,0.11853037007751548,0.04385827133071067
2002-06,0.10734882344994229,0.046637897707445086,0.04921953133569999,0.05929184865083575,0.05411559026158418,0.033950864870220386,0.13655929763350425,0.12359798407665942,0.05586022133717646,0.06785861125322923,0.06908701830120914,0.03223734516292392,0.12003978975182693,0.044195176207743
2002-07,0.11050795867257095,0.045375500996439375,0.05066528387111155,0.06337208286406242,0.05769097696618872,0.03142385636312674,0.11667684210113592,0.12132634824441323,0.0569766296415978,0.06558935225131284,0.0718420507621579,0.031423869026114236,0.13218999368494996,0.04493925455481833
2002-08,0.11396243782882,0.04284949959201139,0.04846992186697158,0.05850210021403055,0.06023029351518683,0.030865678703701608,0.10651062591199248,0.1029340097409582,0.05380481554989541,0.07189231670342937,0.0736629036194666,0.032542057465554115,0.1591695308871192,0.04460380840086275
2002-09,0.1133871026731079,0.042399355965651815,0.04618167355053299,0.05792095367766484,0.06010874599908391,0.03024699052444875,0.10397634572041975,0.10510671698498816,0.05372318700448055,0.07063751880881847,0.07352821769254603,0.031513369655411905,0.16700703862342628,0.04426278311941881
2002-10,0.13792805750927178,0.09318028133758964,0.04377941008324729,0.051329099474299894,0.06965954651194156,0.03151102475576479,0.040175083395176864,0.05704460940742348,0.09650695545855441,0.046543343114405916,0.042723761349002465,0.025577095332151464,0.2034433854266648,0.060598346844505754
2002-11,0.0981403928590146,0.02900875384403479,0.04444502109701074,0.12139039162483996,0.06295276467685831,0.01337572308347732,0.04135333990503216,0.08548028536441807,0.04868635338254996,0.05903660225256792,0.09175910666462413,0.03982086386726153,0.17074696365416456,0.09380343772414607
2002-12,0.09658076419244073,0.03204233246149372,0.04906603536349853,0.1307459289680899,0.06337743849300907,0.014129438524459892,0.04696849660831718,0.08541488771771127,0.047994214312424024,0.06050106354441137,0.09937673866566858,0.04255441793164183,0.14360510923840442,0.0876431339784296
2003-01,0.09357919491035696,0.02957898403051489,0.044608558816302823,0.12836482018713585,0.06179509870734523,0.012820769298579171,0.03904832184855099,0.09386260274650195,0.042276852474117874,0.056031182424118565,0.08714470897113842,0.03814715430842122,0.17547942013467133,0.09726233114224474
2003-02,0.08926263328645917,0.02878887043861214,0.04232323155823394,0.1273924306673186,0.05980520200887698,0.013010905007592805,0.03684878282399082,0.0904580067619919,0.04019262386621433,0.057954191148887384,0.088603112118947,0.0363302972343335,0.17437558802504288,0.11465412505349865
2003-03,0.08417591161547326,0.02657645631490244,0.04125897130435788,0.1339638130188419,0.05629023301113236,0.013481446718022686,0.032135928781607204,0.08249240020771055,0.03979343178126968,0.05635104214170323,0.08350507923058402,0.036119138604573275,0.19680670603766862,0.11704944123215277
2003-04,0.0779195894701228,0.02570529046935977,0.040271598900294976,0.13437963258744212,0.06326837537987372,0.013688486042184637,0.03241048707280082,0.08989011609460885,0.04319289543740973,0.05994230535154069,0.08198711830016422,0.03843213583200193,0.1912578766180622,0.10765409244413354
2003-05,0.07995442427939754,0.029160716300883727,0.04166010634582582,0.12809332704409343,0.06546879802254,0.013484806679366744,0.03546824259259723,0.09669527280714355,0.045914222288234954,0.05991422077448873,0.09289174946536559,0.04322134535480468,0.1741017844718305,0.09397098357342748
2003-06,0.08355655513528781,0.027584833249918166,0.041532930219520744,0.12995926486350556,0.06067669492581481,0.013759185727521675,0.03577960981288658,0.10273393363258411,0.04352505777634666,0.057189789170739865,0.09034413980547658,0.04156779080811138,0.17908602328480466,0.09270419158748157
2003-07,0.08614635563472439,0.02858971422626684,0.04277118104070965,0.12683056241269014,0.057787231942550345,0.013681986088013067,0.03704968012978861,0.10472657737510577,0.04601287395669243,0.06140711606012126,0.09111971107596827,0.04259662471316405,0.16920702024385234,0.0920733651003528
2003-08,0.1455143609654325,0.08839230938051157,0.04561475173090439,0.05101360987607835,0.0714756094330212,0.03836683095816646,0.05196951761750352,0.054031982748833994,0.10415243710620387,0.049480937161438227,0.04662870787379203,0.02640419708851659,0.17124012354963497,0.05571462450996225
2003-09,0.11173128149921845,0.0403284548332169,0.04416637541488709,0.05608510022701811,0.06109667326810083,0.027499359986575888,0.09872888588389156,0.0923180192912252,0.052263817706928874,0.07265077174517963,0.07057703547877621,0.029376517612333924,0.19842845755272204,0.044749249499925196
2003-10,0.11379091064138644,0.03801509453639547,0.04091323391716833,0.05387851101284104,0.06013207506894782,0.026657905850424844,0.09162917897227435,0.09616044703011102,0.04911850411952516,0.07258955218762758,0.07077549239597732,0.02851637766956883,0.2131071861490481,0.044715530448703494
2003-11,0.11592503382407757,0.0395646227828146,0.04400635337418903,0.05358836556948208,0.06168060159373657,0.027891761101794213,0.09448702343157313,0.09514056334909192,0.051725252133671386,0.07089490177544207,0.07293034528696431,0.029367306498946817,0.1979896795289601,0.04480818974925629
2003-12,0.11945284032917641,0.0400727246376548,0.04456016343234,0.05307608030069676,0.06139464864483156,0.02784452542313271,0.09263677400231712,0.09500528039235173,0.051279276171779686,0.07131052846311198,0.07278032332408545,0.029357536794740985,0.19598633133290871,0.0452429667508722
2004-01,0.1188113331036196,0.04176946488601029,0.04548418179572234,0.05578021792531825,0.062034724422705224,0.02720486560816627,0.09448819550939788,0.09656381240151875,0.0485122666582649,0.07173119982724802,0.07261481854251634,0.029362155499625075,0.1908341122633817,0.044808651556505485
2004-02,0.11724871503464669,0.04081497794066236,0.044351218372377,0.055006148676422235,0.06085045064934384,0.027749629935939636,0.09485614156896481,0.09750196667954784,0.04797379267242964,0.07293269336108239,0.07414509922618948,0.029364771024586254,0.1924197935234906,0.04478460133431723
2004-03,0.11770737521616816,0.04012997550201941,0.044236247181868055,0.05648323099065064,0.06125070327844213,0.026858164581311034,0.09138506412376468,0.09758667003208173,0.04981760889395406,0.07134301410595367,0.07390321131305615,0.029155758605727743,0.1955268883237997,0.04461608785120284
2004-04,0.11797185733234401,0.039541649712585274,0.04391031424395179,0.05641143315152566,0.06154023807521432,0.02618926088083887,0.08918509645389644,0.09920416357322516,0.049955470654427306,0.06820172010843364,0.07342247467431297,0.02889812044978594,0.20109667822573818,0.04447152246372064
2004-05,0.12314751066254719,0.042037274525997544,0.0449682713997012,0.06018295547874582,0.06460231813563326,0.025975566064167597,0.09126957555462886,0.09644966782874063,0.050003389580600466,0.07318364191860825,0.07141552383930323,0.029339068286401752,0.18136304571049414,0.046062191014430084
2004-06,0.1198611552351424,0.041648938276681986,0.04625250535493721,0.0609718663957359,0.06591111287900414,0.02741150453448935,0.08809138313444068,0.09867349559621319,0.05049507014674699,0.0731083902503366,0.07294955275882231,0.030334491617709788,0.17969183780531264,0.04459869601442694
2004-07,0.044092004378048374,0.01327686586678099,0.04539759315910881,0.10444666349388404,0.0343645439747296,0.05822707511020842,0.09830729746730565,0.06440687299749748,0.020167558855027124,0.07081853763753568,0.04152105691014269,0.020122279371578754,0.1559994876781226,0.22885216310002973
2004-08,0.039955240733437716,0.012854545423645175,0.04293445708591626,0.1097966217686059,0.03250062539590084,0.052046811286275384,0.09640444003698194,0.06700539641077143,0.019522000499930144,0.0640775424609442,0.04044359215155069,0.019897950344634797,0.1664675660426027,0.23609321035880287
2004-09,0.039449802584820996,0.012224382564360219,0.041842195367202066,0.10442562844896544,0.033789870851038274,0.04808967555989386,0.0955491407422929,0.07008278356026562,0.018788561222073587,0.0638602417870457,0.041169007738918434,0.019258718801292735,0.17888008982231085,0.2325899009495194
2004-10,0.03741873505113572,0.012526504333872583,0.04259678366388122,0.1134534728571745,0.03308911038033728,0.04879137811294246,0.09486994129012952,0.07046631833713991,0.01919429103538749,0.0609677167862447,0.040310960223673746,0.019866885084971555,0.17631527457396115,0.2301326282691482
2004-11,0.03813135334694726,0.011994293423025323,0.04063693559904092,0.10974084988801411,0.03155869445826873,0.04993034160507851,0.09611910292804757,0.07405274090452268,0.01966365240226791,0.0570475431674027,0.03952106573375223,0.020116550186457555,0.17701540805317997,0.23447146830399448
2004-12,0.08480187260107167,0.03483572872838443,0.05173975616524063,0.13133623832228736,0.06509663269084505,0.015731725688109068,0.03709340856685949,0.09849621174934768,0.050531560355010295,0.06122487823079627,0.10127935492352354,0.0466603784747003,0.12673054522479815,0.09444170827902615
2005-01,0.08884697431734674,0.0359247131986601,0.051304076070078766,0.12026566458878708,0.06646150582903673,0.015514013378175815,0.03814359822782979,0.09908591135355235,0.05113037593654193,0.06427816221177272,0.10437454692393854,0.048324217537763385,0.12551833458462228,0.09082790584189383
2005-02,0.08876225493605842,0.03271374856565117,0.050108573627138046,0.12618583448630485,0.06554292735482156,0.015243624912976097,0.03657656399789231,0.10319311094013235,0.051029073788442236,0.06001403367167401,0.0980960140149083,0.04698843896358877,0.13771176090396448,0.0878340398364475
2005-03,0.08368923034053291,0.0326125756039629,0.05157200374350923,0.14686872756537,0.06724734146296589,0.015935702346554552,0.03686151602486194,0.10125148812087337,0.04958214113579286,0.05989565193036824,0.08930245115996374,0.045888935849781834,0.1325805361274885,0.08671169858797412
2005-04,0.0842321136953771,0.029151840479324755,0.05132040851773753,0.14073658001919187,0.06761108274199595,0.015827787597327267,0.03773221874408741,0.10498056788229415,0.0510143612676565,0.06085231311004449,0.08621171308580146,0.0465453825755954,0.13166321490027014,0.09212041538329613
2005-05,0.03921424050061932,0.012228354626197924,0.04248228148210056,0.11409990686186963,0.03284226212994136,0.04978098105526334,0.09573913515057061,0.07845607230457627,0.019720118026217898,0.05584236799649517,0.039834972795127474,0.02059493805082503,0.16292876959263494,0.23623559942756034
2005-06,0.0841835205535126,0.025148640385133293,0.04787656308630891,0.1281803738423906,0.06368613288015047,0.015550118955262034,0.037208727097614185,0.11158268677073344,0.04796109109962167,0.06636091953707117,0.08658917151874969,0.04531514810222652,0.14817479907377057,0.0921821070974549
2005-07,0.07863316981521816,0.0258187738986633,0.046197513103969134,0.13353324641067693,0.059517715778512885,0.01533331364710331,0.037090895094017966,0.11836620535954334,0.0485229958472379,0.06385975483883866,0.08618868533126792,0.04388474978206927,0.14990910057659124,0.09314388051629005
2005-08,0.139372136634313,0.09190762601258055,0.04927650363638532,0.05892565574970513,0.06997734352382594,0.03858117068834989,0.04911267108820069,0.05934638407399283,0.11000421365441153,0.04318336461742204,0.04384126051538146,0.027551161118457738,0.16326567995719465,0.05565482872977936
2005-09,0.14505923417466438,0.0893011233390757,0.04852223652654247,0.06514183255378325,0.06469817503034352,0.03794058288251341,0.04682911716809402,0.05993033227245761,0.10065567422172686,0.04187196748278187,0.041881646255112606,0.025394837298254713,0.1771574622357117,0.05561577855893793
2005-10,0.0387652942530768,0.012738106791298612,0.04355179623504224,0.12007445034492668,0.0313764119920571,0.05266090596879764,0.09542088146641446,0.08006812751783797,0.02012124666132346,0.05493469935861459,0.04016949276280761,0.02033213045190626,0.16225285819327157,0.22753359800262501
2005-11,0.07885399899197076,0.02681394987783016,0.04918052136213109,0.1384829141648254,0.061332546243229216,0.016284702782124835,0.037955782953694006,0.11881862055000085,0.05047520164997806,0.0644973820455353,0.08511421100218426,0.04492255307565764,0.1361708099862679,0.09109680531457055
2005-12,0.07782904401371687,0.026526132035540967,0.05233981892883306,0.1372673292336535,0.06200119613249187,0.016703111261887702,0.03798094611937301,0.11508177701674212,0.05158640922061108,0.06396113535334585,0.08840949446477302,0.047003644766085255,0.13389264293750167,0.08941731851544418
2006-01,0.03880472366729387,0.011859791530732506,0.043435093938975475,0.10456451761249841,0.03205237700727057,0.05392994094006658,0.09407207649516695,0.070212658179153,0.021069003386298732,0.05422198115637878,0.04364706607126562,0.020492701563714143,0.15792128878471215,0.25371677966647327
2006-02,0.037384271519725266,0.012712985688953342,0.04453802848800556,0.11009788262862022,0.032210659676803206,0.05304282402910205,0.09290687629994983,0.07053930555538089,0.021095632923898607,0.053009137452242235,0.04225301183160819,0.020631251390071575,0.14901574815011406,0.260562384365525
2006-03,0.03784041814916061,0.012361843392454414,0.045470286018652696,0.09763678920092725,0.03211532965043106,0.05266998580186355,0.09884331223614423,0.07047744744787653,0.021226158361444182,0.05386360528891102,0.043232315135125716,0.020316572254800692,0.14782235437037566,0.2661235826918324
2006-04,0.03861489797637675,0.012938317463046061,0.04823493008860542,0.10249864374833273,0.03221285106975207,0.05435367738990885,0.1012424701905107,0.06530634746193696,0.02203006680348529,0.05294736252629339,0.043566664176283916,0.021659367166481185,0.1380243664060567,0.26637003753292976
2006-05,0.03823772832416716,0.013205858088497769,0.0490404545219953,0.10145041873175649,0.03271574450339494,0.05143481377092733,0.09759762168260139,0.06554986892743357,0.02146573288776738,0.049817154141565144,0.04350732625409615,0.021726935911501145,0.13124279762007598,0.28300754463422023
2006-06,0.12102001175640126,0.04093802458663572,0.04852238269103778,0.06443574738688454,0.06652542531961948,0.026457578063499937,0.08752164162046257,0.10304458417700471,0.04926872435894324,0.07014946221467412,0.07287723767767132,0.030466302444670607,0.17409319817801458,0.04467967952448014
2006-07,0.038212983799297266,0.01321393156954328,0.04584798867709147,0.09510983656517707,0.03076196456269598,0.04670333512220659,0.09621850545372282,0.06655354578509884,0.020694338691745553,0.04746282032080381,0.04060808735624776,0.02084264096959755,0.12889861645951528,0.3088714046672567
2006-08,0.03937632967713013,0.01321910999419943,0.04169460578163243,0.09431810332157774,0.029876378335820335,0.043419759740807806,0.09383200936710585,0.07023690100525071,0.01986628517833267,0.0484858633505309,0.040073703269059555,0.019703706208503053,0.13368525859557387,0.3122119861744755
2006-09,0.03987287779698279,0.01288095819512525,0.04096745868333882,0.08993635814172603,0.031072856038615884,0.045571447427654295,0.09586622683378063,0.07082013513848967,0.01954243498134104,0.048754406181123255,0.03987472481677179,0.019415957660437355,0.13587669436380306,0.30954746374081027
2006-10,0.07643837823072432,0.02629197925966849,0.05282635985498265,0.13445027161764095,0.062141322987580405,0.016051682371172073,0.037425692410498757,0.115705951662516,0.05006318925928315,0.06477807309332693,0.08687978720082822,0.045988378023348556,0.1341805624297978,0.09677837159863174
2006-11,0.1540533307427113,0.08519568425499995,0.050525681151137064,0.07255017018754606,0.06646040249360904,0.037903766118663376,0.04585689114818974,0.06531210485277313,0.10168417421610115,0.03857462947594322,0.0430335453339925,0.025323549500021383,0.15407070274816878,0.059455367776143485
2006-12,0.15631116155153119,0.08505984235517569,0.05270482474007135,0.0805479272671426,0.06508500838504218,0.037433047652159816,0.04331448120519855,0.06622591224118106,0.09619335326101701,0.03585168400181136,0.041181245669855295,0.02482890335401499,0.15298695938497792,0.062275648930820805
2007-01,0.16375124283924933,0.08303432690166418,0.0523287358871336,0.07646726263989824,0.0670355747293083,0.03663503658836556,0.047447452594880875,0.0669436141653027,0.09861669452679747,0.035663862460489096,0.044527474575416025,0.02585555966999508,0.1393960951529992,0.062297067268500234
2007-02,0.1627563392815521,0.08478472431887082,0.05465263461871154,0.07196905106484204,0.06958136046441889,0.036995244049975055,0.04924679854924843,0.06593039494467329,0.10219700495404307,0.03789274850592047,0.04370904311997968,0.02680148910215848,0.13158147246895827,0.06190169455664788
2007-03,0.15827205043419093,0.08470085387609606,0.055455366714410106,0.06809409422299066,0.06966719519548722,0.03499377378552702,0.045035991187587436,0.07268240706712036,0.1019828098534944,0.034273722486044336,0.040382057236162824,0.024862182123494603,0.14267688132086875,0.06692061449652537
2007-04,0.11627828463842733,0.041959129453743235,0.04811790459256524,0.06605959200749108,0.06584573402877635,0.026858432125334036,0.08982504742216801,0.10667355928860842,0.04936211409707284,0.06860067038703886,0.07058212689093747,0.031055932688543095,0.17538933233148193,0.0433921400478121
2007-05,0.1603513106628585,0.07987306634404451,0.05667450811873396,0.07475422374396856,0.06867006702012925,0.03506181184425399,0.04666172575084147,0.07985208290626085,0.09839460826862632,0.0341799122346533,0.03936466362411032,0.024801970978744696,0.13599225081234104,0.0653677976904333
2007-06,0.11678515293147777,0.04278872460483002,0.04918302658782931,0.06709983105439615,0.06539942565721399,0.027106007800758634,0.0892285651773667,0.10758552858904226,0.048977705567799824,0.0701498809417627,0.07081848683086292,0.031033535315625145,0.1705437347723796,0.04330039416865511
2007-07,0.1184355556476039,0.04456837390935432,0.0499487830792393,0.06925370975045494,0.06623016885684209,0.02774800952016632,0.0893448590211146,0.1018480283771939,0.048959383798053716,0.06909347778540795,0.06938930576179834,0.031253439598468616,0.1705719999918367,0.04335490490246524
2007-08,0.03925760087761711,0.013149868274236653,0.04349246434726404,0.08934341369457363,0.0317969976001141,0.04836104806550278,0.10542272330751236,0.0685198357713433,0.020383832104607886,0.049420116497408795,0.04122762734407506,0.01982659651949714,0.136288220500991,0.29350965509525634
2007-09,0.039639274745596205,0.012602028136323508,0.04271288227722589,0.08842090368660976,0.032437701554534154,0.049169133191843156,0.1025049246274159,0.06949719170992073,0.02039619108390754,0.050191939051191604,0.04146135117526045,0.01958157821863183,0.14169348033001394,0.28969142021152544
2007-10,0.07583156568141813,0.026900258325244727,0.05520072172473414,0.13951525305265802,0.06412347458772287,0.016356307989483863,0.039055986323406996,0.11976281384881826,0.04952728412308301,0.06251931610735802,0.08264899552162959,0.04721007742556883,0.12955223889736847,0.09179570639150507
2007-11,0.07560337899536193,0.026434295730947195,0.05359946745345135,0.13941408102447908,0.06399046936408076,0.017060029504233958,0.03654065133965886,0.12743958361725247,0.04860986327479214,0.0615614597588893,0.07781182790930187,0.047739136462520766,0.12944557573823398,0.09475017982679634
2007-12,0.07739693377405807,0.023513400854770557,0.050582481876592034,0.13009506284001648,0.06513777885624547,0.01594385779301875,0.03317539426484601,0.1263508199659403,0.04642635396683142,0.06223633140478836,0.07051642051967143,0.04426043951636377,0.15001464914945054,0.1043500752174069
2008-01,0.07536740757485348,0.023138254892463194,0.05102260695363891,0.14256550853033872,0.06664987221365015,0.01652019709570244,0.03347454907508962,0.12669434714349165,0.04461012756661552,0.05824913400128908,0.06541167154767945,0.04269826847474941,0.14957031515942712,0.10402773977101121
2008-02,0.07181002898395338,0.02212591498511365,0.04692841580230203,0.12792150716699857,0.06079129310956814,0.014673619450891478,0.02994094622695313,0.11533711997878535,0.04648582514941298,0.05656785075669717,0.0678816631919451,0.042319528404535386,0.172608836279527,0.12460745051331662
2008-03,0.0711014611199546,0.020975304420679845,0.04694891414295467,0.13772278384860165,0.06339251130973951,0.014663195168768826,0.028949424083988446,0.10715021945629782,0.04351212472611249,0.05585528330260913,0.05604478712346875,0.04081842569879157,0.18270263186842603,0.13016293372960674
2008-04,0.07200083604062371,0.019773424412468824,0.0460731670985047,0.13077026945116013,0.06431358100388215,0.014731659350215365,0.02880176265054437,0.10787433587934235,0.044400893627617254,0.05410539547170028,0.05254169797470023,0.041319722768293994,0.18630761940889065,0.13698563486205612
2008-05,0.0688638790912341,0.021112732517142838,0.0490075257171811,0.14373939043766332,0.06532729498671262,0.015481785266252823,0.030331086713800106,0.11546576298379188,0.04627610293650437,0.05319102381190992,0.05506170877913082,0.040588616562752915,0.17065193048889052,0.12490115970703267
2008-06,0.07159632921333538,0.021287146289125567,0.05134189156981653,0.14985737661912668,0.06599674776362896,0.01627147479644574,0.032313416657888436,0.12054894675684619,0.04646703636435572,0.05376053610461438,0.05110926498991176,0.040457663934570905,0.15880615903979986,0.12018600990053394
2008-07,0.06508704443579323,0.018374044663243598,0.045372242960926394,0.15605683582470295,0.06246646571639246,0.017001212393206906,0.03019579070348567,0.12200530495667938,0.04394086840725042,0.05490897270583845,0.04031792105654935,0.03701213957562788,0.18010646909362085,0.12715468750668255
2008-08,0.0701296133497206,0.017627249911609594,0.045145121181277045,0.12936532302642412,0.06804681967260655,0.01642162948514464,0.028084244933206493,0.11358041478946164,0.04565447057605222,0.0617479891233749,0.045118279387336896,0.037790382370594684,0.18158524564722553,0.13970321654596501
2008-09,0.07228187722395096,0.01747439854079973,0.045897546706970466,0.13121805848890733,0.06956211830337897,0.01637985540269594,0.029059775284251528,0.11361743497224716,0.04879042480270763,0.06324903167266524,0.04518582737220504,0.03813116064064036,0.18711993755267176,0.12203255303590799
2008-10,0.07758591077781951,0.017209584961684354,0.0386616318248154,0.1178957961014175,0.06521103527076953,0.01580104246159017,0.025657912830161944,0.0976481011807045,0.05029036273276794,0.06437945911702941,0.047387481235154426,0.037482045125718094,0.21054226148738212,0.13424737489298502
2008-11,0.07155083832100007,0.013593834013989978,0.03164467153159277,0.1020396784696557,0.0582920285323556,0.016529830621492807,0.024844545156604704,0.09320286309227113,0.04826999057212673,0.06516902851999666,0.041389869375602024,0.03395611819458229,0.24430950531791457,0.15520719828081508
2008-12,0.06481580482271722,0.012643208895679296,0.028591184681713063,0.0981731694335172,0.05118830189414285,0.015344838016743838,0.02505569718489458,0.09182476547653078,0.042902465815878144,0.05729212015298481,0.03390487429410646,0.029965131902201292,0.3073631128303593,0.14093532459853114
2009-01,0.16335693496319695,0.06817184935266775,0.055704255758130136,0.08152508138172343,0.06802677230687801,0.0353884041799046,0.047346698768589816,0.07503026891718276,0.09825658279149044,0.03337380514029988,0.03308288918178699,0.02381305059515738,0.1488717418414798,0.06805166482151198
2009-02,0.16326138841827362,0.05942579161492144,0.05119126288875928,0.08928418016252077,0.061983966403669745,0.040430808075198145,0.04260464845128752,0.08821903365944721,0.095770892970915,0.03825622031607573,0.022116709469450452,0.020495832488748963,0.13247438893355457,0.09448487614717745
2009-03,0.14849565164937603,0.05357963747182599,0.03935277099159604,0.07624959075671729,0.05555652733359992,0.044413625481676676,0.04283515367982744,0.06695268768167574,0.10710453366675825,0.0338580159700659,0.018290030940889577,0.01773246929431095,0.14965313800967298,0.14592616707200737
2009-04,0.1563618833989864,0.057639316123146704,0.04107397817525051,0.07334284944259357,0.056300108885022494,0.04634444234806591,0.043934767288673515,0.06387708350649185,0.11534639912210742,0.034634860370169614,0.02059758186246807,0.018882261318390804,0.14761171440434503,0.12405275375428829
2009-05,0.15208991192951893,0.07259345387495701,0.05110772838512572,0.07237116342972716,0.06307637770526987,0.050164400738335856,0.04855176923002982,0.06228241501679432,0.11886432461644386,0.0325812870668572,0.025745917427922115,0.02335913713909352,0.11887424177261072,0.10833787166731397
2009-06,0.16651013088731917,0.06518521704726883,0.05251802642087173,0.080197527488533,0.06690104229172263,0.04920315918306221,0.0464682380315115,0.06487088936747488,0.10998571131372241,0.0344391245116427,0.028333326794198064,0.02318392593405361,0.10230091666041671,0.10990276406820267
2009-07,0.16813346431344045,0.0690351654513563,0.050731072266732846,0.07185519375153311,0.06205050191531508,0.05215039400400714,0.04748191212571611,0.07185524450807436,0.10847886470775034,0.03673119747093623,0.027009771282234914,0.021898337083951735,0.09988197168947285,0.11270690942947853
2009-08,0.16530784545737043,0.07430252208467819,0.05371780172342025,0.07026131340286541,0.0681135634071989,0.05202866797031883,0.048265891388794724,0.07192950570795055,0.10505007950672635,0.03807636617767865,0.028870896304992445,0.024400565608465152,0.09595766432837341,0.10371731693116665
2009-09,0.16473229759552155,0.07475404777377262,0.05625899488528246,0.06866853841702794,0.0655923181982511,0.05188483197762483,0.04687404252865328,0.06950739944731164,0.10952692867585105,0.03795109048890113,0.032221938321160715,0.024888688210169374,0.09545476875200107,0.10168411472847126
2009-10,0.1675759071095871,0.07163942664100229,0.05813210476835932,0.06940145842641735,0.06881780149727211,0.05179994688891086,0.04878483023334877,0.06814070843380725,0.1064041391159343,0.03694428615688147,0.03075387267711793,0.025733264130241892,0.09237331411526788,0.10349893980585143
2009-11,0.12164148511471144,0.03984431431208834,0.048629866462002486,0.0691250072201739,0.06866491770994128,0.02740096065678249,0.08513962944235628,0.09718404475634868,0.04712219674069387,0.06945491752010383,0.05982288210767018,0.029381108938440124,0.193265511761687,0.043323157257000165
2009-12,0.12234684695111583,0.04067958737123753,0.04929503151218031,0.06783865086704344,0.07050516759288578,0.02690721437491348,0.08624057192074673,0.09731879581038294,0.04685059738848248,0.07085740501459219,0.059756551882597944,0.02970010522671339,0.18950035205128135,0.04220312203582666
2010-01,0.03938519919372107,0.012199066781939988,0.04011889094013646,0.08506606500121645,0.032851831370862554,0.04798277295143734,0.09084601021272558,0.06662462684736681,0.019695406531954153,0.04934265213899809,0.03575464935601867,0.018876553555633516,0.1430163129777283,0.31823996214026107
2010-02,0.03845723090558346,0.01184473234019932,0.038556251371149694,0.0827980315224955,0.032708771702913246,0.044824991043876224,0.08342367984156597,0.06168932877808166,0.01910430390595398,0.050689384138135944,0.03621238499619678,0.018736438237594688,0.1544118318964489,0.3265426393198047
2010-03,0.03898512506589426,0.012178842540113295,0.040756836790958456,0.08563759547433421,0.033584185553709456,0.046471188875205655,0.08673290655498059,0.05962355018177794,0.019238541968009098,0.050111759695758575,0.03681550373003034,0.019001033365041255,0.15157042238422905,0.3192925078199578
2010-04,0.04037076654492761,0.01274589888928756,0.04286897101023539,0.086196735596927,0.03383075995141763,0.0476296835385122,0.0926087603089512,0.059842007354988,0.01958675520254533,0.05036386830238147,0.0388814004668394,0.01974663253340343,0.13907785578095022,0.3162499045186335
2010-05,0.038177078406762904,0.013246870709214797,0.04354616822389421,0.08769973808779441,0.03307724717291433,0.047053207650086804,0.09424839056944569,0.06036424181559267,0.019311735308186206,0.04702660689028155,0.03799352296967528,0.01959270430013168,0.13886749694818273,0.31979499094783675
2010-06,0.03539241889017314,0.012183918574260145,0.038332002920898035,0.07457693384143452,0.030383329596763802,0.04341136337098996,0.0853724098904223,0.053773309692564386,0.01855125469374631,0.041890670424732906,0.03358207152561797,0.017985105606684624,0.164565210971712,0.35000000000000003
2010-07,0.03528119642907861,0.011335547362501175,0.03535885074618253,0.06750336835311613,0.029242373305731647,0.04072363977973508,0.07934092932445078,0.05465554112929052,0.01716424492618332,0.041754809203009544,0.030788899597738024,0.017540630573640713,0.189309969269342,0.35000000000000003
2010-08,0.036431452692655845,0.011925191743407242,0.037539232032315135,0.07099186434748248,0.030270747133262974,0.04152877734900077,0.08650958140995325,0.056537965680477364,0.016453447937039886,0.04053507039944128,0.03123371350681107,0.017371813850843822,0.18074333379085541,0.34192780812645346
2010-09,0.035805470309887094,0.010992009546711604,0.033457056234469804,0.06596556528955,0.029558242511532738,0.038014836278395206,0.08140007729060222,0.05708377038664656,0.016025165575795364,0.03945911073595677,0.02755297211326206,0.016651140413604517,0.20793399825723627,0.3401005850563498
2010-10,0.16408343087513844,0.0727884380384482,0.05488472765499288,0.0711633186903291,0.06778924754831504,0.05089245034235415,0.04655613042329353,0.06483257657314268,0.10603599018386176,0.034842862453659605,0.02807699800407057,0.023845585683993933,0.09495243938474279,0.11925580414365712
2010-11,0.16242020237718197,0.07404829017319473,0.055077990889680316,0.0714459492865476,0.07050125187587765,0.05161196921851259,0.04774555085235499,0.06396270171553514,0.10116776225564587,0.03476458050200811,0.0276661814616453,0.02403064038289624,0.09019719663561873,0.12535973237330056
2010-12,0.12450815998551538,0.04334238550054319,0.05146625118267736,0.06644155410429121,0.0697256231313885,0.028054642193816648,0.09123597734958695,0.10269579815624132,0.04758229933168463,0.07088850037170129,0.058696969996272115,0.030320014096346097,0.1721194068289477,0.04292241777098763
2011-01,0.1234923365486695,0.04495869573553636,0.053081830200440695,0.06915422022819417,0.07119846880310564,0.028800392854837525,0.09285200275614536,0.10258966379179146,0.0476688294433732,0.07145423138521725,0.06154430125949711,0.031732081788727974,0.15794704617263072,0.043525899031833036
2011-02,0.11835701009853881,0.04464416192725886,0.055178250686638404,0.07334155354485246,0.07075791987541448,0.029692299951207035,0.09217629677756088,0.10483357986809577,0.047023330331802934,0.07038462745663294,0.06276625395293298,0.03213357691101686,0.15507168562446783,0.04363945299357971
2011-03,0.11870517312237065,0.042762862152640996,0.055285892465123145,0.07549071033948414,0.07063199985849204,0.02967652217460956,0.0947960643599903,0.1042984612740721,0.0468020439039505,0.0701157413093048,0.06229752304099767,0.03248446520534842,0.15302440896770952,0.04362813182590615
2011-04,0.036427239330084814,0.01155794869599145,0.036164280347368925,0.07069221795296865,0.029881412547755996,0.0397121764243144,0.08621051785002758,0.05643176620413625,0.01666670918246732,0.04056893684379599,0.02803461949684475,0.017311026335978846,0.18818234908556233,0.3421587997027027
2011-05,0.03717069952094445,0.011438953404600462,0.03546242072822051,0.06888480807938549,0.03047955925134407,0.039179420404914546,0.08622199410967,0.05759318423909943,0.016831703653630837,0.041902331908941624,0.02711021651247466,0.01696423668261515,0.18748284322565759,0.34327762827850117
2011-06,0.03774349447787909,0.0109555234873533,0.033439055684498536,0.06307201645608197,0.029868515100487658,0.037700631965211534,0.08496267354649852,0.05809252969592642,0.016910346691969814,0.04233735552435147,0.025786105982670667,0.01628420110255975,0.19904804477495658,0.34379950550955474
2011-07,0.06435399705958607,0.012555421426301783,0.028923198319302082,0.09224074402609224,0.04836939628042622,0.01463602225262516,0.024651099539345717,0.08607014973930714,0.04374886240332607,0.05865808370749833,0.031881094698534916,0.02857241329247649,0.31658292255874176,0.14875659469643607
2011-08,0.06242388755480249,0.012074592377987687,0.027116196258620693,0.08931189643365504,0.04641850720887574,0.015169065924221207,0.02390022517191009,0.08319280919794123,0.04296372621164291,0.054911226472107964,0.030539518616937548,0.02768738627469662,0.3350713440766378,0.1492196182199631
2011-09,0.06070083596481053,0.011752770693519375,0.02557631804304111,0.07634399303757981,0.04466797535055524,0.015272272204147086,0.02390487881253663,0.08136451857704645,0.04154776631363047,0.052460159190967026,0.028095603244877677,0.026428914708984615,0.3499999999999999,0.16188399385830402
2011-10,0.059836238122325795,0.011718718118120336,0.024343781328927772,0.06848660782310478,0.04228699512283582,0.01641088743188841,0.024786969815737393,0.08366892470144817,0.042550821902827274,0.05320079390988555,0.026928354227908315,0.02543536629791919,0.35,0.17034554119707118
2011-11,0.061261473178277334,0.011867410004283737,0.025200435894252214,0.07398296540924906,0.04326181855269906,0.015498766734945794,0.023226631548105232,0.08678100713150465,0.04353330672472459,0.05296376841156285,0.027289005587574862,0.025919023627119807,0.35,0.15921438719570077
2011-12,0.06101880324761618,0.011435165997337423,0.025794653344069288,0.07354950553497173,0.0431426728020788,0.015622067487029967,0.023882093997422974,0.08553590270263896,0.04346149118644812,0.05295482820181526,0.0265106749847085,0.025900024215016648,0.35000000000000003,0.16119211629884625
2012-01,0.037442210646827186,0.010704201413646823,0.032957880144194096,0.06000620480690452,0.0290305369065497,0.03662604831134365,0.08174777294742772,0.05904241740882506,0.017066446274738016,0.04128700719668854,0.02464154093601658,0.015984832392695023,0.20346290061414316,0.35
2012-02,0.036312543979185985,0.011335812478779413,0.03507946394997811,0.06007005111303492,0.02925328851625793,0.038621753702910724,0.08458590098142073,0.05424690840706926,0.016706630379416238,0.04179824383858396,0.025625631970333188,0.0162069967383212,0.20015677394470835,0.35000000000000003
2012-03,0.12249838355298558,0.04183495292533621,0.05499215411464923,0.07434255795451883,0.07003134558230414,0.028816978836594426,0.09497136541182818,0.10513745438741824,0.046981485621773914,0.07098501814620657,0.05942727944572045,0.03146100484122486,0.15427825878983306,0.04424176038960632
2012-04,0.12320166101483057,0.042111980686743294,0.05424584306902044,0.07100039152873051,0.07024805387405968,0.03010230244481449,0.0951178847565953,0.1052133674629378,0.0488430667417002,0.07228711078256762,0.06236406465774433,0.032165612160983646,0.14887770485238638,0.04422095596688554
2012-05,0.12277836579497212,0.0391570285316,0.05332658108358601,0.06946086194596872,0.06953878530285308,0.029525400041462205,0.09596540754257786,0.10664052176807037,0.049062096001039626,0.07210229688558505,0.06035464224217751,0.03193025925268329,0.156435906115129,0.04372184749229516
2012-06,0.12265600659634358,0.0373794184184776,0.04945549376829368,0.06292868944235028,0.06647817349785648,0.02832037262489584,0.0986023843279604,0.10894061585656585,0.049052852916093063,0.0718419043173508,0.05553468530546834,0.03108307200357783,0.17506281613537575,0.04266351478939035
2012-07,0.1216704506508824,0.035238426758679095,0.04866651819137975,0.06427513155978015,0.06587080311700334,0.02856546384875491,0.10103386217920315,0.1096396055289045,0.048929166092206176,0.07354459138020161,0.056224172538780454,0.03208605700240409,0.17086330892639812,0.04339244222542228
2012-08,0.15825517447772583,0.07316756791012963,0.0548769874228485,0.07425153123522507,0.06658809693100666,0.04988825161229344,0.04718163636493985,0.06375108669749424,0.1062925102544414,0.03356569203792156,0.026961559564188543,0.024599022720655693,0.08979290944641274,0.1308279733247168
2012-09,0.1524925412024972,0.07462646252596693,0.0564298210672339,0.0750723041179024,0.06827259613687704,0.05170747673805656,0.04714174423846014,0.05790863724624113,0.10737662179509508,0.03378255197609521,0.02829859737227892,0.024927253646263393,0.08780603806729254,0.13415735386973957
2012-10,0.1509535198659779,0.07493395807739196,0.05549994311387817,0.07615086040150658,0.06787463140509671,0.050352964983234175,0.04837119109190298,0.0574505125205356,0.10723212976001244,0.03456593312369346,0.02826389716158827,0.02511882013034527,0.08144965435737538,0.14178198400746111
2012-11,0.11982558437998939,0.035039890811520154,0.0482483436407482,0.06474093155676994,0.06565014085318081,0.028146832027275873,0.10268767635233243,0.11130058997766375,0.048744065740395706,0.07313920515816708,0.05504494374031948,0.031400153913310636,0.17244915908560665,0.043582482762719976
2012-12,0.12259801659874602,0.035652414825743065,0.04935646955087575,0.06354121134874809,0.06670639348600335,0.02841146921352656,0.10185252663895068,0.10497048761154587,0.049187682500103386,0.07362648788821909,0.054227054726402435,0.031514987343305025,0.1752148554010014,0.04313994286682934
2013-01,0.1188755545943431,0.03783563024064994,0.05107403632827881,0.06431297900151635,0.06739963359840097,0.0285610653981263,0.10288307458562256,0.10503434454607391,0.04868854071015656,0.07316539287399024,0.056416381906164555,0.03229582710000665,0.17101996490239127,0.0424375742142789
2013-02,0.11769953749695199,0.037928628270418326,0.051711426302762174,0.06564233690598587,0.0685575480008943,0.02866024351353663,0.10228452048218359,0.10594545337176405,0.049451229562916824,0.0743041904742126,0.05711916166955471,0.03365671458558004,0.16398371092496447,0.0430552984382743
2013-03,0.11791036607210248,0.03737265075458681,0.051511246058882576,0.06508423445166797,0.06810208767753076,0.028666574985542304,0.10203378722779753,0.10643994422104731,0.04918985378489758,0.0736064658512906,0.05673318324126003,0.0339404507925574,0.166678622480705,0.042730532400131756
2013-04,0.11706671713232428,0.037727154398154425,0.05133359899167182,0.06438209480103893,0.06685608952209361,0.028811787566831778,0.10221480774388718,0.10802026591464713,0.049723246229011385,0.07423315217250744,0.056884072647866525,0.03437300810214955,0.1654155941204609,0.04295841065735518
2013-05,0.1155496062295527,0.038352264800688304,0.05016800431391429,0.06256275508987977,0.06664795159067585,0.02885259956559721,0.10209076978635682,0.11008021855409422,0.04998138716228198,0.07339962675797121,0.05625067643739709,0.034067069835258174,0.16925035632457974,0.042746713551752545
2013-06,0.11344249092241677,0.041715465561534035,0.052848223479347235,0.06502328930283537,0.06834804430473455,0.030313429073905745,0.1011930831134781,0.10123203361930969,0.0516756404899037,0.07529165321750152,0.06030981429001584,0.035758603616907844,0.15967794082798792,0.043170288180121745
2013-07,0.11358482648040813,0.04242658605759643,0.05287286840796341,0.06467898631072476,0.06722800702862675,0.030462997432261187,0.10380588743797352,0.10346616468730353,0.05260357696147675,0.07496117800779839,0.06080927283246879,0.035867272340978466,0.15435511841561117,0.042877257598808914
2013-08,0.11091937342667425,0.04349270849960867,0.05356715530183818,0.06503870993740131,0.06770980782202485,0.031027917085832475,0.10221371812054776,0.10374327190635507,0.053268201492154804,0.07569732404401805,0.061316860286053675,0.03632863200400687,0.15225755087293397,0.04341876920055016
2013-09,0.11148610500420839,0.04419617311932053,0.054340730174920034,0.06562703706027458,0.06870221754879581,0.031387136780364824,0.10310708388340903,0.10167236269605856,0.05259463325509882,0.07602951548423689,0.060997034759952586,0.03607367603415488,0.1496929094858556,0.04409338471334954
2013-10,0.037555351065084744,0.012063844437295858,0.03618978811285183,0.06184094555463947,0.03014234402589139,0.03996114419530496,0.0921439291552584,0.05417902631940342,0.017127343707359705,0.04282061721847368,0.027681947545590977,0.01620459015687744,0.18208912850596817,0.35
2013-11,0.11018034912107733,0.04475134402546469,0.055381709451334755,0.06509580263764192,0.06847188978622391,0.031521148501590185,0.10353732462225622,0.10029043995111879,0.05308320432158482,0.07612562800071025,0.060789323820149836,0.03671578847864928,0.14982928711032084,0.04422676017187706
2013-12,0.10931856822445687,0.045062634629314056,0.05625797530820874,0.0650986706342528,0.06905187445605428,0.03225360209708689,0.10197661802934958,0.09742189520824623,0.054193204584221076,0.07757031674430477,0.06275032242145233,0.037355098487898024,0.14728344759316578,0.04440577158198854
2014-01,0.10895874917560132,0.045146411821388614,0.057274731482619454,0.06599559810400214,0.06885563710978113,0.03309257632765857,0.10311278973649787,0.09787613072775286,0.05386084804548012,0.07655495607677078,0.06311538382323031,0.03842480327763749,0.1432398964871283,0.04449148780445098
2014-02,0.10535013443643382,0.044570533721070504,0.056275713925485665,0.06303574968263784,0.06715301788502835,0.032972823114027966,0.10196101557758955,0.1024390165175535,0.05153655930542885,0.07969754218460832,0.062102082547637834,0.03732382413030988,0.15122976814553069,0.04435221882665726
2014-03,0.10550333865987897,0.045214303165909006,0.056760392127765305,0.06340182566382252,0.06792978437287048,0.033049314937226994,0.10142009698076222,0.10236984813713511,0.05191076483910056,0.08064815568814553,0.061949097496928354,0.037370112156219014,0.14841023059075772,0.044062735183478356
2014-04,0.03919513404456374,0.011774828447440613,0.03734862765565512,0.06397283123950034,0.03156522832687553,0.04087839799091128,0.09792312539282923,0.05637178525966913,0.01756453741839788,0.044177068265705305,0.028287524421007605,0.016725758060960248,0.18030771881288557,0.3339074346635984
2014-05,0.04022259538154101,0.01183165470690052,0.03768533444768356,0.06898277143655474,0.03231762969537378,0.040501270570497835,0.09879666777599198,0.06084279627459188,0.01736201768403344,0.04403281220133459,0.02691366695213602,0.016914581334124244,0.18471673447371736,0.318879467065519
2014-06,0.04151255624203151,0.011759168423208996,0.037573638127921395,0.06822087989960654,0.03223354910325344,0.041151670976751605,0.1025675954924118,0.059700413729581105,0.017303799781019275,0.04430097405673048,0.02700583271321816,0.017080271970795105,0.1914088856137606,0.30818076386971
2014-07,0.04163047218132963,0.012106753244850048,0.038123854777177515,0.07092942506095075,0.031553472425268195,0.04182595025278231,0.10395801877344507,0.06450342559720793,0.017228488143525608,0.04540306617520101,0.02763401513978726,0.017051069601907498,0.18684298218468576,0.3012090064418814
2014-08,0.039221986848053066,0.011985452932650997,0.03603841115933975,0.06736490694896455,0.030878355700196123,0.042436419039586934,0.10483455482164418,0.057102578541844674,0.0174487215975589,0.04592950042143706,0.027512632817498016,0.01712004513459211,0.18998214801224172,0.31214428602439187
2014-09,0.0406673672360969,0.011723255948369399,0.03674493202691641,0.06782181672691799,0.03148844366653462,0.04288741740298727,0.10448762526374114,0.05940481813927111,0.017337316458440576,0.04749329805360215,0.027515191700233952,0.016956983504376577,0.19254554676508215,0.3029259871074298
2014-10,0.04325522396359215,0.010993422397518033,0.03710886859690305,0.06297712064588805,0.033045967941032206,0.04475469762184048,0.1078189382575432,0.058503774180471084,0.018123575321760864,0.050366962982809696,0.02908828485876933,0.017555318318019555,0.19407900377278747,0.2923288411410648
2014-11,0.04385986078331682,0.010799304422895502,0.03768594239569304,0.05842877282026659,0.03242554701779991,0.044574752545541385,0.10941395297593831,0.06338383706690946,0.01790299466971026,0.05323743208532465,0.029571230607951214,0.017381717639711938,0.19732826849536766,0.2840063864735733
2014-12,0.10781784979340693,0.04447910821752274,0.05620558880182394,0.06296040379830091,0.06811127365854261,0.032915307943577006,0.10093180065009132,0.10424216344083095,0.051570484014879986,0.07894264018087697,0.06267374431966698,0.03763400598159483,0.14747939217060482,0.044036237028280086
2015-01,0.10594896905803107,0.0445419674296723,0.05607994607753252,0.06314594027035353,0.06859994833328521,0.0325167868680145,0.09952776715203229,0.10634222124335682,0.05216621481052789,0.07872979743183256,0.06383403874368436,0.03740239655544801,0.14707140520844225,0.04409260081778688
2015-02,0.10769635223787462,0.043303659021454236,0.05466036470994316,0.06117338870146019,0.06705156698115286,0.03156355864499654,0.09683636903123109,0.10894704801820257,0.05219900705925163,0.0810088709251538,0.06012949073848286,0.03605629869159412,0.1555789462608506,0.04379507897835157
2015-03,0.10805839940415328,0.0445497284821302,0.05577270023380797,0.061998268381434324,0.06830473924689788,0.032742313828243816,0.0992986288410909,0.10212300290093833,0.05325144045474455,0.08086575534602952,0.06167431792635081,0.037158947255029884,0.14986747956862012,0.04433427813052821
2015-04,0.10581323474427594,0.0448220016544583,0.05552364224172462,0.061304861522657086,0.06684146940858428,0.03254271212668477,0.09782750388913779,0.10254368688320518,0.05407222358399238,0.08204390089427305,0.062304692688002435,0.03698772608142317,0.15337990172252752,0.04399244255905336
2015-05,0.14800974336859998,0.08438092045944315,0.05753761496924109,0.07211228797193232,0.0685579668549626,0.04779259079780578,0.04844284024493981,0.06064594258834993,0.1088388156774788,0.0365940632005965,0.031038026869128637,0.026580514606317676,0.07929085868961254,0.1301778137015912
2015-06,0.15122461297387588,0.08464758134787426,0.05810402049549324,0.06543530174318005,0.06863789153531252,0.04864378510609847,0.048406662811220864,0.0596889285072522,0.10975591653653208,0.039760094282997545,0.03234373348768035,0.026191580386015444,0.0777108977007667,0.1294489930857005
2015-07,0.15024464051811315,0.08519893441973196,0.058171654194821926,0.06355817361409481,0.0685380271654484,0.04794861507405296,0.04995857063854283,0.05462219379203304,0.11205181113556319,0.04187129031976448,0.034605355422225245,0.026240101362559214,0.07599323168509785,0.13099740065795115
2015-08,0.16180649780933676,0.08107284532910526,0.05572278671107058,0.053762631378310416,0.06462984698225399,0.048847493611149886,0.0509547043408923,0.05748467199160629,0.11905624351918827,0.04441078967110689,0.035460927823622146,0.026946450138707913,0.08016662032311443,0.11967749037053485
2015-09,0.16254073797232726,0.08216895813394899,0.05609331926170968,0.054874730361199074,0.060468917900268745,0.049012200182667054,0.04646870025866948,0.05637833337529056,0.11888333134317242,0.03995941161468066,0.0343906678010652,0.026341859191108524,0.08636498825451458,0.12605384434937786
2015-10,0.16636478843252495,0.08100267509710166,0.05346036981869486,0.05098572731086881,0.05766796858838046,0.04969148347543492,0.04564885200398099,0.0573793325882399,0.11842542988682936,0.03559456887379978,0.033593207808035,0.025780124720305247,0.09349394091808057,0.13091153047772366
2015-11,0.16725635714147155,0.07928655163457408,0.054771928520504706,0.05420655478701645,0.0618318841090603,0.05082145490639515,0.047864401481844246,0.05589442275359113,0.11502811448340983,0.037229740909498765,0.03382229216851531,0.026949289617407862,0.08738543718612897,0.12765157030058186
2015-12,0.1630958563215075,0.08168837894134985,0.056093780762347084,0.05644778593856668,0.06318331532297893,0.052472018874158144,0.04748066147032643,0.05325546712268396,0.11726670697248925,0.03886279947620227,0.03595033082244789,0.027906385281271692,0.09016365716192416,0.11613285553174614
2016-01,0.06481524016726838,0.011357983713146419,0.025505772759263832,0.07041887790400797,0.044488445608239,0.01549242212031806,0.02523038914940523,0.08932336756468033,0.04590377855544142,0.05861640112510931,0.02808340358811585,0.02685936420790661,0.35,0.14390455353709766
2016-02,0.06570672360803723,0.011226791692014031,0.025103791781914454,0.06776199673912867,0.043246945413650775,0.01590999507488538,0.027266236253824856,0.09534902247029303,0.04464463659798666,0.05254987404430139,0.02655036345415586,0.02612342954692424,0.35,0.14856019332288348
2016-03,0.06473835080168469,0.01142069035518893,0.025474762854900225,0.0645981838588317,0.04359711539913646,0.015562657748319811,0.027068117896125374,0.09510190352704696,0.043801251891550846,0.05100725099668427,0.025398820748522483,0.02660390481480435,0.35000000000000003,0.15562698910720396
2016-04,0.04719317471069812,0.010505464119792385,0.03795069069533726,0.0482662709817623,0.03242522052863441,0.04679802308636592,0.11649290267345051,0.06192819532850985,0.018963670115415047,0.05417882537521095,0.029320804985488554,0.017345987868819517,0.20715395269029852,0.27147681684021674
2016-05,0.047031160985621476,0.010730629564976477,0.03906509918620896,0.053753474158221064,0.03310942387269077,0.043967641558588115,0.11629984169895985,0.06051765694521054,0.018776610069328823,0.057819280705319546,0.030923099505113603,0.01723526710418467,0.2034155811620346,0.26735523348354145
2016-06,0.04698255058197939,0.010634953608627727,0.03819769790023112,0.05250470748303279,0.03258419320611374,0.0459303477354081,0.11379114794741249,0.06250050031185732,0.018978426584646543,0.059017938379826745,0.031584026969470304,0.017097260300836928,0.20162897193313886,0.268567277057418
2016-07,0.04864931120338857,0.010133219089603927,0.03715890888751851,0.05207369396645275,0.032454866460027154,0.04325704874296234,0.11246669824378577,0.0683862323882529,0.019048928698767113,0.05641594456703212,0.0285718055693866,0.017216326726350487,0.21511962469449208,0.25904739076197963
2016-08,0.046818912560579705,0.010471230441309567,0.03792740309045945,0.04854966096166459,0.032333102537535165,0.04492424757212687,0.1135848294865557,0.06544835515638917,0.01896211396503977,0.058924940376659775,0.028784803417127636,0.017044437046191914,0.20874224863078153,0.26748371475757904
2016-09,0.046975057664652514,0.010429810440598878,0.039091499487951376,0.05043861455610359,0.03373484150759523,0.04672653338967541,0.10975223255333796,0.061030178614191674,0.01861952856192645,0.05687292123281103,0.03118724852271793,0.01722500552312698,0.203427571224151,0.27448895672115997
2016-10,0.04504960818925558,0.010419320992766488,0.03927721789140735,0.05252705563739648,0.03377163687952897,0.04803282316510619,0.11002818149108323,0.06357398381680872,0.018685020232448432,0.05747303022352287,0.030690867914182306,0.01740262814453542,0.20396473109146251,0.2691038943304955
2016-11,0.0479396689985556,0.010374089502622688,0.04019352760234544,0.05348500905431502,0.03446959667988812,0.050690689789468425,0.11131551393006764,0.0668077238675004,0.018488389755857298,0.05323441885304212,0.0335255410243512,0.018210619057175068,0.19900864101552357,0.2622565708692875
2016-12,0.04506063029230471,0.011330217646795463,0.04560505026353929,0.06071228979627945,0.035290823354296175,0.05170517111788202,0.1249555765230261,0.06375326285578345,0.019602686163083288,0.055695630846750444,0.03978393934991493,0.020391772863446497,0.17046075927948542,0.2556521896474126
2017-01,0.0481056800896654,0.011954853542705304,0.04618046333255694,0.06291921365946747,0.03600400711180545,0.0527475947574264,0.13682000112606227,0.06882423883815855,0.019607611545322732,0.05676158673420869,0.04233598558043418,0.02090577243716091,0.16826169699512072,0.22857129424990497
2017-02,0.04813598293851871,0.012149384499484005,0.04679825142876662,0.05763677219947499,0.03711001239585669,0.05395446578314882,0.13955067311394195,0.06841245391129165,0.019473892282037383,0.056869771289245856,0.041522517705680835,0.020932321593598955,0.16518374042495015,0.2322697604340033
2017-03,0.049083582941322555,0.011871485615066603,0.047451565043339826,0.05382559499791572,0.03798594377147688,0.05466228408479669,0.13376342484427142,0.07034097204545656,0.01952628200066517,0.05989476936655767,0.04237841855833575,0.0208068131223336,0.1639326415201133,0.23447622208834837
2017-04,0.049793057070884585,0.0119443198893807,0.047213877183062636,0.05286936138862966,0.038509223215487616,0.05599350783162487,0.13538981469416012,0.07083671206826916,0.01977571433079319,0.05985890277110426,0.04091332112084956,0.020753052906997374,0.16301904139766815,0.23313009413108812
2017-05,0.04912882283467378,0.011851229991912298,0.04801062439743275,0.049863155959492984,0.037800463404805716,0.056546384399950037,0.13341996386152394,0.06969722907468401,0.01996118039124232,0.05946962137450154,0.04013671872044988,0.020476075126930886,0.1647513789768875,0.23888715148551246
2017-06,0.051665356732388173,0.011638807205828723,0.049084676953209755,0.04733180914205568,0.03801141187766873,0.05937913331847144,0.130522987140249,0.07273315161435985,0.02020070945531867,0.05914628503699943,0.03933682199459456,0.020566876040901964,0.16795942129086236,0.23242255219709168
2017-07,0.050626863634749254,0.011970644923651115,0.050351701869687106,0.0472127452194882,0.03829969177079587,0.05811711894312214,0.12579277398925404,0.06978130333443464,0.019480861181444677,0.06434429425653078,0.0426821949646614,0.020905528413971808,0.16276076304273465,0.23767351445547433
2017-08,0.04981897053261522,0.012061505012089265,0.05083782808149508,0.047899266554679916,0.0391031958982124,0.05915115364112184,0.1314558342108067,0.07287383638941347,0.01968766399241129,0.06361681477015993,0.043135238020781966,0.021223447224000363,0.16380683208510596,0.2253284135871066
2017-09,0.106648469145615,0.044462664268846395,0.05544414249344325,0.061996220166783675,0.06655066621519151,0.033205971865815975,0.10012690962144091,0.10297773694302986,0.053050010443154126,0.08047615639909077,0.06319404437217209,0.03732021962077758,0.15060264835100967,0.04394414009362913
2017-10,0.10569097542092033,0.045500519110049806,0.05690494263552495,0.06528005984428376,0.06709535586039352,0.033071556800365005,0.0983593730199809,0.10044865809090249,0.05357233158146901,0.0811540401005805,0.06492078730408324,0.03786420802257457,0.1459865143300108,0.04415067787886123
2017-11,0.10527530637945634,0.04580885725243713,0.05828469539709012,0.06535774995582244,0.06735630649880385,0.03443338373561919,0.0928813937801419,0.10299741554929752,0.05454619581516131,0.07934469052520857,0.06632945397110411,0.03793494016718703,0.14524906563318626,0.04420054533948422
2017-12,0.10551132059493096,0.04496619421138815,0.05841417972829977,0.06538565793140014,0.06765511173850199,0.034226223154666384,0.09320022354767649,0.10287127645816029,0.05607126947558278,0.07877344872074703,0.06653654404790393,0.03833392369785254,0.1437902901222799,0.04426433657060959
2018-01,0.047597332540437465,0.011815376560669227,0.05070161816820232,0.04459786816590103,0.03929682365167272,0.06061135874247943,0.12345920062950136,0.0738282303843275,0.01913090322552962,0.06483761917363505,0.04217675384951949,0.021191316243677066,0.16767101937085938,0.23308457929358847
2018-02,0.10606817100045023,0.04457827792915095,0.05918966204213707,0.06716158575734807,0.06798925742132005,0.034208518021439004,0.09548959998587425,0.09655171816116032,0.056993042842584225,0.07813819381517603,0.0666508743586769,0.038830621686430734,0.14383571019866592,0.04431476677958632
2018-03,0.04742954897691144,0.01215738604803492,0.05282859043465531,0.04450428325833445,0.03781402346529473,0.06359246520604203,0.12270735547581595,0.06794675451833872,0.021129855220505794,0.06800472216264551,0.04427236290881355,0.022372487391271453,0.15252157477127967,0.24271859016205652
2018-04,0.046828201370180664,0.011351355637317775,0.050741035634523715,0.04670388711376013,0.03830349468633342,0.061669369085670146,0.11819241226258488,0.07262990585972569,0.020458773814566962,0.06593428746216558,0.042350657666079226,0.02210008404472018,0.15994849490966906,0.24278804045270252
2018-05,0.04381114047709483,0.011280220792386586,0.04845834191125136,0.05308711160310384,0.036711980492219604,0.062187408382427964,0.11461288052085844,0.07698425831495215,0.02156618721804922,0.06646175803263088,0.04334783204896344,0.022025166593038072,0.1514945364512573,0.24797117716176628
2018-06,0.04289496108133811,0.011408897555550546,0.05032662861593574,0.05501372104493352,0.03667027665604187,0.06683095044835104,0.11215726830985921,0.07663464007064491,0.021416872246477852,0.0685239405852477,0.04322700175703594,0.02269774087979841,0.15458469258907132,0.23761240815971382
2018-07,0.04543335742507387,0.011491429923459685,0.047984696892687535,0.05467634914772326,0.037662571877805785,0.06542589897027658,0.12122725699179683,0.07934403722199608,0.0221402367806188,0.0689778442839885,0.04207284059024674,0.022322389607255102,0.1533029734761498,0.22793811681092158
2018-08,0.04713618290507412,0.011536059740787483,0.05088947086013739,0.054828299115474315,0.03966206596958121,0.06596267931597559,0.1230912856225231,0.08091837440812888,0.023137083480495552,0.07339664495933802,0.044010081377056254,0.023321342771250263,0.14990625242094568,0.2122041770532321
2018-09,0.06396521232540393,0.01112952293007587,0.025818408674195728,0.06697626296907548,0.043941452579958296,0.015562249408420943,0.026273525659658785,0.09850364257965961,0.04446617768082356,0.05093644068315736,0.02575053406509089,0.02712243261519678,0.35,0.14955413782928284
2018-10,0.06420526395887488,0.010813660042399456,0.02642553367097326,0.06890342851799737,0.043178674279477205,0.015565816926282472,0.02683633164257884,0.09712655848125154,0.044557992381858716,0.05192984473167059,0.025191716077954965,0.026955951190109136,0.35,0.14830922809857164
2018-11,0.06708216980369841,0.011231847054346567,0.024371811491528065,0.06227757963266553,0.04201150266353101,0.015265762149823012,0.02832397195357995,0.10135397983377342,0.04190807297497602,0.04852110357865112,0.02504875250518246,0.025729794767744646,0.3499999999999999,0.1568736515904998
2018-12,0.045793323013227326,0.011431016380396041,0.04903194378621026,0.05140691838244813,0.039809001568998005,0.06928998116204127,0.1274251603545685,0.08169904366126776,0.025138172481145374,0.0767192360758894,0.04464608247547698,0.023713716345374655,0.15293020739221322,0.20096619692074316
2019-01,0.1642147475459924,0.07828756305278671,0.055412927047407294,0.047952841921088875,0.06459030531387008,0.0538920677871555,0.04638092162278818,0.05357135421637749,0.12186946486337515,0.04035088056152828,0.03602087932849777,0.028342597613241365,0.09039059844429592,0.11872285068159516
2019-02,0.16344166360751755,0.07807679940487462,0.057622570831380025,0.04957826887267871,0.06423893236461958,0.05401790729258272,0.046387913668362306,0.05443882945305525,0.12089858343558438,0.04065915294696443,0.03733591979955187,0.029821081938116428,0.08758992000647765,0.11589245637823462
2019-03,0.16112538677729069,0.0783475239846318,0.059828436737300796,0.04957287655526158,0.06597857616225038,0.055433526456767204,0.04690420353761556,0.05603056349578835,0.11789187448529315,0.04139517113796927,0.03747221895853619,0.030371415083334862,0.08354936009275352,0.11609886653520672
2019-04,0.1679114313228694,0.07222878090018987,0.05662323524930491,0.04974693938590238,0.06630401571239117,0.05652882141085974,0.046225594331211685,0.058031557716011734,0.12102163774646026,0.04074605493760091,0.0353684335350211,0.029957168506176524,0.08852281699097621,0.11078351225502427
2019-05,0.16533522524016697,0.07131806639658649,0.057254175744499466,0.048853495361250686,0.06800478523206789,0.05783873233822985,0.04908247631416722,0.05803721503671497,0.12094950509413041,0.03832435893398169,0.03774496262787989,0.03184343821011007,0.08711259635120273,0.1083009671190117
2019-06,0.16936558465361595,0.06742549288071283,0.05299422616168493,0.04207381920432061,0.06419082455173278,0.05659292396431575,0.049604760772179866,0.05921411232655135,0.12556768041015087,0.03736934556464629,0.03680625941848821,0.029660830871642396,0.09883596587658666,0.11029817334337146
2019-07,0.1669205164113273,0.06885651935947676,0.054443542053460185,0.0430110352651224,0.06586890893955243,0.05637811758979863,0.04929596098797095,0.058536239434021704,0.12502906356086016,0.03818332978335548,0.03681546741993231,0.030335437107025447,0.09615082516923823,0.11017503691885806
2019-08,0.10386153494193552,0.04398914214709955,0.05981482725824601,0.06225432696625908,0.06736558296156517,0.03588892705545922,0.09387018261213617,0.09704781130541151,0.05760713271753991,0.0798159151395381,0.06865206757736776,0.038803231996025075,0.14627407320857228,0.04475524411284467
2019-09,0.10420882575164121,0.04244295972620789,0.059070335508054794,0.058218646788045836,0.06716581184144227,0.034928445381108446,0.09505941726132197,0.1002562350610353,0.05767827770567497,0.08029368964146846,0.06651240860569735,0.03718618951937664,0.15265801563441272,0.044320741574512136
2019-10,0.10426483963053007,0.04306944885896146,0.06019892127815511,0.059099826153871375,0.06790147126661757,0.034994053819447674,0.09475077362871555,0.10246527489649913,0.05745362344422239,0.07865171527134436,0.06697131681117746,0.03706441295062508,0.14866815713268855,0.044446164857144
2019-11,0.10317168006289239,0.044640470944594716,0.06005453525161417,0.05793185061898384,0.06666037817963145,0.03556917354635368,0.09547200493633051,0.10024327582166531,0.057348173868453436,0.08050033834417626,0.0680134474943837,0.03757114302847049,0.14828469853688847,0.04453882936556154
2019-12,0.10284227111598282,0.04497580968932741,0.06099460093610575,0.0578227150261942,0.06612889943751142,0.0364187864017191,0.09547758331399493,0.09684133578786637,0.05749161522771001,0.0819010953997601,0.06940469629759506,0.03831871044287221,0.1466562614286268,0.04472561949473385
2020-01,0.03871968492055461,0.010392012220773881,0.04470995709129562,0.04321850632973627,0.03827895099601402,0.06738542136385776,0.11498690191588089,0.07892289380689436,0.023323064817420844,0.07044019923515607,0.03960832485458236,0.02179316420449975,0.1836051440529052,0.22461577419042839
2020-02,0.03701014652261265,0.010460860063435625,0.04179845259829862,0.03543494003640008,0.035468280152235805,0.0685418419095713,0.10935187254970392,0.08285465319912835,0.022549232448303518,0.06680869711944999,0.03706999402575371,0.020965429710236697,0.19553930456268248,0.23614629510218707
2020-03,0.032785072659583234,0.010236331492421317,0.03808363116750567,0.029142318665835706,0.03174206152661761,0.06424793966887264,0.09921230083579854,0.06741232621372255,0.021585987563643334,0.0631205574825259,0.032552762800303545,0.019506128777991558,0.23601306866087132,0.25435951248430716
2020-04,0.030693108301839037,0.009569755599399363,0.02992526885848545,0.01938406016498968,0.03069276674452962,0.05927274471821843,0.07701051707398088,0.05406239679846171,0.022817227430537455,0.062489017370216525,0.026246607239638755,0.017546512240732923,0.30010510967837717,0.26018490778059317
2020-05,0.06520732569669152,0.011509097536723373,0.024445026414330613,0.056348891557227145,0.0435834686912765,0.0150243496443311,0.028293025984695654,0.10266479635801375,0.042539216104525296,0.0507353736996234,0.024858228050457752,0.025733347706172287,0.35,0.15905785255593163
2020-06,0.16346875092464894,0.06850039204761996,0.052106356329184304,0.0379981572068484,0.06742750324059099,0.058642998181019,0.04962060190698716,0.055733188629152434,0.12436537997905393,0.037087681381532234,0.03700964442955913,0.02944970270332322,0.09924519524762014,0.1193444477928599
2020-07,0.15346066237703765,0.07473158156411654,0.053408521064859465,0.03821454302050339,0.06702695102095968,0.06076597022875972,0.04767585435594085,0.05094397980117831,0.12488382216069203,0.03681161245633708,0.036863710231978486,0.030510588820103574,0.10192881529070803,0.12277338760682514
2020-08,0.15016935401898615,0.07678099139688851,0.051761859598228536,0.035108546430731954,0.06793745677941203,0.059900319376905764,0.04810132685429591,0.05316708076153655,0.12398696818201937,0.037461495045806266,0.035955849692086046,0.03152009851236687,0.10202074718569969,0.1261279061650366
2020-09,0.14368023222488474,0.07835372411249596,0.05264162915444133,0.03469346774109877,0.06776667270064368,0.06099186666990969,0.04966586901218125,0.05092992747039175,0.1210473888487813,0.03823576743106975,0.03686724816829393,0.03392406795542641,0.09955752782230028,0.13164461068808128
2020-10,0.1439708626190775,0.0741199067255893,0.05479403058339353,0.029232951642609008,0.07085050168612878,0.059708991838251055,0.05024022949181093,0.05276418555037348,0.11877121006906613,0.038939217187241096,0.03636711722074357,0.03480846550620947,0.10435371256260383,0.1310786173169023
2020-11,0.14083683370033498,0.07399131642321627,0.05592469992976296,0.028472460776288868,0.07225247879010067,0.060322048097079396,0.04883396034920711,0.05861591462136046,0.11756133223646707,0.03744931514254347,0.037122290891311055,0.03452576215294787,0.10182709230559883,0.13226449458378114
2020-12,0.10340793268794823,0.04655254134576053,0.06039210956654948,0.05578162975080879,0.06655415569809656,0.037257172480186604,0.09425347789447504,0.09738740473107117,0.057933906542327746,0.08291777226341492,0.068690481086245,0.038520527662671056,0.14545423858663828,0.044896649703806656
2021-01,0.10359003446966257,0.0485587259093199,0.06015792922726374,0.05648496138800161,0.0659283067399755,0.037678934905336935,0.09466331195872993,0.09583800145945255,0.05731431298172157,0.08292676462050706,0.06957317299585782,0.03892926792733545,0.14322961939820547,0.04512665601863016
2021-02,0.030227846841237336,0.0103964253466493,0.031070988308429227,0.019788113040214043,0.0315672494872395,0.06579957371917944,0.08380131777850153,0.052748487293898694,0.023542021121596958,0.06803644775671414,0.026608968096047944,0.01724949622920894,0.27442523448039735,0.26473783050068556
2021-03,0.03157460219939076,0.009658464191732207,0.03504054494177006,0.02508943201573638,0.03263834061387693,0.06899389879864791,0.09216093708670409,0.04950666916845099,0.02355767608386961,0.06885600207004192,0.03089913971113377,0.019540446199105457,0.2535379281140967,0.2589459188054432
2021-04,0.03497476791206585,0.009397453326109381,0.038790387411107366,0.025530669962168122,0.03616855455283714,0.07194150899140155,0.0976330416236591,0.05806684268558648,0.025072500607248856,0.07045758388493382,0.03326962262874501,0.02033828674346362,0.23382363593376873,0.24453514373690488
2021-05,0.03522321098763232,0.009421812958132013,0.03834034872303659,0.024701247375797722,0.03601407537872718,0.07368271554825877,0.09813901043679293,0.05931669410087204,0.026082677366324802,0.0704600229287449,0.03426888430611545,0.020772638305822298,0.23064042700364196,0.24293623458010088
2021-06,0.035626483135774684,0.008912675681018264,0.03877631294015129,0.02583957590763119,0.036510359084842195,0.0703827510969201,0.09388024266882276,0.05694905403430141,0.024979668120647936,0.06816439526055601,0.03485859734814182,0.021057496156395572,0.23131089545377834,0.2527514931110184
2021-07,0.034669150475469354,0.009307075292961303,0.03810802346909785,0.02691219480006615,0.0346276815555866,0.07466638577199422,0.09270208935339451,0.05474122278975373,0.025543097884408193,0.07148264871456148,0.03338877476953509,0.02034504862938492,0.23707996885998706,0.24642663763379946
2021-08,0.034527873685226786,0.009356391175546118,0.03791710512335501,0.02437763113539391,0.03555004022272958,0.07540448811626625,0.09062229833522298,0.05701071801424392,0.02550726925619274,0.07257182733868721,0.03309670125924162,0.019921712634176487,0.24912314521621487,0.23501279848750256
2021-09,0.034244166208770105,0.00955895988216669,0.03800937252988606,0.024030987126374723,0.035540241773320484,0.07842261594566448,0.09166843269235572,0.059868886049203866,0.026200146081881055,0.07482241752314261,0.03410050832082787,0.020538048790436837,0.24441649430138584,0.2285787227745837
2021-10,0.03273776722115668,0.00980429458518004,0.0366056652797754,0.02808474282068056,0.0342119872761016,0.07897154775011815,0.0895575996199319,0.05654263538848675,0.02541991251127152,0.07277812451795086,0.03511074215076662,0.019861558543069792,0.23745456521274344,0.24285885712276667
2021-11,0.031945153833539866,0.01095918661096487,0.03732219227196351,0.0286118246753574,0.0348506237583554,0.09026819337788644,0.0855426573570027,0.05776457943314589,0.024777190404097333,0.07627761699991799,0.03648786902364127,0.019116266979385534,0.22097862636704155,0.24509801890770025
2021-12,0.029640443927856527,0.011197293748912549,0.03685884369662327,0.026742722871367173,0.03510882578450844,0.0931986529082479,0.07406851070072812,0.055494763611586326,0.025373510774113626,0.07097214472552629,0.03342031609118962,0.01755817655056646,0.2317362458634866,0.25862954874528715
2022-01,0.033047658627011305,0.010530445843030381,0.03810408202634722,0.0271824887594543,0.03939782871112553,0.09203683951590452,0.07680168894284085,0.0626531214594216,0.025491628752113096,0.07583677803944297,0.034850427169729546,0.01862175501037461,0.22164355199571525,0.24380170514748883
2022-02,0.03474102468300283,0.009863569113427019,0.036784022590211296,0.03524758309894982,0.036894074870496285,0.0845945455942697,0.07792260974213061,0.06330531744486094,0.023376125532035403,0.0669573680077047,0.03657008970785885,0.01761686525167011,0.2127551072935432,0.2633716970698393
2022-03,0.03478934823591943,0.009400002686288949,0.03683676757146845,0.038870861125945864,0.03503853615854803,0.07819206024898552,0.07778532109215142,0.06228167076024871,0.02325047049227979,0.0654657044757976,0.03588569327159521,0.017525861773932835,0.2134637426176935,0.2712139594891449
2022-04,0.03422201097917205,0.010534967989142332,0.03685645262237122,0.04205439493982808,0.03434663314596213,0.08099433465005823,0.07383656955765752,0.0711505426316125,0.02352831002267396,0.06968998371872136,0.03472814256462691,0.017996643970405995,0.17994724384775215,0.29011376936001565
2022-05,0.04082019582852623,0.009805745925449395,0.03609436018665166,0.046222610745386146,0.03934783157669961,0.07178802168601417,0.06447119662591352,0.07308790628843985,0.022755190358665547,0.06723522884634077,0.03411190088019918,0.01720359860691775,0.1655827736396164,0.31147343880517975
2022-06,0.04054815432410986,0.009611820298538675,0.03650696006152753,0.0535228710892148,0.03948991834443057,0.06853280918031913,0.07270932783193026,0.07973146127976159,0.02241197011104396,0.06764704278161088,0.036017473141800274,0.01745967967308899,0.17474723001828882,0.2810632818643346
2022-07,0.06601321610464071,0.011721569374585485,0.024454784621028694,0.057416837476944,0.04381735682304226,0.014567036746918878,0.026933497770001247,0.10691778349900138,0.04203064325812085,0.0501947959326494,0.024316738050713695,0.025618495588606835,0.35,0.1559972447537466
2022-08,0.06719653837245325,0.01285947894157704,0.02504963228058721,0.059810287264768586,0.04314804905697538,0.014334714171865033,0.024708979296393034,0.112821425348445,0.045302762287559036,0.04936118316466094,0.02412435640152303,0.026397449365612512,0.3499999999999999,0.14488514404758
2022-09,0.06595107870027964,0.012579529845003767,0.024314722961734696,0.06268059852829691,0.04283826635497489,0.014059540782847947,0.024434698042971045,0.11336893920239707,0.044157872748911434,0.046802271362451464,0.024084686786804966,0.02588858843092486,0.3499999999999999,0.14883920625240135
2022-10,0.06571431923954174,0.013395715904584025,0.023810309812499698,0.0634560120389779,0.041271863763681416,0.014158820367509845,0.02227722757528887,0.10460928418557564,0.04569499665701344,0.052619101939370465,0.025053223579255417,0.026486185258298916,0.3435512307946894,0.15790170888371322
2022-11,0.0706604462428188,0.012589923252780926,0.0263691820367033,0.07175804649956305,0.04323548667150546,0.014426718843474637,0.024318331811443997,0.10552109926763154,0.04639161381687158,0.05557336604329742,0.027231074060863537,0.028145139427300153,0.32152208555014017,0.15225748647560547
2022-12,0.07068433116767797,0.011920400500717642,0.027488949762480168,0.06845221620482897,0.0456634120352574,0.014883271235357,0.0245839261418367,0.10605923910535396,0.045890728379531134,0.05579890798464982,0.02755604894069712,0.02908879604104529,0.3237131809793646,0.1482165915212021
2023-01,0.1455599883419337,0.07337600415334306,0.059121661072145296,0.0339363241014773,0.07362801787993478,0.060665105248551975,0.04917636339001436,0.05857752258741091,0.11626745496953053,0.03909041375792328,0.04005064831459881,0.03652503324689136,0.09122673224816413,0.12279873068808053
2023-02,0.13631259425208897,0.07638564532514007,0.05980565080261014,0.033576158477220196,0.07235224093143139,0.0615499573979232,0.052311773528633254,0.05577718936601151,0.11809814116490887,0.037468347559233305,0.04058985725351037,0.038049103879259936,0.09357919818995301,0.12414414187207573
2023-03,0.13295195418484998,0.08429824812192552,0.06116642882953146,0.03322692865211301,0.07090070303820933,0.06361990859830147,0.05020226323878524,0.05401162622455786,0.11143164007745181,0.037680630475292076,0.04158977456662131,0.038932143750431546,0.09275844611082565,0.1272293041311039
2023-04,0.1349130760748979,0.0820263501404479,0.05949831563225045,0.0322049093953659,0.0703148341225107,0.06690137030227054,0.048805620292278286,0.05513177713116502,0.11259196965344662,0.037643695878940515,0.03678896258523084,0.03829988442654176,0.09688594542073879,0.12799328894391485
2023-05,0.1419242462712035,0.07268208964453358,0.05772324924033526,0.03186979571600981,0.0719654052574316,0.06689629119917918,0.04824894880180518,0.05468227807097027,0.11657689887084687,0.03817247008312836,0.036607938491862,0.03802605566864521,0.09360793279487149,0.13101639988917768
2023-06,0.12888997222547646,0.0809303580496031,0.05654495043913867,0.03061598606884999,0.06474905142480895,0.07420712407241206,0.044420780474904636,0.052447572191268776,0.11801638882480453,0.0386122978623504,0.03695523094889307,0.03934376220089101,0.09688652431742474,0.13738000089917377
2023-07,0.12492822345312335,0.08305104583825078,0.05889569633213889,0.031798228374211104,0.06691160321385145,0.07326158035548297,0.045245332376652396,0.05318702830816222,0.11741638704176031,0.0398829838016163,0.03788147488191176,0.041374077854085436,0.09489481691645477,0.13127152125229838
2023-08,0.10165518753138285,0.05144158414730855,0.06069329262932772,0.061736418667404605,0.06441341883393607,0.038593282081441645,0.09005104425473627,0.09686087645615667,0.057870705198495916,0.08634047471902374,0.06965942082881593,0.038902280701742294,0.1360563940046501,0.04572561994557772
2023-09,0.09974382737673505,0.0509349868309636,0.06081601746586257,0.06397671571532776,0.06402231636497274,0.038939352972795264,0.09212869671242561,0.09265850551560657,0.05890807600278633,0.08808222201812779,0.06894654008158917,0.03867289863472421,0.13645327453945336,0.0457165697686299
2023-10,0.0995847441186666,0.0523994929361951,0.05928904439993858,0.06879559481823506,0.06251118577753807,0.03882256330135025,0.09361701312355693,0.09100743950276266,0.05843450312810356,0.08838261819075376,0.07116333174199833,0.03844100597911957,0.13134437303439928,0.04620708994738226
2023-11,0.09886741318246142,0.046506915374721555,0.05960720162788265,0.067191648437113,0.06309021317943572,0.03946645246316567,0.0965999347823858,0.09486479354605303,0.06050855456701401,0.08735204101508329,0.07239732307390341,0.03813358038504796,0.12903986687610686,0.046374061489625695
2023-12,0.12435341866834562,0.08211555022489309,0.05966666391215461,0.03335921189375152,0.06662110546656737,0.07436759871115949,0.04525453015390616,0.053969167112558024,0.11754672962681607,0.039180944765904786,0.03955858157972044,0.04218779827395074,0.09126166385183443,0.13055703575843758
2024-01,0.09871440025117158,0.047122523582739995,0.06031607964771471,0.0651693333923881,0.06325563752399466,0.0399285367388006,0.09655660509628505,0.09448128632038584,0.06078038570093507,0.08738879859432536,0.07311072901148391,0.038838553552607714,0.1282433380685311,0.046093792518636406
2024-02,0.09716807612809522,0.04175247180346024,0.05973002118987973,0.06549498326827845,0.06383247554617293,0.041004185885216586,0.10037406870141372,0.09195935678864164,0.061682869066318737,0.09003395136241556,0.07383685833083836,0.03943722658858471,0.12760509638402145,0.046088358956662544
2024-03,0.09629372046877645,0.04261752015043066,0.060911139332435395,0.0657481218475989,0.06419831697993703,0.04181881620400411,0.09644791933378614,0.09216204832560851,0.06391442485083702,0.0906245579490807,0.07405225885805984,0.040506875194088326,0.12433114428023676,0.04637313622512001
2024-04,0.09665287495555529,0.040877049223813224,0.06141256882603357,0.06717522696405584,0.06456907233414118,0.041488690388138356,0.09665453085573805,0.09401689027659488,0.06373711851023457,0.09051421443301877,0.07474241405903731,0.040584072036659286,0.12186230273463311,0.04571297440234653
2024-05,0.09990163669842812,0.04170169167774187,0.06139257378984124,0.0688233278961726,0.06470440233987193,0.04121096359294643,0.09437185958956865,0.09881143162992803,0.06326702797441981,0.0896261713962342,0.07521250109295091,0.03968379525056556,0.11458710206780708,0.046705515003523775
2024-06,0.09844894977106797,0.040845031737072005,0.06150675499049762,0.06742265513058303,0.06430078967159963,0.04209434527297064,0.09462909810339803,0.10179024065140735,0.0630129876319224,0.08947863564839324,0.07523623337264344,0.03965452543303891,0.11494282082286196,0.04663693176254367
2024-07,0.040614944027269,0.009444294492180122,0.034684938955671214,0.04673214530873703,0.03683004684028942,0.06822709978130544,0.06703832854109858,0.07370389916102937,0.022716972504148697,0.07119294332886758,0.034683032541425664,0.016909740184749507,0.17664755174345775,0.30057406258977054
2024-08,0.0968113624866499,0.04233721459472942,0.060718841701463654,0.06641707025230077,0.06316365562222669,0.04385906996639101,0.09435430066008024,0.0977669929374576,0.06458345392292247,0.09151541886932095,0.07538593620022692,0.03966462823873991,0.1167494861530717,0.046672568394418745
2024-09,0.09792914145401704,0.04063858572972422,0.059911705289211775,0.06431522971815483,0.06411673906365702,0.043535648552020655,0.09362792636330326,0.0993737381488369,0.06413972062535295,0.0934207307996046,0.0753447914633419,0.03997157705877928,0.11722734749174456,0.04644711824225111
2024-10,0.12388258380202213,0.08111889457987007,0.06071728999731985,0.03189748640072069,0.0657969293207086,0.07432906370260371,0.04428131833583119,0.053621934184831105,0.11934175163945289,0.040098298195193054,0.04009453374185685,0.04292823279061099,0.09257329655185279,0.12931838675712615
2024-11,0.12078451006065219,0.08076442271795728,0.05923332386917596,0.03215325828977308,0.0626490729135933,0.07548208291930991,0.04607667587466326,0.05481376057825159,0.11979246315806313,0.03904025365208067,0.041770639206159005,0.04317995799516546,0.08577704543632204,0.1384825333288332
2024-12,0.11653565012554573,0.08279490861466765,0.05971428143542338,0.03289475958253912,0.06291025801272127,0.07430790098390005,0.0478783403410667,0.05676901713143725,0.12081852807142063,0.03809973285571726,0.04373731570476275,0.044284751568359676,0.08624900021793833,0.13300555535450034
2025-01,0.11009305088934192,0.09076333488077802,0.05688948954641461,0.032391127545473415,0.058691976469283355,0.07799197982947784,0.046065442890984375,0.053574288023447734,0.12006434342320996,0.03831497692564245,0.042688578916263833,0.043289023126257736,0.0875428866751213,0.14163950085830335
2025-02,0.09732289462770786,0.04296037471560933,0.060116787664727916,0.06217266399208644,0.06378381027180266,0.04375736342326677,0.09586210023210305,0.101554644802562,0.06522447346219083,0.09127744633330576,0.07484253201238007,0.03991669826185289,0.1148686977250374,0.04633951247536721
2025-03,0.10061885430797184,0.03688770165196256,0.05831140300681646,0.06257981340089577,0.06373149272918277,0.042295139549158096,0.10059549959883263,0.10239586077422479,0.06288195210812163,0.09300563145573357,0.07352741469133506,0.039608167696825215,0.11669445327488089,0.04686661575405874
2025-04,0.1038587869076616,0.035036975693845,0.05688178157385964,0.06554024359298147,0.06296138646601109,0.04007182318682829,0.10193891581781359,0.10542139549417148,0.059858288511825064,0.09184814681510106,0.07213294916539004,0.03889632323927635,0.11765810834366135,0.047894875191574024
2025-05,0.10939139120093005,0.08853280682457319,0.05740958726139143,0.031671281047682076,0.05799453667855222,0.07621562918140361,0.04554302876524801,0.0537922167761235,0.12366015291021344,0.039358645477492495,0.04372681775869531,0.043853939526543366,0.08562204881915947,0.14322791777199173
2025-06,0.1055849239728735,0.08911587615734215,0.05863544417582759,0.032117066458612356,0.05812967381730632,0.07726029701655557,0.046332968281904835,0.055341463594003576,0.12111455604586302,0.03785034257591956,0.04417083321668155,0.0443449832810049,0.08483636187414535,0.14516520953195972
2025-07,0.10347769859903327,0.08580049529859798,0.06064081795990716,0.03252960462241049,0.05575014298279862,0.08091658761032101,0.04686335243486227,0.0547352199841916,0.12303924800516439,0.03768764491165892,0.04524903611416332,0.04458306549949372,0.0846450962714423,0.14408198970595493
2025-08,0.10032275338174707,0.08457203675193038,0.0623641152687534,0.033610348338905596,0.054278756382311284,0.08385033863379775,0.045398678437369416,0.05711013714329703,0.1245566657913059,0.03735206207513994,0.045001054127994135,0.043896335660553336,0.08395775190961126,0.14372896609728325
2025-09,0.10164069722502202,0.08638618634275527,0.06147647516986934,0.033951675151458936,0.05520877444984228,0.08297533738199941,0.04591096443895817,0.054975306418901713,0.12328507100174353,0.03815060376258218,0.045548784875653246,0.04454424522701757,0.0839623432772571,0.14198353527693924
2025-10,0.039980295907385784,0.009820364064016941,0.03425995565344445,0.04447660370726157,0.034283073583908696,0.06554153736668879,0.06764134925433644,0.07709511481635734,0.021218771783997073,0.06793718703742449,0.035590114218375775,0.016424132581035228,0.17166799629027152,0.3140635037354959
2025-11,0.06786564767343974,0.010981768463547554,0.028605372854286187,0.06586327137735211,0.044789175301016226,0.015708585950871455,0.024210745451762928,0.10648322535814164,0.04439222148978556,0.056179818241388915,0.027775471456371905,0.02954732536172844,0.3119476080946686,0.16564976292563885
2025-12,0.14244705861962018,0.024195532667484507,0.05587282765792627,0.04964123758833177,0.05413867401161426,0.04769499700188688,0.05426686064883121,0.12643241104402433,0.07645178583010862,0.09703468286892541,0.04984441648806741,0.024152253495482025,0.09855809615737043,0.09926916592032692
2026-01,0.14320770921687453,0.024624699621165792,0.057144663541204836,0.04946481776517181,0.05324539406688231,0.04768684847872192,0.0558487823807621,0.12212060137749915,0.07630156785266536,0.0967045179898843,0.05122615692172323,0.02398555466617569,0.09566326613019974,0.10277541999106911
2026-02,0.14411097047677843,0.023928626852511414,0.05890179706496331,0.05154932505044714,0.05498830048567095,0.046144829784504224,0.055718694150534535,0.12050104001196459,0.07598076483671413,0.0934943135514379,0.049256537351476004,0.023652803526028433,0.09432626118376077,0.10744573567320832
2026-03,0.1453994892918176,0.022888719411396197,0.0593340607088101,0.05229772291517936,0.05628922422275159,0.04355790064532939,0.05562301151255548,0.12457503119049233,0.07240482196493644,0.0929700845540777,0.04629828248804602,0.02370772217534722,0.09603368886064671,0.10862024005861387
2026-04,0.1405526012829632,0.022680814588860176,0.057354076476736245,0.05871604463438974,0.05392334885674946,0.04402159851148878,0.05659396168217443,0.12779491039983432,0.07322555017687148,0.09126525883111765,0.04702229119257622,0.023267637786125298,0.09436761731977811,0.10921428826033511
2026-05,0.13943455976448899,0.022984312479469284,0.0594955914713513,0.05650592065619673,0.05401904614413012,0.047252236964768546,0.05497589364616886,0.12705081999663967,0.07693072661742272,0.08791010311323569,0.04896448183638507,0.02386661659348949,0.09415603679392706,0.1064536539223263
2026-06,0.14072825388790916,0.024327487790750047,0.0619689587169707,0.054736229072552066,0.053455104355374324,0.05060956560919997,0.05460679071460926,0.12200494678910004,0.07595274921246759,0.09064396544633796,0.04900505002805715,0.02390879097185884,0.09368010488412079,0.10437200252069229
2026-07,0.13916268196180567,0.02438397873281647,0.06673927208968221,0.05294097673816099,0.05428441968282536,0.04903504129661713,0.05085951213565754,0.12337201471887556,0.0730532402546301,0.09429743605927011,0.05063940049631237,0.024599580673402417,0.09714138377220295,0.09949106138774126
2026-08,0.1402810723538964,0.022383711382436233,0.06038442461478452,0.05736225805857336,0.05441756386875662,0.048973928423065305,0.05260794189073014,0.12046010889149618,0.07559919235843032,0.09408752097981794,0.05235716370034176,0.025275499801863076,0.09705804347153235,0.09875157020427577
