,growth_score,infl_score,cpi_yoy,regime,regime_raw,regime_oracle,sb_corr,sb_regime
1913-01,,,,,,,,
1913-02,,,,,,,,
1913-03,,,,,,,,
1913-04,,,,,,,,
1913-05,,,,,,,,
1913-06,,,,,,,,
1913-07,,,,,,,,
1913-08,,,,,,,,
1913-09,,,,,,,,
1913-10,,,,,,,,
1913-11,,,,,,,,
1913-12,,,,,,,,
1914-01,,,,,,,,
1914-02,,,0.020408163265306145,,,,,
1914-03,,,0.010204081632652962,,,,,
1914-04,,,0.010204081632652962,,,,,
1914-05,,,0.0,,,,,
1914-06,,,0.0206185567010313,,,,,
1914-07,,,0.010204081632652962,,,,,
1914-08,,,0.010101010101010166,,,,,
1914-09,,,0.030303030303030054,,,,,
1914-10,,,0.019999999999999574,,,,,
1914-11,,,0.009999999999999787,,,,,
1914-12,,,0.009900990099009688,,,,,
1915-01,,-0.0035283362476090287,0.009999999999999787,,,,,
1915-02,,-0.0026609893088334995,0.009999999999999787,,,,,
1915-03,,-0.0025857266805297714,0.010101010101010166,,,,,
1915-04,,-0.005068719877808622,0.0,,,,,
1915-05,,-0.0033000123948153486,0.020408163265306145,,,,,
1915-06,,0.0001017023471055669,0.02020202020202011,,,,,
1915-07,,0.006002547533665007,0.02020202020202011,,,,,
1915-08,,0.0025415772869804183,0.009999999999999787,,,,,
1915-09,,-0.004118157313930578,-0.009803921568627194,,,,,
1915-10,,-0.011636477773427448,-0.009803921568627194,,,,,
1915-11,,-0.011661230248674975,0.009900990099009688,,,,,
1915-12,,-0.005117193492058192,0.009803921568627638,,,,,
1916-01,,0.003934608746989143,0.01980198019801982,,,,,
1916-02,,0.008893354621576663,0.02970297029702973,,,,,
1916-03,,0.016467131607118247,0.039999999999999813,,,,,
1916-04,,0.025017986692626778,0.06060606060606055,,,,,
1916-05,,0.031817676865725675,0.05999999999999983,,,,,
1916-06,,0.035019330364408886,0.05940594059405924,,,,,
1916-07,,0.03382754451915773,0.06930693069306937,,,,,
1916-08,,0.03198761052575843,0.06930693069306937,,,,,
1916-09,,0.031170617061706242,0.07920792079207928,,,,,
1916-10,,0.03200378861415563,0.0990099009900991,,,,,
1916-11,,0.03668734520510888,0.10784313725490224,,,,,
1916-12,,0.04022791199736775,0.11650485436893199,,,,,
1917-01,,0.04042817474208883,0.12621359223300987,,,,,
1917-02,,0.038205709848540576,0.125,,,,,
1917-03,,0.04116563018710166,0.15384615384615374,,,,,
1917-04,,0.03985922354088911,0.1428571428571428,,,,,
1917-05,,0.05036236819497708,0.1886792452830186,,,,,
1917-06,,0.053096232523178466,0.1962616822429908,,,,,
1917-07,,0.06217868838781257,0.20370370370370372,,,,,
1917-08,,0.05135748048085845,0.18518518518518512,,,,,
1917-09,,0.040702717413880346,0.19266055045871555,,,,,
1917-10,,0.030601857478036953,0.1981981981981984,,,,,
1917-11,,0.026532956892565157,0.19469026548672552,,,,,
1917-12,,0.015499772139969503,0.17391304347826098,,,,,
1918-01,,0.00521012611630936,0.18103448275862055,,,,,
1918-02,,-0.00012466323396673196,0.19658119658119633,,,,,
1918-03,,-0.0015251649062075767,0.17500000000000004,,,,,
1918-04,,-0.008298563920985935,0.1666666666666663,,,,,
1918-05,,-0.026356327261768037,0.1269841269841272,,,,,
1918-06,,-0.03513139540818547,0.1328125,,,,,
1918-07,,-0.04101933462945789,0.13076923076923075,,,,,
1918-08,,-0.022993403192068107,0.17968750000000044,,,,,
1918-09,,-0.00505534449999559,0.18461538461538485,,,,,
1918-10,,0.012984210381664446,0.18045112781954842,,,,,
1918-11,,0.015608862135187723,0.18518518518518512,,,,,
1918-12,,0.02041500607176641,0.2074074074074077,,,,,
1919-01,,0.02644572753941757,0.2043795620437956,,,,,
1919-02,,0.02574195600231277,0.17857142857142883,,,,,
1919-03,,0.008423529419701647,0.14893617021276562,,,,,
1919-04,,-0.0029569595155317374,0.17142857142857193,,,,,
1919-05,,-0.007884673950288468,0.17605633802816922,,,,,
1919-06,,-0.005083045343049486,0.16551724137931,,,,,
1919-07,,-0.013913500602076412,0.14965986394557795,,,,,
1919-08,,-0.01954551807945737,0.15231788079470165,,,,,
1919-09,,-0.02199565415028304,0.14935064935064912,,,,,
1919-10,,-0.02340519103465341,0.13375796178343968,,,,,
1919-11,,-0.02593321920078842,0.1312500000000003,,,,,
1919-12,,-0.024690487078710743,0.13496932515337368,,,,,
1920-01,,-0.015881207805904685,0.14545454545454528,,,,,
1920-02,,-0.0023260130007100033,0.16969696969696946,,,,,
1920-03,,0.016021485391821827,0.20370370370370372,,,,,
1920-04,,0.032127229241468075,0.20121951219512146,,,,,
1920-05,,0.04412514974702128,0.21556886227544902,,,,,
1920-06,,0.04475074643804686,0.21893491124260378,,,,,
1920-07,,0.049320828668273975,0.23668639053254448,,,,,
1920-08,,0.039008272688659834,0.19540229885057503,,,,,
1920-09,,0.015199020228820581,0.14689265536723162,,,,,
1920-10,,-0.02165107006224662,0.12359550561797739,,,,,
1920-11,,-0.05098579122606624,0.09944751381215466,,,,,
1920-12,,-0.07113499835146132,0.07027027027027066,,,,,
1921-01,,-0.09359853148915172,0.02645502645502651,,,,,
1921-02,,-0.11649229898115013,-0.015544041450777257,,,,,
1921-03,,-0.1370429778651624,-0.0564102564102561,,,,,
1921-04,,-0.14685952479583994,-0.07106598984771528,,,,,
1921-05,,-0.1508077018484067,-0.10837438423645318,,,,,
1921-06,,-0.1489538818653859,-0.14077669902912615,,,,,
1921-07,,-0.1450150369156283,-0.15789473684210487,,,,,
1921-08,,-0.12986633265054479,-0.1490384615384618,,,,,
1921-09,,-0.10271941612706431,-0.1280788177339902,,,,,
1921-10,,-0.07103821171153116,-0.12499999999999967,,,,,
1921-11,,-0.04322218548320857,-0.12060301507537685,,,,,
1921-12,,-0.024976420685719633,-0.12121212121212144,,,,,
1922-01,,-0.008167024151237282,-0.10824742268041232,,,,,
1922-02,,0.0031070651389551313,-0.1105263157894738,,,,,
1922-03,,0.018429816059532117,-0.08152173913043514,,,,,
1922-04,,0.026732200968425504,-0.08743169398907114,,,,,
1922-05,,0.03520609097062673,-0.07734806629834245,,,,,
1922-06,,0.03652431864303393,-0.05649717514124275,,,,,
1922-07,,0.039726230993457956,-0.05113636363636376,,,,,
1922-08,,0.04037718355792064,-0.05084745762711862,,,,,
1922-09,,0.03299961729666064,-0.06214689265536688,,,,,
1922-10,,0.026771262318305754,-0.05142857142857138,,,,,
1922-11,,0.022241592175825796,-0.04571428571428571,,,,,
1922-12,,0.02423552330476559,-0.0344827586206895,,,,,
1923-01,,0.02657741507011236,-0.023121387283237316,,,,,
1923-02,,0.03112569405158979,-0.005917159763313307,,,,,
1923-03,,0.03434717872345504,-0.005917159763313307,,,,,
1923-04,,0.03626533930680215,0.0059880239520957446,,,,,
1923-05,,0.034786065679092475,0.011976047904191045,,,,,
1923-06,,0.03504436631447444,0.011976047904191045,,,,,
1923-07,,0.03327801265815069,0.017964071856287234,,,,,
1923-08,,0.03100108950687472,0.023809523809523725,,,,,
1923-09,,0.029360286299458156,0.030120481927710774,,,,,
1923-10,,0.028122692639961273,0.03614457831325257,,,,,
1923-11,,0.02535869682207323,0.03592814371257469,,,,,
1923-12,,0.019885449151588346,0.029761904761904656,,,,,
1924-01,,0.011827633870214738,0.02366863905325478,,,,,
1924-02,,0.006798965509556561,0.029761904761904656,,,,,
1924-03,,0.002337614894359831,0.023809523809523725,,,,,
1924-04,,-0.000588643746431361,0.017857142857143016,,,,,
1924-05,,-0.00803198473422186,0.005917159763313862,,,,,
1924-06,,-0.013491198737885384,0.005917159763313862,,,,,
1924-07,,-0.017946573702242452,0.0,,,,,
1924-08,,-0.019388321677979707,-0.00581395348837177,,,,,
1924-09,,-0.020312656409202066,-0.005847953216374546,,,,,
1924-10,,-0.01875409658852396,-0.00581395348837177,,,,,
1924-11,,-0.015267186821554469,-0.005780346820809301,,,,,
1924-12,,-0.01228279705780656,-0.005780346820809301,,,,,
1925-01,,-0.008372425973911402,0.0,,,,,
1925-02,,-0.003965484970149582,0.0,,,,,
1925-03,,-5.457571241950417e-05,0.0,,,,,
1925-04,,0.004357496133862798,0.011695906432748204,,,,,
1925-05,,0.007791769251393845,0.0117647058823529,,,,,
1925-06,,0.012696630604219003,0.01764705882352935,,,,,
1925-07,,0.016150936303106884,0.02941176470588247,,,,,
1925-08,,0.020516801376186257,0.03508771929824528,,,,,
1925-09,,0.024441236647370718,0.04117647058823515,,,,,
1925-10,,0.022924748779273564,0.03508771929824528,,,,,
1925-11,,0.018014588638589495,0.029069767441860517,,,,,
1925-12,,0.015435309850854485,0.046511627906976605,,,,,
1926-01,,0.012409923649319844,0.03468208092485514,,,,,
1926-02,,0.011390521399913457,0.03468208092485514,,,,,
1926-03,,0.00606106403557238,0.0406976744186045,,,,,
1926-04,,0.0027004627893612576,0.028901734104046284,,,,,
1926-05,,0.0022945799092567443,0.0406976744186045,,,,,
1926-06,,-0.002575289802305737,0.028901734104046284,,,,,
1926-07,,-0.006901077921021518,0.011428571428571122,,,,,
1926-08,,-0.020367851542764666,-0.011299435028248372,,,,,
1926-09,,-0.030807678497353736,-0.016949152542372947,,,,,
1926-10,,-0.03451808445575243,-0.011299435028248372,,,,,
1926-11,,-0.029741554871378938,-0.00564971751412402,,,,,
1926-12,,-0.024382535031673196,-0.016666666666666496,,,,,
1927-01,,-0.02051917936790456,-0.011173184357541666,,,,,
1927-02,,-0.02133235896489612,-0.02234636871508333,,,,,
1927-03,,-0.019368570764587218,-0.027932960893854553,,,,,
1927-04,,-0.02025817004684849,-0.028089887640449396,,,,,
1927-05,,-0.017797795875093364,-0.03351955307262544,,,,,
1927-06,,-0.011696308596561254,-0.022471910112359716,,,,,
1927-07,,-0.0027930611425615315,-0.00564971751412402,,,,,
1927-08,,0.004581360772150026,-0.011428571428571566,,,,,
1927-09,,0.007786004879348052,-0.011494252873563204,,,,,
1927-10,,0.005870481607892471,-0.011428571428571566,,,,,
1927-11,,0.006368286533663486,-0.011363636363636687,,,,,
1927-12,,0.003161097755171408,-0.022598870056497078,,,,,
1928-01,,0.0003898053541091899,-0.022598870056497078,,,,,
1928-02,,-0.0005416561080784192,-0.011428571428571566,,,,,
1928-03,,0.0003532090086799597,-0.017241379310344418,,,,,
1928-04,,0.0026551683137369646,-0.01156069364161827,,,,,
1928-05,,0.0007812226234708008,-0.01156069364161827,,,,,
1928-06,,0.001782126665831496,-0.011494252873563204,,,,,
1928-07,,-0.001937391307078819,-0.02840909090909094,,,,,
1928-08,,-0.0019263811226582599,-0.01156069364161827,,,,,
1928-09,,-0.0005063062763604013,-0.00581395348837177,,,,,
1928-10,,0.008011009740955616,0.0,,,,,
1928-11,,0.00804404137280118,-0.011494252873563204,,,,,
1928-12,,0.006653699992348023,-0.005780346820809301,,,,,
1929-01,,0.0018802874105686984,-0.01156069364161827,,,,,
1929-02,,0.0018691506723042348,-0.01156069364161827,,,,,
1929-03,,0.0023591513367119676,0.0,,,,,
1929-04,,0.0037873364430228975,-0.005847953216374546,,,,,
1929-05,,0.0037535332452401926,-0.011695906432749092,,,,,
1929-06,,-0.00011129790507609892,-0.011627906976744096,,,,,
1929-07,,-0.0005294044087088279,0.0,,,,,
1929-08,,0.005329816540259732,0.011695906432748204,,,,,
1929-09,,0.011645266016663833,0.011695906432748204,,,,,
1929-10,,0.011645266016663833,0.0,,,,,
1929-11,,0.008242264505043858,0.005813953488372103,,,,,
1929-12,,0.005315421831153373,0.005813953488372103,,,,,
1930-01,,0.005814018998445349,0.005847953216373991,,,,,
1930-02,,0.0029126433655197923,0.0,,,,,
1930-03,,-0.0004873294346978788,-0.005847953216374546,,,,,
1930-04,,-0.004394564843481284,-0.005882352941176783,,,,,
1930-05,,-0.003889933772048576,0.005917159763313862,,,,,
1930-06,,-0.004380196516613265,-0.005882352941176783,,,,,
1930-07,,-0.00680537711516844,-0.017543859649123084,,,,,
1930-08,,-0.017918711769960155,-0.04046242774566444,,,,,
1930-09,,-0.026543962228457396,-0.046242774566474076,,,,,
1930-10,,-0.030811615948499148,-0.04046242774566444,,,,,
1930-11,,-0.028400337550865174,-0.046242774566474076,,,,,
1930-12,,-0.025507363584830262,-0.052023121387283155,,,,,
1931-01,,-0.02752093032793423,-0.06395348837209314,,,,,
1931-02,,-0.029650531788232348,-0.07017543859649122,,,,,
1931-03,,-0.03191446781932609,-0.07647058823529429,,,,,
1931-04,,-0.030317603671162284,-0.07692307692307676,,,,,
1931-05,,-0.02849151768813419,-0.08823529411764719,,,,,
1931-06,,-0.02716015674138853,-0.09467455621301746,,,,,
1931-07,,-0.02827873845207554,-0.10119047619047605,,,,,
1931-08,,-0.024829204170781688,-0.09036144578313265,,,,,
1931-09,,-0.018336704525769854,-0.08484848484848462,,,,,
1931-10,,-0.012074800316585296,-0.09638554216867501,,,,,
1931-11,,-0.010050307178504858,-0.09696969696969715,,,,,
1931-12,,-0.012017373157625105,-0.10365853658536606,,,,,
1932-01,,-0.008510241931579676,-0.09316770186335388,,,,,
1932-02,,-0.007192195529124146,-0.10062893081761037,,,,,
1932-03,,-0.004489606026646054,-0.10191082802547757,,,,,
1932-04,,-0.005484987456810142,-0.10256410256410264,,,,,
1932-05,,-0.005101403306980501,-0.10322580645161294,,,,,
1932-06,,-0.005164464499246013,-0.10457516339869288,,,,,
1932-07,,-0.004243407079844191,-0.09933774834437092,,,,,
1932-08,,-0.0021993624973269954,-0.09933774834437092,,,,,
1932-09,,-0.0009017479936353767,-0.10596026490066246,,,,,
1932-10,,-0.002487960392901306,-0.10666666666666669,,,,,
1932-11,,-0.004301823276144964,-0.10738255033557009,,,,,
1932-12,,-0.0031301504396706453,-0.10204081632653061,,,,,
1933-01,,-0.001023501546243935,-0.10273972602739745,,,,,
1933-02,,0.0019094131886207982,-0.0979020979020978,,,,,
1933-03,,0.0026077545932135654,-0.09929078014184389,,,,,
1933-04,,0.003307321388670806,-0.10000000000000009,,,,,
1933-05,,0.0039579085210401654,-0.0935251798561153,,,,,
1933-06,,0.008267245584367061,-0.08029197080291994,,,,,
1933-07,,0.016778315575277383,-0.06617647058823528,,,,,
1933-08,,0.030484053361363263,-0.036764705882353144,,,,,
1933-09,,0.04286246599839249,-0.022222222222222254,,,,,
1933-10,,0.05230105735533325,-0.014925373134328401,,,,,
1933-11,,0.05372771420669976,-0.00751879699248148,,,,,
1933-12,,0.052631720253562955,0.0,,,,,
1934-01,,0.050953597742620885,0.007633587786259666,,,,,
1934-02,,0.05111530873664528,0.02325581395348819,,,,,
1934-03,,0.05465210068020557,0.047244094488189115,,,,,
1934-04,,0.05766312697367468,0.055555555555556024,,,,,
1934-05,,0.05600631289005801,0.055555555555556024,,,,,
1934-06,,0.047456172715973986,0.055555555555556024,,,,,
1934-07,,0.03720247587415747,0.055118110236220375,,,,,
1934-08,,0.021345422705137385,0.022900763358778775,,,,,
1934-09,,0.004762931122645642,0.015151515151515138,,,,,
1934-10,,-0.007277795808197558,0.030303030303030498,,,,,
1934-11,,-0.009856131828679098,0.022727272727272707,,,,,
1934-12,,-0.009224818697365966,0.022727272727272707,,,,,
1935-01,,-0.01490181769497571,0.015151515151515138,,,,,
1935-02,,-0.012963833198851641,0.030303030303030498,,,,,
1935-03,,-0.009083785908112298,0.03007518796992459,,,,,
1935-04,,-0.0019858643365065314,0.03007518796992459,,,,,
1935-05,,0.0019412514327144872,0.03759398496240607,,,,,
1935-06,,0.005944314646304148,0.03759398496240607,,,,,
1935-07,,0.006109442768054103,0.02238805970149249,,,,,
1935-08,,0.0010835263191901028,0.02238805970149249,,,,,
1935-09,,-0.004588160813612536,0.02238805970149249,,,,,
1935-10,,-0.007687359561406575,0.00735294117647034,,,,,
1935-11,,-0.009552403030927635,0.014814814814814836,,,,,
1935-12,,-0.009565594648596817,0.022222222222222365,,,,,
1936-01,,-0.0032912622109631355,0.029850746268656803,,,,,
1936-02,,-0.002027810702413535,0.014705882352941346,,,,,
1936-03,,-0.0051041349274123515,0.007299270072993025,,,,,
1936-04,,-0.012548118019470905,0.0,,,,,
1936-05,,-0.01612884092648279,-0.007246376811594457,,,,,
1936-06,,-0.01724069307351191,-0.007246376811594457,,,,,
1936-07,,-0.013550203913472614,0.007299270072993025,,,,,
1936-08,,-0.005619438297987074,0.014598540145985384,,,,,
1936-09,,0.00413614483574661,0.021897810218977964,,,,,
1936-10,,0.007790252464199289,0.021897810218977964,,,,,
1936-11,,0.009633092871516554,0.021897810218977964,,,,,
1936-12,,0.007808863056172769,0.014492753623188026,,,,,
1937-01,,0.006620343578031854,0.014492753623188026,,,,,
1937-02,,0.0059813463098132656,0.021739130434782483,,,,,
1937-03,,0.007193483550195631,0.021739130434782483,,,,,
1937-04,,0.011486653267040514,0.03649635036496357,,,,,
1937-05,,0.014585316830635856,0.04379562043795615,,,,,
1937-06,,0.019508797912479395,0.051094890510948954,,,,,
1937-07,,0.01882118551429886,0.043478260869564966,,,,,
1937-08,,0.01623055728695379,0.043165467625899456,,,,,
1937-09,,0.009952316063457142,0.03571428571428603,,,,,
1937-10,,0.007998665672802774,0.04285714285714315,,,,,
1937-11,,0.00614927969670357,0.04285714285714315,,,,,
1937-12,,0.0043808186891120746,0.03571428571428603,,,,,
1938-01,,-0.0015543089851461356,0.028571428571428692,,,,,
1938-02,,-0.012255379422571936,0.007092198581560183,,,,,
1938-03,,-0.022348547124435403,0.0,,,,,
1938-04,,-0.030591557498113025,-0.007042253521126751,,,,,
1938-05,,-0.031054240403721817,-0.006993006993006978,,,,,
1938-06,,-0.032004666194476054,-0.02083333333333326,,,,,
1938-07,,-0.0312423932816367,-0.02083333333333326,,,,,
1938-08,,-0.03221082037261403,-0.02758620689655178,,,,,
1938-09,,-0.029186737176117056,-0.02758620689655178,,,,,
1938-10,,-0.02723250799586051,-0.03424657534246589,,,,,
1938-11,,-0.02473964972832115,-0.04109589041095929,,,,,
1938-12,,-0.021188746608452533,-0.034482758620689946,,,,,
1939-01,,-0.014336713557789326,-0.0277777777777779,,,,,
1939-02,,-0.0035681936329029773,-0.014084507042253724,,,,,
1939-03,,0.004379959949880191,-0.014184397163120588,,,,,
1939-04,,0.00950626545826545,-0.014184397163120588,,,,,
1939-05,,0.006576097035139412,-0.028169014084506783,,,,,
1939-06,,0.0042489693755650045,-0.02127659574468066,,,,,
1939-07,,0.0019218417159906007,-0.02127659574468066,,,,,
1939-08,,0.003693513566610046,-0.02127659574468066,,,,,
1939-09,,0.0031677126372874516,-0.02127659574468066,,,,,
1939-10,,0.007406029940308848,0.0,,,,,
1939-11,,0.01107357098762246,0.0,,,,,
1939-12,,0.015292206350791851,0.0,,,,,
1940-01,,0.012977391535977026,0.0,,,,,
1940-02,,0.010017968330074964,-0.0071428571428570065,,,,,
1940-03,,0.010634496384227374,0.007194244604316502,,,,,
1940-04,,0.011251024438379784,0.007194244604316502,,,,,
1940-05,,0.014907747384753561,0.014492753623188026,,,,,
1940-06,,0.014359804610388344,0.014492753623188026,,,,,
1940-07,,0.015623456038921743,0.021739130434782483,,,,,
1940-08,,0.012642676924932685,0.014492753623188026,,,,,
1940-09,,0.009661897810943627,0.014492753623188026,,,,,
1940-10,,0.0006424713539593396,-0.007092198581560516,,,,,
1940-11,,-0.004188446520436669,0.0,,,,,
1940-12,,-0.009019364394832677,0.0,,,,,
1941-01,,-0.004869583915264838,0.0071428571428573395,,,,,
1941-02,,-0.0018676997083446152,0.014388489208633226,,,,,
1941-03,,0.0005175349610627624,0.0071428571428573395,,,,,
1941-04,,0.0023075315352319714,0.014285714285714457,,,,,
1941-05,,0.0040762407914294585,0.021428571428571574,,,,,
1941-06,,0.010045875021933187,0.028571428571428692,,,,,
1941-07,,0.01773386233526735,0.042553191489361764,,,,,
1941-08,,0.024298734661009225,0.050000000000000266,,,,,
1941-09,,0.03205408317722723,0.06428571428571428,,,,,
1941-10,,0.036921526608500566,0.07857142857142918,,,,,
1941-11,,0.04346914565611961,0.0928571428571432,,,,,
1941-12,,0.04704057422754832,0.10000000000000053,,,,,
1942-01,,0.04626803116777101,0.09929078014184389,,,,,
1942-02,,0.04488348530901717,0.11347517730496448,,,,,
1942-03,,0.042287234042552926,0.12056737588652466,,,,,
1942-04,,0.04207092436415155,0.12676056338028152,,,,,
1942-05,,0.03750011101674247,0.12587412587412583,,,,,
1942-06,,0.03267804921329788,0.13194444444444486,,,,,
1942-07,,0.02118151173105909,0.10884353741496633,,,,,
1942-08,,0.012301701065534201,0.11564625850340149,,,,,
1942-09,,0.0005230000250881217,0.10738255033557076,,,,,
1942-10,,-0.006031752118595052,0.09271523178807928,,,,,
1942-11,,-0.013966592721502885,0.09150326797385633,,,,,
1942-12,,-0.018700170106087044,0.09090909090909083,,,,,
1943-01,,-0.018750370529002885,0.09032258064516108,,,,,
1943-02,,-0.020686914823430935,0.07643312101910804,,,,,
1943-03,,-0.023537600511444934,0.06962025316455689,,,,,
1943-04,,-0.02433174711147512,0.07500000000000018,,,,,
1943-05,,-0.01913360822460726,0.08074534161490687,,,,,
1943-06,,-0.012940080933629028,0.07361963190184051,,,,,
1943-07,,-0.010464878173588432,0.07361963190184051,,,,,
1943-08,,-0.012498901397582918,0.06097560975609739,,,,,
1943-09,,-0.01596902071568671,0.048484848484848575,,,,,
1943-10,,-0.019146265064263326,0.05454545454545445,,,,,
1943-11,,-0.021367154068973493,0.041916167664670434,,,,,
1943-12,,-0.021024441226260716,0.03571428571428559,,,,,
1944-01,,-0.02428292798350673,0.0295857988165682,,,,,
1944-02,,-0.024489107415995824,0.0295857988165682,,,,,
1944-03,,-0.02319573185290256,0.0295857988165682,,,,,
1944-04,,-0.02390068804757256,0.011627906976744207,,,,,
1944-05,,-0.02559706090932425,0.00574712643678188,,,,,
1944-06,,-0.029324024523026942,0.0,,,,,
1944-07,,-0.025636452761550188,0.005714285714285783,,,,,
1944-08,,-0.018160515933216458,0.017241379310344973,,,,,
1944-09,,-0.008339765072003163,0.023121387283236983,,,,,
1944-10,,-0.001388727603724306,0.017241379310344973,,,,,
1944-11,,0.0006675047591361491,0.017241379310344973,,,,,
1944-12,,0.00024691096850052927,0.017241379310344973,,,,,
1945-01,,0.002712394203214546,0.02298850574712663,,,,,
1945-02,,0.005177877437928562,0.02298850574712663,,,,,
1945-03,,0.007643360672642577,0.02298850574712663,,,,,
1945-04,,0.0066966441084440435,0.02298850574712663,,,,,
1945-05,,0.003798450348181215,0.017142857142856904,,,,,
1945-06,,0.0018499008134246209,0.022857142857142465,,,,,
1945-07,,0.001765528767845543,0.028409090909090606,,,,,
1945-08,,0.003137742176879621,0.02259887005649719,,,,,
1945-09,,0.003095194345559514,0.02259887005649719,,,,,
1945-10,,0.0007119964991823546,0.02259887005649719,,,,,
1945-11,,0.00026553893700300216,0.02259887005649719,,,,,
1945-12,,-0.00018091862517634685,0.02259887005649719,,,,,
1946-01,,-0.00018018897032501258,0.022471910112359383,,,,,
1946-02,,-0.0001794593154736783,0.022471910112359383,,,,,
1946-03,,-0.0015832240426447881,0.016853932584269593,,,,,
1946-04,,-0.00013568002439162674,0.028089887640449618,,,,,
1946-05,,0.0022292209921948407,0.03370786516853941,,,,,
1946-06,,0.006895893637023292,0.033519553072625774,,,,,
1946-07,,0.008187314816977171,0.03314917127071815,,,,,
1946-08,,0.02231526191559757,0.09392265193370175,,,,,
1946-09,,0.042030841591308876,0.11602209944751385,,,,,
1946-10,,0.06463231280688252,0.12707182320441968,,,,,
1946-11,,0.07250081901324809,0.14917127071823222,,,,,
1946-12,,0.07990892006307593,0.17679558011049745,,,,,
1947-01,,0.08475397516730293,0.18131868131868112,,,,,
1947-02,,0.08223254776692576,0.18131868131868112,,,,,
1947-03,,0.07166650807896649,0.18784530386740306,,,,,
1947-04,,0.06274809947829593,0.1967213114754094,,,,,
1947-05,,0.05267187562886744,0.19021739130434767,,,,,
1947-06,,0.03879601637506455,0.1837837837837839,,,,,
1947-07,,0.02010232388131153,0.17647058823529438,,,,,
1947-08,,-0.005173555255965606,0.1212121212121211,,,,,
1947-09,,-0.028300961695280735,0.11386138613861352,,,,,
1947-10,,-0.044672427408638,0.12745098039215685,,,,,
1947-11,,-0.04620322089385136,0.10576923076923062,,,,,
1947-12,,-0.04829729070080087,0.08450704225352079,,,,,
1948-01,,-0.053578037465815714,0.0883720930232561,,,,,
1948-02,,-0.04814316226349853,0.1023255813953492,,,,,
1948-03,,-0.0374025870722334,0.09302325581395388,,,,,
1948-04,,-0.03334322111913503,0.06849315068493178,,,,,
1948-05,,-0.029910801258660746,0.08675799086758018,,,,,
1948-06,,-0.022772187653019485,0.09132420091324223,,,,,
1948-07,,-0.00703371916475258,0.09545454545454524,,,,,
1948-08,,-0.0010772645781611384,0.09909909909909898,,,,,
1948-09,,0.00019200618453156515,0.08888888888888924,,,,,
1948-10,,-0.0047009127748834645,0.0652173913043479,,,,,
1948-11,,-0.013702451939466065,0.0608695652173914,,,,,
1948-12,,-0.024385066143207103,0.047619047619047894,,,,,
1949-01,,-0.031281223014085945,0.029914529914529808,,,,,
1949-02,,-0.03987938934157864,0.012658227848101333,,,,,
1949-03,,-0.0448089778683963,0.01276595744680864,,,,,
1949-04,,-0.044799221009324264,0.017094017094017255,,,,,
1949-05,,-0.040738377551659134,0.004201680672268893,,,,,
1949-06,,-0.03842937172909433,-0.004184100418409997,,,,,
1949-07,,-0.038247520769235134,-0.008298755186721962,,,,,
1949-08,,-0.0385619538826075,-0.02868852459016391,,,,,
1949-09,,-0.03690270347858721,-0.02857142857142858,,,,,
1949-10,,-0.034824118120576085,-0.02448979591836742,,,,,
1949-11,,-0.027360943969946473,-0.02868852459016391,,,,,
1949-12,,-0.01800111188284162,-0.016528925619834656,,,,,
1950-01,,-0.012531691075542863,-0.020746887966804795,,,,,
1950-02,,-0.0071223305581464575,-0.02083333333333337,,,,,
1950-03,,-0.0037001194018358823,-0.012605042016806789,,,,,
1950-04,,0.002539171008799376,-0.008403361344537785,,,,,
1950-05,,0.006695680195458744,-0.012552301255229992,,,,,
1950-06,,0.009498265664792923,-0.004201680672269004,,,,,
1950-07,,0.010561798076142853,-0.004184100418409997,,,,,
1950-08,,0.016574597394739616,0.016877637130801704,,,,,
1950-09,,0.02084630607821302,0.021008403361344463,,,,,
1950-10,,0.025430315414164954,0.02092050209205021,,,,,
1950-11,,0.026907396874126615,0.037974683544303556,,,,,
1950-12,,0.027980966797963913,0.037815126050420034,,,,,
1951-01,,0.034109067244622954,0.059322033898304705,,,,,
1951-02,,0.03992749424285735,0.0808510638297868,,,,,
1951-03,,0.04967628737713235,0.09361702127659566,,,,,
1951-04,,0.05250708071141534,0.09322033898305082,,,,,
1951-05,,0.047815785742646624,0.09322033898305082,,,,,
1951-06,,0.039466722982611245,0.09282700421940904,,,,,
1951-07,,0.03010342514947182,0.08823529411764675,,,,,
1951-08,,0.019108647752812777,0.07468879668049766,,,,,
1951-09,,0.006377918642915967,0.06584362139917666,,,,,
1951-10,,-0.003872438101743522,0.069672131147541,,,,,
1951-11,,-0.009343984098258054,0.0650406504065042,,,,,
1951-12,,-0.010934119660988395,0.06882591093117418,,,,,
1952-01,,-0.014214660551976663,0.06000000000000005,,,,,
1952-02,,-0.018330517048119145,0.04330708661417337,,,,,
1952-03,,-0.02763449304330793,0.02334630350194522,,,,,
1952-04,,-0.03502117022107702,0.019379844961240122,,,,,
1952-05,,-0.035874550688841864,0.02325581395348819,,,,,
1952-06,,-0.03109481334495131,0.01930501930501949,,,,,
1952-07,,-0.02441031469738828,0.023166023166023342,,,,,
1952-08,,-0.01821617856983517,0.030888030888030826,,,,,
1952-09,,-0.011442208832902572,0.030888030888030826,,,,,
1952-10,,-0.007611079189167053,0.022988505747126187,,,,,
1952-11,,-0.0077160429182231635,0.01908396946564861,,,,,
1952-12,,-0.009435651545726585,0.01136363636363602,,,,,
1953-01,,-0.010211694341938507,0.007547169811320531,,,,,
1953-02,,-0.012020697386225115,0.0037735849056605986,,,,,
1953-03,,-0.011961910197864356,0.0076045627376426506,,,,,
1953-04,,-0.010010935361585111,0.011406844106464309,,,,,
1953-05,,-0.00743687310674185,0.007575757575757791,,,,,
1953-06,,-0.005522066652962104,0.01136363636363602,,,,,
1953-07,,-0.004563657412036312,0.01132075471698113,,,,,
1953-08,,-0.0035785777752712997,0.0037453183520601563,,,,,
1953-09,,-0.0029197948131174933,0.0074906367041196464,,,,,
1953-10,,-0.002905011730487443,0.0074906367041196464,,,,,
1953-11,,0.0002458683716748955,0.011235955056180025,,,,,
1953-12,,0.0005686183433012588,0.0074906367041196464,,,,,
1954-01,,0.0005733294355679992,0.0074906367041196464,,,,,
1954-02,,-3.797463550668165e-05,0.01127819548872111,,,,,
1954-03,,0.0018724449302506448,0.015094339622641284,,,,,
1954-04,,0.003145685243263068,0.01127819548872111,,,,,
1954-05,,0.0018972991264560486,0.007518796992480814,,,,,
1954-06,,-0.00031451854142479883,0.0074906367041196464,,,,,
1954-07,,-0.0021976849903546465,0.0037313432835817117,,,,,
1954-08,,-0.0034590049709478108,0.0037313432835817117,,,,,
1954-09,,-0.0053316641469777215,0.0,,,,,
1954-10,,-0.006880593545901352,-0.0037174721189587867,,,,,
1954-11,,-0.009039896904265442,-0.007407407407407418,,,,,
1954-12,,-0.009345045208661834,-0.0037174721189587867,,,,,
1955-01,,-0.009340404169811772,-0.0074349442379180175,,,,,
1955-02,,-0.007790154802762045,-0.0074349442379180175,,,,,
1955-03,,-0.00715187185403518,-0.0074349442379180175,,,,,
1955-04,,-0.005592443543481919,-0.0074349442379180175,,,,,
1955-05,,-0.0034203982023647455,-0.003731343283582267,,,,,
1955-06,,-0.0021765997905282735,-0.0074349442379180175,,,,,
1955-07,,-0.0012460758304032957,-0.0074349442379180175,,,,,
1955-08,,-0.0006207174919837617,-0.0037174721189587867,,,,,
1955-09,,0.0009282292242492147,-0.0037174721189587867,,,,,
1955-10,,0.00402959044787075,0.0037313432835817117,,,,,
1955-11,,0.005584299691135154,0.0037313432835817117,,,,,
1955-12,,0.00744650354177028,0.0037313432835817117,,,,,
1956-01,,0.006519473348764912,0.0037453183520601563,,,,,
1956-02,,0.005592443155759547,0.0037453183520601563,,,,,
1956-03,,0.00466541296275418,0.0037453183520601563,,,,,
1956-04,,0.0037337244135893324,0.0037453183520601563,,,,,
1956-05,,0.004046998865300669,0.0074906367041196464,,,,,
1956-06,,0.004987969492165789,0.011235955056180025,,,,,
1956-07,,0.007801599295060764,0.01872659176029945,,,,,
1956-08,,0.010591945975814105,0.02238805970149249,,,,,
1956-09,,0.011201017384985227,0.01865671641791078,,,,,
1956-10,,0.00991660555388287,0.018587360594795932,,,,,
1956-11,,0.008341072438789305,0.022304832713755163,,,,,
1956-12,,0.00800932041822298,0.022304832713755163,,,,,
1957-01,,0.009588329983126939,0.029850746268657025,,,,,
1957-02,,0.009928182175044487,0.029850746268657025,,,,,
1957-03,,0.011200870187857408,0.033582089552238514,,,,,
1957-04,,0.010891089503265304,0.03731343283582089,,,,,
1957-05,,0.010858740769787455,0.03717472118959142,,,,,
1957-06,,0.009860299766315531,0.03703703703703698,,,,,
1957-07,,0.00725509695792962,0.03308823529411775,,,,,
1957-08,,0.00494087370197362,0.03284671532846706,,,,,
1957-09,,0.00330743021529626,0.03663003663003628,,,,,
1957-10,,0.002038643998940104,0.03284671532846706,,,,,
1957-11,,0.00022120222165789016,0.029090909090908834,,,,,
1957-12,,-0.001948255747056482,0.032727272727272494,,,,,
1958-01,,-0.003163221855896625,0.028985507246376496,,,,,
1958-02,,-0.0013146583493188618,0.03623188405797051,,,,,
1958-03,,-0.0013024981134126742,0.032490974729241895,,,,,
1958-04,,0.0011379246295092002,0.03597122302158251,,,,,
1958-05,,0.0011190968526874623,0.03584229390680993,,,,,
1958-06,,0.001410905981740894,0.03214285714285725,,,,,
1958-07,,-0.0007047110285234998,0.028469750889679846,,,,,
1958-08,,-0.003731170470382312,0.024734982332155653,,,,,
1958-09,,-0.006092599775274543,0.021201413427561988,,,,,
1958-10,,-0.007544937104238408,0.021201413427561988,,,,,
1958-11,,-0.008065335433824056,0.021201413427561988,,,,,
1958-12,,-0.00712351037489356,0.021126760563380476,,,,,
1959-01,,-0.007373780796178602,0.01760563380281699,,,,,
1959-02,,-0.007925091437364844,0.013986013986014179,,,,,
1959-03,,-0.00963738610867724,0.010489510489510412,,,,,
1959-04,,-0.011640273235595447,0.003472222222222321,,,,,
1959-05,,-0.012450368168918424,0.0034602076124570225,,,,,
1959-06,,-0.012403248333736202,0.0034602076124570225,,,,,
1959-07,,-0.009458072694108588,0.006920415224913601,,,,,
1959-08,,-0.006826088772880249,0.006896551724137501,,,,,
1959-09,,-0.0036175511487266023,0.010380622837369957,,,,,
1959-10,,-0.0006973641589441693,0.013840830449827202,,,,,
1959-11,,0.0030958292342111084,0.01730103806228378,,,,,
1959-12,,0.004844460864105135,0.01379310344827589,,,,,
1960-01,,0.006023246379968426,0.01730103806228378,,,,,
1960-02,,0.004007941754593439,0.010344827586207028,,,,,
1960-03,,0.004609625994864957,0.01730103806228378,,,,,
1960-04,,0.0034572246748598347,0.01730103806228378,,,,,
1960-05,,0.00460764427474843,0.01724137931034475,,,,,
1960-06,,0.003439327049278112,0.01724137931034475,,,,,
1960-07,,0.002544548276641077,0.01718213058419238,,,,,
1960-08,,0.0007967920177842629,0.013698630136986578,,,,,
1960-09,,-0.0006606249816365102,0.013698630136986578,,,,,
1960-10,,-0.002674872343091106,0.01023890784982906,,,,,
1960-11,,-0.0023979686726786804,0.013605442176870541,,,,,
1960-12,,-0.0024133928867669154,0.013605442176870541,,,,,
1961-01,,-0.0009832484539686517,0.013605442176870541,,,,,
1961-02,,-0.0003901152766460636,0.017064846416382062,,,,,
1961-03,,-8.214895286162704e-05,0.013605442176870541,,,,,
1961-04,,0.0002258173709228095,0.013605442176870541,,,,,
1961-05,,-0.0014833102773199238,0.010169491525423568,,,,,
1961-06,,-0.0020393031790588156,0.010169491525423568,,,,,
1961-07,,-0.003453417166810432,0.006756756756756799,,,,,
1961-08,,-0.002323316785491006,0.013513513513513598,,,,,
1961-09,,-0.002037810998766265,0.010135135135134865,,,,,
1961-10,,-5.8442551821044283e-05,0.013513513513513598,,,,,
1961-11,,-0.0017513078592596622,0.006711409395973478,,,,,
1961-12,,-0.0023180470405720355,0.006711409395973478,,,,,
1962-01,,-0.0040109123480106534,0.006711409395973478,,,,,
1962-02,,-0.003148125929643272,0.006711409395973478,,,,,
1962-03,,-0.0017346970234053023,0.010067114093959662,,,,,
1962-04,,-0.00032126811716733615,0.010067114093959662,,,,-0.13635546478165417,negative
1962-05,,0.0016447577426133755,0.01342281879194629,,,,-0.25106143812421816,negative
1962-06,,0.0024922153697320235,0.01342281879194629,,,,-0.27405271225397704,negative
1962-07,,0.0030552784327951086,0.01342281879194629,,,,-0.2214201347861292,negative
1962-08,,0.0022071316282724247,0.009999999999999787,,,,0.10412208801993503,positive
1962-09,,0.0019219348975694581,0.013377926421404895,,,,0.12465018443888247,positive
1962-10,,0.0019071214263801286,0.013333333333333197,,,,0.06410540979535233,positive
1962-11,,0.0024664055427112887,0.013333333333333197,,,,0.021386432325126256,positive
1962-12,,0.0018997141852407449,0.013333333333333197,,,,0.013852614882804584,positive
1963-01,,0.0013478871904607694,0.013333333333333197,,,,-0.15148991877747447,negative
1963-02,,0.0007960601956807922,0.013333333333333197,,,,-0.15608135614441307,negative
1963-03,,-0.00031776372210751136,0.009966777408637828,,,,-0.07123549417516689,negative
1963-04,,-0.0006010228558426256,0.013289036544850585,,,,0.0735628697190816,positive
1963-05,,-0.001443455359015522,0.009933774834437248,,,,-0.02168671642153102,negative
1963-06,,-0.001163702553956628,0.009933774834437248,,,,-0.0037457175319778073,negative
1963-07,,-0.0011635548914321996,0.013245033112583071,,,,-0.18537537421524736,negative
1963-08,,-0.00034114980324134736,0.013201320132013139,,,,-0.1262891750142412,negative
1963-09,,0.00076274915339993,0.013201320132013139,,,,-0.23896284191634637,negative
1963-10,,-7.404550985880796e-05,0.009868421052631415,,,,-0.11944691221797298,negative
1963-11,,-7.390075854146749e-05,0.01315789473684248,,,,0.021589594390682042,positive
1963-12,,-7.375600722412702e-05,0.01315789473684248,,,,0.06732357531463518,positive
1964-01,,0.001859723524939608,0.016447368421052433,,,,0.05392035589602325,positive
1964-02,,0.0026967118290329908,0.016447368421052433,,,,-0.08196773303477946,negative
1964-03,,0.0032531538060684238,0.016447368421052433,,,,-0.015316936731098033,negative
1964-04,,0.0021568059023785637,0.01311475409836027,,,,-0.05000949623164314,negative
1964-05,,0.0007808528561542571,0.01311475409836027,,,,-0.16273262110007927,negative
1964-06,,-0.0005951001900700494,0.01311475409836027,,,,-0.11426061105531828,negative
1964-07,,-0.0005949582739324666,0.013071895424836333,,,,-0.07948919538842748,negative
1964-08,,-0.0006091039721567264,0.01302931596091228,,,,-0.07490234348189047,negative
1964-09,,-0.001437581917937988,0.009771986970684265,,,,-0.0675526731172465,negative
1964-10,,-0.0017151829816027444,0.01302931596091228,,,,-0.06875187173129466,negative
1964-11,,-0.0025267321387717288,0.009740259740259605,,,,0.10096245519843894,positive
1964-12,,-0.0014408166541764467,0.012987012987012658,,,,0.008314191849949679,positive
1965-01,,-0.001986123473373364,0.009708737864077888,,,,0.011152326941622636,positive
1965-02,,-0.0014350782190193923,0.009708737864077888,,,,-0.08280350153346307,negative
1965-03,,-0.0019662840469164364,0.009708737864077888,,,,-0.10899080178580631,negative
1965-04,,-0.0008733878720530806,0.012944983818770517,,,,0.006378095891990595,positive
1965-05,,0.0010285697914833754,0.016181229773462924,,,,-0.00014416933242112191,negative
1965-06,,0.002930527455019835,0.016181229773462924,,,,-0.3599458129257554,negative
1965-07,,0.004543567144918697,0.019354838709677358,,,,-0.4105105768277515,negative
1965-08,,0.004254892821675311,0.01607717041800627,,,,-0.41809299851078346,negative
1965-09,,0.004514191488830699,0.019354838709677358,,,,0.014813931681518996,positive
1965-10,,0.003167647520182504,0.01607717041800627,,,,0.26317857659553406,positive
1965-11,,0.003443430151270596,0.019292604501607524,,,,0.3570604152664755,positive
1965-12,,0.0020804785867061058,0.01602564102564097,,,,0.18863539508186028,positive
1966-01,,0.0023381755770695185,0.019230769230769384,,,,0.11919190997343687,positive
1966-02,,0.0015240612062325173,0.019230769230769384,,,,0.015266714873992232,positive
1966-03,,0.0034014987632817913,0.025641025641025772,,,,-0.23563696261837697,negative
1966-04,,0.004459767362417044,0.025559105431310014,,,,-0.21611901047115661,negative
1966-05,,0.006563551862157253,0.02866242038216571,,,,-0.2670687641467767,negative
1966-06,,0.006530584225145335,0.02866242038216571,,,,-0.09724761530749873,negative
1966-07,,0.005952899564565777,0.025316455696202667,,,,-0.13982901114750707,negative
1966-08,,0.004858776803234727,0.028481012658228,,,,0.3173962527959095,positive
1966-09,,0.005620071547222327,0.03481012658227889,,,,0.11024035244163351,positive
1966-10,,0.007223548828891684,0.03481012658227889,,,,0.18134128200183613,positive
1966-11,,0.008801317382092593,0.03785488958990513,,,,-0.028585124545609256,negative
1966-12,,0.00799713433761266,0.03785488958990513,,,,-0.12918220485222143,negative
1967-01,,0.006644121654888809,0.03459119496855334,,,,-0.14523437717141707,negative
1967-02,,0.00427618796962289,0.03459119496855334,,,,-0.0946860786203563,negative
1967-03,,0.0008258935764065972,0.028124999999999734,,,,0.10841059938351953,positive
1967-04,,-0.0015652334994428543,0.028037383177569986,,,,0.026848738317807975,positive
1967-05,,-0.004515146326050528,0.024767801857585203,,,,-0.0038162178647874025,negative
1967-06,,-0.004535667021757454,0.02786377708978338,,,,-0.017601654046157787,negative
1967-07,,-0.004827312328486138,0.02777777777777768,,,,0.08373315482115314,positive
1967-08,,-0.003786751636418676,0.02769230769230746,,,,0.11231518741677377,positive
1967-09,,-0.004057625500086294,0.02446483180428105,,,,0.06042425203719096,positive
1967-10,,-0.0035353069325348603,0.02752293577981635,,,,0.22506722784175184,positive
1967-11,,-0.0035324746751887112,0.02431610942249285,,,,0.5103755521689973,positive
1967-12,,-0.001693938702380958,0.02735562310030404,,,,0.5143146077793198,positive
1968-01,,-0.0003868668537447065,0.030395136778115672,,,,0.39147886956090117,positive
1968-02,,0.003508903952905134,0.03647416413373872,,,,0.06894770051864463,positive
1968-03,,0.006612532372358128,0.039513677811550796,,,,0.18205361787924929,positive
1968-04,,0.008665753559601846,0.03939393939393909,,,,0.41321476765289544,positive
1968-05,,0.008390413454312427,0.03927492447129888,,,,0.481570667213731,positive
1968-06,,0.007330325567783416,0.03915662650602392,,,,0.46199047088186757,positive
1968-07,,0.0070243377617956945,0.04204204204204198,,,,0.10564665536535851,positive
1968-08,,0.00746793348923476,0.04491017964071897,,,,0.04951028022381314,positive
1968-09,,0.007648490488329739,0.04477611940298476,,,,-0.1764965607664489,negative
1968-10,,0.0070887687416813505,0.044642857142856984,,,,-0.2555803880826829,negative
1968-11,,0.006014487515096478,0.047477744807121525,,,,0.13474098051319192,positive
1968-12,,0.005203069165754116,0.047337278106508895,,,,0.2991211807650621,positive
1969-01,,0.004654454879143288,0.0471976401179941,,,,0.26630357380532615,positive
1969-02,,0.002865121069928124,0.04398826979472181,,,,0.2953332976275487,positive
1969-03,,0.0020747412848027696,0.04678362573099348,,,Reflation (G+ I+),0.2874068971147135,positive
1969-04,0.5618534235942894,0.0027445563893298414,0.05247813411078739,Reflation (G+ I+),Reflation (G+ I+),Reflation (G+ I+),0.1256661986260174,positive
1969-05,0.5550926874623635,0.005162849698581162,0.05523255813953476,Reflation (G+ I+),Reflation (G+ I+),Reflation (G+ I+),0.2328722405823839,positive
1969-06,0.5483040408052493,0.006599475939114308,0.05507246376811592,Reflation (G+ I+),Reflation (G+ I+),Stagflation (G- I+),0.12071610892476799,positive
1969-07,-0.4930853544768857,0.0062990288792717855,0.05475504322766578,Reflation (G+ I+),Stagflation (G- I+),Stagflation (G- I+),0.21460114677799322,positive
1969-08,-0.5346429875957052,0.005241006322399842,0.054441260744985565,Stagflation (G- I+),Stagflation (G- I+),Stagflation (G- I+),0.16198072879912367,positive
1969-09,-0.5624812029791855,0.004900575968990885,0.05714285714285716,Stagflation (G- I+),Stagflation (G- I+),Stagflation (G- I+),0.2633275791609868,positive
1969-10,-0.597380634281845,0.004614147233354661,0.05698005698005715,Stagflation (G- I+),Stagflation (G- I+),Stagflation (G- I+),0.42415648281318385,positive
1969-11,-0.632404852118295,0.004587845001294742,0.056657223796033884,Stagflation (G- I+),Stagflation (G- I+),Stagflation (G- I+),0.4008104732344391,positive
1969-12,-0.6256701088599695,0.004315507603794379,0.05932203389830515,Stagflation (G- I+),Stagflation (G- I+),Stagflation (G- I+),0.3945957802213471,positive
1970-01,-0.5629579233293908,0.004748249700087026,0.06197183098591541,Stagflation (G- I+),Stagflation (G- I+),Stagflation (G- I+),0.13688514611678362,positive
1970-02,-0.5841052736090404,0.0049776357865496945,0.06179775280898858,Stagflation (G- I+),Stagflation (G- I+),Stagflation (G- I+),0.2577868012500163,positive
1970-03,-0.7246325325062336,0.004465388456317575,0.06145251396648055,Stagflation (G- I+),Stagflation (G- I+),Stagflation (G- I+),0.24283808724697492,positive
1970-04,-0.9074134145739241,0.0027242255916667193,0.05817174515235468,Stagflation (G- I+),Stagflation (G- I+),Stagflation (G- I+),0.378000877160256,positive
1970-05,-1.0197252497440434,0.0018792029851469466,0.060606060606060774,Stagflation (G- I+),Stagflation (G- I+),Stagflation (G- I+),0.5762280696202563,positive
1970-06,-1.0895253522387134,0.0010942937535531466,0.060439560439560225,Stagflation (G- I+),Stagflation (G- I+),Stagflation (G- I+),0.6575464571716378,positive
1970-07,-0.1309395134384328,0.0012939547094453427,0.060109289617486406,Stagflation (G- I+),Stagflation (G- I+),Disinflationary slowdown (G- I-),0.5495597149842629,positive
1970-08,-0.13722687619867313,0.0005743584100868504,0.059782608695651884,Stagflation (G- I+),Stagflation (G- I+),Disinflationary slowdown (G- I-),0.26975684178754866,positive
1970-09,-0.10870757704591216,-0.0012967434610149167,0.05405405405405417,Stagflation (G- I+),Disinflationary slowdown (G- I-),Disinflationary slowdown (G- I-),0.2162544700797908,positive
1970-10,-0.1290667793373591,-0.002433891855612602,0.056603773584905426,Disinflationary slowdown (G- I-),Disinflationary slowdown (G- I-),Disinflationary slowdown (G- I-),0.41633059257057436,positive
1970-11,-0.1423374666717233,-0.003564925747031711,0.05630026809651478,Disinflationary slowdown (G- I-),Disinflationary slowdown (G- I-),Disinflationary slowdown (G- I-),0.12194889714812675,positive
1970-12,-0.19706186566381922,-0.00263944094019105,0.05599999999999983,Disinflationary slowdown (G- I-),Disinflationary slowdown (G- I-),Disinflationary slowdown (G- I-),0.1764847571012188,positive
1971-01,-0.20978036251242016,-0.0024173167766958076,0.055702917771883076,Disinflationary slowdown (G- I-),Disinflationary slowdown (G- I-),Disinflationary slowdown (G- I-),0.08318436359441546,positive
1971-02,-0.18099590468998206,-0.0028067468472718765,0.052910052910052574,Disinflationary slowdown (G- I-),Disinflationary slowdown (G- I-),Goldilocks (G+ I-),0.1631667774404004,positive
1971-03,0.3578233286637469,-0.0038523706833983665,0.050000000000000266,Disinflationary slowdown (G- I-),Goldilocks (G+ I-),Goldilocks (G+ I-),0.001772269908862906,positive
1971-04,0.40653059352539506,-0.005792259799287901,0.047120418848167755,Goldilocks (G+ I-),Goldilocks (G+ I-),Goldilocks (G+ I-),0.05950137944933656,positive
1971-05,0.3153365870440991,-0.007988828662523408,0.04155844155844113,Goldilocks (G+ I-),Goldilocks (G+ I-),Goldilocks (G+ I-),0.05589679407813686,positive
1971-06,0.25487182866247876,-0.008608502598259647,0.04404145077720201,Goldilocks (G+ I-),Goldilocks (G+ I-),Goldilocks (G+ I-),0.02476713448929606,positive
1971-07,0.16261806461130757,-0.007708263268528401,0.04639175257731987,Goldilocks (G+ I-),Goldilocks (G+ I-),Disinflationary slowdown (G- I-),0.01879893248577056,positive
1971-08,-0.03769306904882119,-0.005681757165935088,0.0435897435897441,Goldilocks (G+ I-),Disinflationary slowdown (G- I-),Disinflationary slowdown (G- I-),0.3901396819636019,positive
1971-09,-0.0332970380183798,-0.004319274715369692,0.04615384615384621,Disinflationary slowdown (G- I-),Disinflationary slowdown (G- I-),Goldilocks (G+ I-),0.5699360190980519,positive
1971-10,0.043480311225506635,-0.004862129476414456,0.04081632653061229,Disinflationary slowdown (G- I-),Goldilocks (G+ I-),Goldilocks (G+ I-),0.5978803294956734,positive
1971-11,0.1596626524045579,-0.0051825885008243144,0.038071065989847774,Goldilocks (G+ I-),Goldilocks (G+ I-),Goldilocks (G+ I-),0.2943215282580518,positive
1971-12,0.06045418548822509,-0.007693466511702406,0.03282828282828265,Goldilocks (G+ I-),Goldilocks (G+ I-),Disinflationary slowdown (G- I-),0.19589264732262265,positive
1972-01,-0.030692584265513814,-0.008491169728520799,0.0326633165829151,Goldilocks (G+ I-),Disinflationary slowdown (G- I-),Goldilocks (G+ I-),0.1660202220359669,positive
1972-02,-0.027332810709112556,-0.008606524836903565,0.0326633165829151,Disinflationary slowdown (G- I-),Disinflationary slowdown (G- I-),Goldilocks (G+ I-),0.06341625788265248,positive
1972-03,0.14534519016166716,-0.006610689288436389,0.0350877192982455,Disinflationary slowdown (G- I-),Goldilocks (G+ I-),Goldilocks (G+ I-),0.04679686987827433,positive
1972-04,0.13812577477255666,-0.004821759912060797,0.03499999999999992,Goldilocks (G+ I-),Goldilocks (G+ I-),Goldilocks (G+ I-),-0.0522545495361753,negative
1972-05,0.23286651875939263,-0.0035181490920402,0.034912718204488824,Goldilocks (G+ I-),Goldilocks (G+ I-),Goldilocks (G+ I-),0.16729750490426132,positive
1972-06,0.13404733468256624,-0.0034794184976561712,0.03225806451612945,Goldilocks (G+ I-),Goldilocks (G+ I-),Goldilocks (G+ I-),0.16984579569879396,positive
1972-07,0.19154153309567376,-0.004506706768101124,0.027093596059113434,Goldilocks (G+ I-),Goldilocks (G+ I-),Goldilocks (G+ I-),0.38920629584133026,positive
1972-08,0.1389145882353482,-0.00514079349944474,0.029484029484029284,Goldilocks (G+ I-),Goldilocks (G+ I-),Goldilocks (G+ I-),0.07648229047503921,positive
1972-09,0.12543118363264408,-0.004694386648863368,0.029411764705882693,Goldilocks (G+ I-),Goldilocks (G+ I-),Goldilocks (G+ I-),0.13345161965096755,positive
1972-10,0.2378138791748705,-0.0023585385165070458,0.0318627450980391,Goldilocks (G+ I-),Goldilocks (G+ I-),Reflation (G+ I+),0.15386991379905965,positive
1972-11,0.3479223415440249,-0.0004565022993155421,0.03422982885085579,Goldilocks (G+ I-),Goldilocks (G+ I-),Reflation (G+ I+),0.19330735202739033,positive
1972-12,0.559834004007772,0.0016439705242264208,0.036674816625917206,Goldilocks (G+ I-),Reflation (G+ I+),Reflation (G+ I+),0.2510754065639046,positive
1973-01,0.6701244757097577,0.002260813625281112,0.03406326034063256,Reflation (G+ I+),Reflation (G+ I+),Reflation (G+ I+),0.21668989266189417,positive
1973-02,0.6718811887189451,0.0026969013148130036,0.03649635036496357,Reflation (G+ I+),Reflation (G+ I+),Reflation (G+ I+),0.21782099975416525,positive
1973-03,0.7824920138364964,0.003081169071907454,0.03874092009685226,Reflation (G+ I+),Reflation (G+ I+),Reflation (G+ I+),0.18882707701156506,positive
1973-04,0.7988945514828066,0.006116845576720799,0.04589371980676349,Reflation (G+ I+),Reflation (G+ I+),Reflation (G+ I+),0.08563127567432174,positive
1973-05,0.6590519505881651,0.009511391048412345,0.05060240963855467,Reflation (G+ I+),Reflation (G+ I+),Reflation (G+ I+),-0.006078919346034918,negative
1973-06,0.20303526981639175,0.013108038443754355,0.05528846153846123,Reflation (G+ I+),Reflation (G+ I+),Stagflation (G- I+),0.046650420439106645,positive
1973-07,-0.27413209123362,0.015055941105418691,0.059952038369304184,Reflation (G+ I+),Stagflation (G- I+),Stagflation (G- I+),0.15455157411452042,positive
1973-08,-0.4800414460994804,0.014965282752115283,0.0572792362768495,Stagflation (G- I+),Stagflation (G- I+),Stagflation (G- I+),0.14040782311577318,positive
1973-09,-0.8134790429156451,0.017439156917166042,0.07380952380952377,Stagflation (G- I+),Stagflation (G- I+),Stagflation (G- I+),0.13484710560838123,positive
1973-10,-0.9011065039200439,0.01851892395445163,0.07363420427553491,Stagflation (G- I+),Stagflation (G- I+),Stagflation (G- I+),0.14903721890992133,positive
1973-11,-0.8151002066353213,0.021781877032364005,0.07801418439716357,Stagflation (G- I+),Stagflation (G- I+),Stagflation (G- I+),0.14715100358512334,positive
1973-12,-0.5867863447625271,0.020871729600845976,0.08254716981132049,Stagflation (G- I+),Stagflation (G- I+),Stagflation (G- I+),-0.05261474453927488,negative
1974-01,-0.727224118343462,0.020930305753073294,0.08705882352941163,Stagflation (G- I+),Stagflation (G- I+),Stagflation (G- I+),-0.10576040536965697,negative
1974-02,-1.035816097395864,0.021441118554854824,0.09389671361502305,Stagflation (G- I+),Stagflation (G- I+),Stagflation (G- I+),-0.20051823424234583,negative
1974-03,-1.1486658292406131,0.02221208035076075,0.10023310023310028,Stagflation (G- I+),Stagflation (G- I+),Stagflation (G- I+),-0.048304924867203676,negative
1974-04,-0.9637717275459055,0.022998473407609743,0.10392609699769029,Stagflation (G- I+),Stagflation (G- I+),Stagflation (G- I+),-0.025699393723054107,negative
1974-05,-0.7613274388424014,0.02114579413731338,0.10091743119266039,Stagflation (G- I+),Stagflation (G- I+),Stagflation (G- I+),0.0367975211690238,positive
1974-06,-0.5482388079492946,0.019107508375365845,0.1070615034168565,Stagflation (G- I+),Stagflation (G- I+),Stagflation (G- I+),0.08200526141633534,positive
1974-07,-0.4525401050437692,0.01661080050721271,0.10859728506787314,Stagflation (G- I+),Stagflation (G- I+),Stagflation (G- I+),0.12263072430727257,positive
1974-08,-0.5061060002755658,0.016525964840781282,0.11512415349887162,Stagflation (G- I+),Stagflation (G- I+),Stagflation (G- I+),0.26049319859485387,positive
1974-09,-0.5348104894508205,0.014151453213672227,0.10864745011086452,Stagflation (G- I+),Stagflation (G- I+),Stagflation (G- I+),0.25119815235782933,positive
1974-10,-0.7157874823889614,0.013955798517843856,0.11946902654867242,Stagflation (G- I+),Stagflation (G- I+),Stagflation (G- I+),0.36269830766681904,positive
1974-11,-0.8022436992146879,0.012235771489913422,0.12061403508771917,Stagflation (G- I+),Stagflation (G- I+),Stagflation (G- I+),0.2961916515692493,positive
1974-12,-1.430553635142675,0.0133999749285207,0.12200435729847503,Stagflation (G- I+),Stagflation (G- I+),Stagflation (G- I+),0.24018277704824112,positive
1975-01,-1.7672365330017508,0.011676023883903375,0.12337662337662336,Stagflation (G- I+),Stagflation (G- I+),Stagflation (G- I+),0.10896275739014218,positive
1975-02,-2.0296959504030707,0.008802509424155988,0.11802575107296165,Stagflation (G- I+),Stagflation (G- I+),Disinflationary slowdown (G- I-),0.22615932464688915,positive
1975-03,-1.8178075266252187,0.004559182575727766,0.11228813559322037,Stagflation (G- I+),Stagflation (G- I+),Disinflationary slowdown (G- I-),0.24519585022519835,positive
1975-04,-1.6858783956931274,-0.002278235403910936,0.10251046025104626,Stagflation (G- I+),Disinflationary slowdown (G- I-),Disinflationary slowdown (G- I-),0.2869274073282198,positive
1975-05,-1.482412026247467,-0.007689533162176576,0.10208333333333286,Disinflationary slowdown (G- I-),Disinflationary slowdown (G- I-),Disinflationary slowdown (G- I-),0.29923587536087426,positive
1975-06,-1.1679450373702684,-0.012534568301516127,0.09465020576131677,Disinflationary slowdown (G- I-),Disinflationary slowdown (G- I-),Disinflationary slowdown (G- I-),0.21210860306675192,positive
1975-07,-0.5171773912193403,-0.014185560207773354,0.0938775510204084,Disinflationary slowdown (G- I-),Disinflationary slowdown (G- I-),Goldilocks (G+ I-),0.24554417670724651,positive
1975-08,0.16360295246461276,-0.014328160551603172,0.09716599190283404,Disinflationary slowdown (G- I-),Goldilocks (G+ I-),Goldilocks (G+ I-),0.13657552868926837,positive
1975-09,0.8067100648094891,-0.015324274962803364,0.08600000000000008,Goldilocks (G+ I-),Goldilocks (G+ I-),Goldilocks (G+ I-),0.33719882443138655,positive
1975-10,1.0858990670697672,-0.016898193907414483,0.07905138339920925,Goldilocks (G+ I-),Goldilocks (G+ I-),Goldilocks (G+ I-),0.40105179938331903,positive
1975-11,1.2170629069986745,-0.020644690241329866,0.07436399217221079,Goldilocks (G+ I-),Goldilocks (G+ I-),Goldilocks (G+ I-),0.46376780237673093,positive
1975-12,1.0993988445877618,-0.020697725191376054,0.0737864077669903,Goldilocks (G+ I-),Goldilocks (G+ I-),Goldilocks (G+ I-),0.23927659583541547,positive
1976-01,0.8215734106077827,-0.019425760580632848,0.06936416184971073,Goldilocks (G+ I-),Goldilocks (G+ I-),Goldilocks (G+ I-),0.10647118562541824,positive
1976-02,0.5847071170200577,-0.017583652995520116,0.06717850287907812,Goldilocks (G+ I-),Goldilocks (G+ I-),Goldilocks (G+ I-),0.07143783376342693,positive
1976-03,0.5885303288544188,-0.017107491904129565,0.0628571428571425,Goldilocks (G+ I-),Goldilocks (G+ I-),Goldilocks (G+ I-),0.1183258032515736,positive
1976-04,0.8387703876555354,-0.016506075178463697,0.06072106261859567,Goldilocks (G+ I-),Goldilocks (G+ I-),Goldilocks (G+ I-),0.08534245199958251,positive
1976-05,0.8505707829180733,-0.015269091681109459,0.06049149338374349,Goldilocks (G+ I-),Goldilocks (G+ I-),Goldilocks (G+ I-),0.025133342821978044,positive
1976-06,0.6843343485233789,-0.012826436689721367,0.0620300751879701,Goldilocks (G+ I-),Goldilocks (G+ I-),Goldilocks (G+ I-),0.022559242640042786,positive
1976-07,0.40313231188971205,-0.010318288509890874,0.05970149253731338,Goldilocks (G+ I-),Goldilocks (G+ I-),Disinflationary slowdown (G- I-),0.03682876951867261,positive
1976-08,0.14945629306728336,-0.00900856988206488,0.053505535055350606,Goldilocks (G+ I-),Goldilocks (G+ I-),Disinflationary slowdown (G- I-),0.27696473002540073,positive
1976-09,-0.08889405552685861,-0.008246035092051185,0.05709023941068159,Goldilocks (G+ I-),Disinflationary slowdown (G- I-),Disinflationary slowdown (G- I-),0.3275750408451793,positive
1976-10,-0.17231481604292986,-0.007822653584957803,0.05494505494505497,Disinflationary slowdown (G- I-),Disinflationary slowdown (G- I-),Disinflationary slowdown (G- I-),0.15746780913362557,positive
1976-11,-0.17460705705560697,-0.005799630403264623,0.054644808743169904,Disinflationary slowdown (G- I-),Disinflationary slowdown (G- I-),Disinflationary slowdown (G- I-),0.3287035303832655,positive
1976-12,-0.24951662950909628,-0.006474694610811696,0.04882459312839038,Disinflationary slowdown (G- I-),Disinflationary slowdown (G- I-),Disinflationary slowdown (G- I-),0.2124856862742093,positive
1977-01,-0.2893168192451411,-0.006847203942858537,0.04864864864864904,Disinflationary slowdown (G- I-),Disinflationary slowdown (G- I-),Disinflationary slowdown (G- I-),0.324020246116093,positive
1977-02,-0.07039624226799557,-0.0064243632720014515,0.05215827338129553,Disinflationary slowdown (G- I-),Disinflationary slowdown (G- I-),Reflation (G+ I+),0.18428451327078033,positive
1977-03,0.20236148305901974,-0.0026761861734771325,0.05913978494623695,Disinflationary slowdown (G- I-),Goldilocks (G+ I-),Reflation (G+ I+),0.11424708200051158,positive
1977-04,0.4402360142348312,0.0022678650527328398,0.06440071556350668,Disinflationary slowdown (G- I-),Reflation (G+ I+),Reflation (G+ I+),0.16119292158855275,positive
1977-05,0.46016746060627284,0.007302410851997822,0.0695187165775395,Reflation (G+ I+),Reflation (G+ I+),Reflation (G+ I+),0.13441780788171256,positive
1977-06,0.5537029279247628,0.0095724814276184,0.06725663716814156,Reflation (G+ I+),Reflation (G+ I+),Reflation (G+ I+),0.23677792942105944,positive
1977-07,0.34515480529587855,0.010246193575638683,0.06866197183098555,Reflation (G+ I+),Reflation (G+ I+),Reflation (G+ I+),0.17935447733012597,positive
1977-08,0.2503697968699118,0.008607389117598015,0.06830122591943977,Reflation (G+ I+),Reflation (G+ I+),Reflation (G+ I+),0.24745396763154429,positive
1977-09,0.03978836524179957,0.0074965526605245,0.06620209059233417,Reflation (G+ I+),Reflation (G+ I+),Reflation (G+ I+),0.2345458143711776,positive
1977-10,0.049973755833226385,0.005681038851172646,0.06597222222222165,Reflation (G+ I+),Reflation (G+ I+),Stagflation (G- I+),0.15248066598168047,positive
1977-11,-0.01970198864842787,0.0034435179865890814,0.06390328151986213,Reflation (G+ I+),Stagflation (G- I+),Reflation (G+ I+),0.3726360267163621,positive
1977-12,0.13749975061670144,0.0022552153774298145,0.06724137931034502,Reflation (G+ I+),Reflation (G+ I+),Reflation (G+ I+),0.3312949872363359,positive
1978-01,0.23594016639085158,0.0010711060103308495,0.06701030927835006,Reflation (G+ I+),Reflation (G+ I+),Goldilocks (G+ I-),0.4339270603065969,positive
1978-02,0.2594990298387787,0.0012105520461685865,0.06837606837606858,Reflation (G+ I+),Reflation (G+ I+),Goldilocks (G+ I-),0.380182884294569,positive
1978-03,0.12863653330480973,-0.00020047556049095083,0.0642978003384096,Reflation (G+ I+),Goldilocks (G+ I-),Goldilocks (G+ I-),0.4187742528023791,positive
1978-04,0.12817081236688369,-0.0007839644011334995,0.06554621848739428,Goldilocks (G+ I-),Goldilocks (G+ I-),Reflation (G+ I+),0.3422591283196403,positive
1978-05,0.3315696184337299,-0.0015327608116948027,0.06499999999999972,Goldilocks (G+ I-),Goldilocks (G+ I-),Reflation (G+ I+),0.3221740586344027,positive
1978-06,0.5253920233570369,5.2294162896801555e-05,0.06965174129353202,Goldilocks (G+ I-),Reflation (G+ I+),Reflation (G+ I+),0.36320054810996083,positive
1978-07,0.5520263389527018,0.002459158305403039,0.07413509060955548,Reflation (G+ I+),Reflation (G+ I+),Reflation (G+ I+),0.3166393214445273,positive
1978-08,0.453951733117031,0.005746555547323687,0.077049180327869,Reflation (G+ I+),Reflation (G+ I+),Reflation (G+ I+),0.35289687555065086,positive
1978-09,0.32281904787261356,0.007653992469429022,0.07843137254901933,Reflation (G+ I+),Reflation (G+ I+),Reflation (G+ I+),0.35646187934214063,positive
1978-10,0.2599363307637939,0.009205453097465982,0.08306188925081459,Reflation (G+ I+),Reflation (G+ I+),Reflation (G+ I+),0.48131928353504255,positive
1978-11,0.1557896646503474,0.011169095019593275,0.08928571428571375,Reflation (G+ I+),Reflation (G+ I+),Reflation (G+ I+),0.5597389743504471,positive
1978-12,0.045440778396165504,0.01284199961864163,0.08885298869143754,Reflation (G+ I+),Reflation (G+ I+),Stagflation (G- I+),0.5961688303178794,positive
1979-01,-0.13648057792654011,0.013283179055414554,0.09017713365539448,Reflation (G+ I+),Stagflation (G- I+),Stagflation (G- I+),0.6149868929630398,positive
1979-02,-0.3532382408244185,0.012419279991515528,0.09279999999999933,Stagflation (G- I+),Stagflation (G- I+),Stagflation (G- I+),0.5375921224367645,positive
1979-03,-0.40509278559444223,0.012802056470742174,0.09856915739268679,Stagflation (G- I+),Stagflation (G- I+),Stagflation (G- I+),0.4502245648062257,positive
1979-04,-0.4084083073382789,0.01344178985283051,0.1009463722397479,Stagflation (G- I+),Stagflation (G- I+),Stagflation (G- I+),0.35584918358766665,positive
1979-05,-0.31521996598840224,0.01413795573702481,0.10485133020344306,Stagflation (G- I+),Stagflation (G- I+),Stagflation (G- I+),0.2571314818468053,positive
1979-06,-0.29628190949921285,0.014217664659659915,0.10852713178294549,Stagflation (G- I+),Stagflation (G- I+),Stagflation (G- I+),0.23543177940026774,positive
1979-07,-0.3065814892184773,0.013970724510908333,0.10889570552147232,Stagflation (G- I+),Stagflation (G- I+),Stagflation (G- I+),0.18726846390842025,positive
1979-08,-0.37180395085446205,0.013599341418666033,0.11263318112633192,Stagflation (G- I+),Stagflation (G- I+),Stagflation (G- I+),0.1656361259464863,positive
1979-09,-0.5943188330884293,0.013505033082223741,0.11818181818181839,Stagflation (G- I+),Stagflation (G- I+),Stagflation (G- I+),0.13898672867355938,positive
1979-10,-0.6934615034017094,0.014579416498849862,0.12180451127819603,Stagflation (G- I+),Stagflation (G- I+),Stagflation (G- I+),0.5716863492958585,positive
1979-11,-0.6889837024208633,0.014654336536435497,0.12071535022354718,Stagflation (G- I+),Stagflation (G- I+),Stagflation (G- I+),0.5828784750118309,positive
1979-12,-0.4830152082906136,0.014193002777761879,0.12611275964391755,Stagflation (G- I+),Stagflation (G- I+),Stagflation (G- I+),0.6226206118602482,positive
1980-01,-0.32250015496704876,0.014341119831349614,0.13293943870014746,Stagflation (G- I+),Stagflation (G- I+),Stagflation (G- I+),0.38063656799164947,positive
1980-02,-0.3322632183065941,0.016609063119449916,0.13909224011713106,Stagflation (G- I+),Stagflation (G- I+),Stagflation (G- I+),0.2515099292270927,positive
1980-03,-0.3905072661735386,0.018241434091779737,0.14182344428364702,Stagflation (G- I+),Stagflation (G- I+),Stagflation (G- I+),0.2874060548495471,positive
1980-04,-0.5671265394464885,0.019231603023553104,0.14756446991404082,Stagflation (G- I+),Stagflation (G- I+),Stagflation (G- I+),0.15261189699722102,positive
1980-05,-0.9000892392912343,0.018432329302218636,0.1473087818696892,Stagflation (G- I+),Stagflation (G- I+),Stagflation (G- I+),0.15531674492810468,positive
1980-06,-1.3784071895635714,0.016215761536901296,0.1440559440559448,Stagflation (G- I+),Stagflation (G- I+),Stagflation (G- I+),-0.10277506211487264,negative
1980-07,-1.7195828888626443,0.012063519501472275,0.1438450899031809,Stagflation (G- I+),Stagflation (G- I+),Disinflationary slowdown (G- I-),0.13805671177764323,positive
1980-08,-1.5902423851880352,0.005178427984871253,0.13132694938440426,Stagflation (G- I+),Stagflation (G- I+),Disinflationary slowdown (G- I-),0.20327750069574718,positive
1980-09,-1.0362910400738845,-0.0008101633695739019,0.12872628726287294,Stagflation (G- I+),Disinflationary slowdown (G- I-),Goldilocks (G+ I-),0.3343983715428936,positive
1980-10,-0.0666029247543295,-0.0071068102482109985,0.1260053619302941,Disinflationary slowdown (G- I-),Disinflationary slowdown (G- I-),Goldilocks (G+ I-),0.43259180000122055,positive
1980-11,0.6026380432584176,-0.008907953907362293,0.12765957446808485,Disinflationary slowdown (G- I-),Goldilocks (G+ I-),Goldilocks (G+ I-),0.46119023381344354,positive
1980-12,0.8895780191754719,-0.009686766331642949,0.12648221343873534,Goldilocks (G+ I-),Goldilocks (G+ I-),Goldilocks (G+ I-),0.4510371473825456,positive
1981-01,0.7317495523026514,-0.009319523928245477,0.1251629726205996,Goldilocks (G+ I-),Goldilocks (G+ I-),Goldilocks (G+ I-),0.3913134131968966,positive
1981-02,0.6945259493962658,-0.010718713402704874,0.11825192802056517,Goldilocks (G+ I-),Goldilocks (G+ I-),Goldilocks (G+ I-),0.28464141982253405,positive
1981-03,0.727907052125668,-0.01254372059248636,0.11406844106463887,Goldilocks (G+ I-),Goldilocks (G+ I-),Goldilocks (G+ I-),0.05516755851594218,positive
1981-04,0.6092744276944151,-0.015750443842096895,0.10486891385767705,Goldilocks (G+ I-),Goldilocks (G+ I-),Goldilocks (G+ I-),0.024608632306734397,positive
1981-05,0.5850929397094891,-0.017892021359811217,0.09999999999999987,Goldilocks (G+ I-),Goldilocks (G+ I-),Goldilocks (G+ I-),0.2556257636944218,positive
1981-06,0.2942307675228608,-0.01946029529275091,0.09779951100244477,Goldilocks (G+ I-),Goldilocks (G+ I-),Goldilocks (G+ I-),0.38362896806389357,positive
1981-07,0.1565775158423789,-0.018548009691306336,0.09552599758162073,Goldilocks (G+ I-),Goldilocks (G+ I-),Goldilocks (G+ I-),0.42912796339836656,positive
1981-08,0.040679986483207635,-0.014032956573520758,0.10761789600967409,Goldilocks (G+ I-),Goldilocks (G+ I-),Goldilocks (G+ I-),0.4363679501356801,positive
1981-09,0.10721192793497496,-0.008894798647367516,0.10804321728691502,Goldilocks (G+ I-),Goldilocks (G+ I-),Disinflationary slowdown (G- I-),0.5039755901634058,positive
1981-10,-0.020676241640057033,-0.0028553986327639613,0.10952380952381047,Goldilocks (G+ I-),Disinflationary slowdown (G- I-),Disinflationary slowdown (G- I-),0.5529653495533768,positive
1981-11,-0.5859764592169026,-0.002735959178742489,0.10141509433962304,Disinflationary slowdown (G- I-),Disinflationary slowdown (G- I-),Disinflationary slowdown (G- I-),0.37455889967464817,positive
1981-12,-1.15060396983306,-0.004233572300685232,0.09590643274853727,Disinflationary slowdown (G- I-),Disinflationary slowdown (G- I-),Disinflationary slowdown (G- I-),0.2550225856854237,positive
1982-01,-1.328505408323514,-0.008005351472625669,0.08922363847045234,Disinflationary slowdown (G- I-),Disinflationary slowdown (G- I-),Disinflationary slowdown (G- I-),0.394590389210409,positive
1982-02,-1.2745442643420661,-0.010979044089866732,0.0839080459770114,Disinflationary slowdown (G- I-),Disinflationary slowdown (G- I-),Disinflationary slowdown (G- I-),0.4521767398906255,positive
1982-03,-1.0575990802409456,-0.014386406419032646,0.07622298065983979,Disinflationary slowdown (G- I-),Disinflationary slowdown (G- I-),Disinflationary slowdown (G- I-),0.49723470894338634,positive
1982-04,-0.8892976128116847,-0.018439390545337275,0.06779661016949223,Disinflationary slowdown (G- I-),Disinflationary slowdown (G- I-),Disinflationary slowdown (G- I-),0.37352571555013736,positive
1982-05,-0.7754668146658269,-0.02180155626382488,0.06509539842873147,Disinflationary slowdown (G- I-),Disinflationary slowdown (G- I-),Disinflationary slowdown (G- I-),0.37463833174035377,positive
1982-06,-0.5870708644785079,-0.022355471042031186,0.06681514476614625,Disinflationary slowdown (G- I-),Disinflationary slowdown (G- I-),Disinflationary slowdown (G- I-),0.4647561344651717,positive
1982-07,-0.5296925004880944,-0.019333797149949844,0.07064017660044142,Disinflationary slowdown (G- I-),Disinflationary slowdown (G- I-),Disinflationary slowdown (G- I-),0.4592841831086744,positive
1982-08,-0.4106914481023196,-0.015961485204718018,0.0644104803493446,Disinflationary slowdown (G- I-),Disinflationary slowdown (G- I-),Disinflationary slowdown (G- I-),0.457308675526704,positive
1982-09,-0.4734576547553851,-0.014603379834619568,0.058504875406283796,Disinflationary slowdown (G- I-),Disinflationary slowdown (G- I-),Disinflationary slowdown (G- I-),0.44416930187722997,positive
1982-10,-0.4122012203371437,-0.016415825103776982,0.05042918454935541,Disinflationary slowdown (G- I-),Disinflationary slowdown (G- I-),Disinflationary slowdown (G- I-),0.5107769317812438,positive
1982-11,-0.4213776170010785,-0.01658676161983203,0.05139186295503162,Disinflationary slowdown (G- I-),Disinflationary slowdown (G- I-),Disinflationary slowdown (G- I-),0.4995257988679077,positive
1982-12,-0.34168557435052416,-0.016623398540622635,0.045891141942370206,Disinflationary slowdown (G- I-),Disinflationary slowdown (G- I-),Disinflationary slowdown (G- I-),0.4400915896243544,positive
1983-01,-0.45157745350692197,-0.016423355432763645,0.0382978723404257,Disinflationary slowdown (G- I-),Disinflationary slowdown (G- I-),Goldilocks (G+ I-),0.2892307994516427,positive
1983-02,-0.21665616675527366,-0.01728274211622577,0.03711558854718988,Disinflationary slowdown (G- I-),Disinflationary slowdown (G- I-),Goldilocks (G+ I-),0.10377234020320417,positive
1983-03,0.07327222494228286,-0.017506944142804307,0.03488372093023284,Disinflationary slowdown (G- I-),Goldilocks (G+ I-),Goldilocks (G+ I-),0.2030616717567985,positive
1983-04,0.47799861034022983,-0.015628475080779636,0.035978835978835555,Goldilocks (G+ I-),Goldilocks (G+ I-),Goldilocks (G+ I-),0.17612705122089337,positive
1983-05,0.6761902041087118,-0.012828619181259791,0.038988408851422074,Goldilocks (G+ I-),Goldilocks (G+ I-),Goldilocks (G+ I-),0.4210088299721852,positive
1983-06,0.8058864689381933,-0.010015946070497994,0.03549060542797555,Goldilocks (G+ I-),Goldilocks (G+ I-),Goldilocks (G+ I-),0.42646706468683104,positive
1983-07,0.9035949299975615,-0.009678911044334305,0.025773195876288346,Goldilocks (G+ I-),Goldilocks (G+ I-),Goldilocks (G+ I-),0.5752546581359476,positive
1983-08,1.0203441289170878,-0.011153661145183385,0.024615384615384928,Goldilocks (G+ I-),Goldilocks (G+ I-),Goldilocks (G+ I-),0.5053173110771231,positive
1983-09,0.9979662915517106,-0.01171132258672131,0.025588536335721113,Goldilocks (G+ I-),Goldilocks (G+ I-),Goldilocks (G+ I-),0.47773002680684723,positive
1983-10,0.9608968211490554,-0.008949802615468738,0.028600612870276265,Goldilocks (G+ I-),Goldilocks (G+ I-),Goldilocks (G+ I-),0.36091074045757954,positive
1983-11,0.9363821094335338,-0.00574396600204282,0.028513238289206377,Goldilocks (G+ I-),Goldilocks (G+ I-),Reflation (G+ I+),0.35178959139505483,positive
1983-12,0.9846593414206442,-0.002285950979296684,0.0326530612244893,Goldilocks (G+ I-),Goldilocks (G+ I-),Reflation (G+ I+),0.4389481845314849,positive
1984-01,1.0953299305443036,0.0008494597753733388,0.03790983606557319,Goldilocks (G+ I-),Reflation (G+ I+),Reflation (G+ I+),0.40417909151355585,positive
1984-02,0.9093721812627787,0.004918585321707344,0.04192229038854789,Reflation (G+ I+),Reflation (G+ I+),Reflation (G+ I+),0.28548867814460677,positive
1984-03,0.8429951542497586,0.008432525995489937,0.04596527068437184,Reflation (G+ I+),Reflation (G+ I+),Reflation (G+ I+),0.33133824170825915,positive
1984-04,0.6872735269354189,0.010796193206121109,0.0480081716036771,Reflation (G+ I+),Reflation (G+ I+),Reflation (G+ I+),0.352497849695992,positive
1984-05,0.6786584555925544,0.011480866789206859,0.04563894523326617,Reflation (G+ I+),Reflation (G+ I+),Reflation (G+ I+),0.5229676377282829,positive
1984-06,0.556543309579146,0.009701337766102304,0.04233870967741904,Reflation (G+ I+),Reflation (G+ I+),Reflation (G+ I+),0.2904290158430674,positive
1984-07,0.2455714054612685,0.006399144040329506,0.04221105527638214,Reflation (G+ I+),Reflation (G+ I+),Stagflation (G- I+),0.30907880088486495,positive
1984-08,0.12629713863578995,0.00374795485770002,0.04204204204204198,Reflation (G+ I+),Reflation (G+ I+),Stagflation (G- I+),0.15377551724169017,positive
1984-09,-0.0513137608723645,0.002495972574042181,0.042914171656686984,Reflation (G+ I+),Stagflation (G- I+),Stagflation (G- I+),0.39733366999790426,positive
1984-10,0.008918559019071182,0.0014842783094857204,0.04270109235352493,Reflation (G+ I+),Reflation (G+ I+),Disinflationary slowdown (G- I-),0.47943423866933094,positive
1984-11,-0.1830850219875031,0.0004899318426744084,0.042574257425741946,Reflation (G+ I+),Stagflation (G- I+),Disinflationary slowdown (G- I-),0.5565608459759144,positive
1984-12,-0.31215723286218056,-0.0009652451094901773,0.04051383399209452,Reflation (G+ I+),Disinflationary slowdown (G- I-),Disinflationary slowdown (G- I-),0.5659266944881224,positive
1985-01,-0.3764378708306687,-0.00216812124325598,0.03948667324777899,Disinflationary slowdown (G- I-),Disinflationary slowdown (G- I-),Disinflationary slowdown (G- I-),0.44235586263729987,positive
1985-02,-0.25830834624902965,-0.004033827766104656,0.035328753680078595,Disinflationary slowdown (G- I-),Disinflationary slowdown (G- I-),Goldilocks (G+ I-),0.408071127647956,positive
1985-03,0.048384662066639175,-0.00491893737310517,0.03515625,Disinflationary slowdown (G- I-),Goldilocks (G+ I-),Goldilocks (G+ I-),0.23437723875419403,positive
1985-04,0.16625306912300858,-0.004821221562799058,0.037037037037037424,Goldilocks (G+ I-),Goldilocks (G+ I-),Goldilocks (G+ I-),0.19647757216104278,positive
1985-05,0.1739117590398585,-0.0035798723582361816,0.03685741998060088,Goldilocks (G+ I-),Goldilocks (G+ I-),Disinflationary slowdown (G- I-),0.28416467301620674,positive
1985-06,-0.144559404147764,-0.002340996164937395,0.03771760154738879,Goldilocks (G+ I-),Disinflationary slowdown (G- I-),Disinflationary slowdown (G- I-),0.2703941083191366,positive
1985-07,-0.19958910600646612,-0.0017669657332452515,0.03760848601735778,Disinflationary slowdown (G- I-),Disinflationary slowdown (G- I-),Disinflationary slowdown (G- I-),0.41933415086417425,positive
1985-08,-0.19873996726635743,-0.0016635820503646884,0.03554274735830942,Disinflationary slowdown (G- I-),Disinflationary slowdown (G- I-),Disinflationary slowdown (G- I-),0.3286217237438103,positive
1985-09,-0.08378580543915547,-0.0022867291864767797,0.033492822966507685,Disinflationary slowdown (G- I-),Disinflationary slowdown (G- I-),Goldilocks (G+ I-),0.13338313964212165,positive
1985-10,-0.04772697881948039,-0.003407323972326126,0.03142857142857136,Disinflationary slowdown (G- I-),Disinflationary slowdown (G- I-),Goldilocks (G+ I-),0.08672279703042483,positive
1985-11,0.11840375951900131,-0.003634876900775963,0.0322886989553659,Disinflationary slowdown (G- I-),Goldilocks (G+ I-),Goldilocks (G+ I-),0.15039043807290484,positive
1985-12,0.23197867229911534,-0.0026385729391784976,0.03513770180436859,Goldilocks (G+ I-),Goldilocks (G+ I-),Reflation (G+ I+),0.4413098352073541,positive
1986-01,0.3820531910899111,-0.0003275311480444437,0.03798670465337173,Goldilocks (G+ I-),Goldilocks (G+ I-),Reflation (G+ I+),0.5764008742085669,positive
1986-02,0.42849808609297324,0.0015692718172667583,0.03886255924170645,Goldilocks (G+ I-),Reflation (G+ I+),Goldilocks (G+ I-),0.614037416862088,positive
1986-03,0.43005909472629866,0.0005694109170685455,0.031132075471698606,Reflation (G+ I+),Reflation (G+ I+),Goldilocks (G+ I-),0.5479417300724585,positive
1986-04,0.16219376991341222,-0.003367306469941246,0.022556390977443996,Reflation (G+ I+),Goldilocks (G+ I-),Disinflationary slowdown (G- I-),0.48269887561751484,positive
1986-05,-0.16479690570787228,-0.009274363014864413,0.015902712815715647,Reflation (G+ I+),Disinflationary slowdown (G- I-),Disinflationary slowdown (G- I-),0.43358499511096504,positive
1986-06,-0.31668993583749616,-0.012780722246316895,0.01491146318732528,Disinflationary slowdown (G- I-),Disinflationary slowdown (G- I-),Disinflationary slowdown (G- I-),0.5108776004998171,positive
1986-07,-0.22804646702812156,-0.012750980596087813,0.017657992565055736,Disinflationary slowdown (G- I-),Disinflationary slowdown (G- I-),Disinflationary slowdown (G- I-),0.3538606777361787,positive
1986-08,-0.16849889704568996,-0.011147503169457434,0.015769944341372577,Disinflationary slowdown (G- I-),Disinflationary slowdown (G- I-),Goldilocks (G+ I-),0.32033486455511606,positive
1986-09,-0.02696394450550714,-0.009391737132838345,0.015740740740740833,Disinflationary slowdown (G- I-),Disinflationary slowdown (G- I-),Disinflationary slowdown (G- I-),0.42058646904942,positive
1986-10,-0.018257666252701643,-0.008272722123195148,0.017543859649123306,Disinflationary slowdown (G- I-),Disinflationary slowdown (G- I-),Goldilocks (G+ I-),0.5247369567011706,positive
1986-11,0.10231753508655538,-0.007158792518151064,0.014719411223551138,Disinflationary slowdown (G- I-),Goldilocks (G+ I-),Goldilocks (G+ I-),0.5164385098756733,positive
1986-12,0.21637168489561603,-0.006266555107055188,0.012844036697248429,Goldilocks (G+ I-),Goldilocks (G+ I-),Goldilocks (G+ I-),0.4049889849367241,positive
1987-01,0.31393080191084777,-0.006204210352543945,0.010978956999085465,Goldilocks (G+ I-),Goldilocks (G+ I-),Goldilocks (G+ I-),0.4555719141538064,positive
1987-02,0.3676052750460701,-0.004222499120422553,0.01459854014598494,Goldilocks (G+ I-),Goldilocks (G+ I-),Reflation (G+ I+),0.42041190764879255,positive
1987-03,0.22452970027832173,-0.0006487548348022929,0.021043000914912735,Goldilocks (G+ I-),Goldilocks (G+ I-),Reflation (G+ I+),0.5119352604823897,positive
1987-04,0.25217119359723256,0.005154012668524721,0.03033088235294068,Goldilocks (G+ I-),Reflation (G+ I+),Reflation (G+ I+),0.5841329493725215,positive
1987-05,0.3553075771638135,0.011051364396863422,0.03775322283609617,Reflation (G+ I+),Reflation (G+ I+),Reflation (G+ I+),0.6726061406449595,positive
1987-06,0.4378238756216032,0.014921525969073295,0.03856749311294805,Reflation (G+ I+),Reflation (G+ I+),Reflation (G+ I+),0.6457216208184121,positive
1987-07,0.48520706041349493,0.015415151323171967,0.036529680365297024,Reflation (G+ I+),Reflation (G+ I+),Reflation (G+ I+),0.650198742514452,positive
1987-08,0.5356358354632874,0.01396225733776111,0.03926940639269394,Reflation (G+ I+),Reflation (G+ I+),Reflation (G+ I+),0.5934845698683118,positive
1987-09,0.6753036157284146,0.013129184777215214,0.04284412032816687,Reflation (G+ I+),Reflation (G+ I+),Reflation (G+ I+),0.6551730668911107,positive
1987-10,0.7729510596725738,0.013303905155550355,0.04355716878402882,Reflation (G+ I+),Reflation (G+ I+),Reflation (G+ I+),0.021222415687672486,positive
1987-11,0.5148577669184882,0.012773449547739107,0.04533091568449654,Reflation (G+ I+),Reflation (G+ I+),Reflation (G+ I+),-0.009134360832449772,negative
1987-12,0.5156252214635791,0.010884876264570034,0.045289855072463414,Reflation (G+ I+),Reflation (G+ I+),Reflation (G+ I+),-0.004688983344883263,negative
1988-01,0.21727057117154885,0.008366705937162919,0.044343891402714775,Reflation (G+ I+),Reflation (G+ I+),Reflation (G+ I+),0.3382501983556156,positive
1988-02,0.2928376904019781,0.004589852195983034,0.04046762589928088,Reflation (G+ I+),Reflation (G+ I+),Disinflationary slowdown (G- I-),0.3435392400829792,positive
1988-03,0.018524327703395183,0.0011034480724441131,0.0394265232974913,Reflation (G+ I+),Reflation (G+ I+),Goldilocks (G+ I-),0.42840797090374627,positive
1988-04,0.2085867174180099,-0.0013376082710084974,0.03925066904549568,Reflation (G+ I+),Goldilocks (G+ I-),Goldilocks (G+ I-),0.4256745578987209,positive
1988-05,0.23030777727790047,-0.001920289091600011,0.03904170363797643,Goldilocks (G+ I-),Goldilocks (G+ I-),Goldilocks (G+ I-),0.504228883836197,positive
1988-06,0.2531854153377248,-0.002122599487054455,0.038903625110521256,Goldilocks (G+ I-),Goldilocks (G+ I-),Goldilocks (G+ I-),0.6573201080267425,positive
1988-07,0.21687593022318075,-0.0022501215319837634,0.03964757709251132,Goldilocks (G+ I-),Goldilocks (G+ I-),Goldilocks (G+ I-),0.578816264580212,positive
1988-08,0.18021939791491423,-0.0016664404017246795,0.0413005272407736,Goldilocks (G+ I-),Goldilocks (G+ I-),Goldilocks (G+ I-),0.5434828112616077,positive
1988-09,0.25851070177383245,-0.001011524525436805,0.040209790209790874,Goldilocks (G+ I-),Goldilocks (G+ I-),Reflation (G+ I+),0.5158498464675639,positive
1988-10,0.2671973702706788,-0.00016283688224261184,0.04173913043478228,Goldilocks (G+ I-),Goldilocks (G+ I-),Reflation (G+ I+),0.5642618159426132,positive
1988-11,0.3284716500054909,0.00047235494702718706,0.04249783174327848,Goldilocks (G+ I-),Reflation (G+ I+),Reflation (G+ I+),0.615151070619594,positive
1988-12,0.3658589098596091,0.0014584974329622247,0.042461005199306845,Reflation (G+ I+),Reflation (G+ I+),Reflation (G+ I+),0.5091484407409571,positive
1989-01,0.29955474463069615,0.0022893051013457982,0.04419410745233909,Reflation (G+ I+),Reflation (G+ I+),Reflation (G+ I+),0.5151524417345904,positive
1989-02,0.18018849554695948,0.0031637705189182935,0.04667242869490096,Reflation (G+ I+),Reflation (G+ I+),Reflation (G+ I+),0.49356773734277515,positive
1989-03,0.09521403972191887,0.004364611244515017,0.048275862068965614,Reflation (G+ I+),Reflation (G+ I+),Stagflation (G- I+),0.5884382015784337,positive
1989-04,-0.10729575852916429,0.005350483112190274,0.04978540772532125,Reflation (G+ I+),Stagflation (G- I+),Stagflation (G- I+),0.6379203377862602,positive
1989-05,-0.36538628254273453,0.00585604665852929,0.051238257899231865,Stagflation (G- I+),Stagflation (G- I+),Stagflation (G- I+),0.6548381185484544,positive
1989-06,-0.6433435869743713,0.0064103167138998135,0.053617021276595844,Stagflation (G- I+),Stagflation (G- I+),Stagflation (G- I+),0.5435088253950988,positive
1989-07,-0.8747233826263711,0.006042874376727805,0.05169491525423653,Stagflation (G- I+),Stagflation (G- I+),Stagflation (G- I+),0.45123872484343996,positive
1989-08,-0.7976538436210077,0.004852423064347779,0.049789029535864504,Stagflation (G- I+),Stagflation (G- I+),Disinflationary slowdown (G- I-),0.32896123566001967,positive
1989-09,-0.698064126820393,0.002095604371984583,0.047058823529411375,Stagflation (G- I+),Stagflation (G- I+),Disinflationary slowdown (G- I-),0.34478806712044197,positive
1989-10,-0.4694025025334193,-0.0008063541448093611,0.043405676126878845,Stagflation (G- I+),Disinflationary slowdown (G- I-),Disinflationary slowdown (G- I-),-0.1210049137110533,negative
1989-11,-0.3385521181118804,-0.0026299301468210023,0.04492512479201327,Disinflationary slowdown (G- I-),Disinflationary slowdown (G- I-),Disinflationary slowdown (G- I-),-0.22326217171230195,negative
1989-12,-0.2691454730472314,-0.0031402148218530393,0.04655029093931806,Disinflationary slowdown (G- I-),Disinflationary slowdown (G- I-),Disinflationary slowdown (G- I-),-0.2704967367958379,negative
1990-01,-0.18351669980405316,-0.002307673981706816,0.046473029045643655,Disinflationary slowdown (G- I-),Disinflationary slowdown (G- I-),Stagflation (G- I+),0.19165177342387105,positive
1990-02,-0.3082700721380687,-0.0003875661743155123,0.0520231213872826,Disinflationary slowdown (G- I-),Disinflationary slowdown (G- I-),Stagflation (G- I+),0.22118664918510042,positive
1990-03,-0.3972076130796244,0.0012765534218342478,0.05263157894736792,Disinflationary slowdown (G- I-),Stagflation (G- I+),Stagflation (G- I+),0.3097341343815052,positive
1990-04,-0.3002077848009445,0.0030169115273657177,0.052330335241210335,Stagflation (G- I+),Stagflation (G- I+),Disinflationary slowdown (G- I-),0.3849451895740411,positive
1990-05,-0.19289706691763275,0.0017247673196061353,0.04711616571892785,Stagflation (G- I+),Stagflation (G- I+),Disinflationary slowdown (G- I-),0.5219027824768124,positive
1990-06,-0.03375578766889983,-0.0004463222473661613,0.043618739903069415,Stagflation (G- I+),Disinflationary slowdown (G- I-),Disinflationary slowdown (G- I-),0.4466244553161271,positive
1990-07,-0.15564962809971414,-0.0018977320181732954,0.04673650282030639,Disinflationary slowdown (G- I-),Disinflationary slowdown (G- I-),Stagflation (G- I+),0.38827116628482705,positive
1990-08,-0.15722424620318773,-0.0013961569829889497,0.0482315112540197,Disinflationary slowdown (G- I-),Disinflationary slowdown (G- I-),Stagflation (G- I+),0.5914281394265003,positive
1990-09,-0.5393340785422751,0.002030775496996949,0.056179775280899014,Disinflationary slowdown (G- I-),Stagflation (G- I+),Stagflation (G- I+),0.5702639758237915,positive
1990-10,-0.9610591460007136,0.005469080900801407,0.0616000000000001,Stagflation (G- I+),Stagflation (G- I+),Stagflation (G- I+),0.7025873677498008,positive
1990-11,-1.0758956315677044,0.008860193175122988,0.06289808917197481,Stagflation (G- I+),Stagflation (G- I+),Stagflation (G- I+),0.5832808579060978,positive
1990-12,-0.9707207608581254,0.009699845543272037,0.06274821286735555,Stagflation (G- I+),Stagflation (G- I+),Stagflation (G- I+),0.555738891799591,positive
1991-01,-0.7342026970105154,0.008304926803287704,0.0610626486915149,Stagflation (G- I+),Stagflation (G- I+),Stagflation (G- I+),0.4181054370218516,positive
1991-02,-0.7446474099305359,0.005802885609345776,0.05651491365777117,Stagflation (G- I+),Stagflation (G- I+),Disinflationary slowdown (G- I-),0.4441355889383562,positive
1991-03,-0.46829303075551376,0.0025540295658413315,0.05312500000000031,Stagflation (G- I+),Stagflation (G- I+),Disinflationary slowdown (G- I-),0.4429271410993774,positive
1991-04,-0.17374107898883384,-0.0012015631568005336,0.04895104895104896,Stagflation (G- I+),Disinflationary slowdown (G- I-),Goldilocks (G+ I-),0.3769654851148767,positive
1991-05,0.10508678916873859,-0.003894746322547306,0.04887509697439851,Stagflation (G- I+),Goldilocks (G+ I-),Goldilocks (G+ I-),0.5044642598014146,positive
1991-06,0.3728304681949891,-0.005584283735165799,0.04953560371516996,Goldilocks (G+ I-),Goldilocks (G+ I-),Goldilocks (G+ I-),0.5105627795358357,positive
1991-07,0.6795116186129011,-0.0062667916377876845,0.04695919938414228,Goldilocks (G+ I-),Goldilocks (G+ I-),Goldilocks (G+ I-),0.4035053547002544,positive
1991-08,0.8844823204710288,-0.007419566122911871,0.04447852760736137,Goldilocks (G+ I-),Goldilocks (G+ I-),Goldilocks (G+ I-),0.18485772165181077,positive
1991-09,0.8521829600364811,-0.009751305844732529,0.03799392097264431,Goldilocks (G+ I-),Goldilocks (G+ I-),Goldilocks (G+ I-),0.10895038689042502,positive
1991-10,0.6114337667049121,-0.011793269568107959,0.033911077618687946,Goldilocks (G+ I-),Goldilocks (G+ I-),Goldilocks (G+ I-),0.20174405173346374,positive
1991-11,0.22227124736048437,-0.01407456721971375,0.029213483146067087,Goldilocks (G+ I-),Goldilocks (G+ I-),Disinflationary slowdown (G- I-),0.27097200379851444,positive
1991-12,-0.29271739206021147,-0.014036348250423231,0.029895366218235964,Goldilocks (G+ I-),Disinflationary slowdown (G- I-),Disinflationary slowdown (G- I-),0.3744551788110021,positive
1992-01,-0.579336351510202,-0.01259079913893672,0.030642750373691685,Disinflationary slowdown (G- I-),Disinflationary slowdown (G- I-),Disinflationary slowdown (G- I-),0.2273029273249411,positive
1992-02,-0.6826223526803601,-0.011118307774094265,0.02600297176820221,Disinflationary slowdown (G- I-),Disinflationary slowdown (G- I-),Disinflationary slowdown (G- I-),0.2730744791825447,positive
1992-03,-0.4012880414565622,-0.009608868768699097,0.028189910979228516,Disinflationary slowdown (G- I-),Disinflationary slowdown (G- I-),Disinflationary slowdown (G- I-),0.10735391289597243,positive
1992-04,-0.1896472130561329,-0.007780901851046022,0.031851851851851576,Disinflationary slowdown (G- I-),Disinflationary slowdown (G- I-),Disinflationary slowdown (G- I-),0.29843020321104724,positive
1992-05,-0.0009116993101303539,-0.004424450927294373,0.03180473372781001,Disinflationary slowdown (G- I-),Disinflationary slowdown (G- I-),Disinflationary slowdown (G- I-),0.27518752103526795,positive
1992-06,-0.014658954186568096,-0.0021341238939588184,0.030235988200590258,Disinflationary slowdown (G- I-),Disinflationary slowdown (G- I-),Disinflationary slowdown (G- I-),0.24730605879342502,positive
1992-07,0.004447883948839937,-0.0011175529939368434,0.030882352941175917,Disinflationary slowdown (G- I-),Goldilocks (G+ I-),Reflation (G+ I+),0.11220005773092036,positive
1992-08,0.010713393177537445,-0.00011978223695437509,0.03157121879588942,Goldilocks (G+ I-),Goldilocks (G+ I-),Reflation (G+ I+),0.1551596018944356,positive
1992-09,0.13671401613015638,0.0008374076435121794,0.031478770131771805,Goldilocks (G+ I-),Reflation (G+ I+),Reflation (G+ I+),0.17956754253912635,positive
1992-10,-0.11580786855238158,0.000840058612393911,0.029883381924198815,Goldilocks (G+ I-),Stagflation (G- I+),Reflation (G+ I+),0.21843853143223083,positive
1992-11,-0.0063521777239939,0.0007565983589058467,0.032023289665211285,Stagflation (G- I+),Stagflation (G- I+),Reflation (G+ I+),0.13345782810610296,positive
1992-12,-5.8892989434337906e-05,0.00037469425164917206,0.030478955007257058,Stagflation (G- I+),Stagflation (G- I+),Goldilocks (G+ I-),0.14783236304608663,positive
1993-01,0.4208919808456013,0.00021876109183766035,0.02900652646845514,Stagflation (G- I+),Reflation (G+ I+),Reflation (G+ I+),0.27312771586279444,positive
1993-02,0.5193603670236149,-0.00014248366430165763,0.03258508327299037,Stagflation (G- I+),Goldilocks (G+ I-),Reflation (G+ I+),0.02914001198920505,positive
1993-03,0.46682934214712757,0.0001639070317647172,0.03246753246753209,Stagflation (G- I+),Reflation (G+ I+),Reflation (G+ I+),0.10016177313621925,positive
1993-04,0.4482134294962915,0.0008665430779119174,0.03086862885857844,Reflation (G+ I+),Reflation (G+ I+),Reflation (G+ I+),0.09710109206249574,positive
1993-05,0.2432938749914466,0.000719759259931653,0.03225806451612945,Reflation (G+ I+),Reflation (G+ I+),Reflation (G+ I+),0.37366002386714403,positive
1993-06,0.0788042136669388,0.0004698847721993499,0.0322118826055835,Reflation (G+ I+),Reflation (G+ I+),Disinflationary slowdown (G- I-),0.48421206882625767,positive
1993-07,-0.22415742629194232,0.00024317222967812704,0.029957203994294357,Reflation (G+ I+),Stagflation (G- I+),Disinflationary slowdown (G- I-),0.5287962480330348,positive
1993-08,-0.36332144527436605,-0.0009390792633481478,0.0277580071174377,Reflation (G+ I+),Disinflationary slowdown (G- I-),Disinflationary slowdown (G- I-),0.43115639918697996,positive
1993-09,-0.23969391845518165,-0.0021333413433931928,0.02767920511000721,Disinflationary slowdown (G- I-),Disinflationary slowdown (G- I-),Disinflationary slowdown (G- I-),0.3347280079041372,positive
1993-10,-0.10526192645643384,-0.002905510387794002,0.02689313517338965,Disinflationary slowdown (G- I-),Disinflationary slowdown (G- I-),Goldilocks (G+ I-),0.35031100846668134,positive
1993-11,0.1320015669050566,-0.002613690431566784,0.027503526093088704,Disinflationary slowdown (G- I-),Goldilocks (G+ I-),Goldilocks (G+ I-),0.28253695428376274,positive
1993-12,0.5206518471783,-0.0026100383725607412,0.026760563380281432,Goldilocks (G+ I-),Goldilocks (G+ I-),Goldilocks (G+ I-),0.31048345045571557,positive
1994-01,0.7619984330223939,-0.0022861702838492363,0.027484143763213842,Goldilocks (G+ I-),Goldilocks (G+ I-),Goldilocks (G+ I-),0.32344517615158447,positive
1994-02,0.8414760904890206,-0.002427228259988347,0.025245441795231693,Goldilocks (G+ I-),Goldilocks (G+ I-),Goldilocks (G+ I-),0.5885164933876692,positive
1994-03,0.513271121661528,-0.0023524801716871893,0.02515723270440251,Goldilocks (G+ I-),Goldilocks (G+ I-),Goldilocks (G+ I-),0.6359351776118778,positive
1994-04,0.36193416588029803,-0.0026740662171247202,0.025069637883008866,Goldilocks (G+ I-),Goldilocks (G+ I-),Goldilocks (G+ I-),0.7397388073690376,positive
1994-05,0.3580409414866364,-0.0024982636614134628,0.023611111111110805,Goldilocks (G+ I-),Goldilocks (G+ I-),Goldilocks (G+ I-),0.7361527163862589,positive
1994-06,0.43306038875067693,-0.0024784638187032373,0.02288488210818307,Goldilocks (G+ I-),Goldilocks (G+ I-),Goldilocks (G+ I-),0.7399157966373512,positive
1994-07,0.43208885429673993,-0.0021058891329058076,0.02493074792243677,Goldilocks (G+ I-),Goldilocks (G+ I-),Reflation (G+ I+),0.6865849543435493,positive
1994-08,0.3551473199576284,-0.00073788448725709,0.02770083102493004,Goldilocks (G+ I-),Goldilocks (G+ I-),Reflation (G+ I+),0.6748763923713256,positive
1994-09,0.20227747077373642,0.0011918031179853524,0.02900552486187813,Goldilocks (G+ I-),Reflation (G+ I+),Reflation (G+ I+),0.6796526721051175,positive
1994-10,0.25447461874165866,0.0025313320747258894,0.029634734665747953,Reflation (G+ I+),Reflation (G+ I+),Reflation (G+ I+),0.6608976576455479,positive
1994-11,0.33205618622919253,0.0021099293238874828,0.02608098833219019,Reflation (G+ I+),Reflation (G+ I+),Reflation (G+ I+),0.4532316179070806,positive
1994-12,0.5018989345293827,0.0013587107833055896,0.026748971193416127,Reflation (G+ I+),Reflation (G+ I+),Reflation (G+ I+),0.35878127093182316,positive
1995-01,0.3817966269780608,0.0004580540066781262,0.026748971193416127,Reflation (G+ I+),Reflation (G+ I+),Reflation (G+ I+),0.3325347480419225,positive
1995-02,0.2021674807660905,0.0008791219579993119,0.028043775649794433,Reflation (G+ I+),Reflation (G+ I+),Stagflation (G- I+),0.3287479715563645,positive
1995-03,-0.050111464369732794,0.0012166984982398543,0.028629856850716173,Reflation (G+ I+),Stagflation (G- I+),Stagflation (G- I+),0.5204099631486453,positive
1995-04,-0.2743727449077941,0.0015226634312649687,0.02853260869565233,Stagflation (G- I+),Stagflation (G- I+),Stagflation (G- I+),0.42240706912585796,positive
1995-05,-0.5129165454924802,0.0017746238873137532,0.030529172320217457,Stagflation (G- I+),Stagflation (G- I+),Stagflation (G- I+),0.30306307340812955,positive
1995-06,-0.7580951992568893,0.0021045134743388587,0.03186440677966096,Stagflation (G- I+),Stagflation (G- I+),Stagflation (G- I+),0.39527319702805125,positive
1995-07,-0.8512067077680786,0.0022725575873426274,0.030405405405405928,Stagflation (G- I+),Stagflation (G- I+),Disinflationary slowdown (G- I-),0.4892168417042221,positive
1995-08,-0.6675974800180282,0.0013115774856010884,0.027628032345013764,Stagflation (G- I+),Stagflation (G- I+),Disinflationary slowdown (G- I-),0.6320581997039534,positive
1995-09,-0.13748716112606793,-0.0003491402080556538,0.026174496644294942,Stagflation (G- I+),Disinflationary slowdown (G- I-),Goldilocks (G+ I-),0.5691016972200912,positive
1995-10,0.40192968362583376,-0.0016559457140842664,0.02543507362784414,Stagflation (G- I+),Goldilocks (G+ I-),Goldilocks (G+ I-),0.38123478697287,positive
1995-11,0.5589487017639975,-0.001668462763502264,0.028093645484949636,Goldilocks (G+ I-),Goldilocks (G+ I-),Goldilocks (G+ I-),0.40607737756992535,positive
1995-12,0.5161330176463985,-0.0016511879933784335,0.026052104208416527,Goldilocks (G+ I-),Goldilocks (G+ I-),Goldilocks (G+ I-),0.43163257145159045,positive
1996-01,0.1266754921819052,-0.0015544395524404661,0.025384101536405357,Goldilocks (G+ I-),Goldilocks (G+ I-),Goldilocks (G+ I-),0.5483853436993206,positive
1996-02,0.10091682601552487,-0.0017623127978316777,0.02727877578176985,Goldilocks (G+ I-),Goldilocks (G+ I-),Disinflationary slowdown (G- I-),0.5884268825144334,positive
1996-03,-0.14403055885767016,-0.0014336208944891182,0.026507620941020216,Goldilocks (G+ I-),Disinflationary slowdown (G- I-),Reflation (G+ I+),0.6557263784564703,positive
1996-04,0.25973945883990696,-0.0004168743807977382,0.02840158520475522,Goldilocks (G+ I-),Goldilocks (G+ I-),Reflation (G+ I+),0.6488185836115641,positive
1996-05,0.34627240472774556,0.0002759043719111273,0.02896642527978943,Goldilocks (G+ I-),Reflation (G+ I+),Reflation (G+ I+),0.6935513736277116,positive
1996-06,0.49958788418543787,0.001322730413835703,0.028909329829171604,Reflation (G+ I+),Reflation (G+ I+),Reflation (G+ I+),0.5539010045649081,positive
1996-07,0.4828740441483127,0.0012745650310070356,0.02754098360655699,Reflation (G+ I+),Reflation (G+ I+),Reflation (G+ I+),0.5142112038463545,positive
1996-08,0.38151199868180563,0.0012984751468227591,0.029508196721310886,Reflation (G+ I+),Reflation (G+ I+),Reflation (G+ I+),0.5297653663200769,positive
1996-09,0.4288634237827641,0.0010374845284401926,0.028776978417266896,Reflation (G+ I+),Reflation (G+ I+),Reflation (G+ I+),0.597067299442784,positive
1996-10,0.19344209724792116,0.0014832735437187265,0.030026109660575395,Reflation (G+ I+),Reflation (G+ I+),Reflation (G+ I+),0.6676564540209741,positive
1996-11,0.2101316560858747,0.0014704530962966374,0.029928432010409622,Reflation (G+ I+),Reflation (G+ I+),Stagflation (G- I+),0.531104158339146,positive
1996-12,0.0749265508433193,0.0021871564745756453,0.03255208333333304,Reflation (G+ I+),Reflation (G+ I+),Stagflation (G- I+),0.4973988647051101,positive
1997-01,-0.03371242529321025,0.002599983974165738,0.03322475570032579,Reflation (G+ I+),Stagflation (G- I+),Stagflation (G- I+),0.49354430259931936,positive
1997-02,-0.05212148671176979,0.0025071749127862746,0.030440414507771685,Stagflation (G- I+),Stagflation (G- I+),Goldilocks (G+ I-),0.5281426367326174,positive
1997-03,0.0014039670779246172,0.0014509879375501807,0.030342156229826278,Stagflation (G- I+),Reflation (G+ I+),Goldilocks (G+ I-),0.561543841017411,positive
1997-04,0.006240467636208294,-0.00035282871508451885,0.027617212588310514,Stagflation (G- I+),Goldilocks (G+ I-),Disinflationary slowdown (G- I-),0.6005535074217966,positive
1997-05,-0.11868448175383778,-0.0018477609389209726,0.02495201535508662,Stagflation (G- I+),Disinflationary slowdown (G- I-),Goldilocks (G+ I-),0.608249090027791,positive
1997-06,-0.008240172732328327,-0.003965218160672173,0.022349936143039706,Disinflationary slowdown (G- I-),Disinflationary slowdown (G- I-),Goldilocks (G+ I-),0.5349535073477529,positive
1997-07,0.24472983622527414,-0.005132414884350827,0.022973835354180405,Disinflationary slowdown (G- I-),Goldilocks (G+ I-),Goldilocks (G+ I-),0.5452580316237733,positive
1997-08,0.46423394404132784,-0.005417488534960456,0.022292993630573354,Goldilocks (G+ I-),Goldilocks (G+ I-),Goldilocks (G+ I-),0.5119040788725808,positive
1997-09,0.4665534384847906,-0.004906766515552014,0.022250476795931062,Goldilocks (G+ I-),Goldilocks (G+ I-),Goldilocks (G+ I-),0.5706351471668647,positive
1997-10,0.42575741949628954,-0.00467597055606761,0.021546261089986363,Goldilocks (G+ I-),Goldilocks (G+ I-),Goldilocks (G+ I-),0.04457372647376814,positive
1997-11,0.45558378160778845,-0.004401308932373688,0.020846493998736948,Goldilocks (G+ I-),Goldilocks (G+ I-),Goldilocks (G+ I-),-0.0874975016819045,negative
1997-12,0.38393007119855055,-0.0045342124961988035,0.018284993694829943,Goldilocks (G+ I-),Goldilocks (G+ I-),Goldilocks (G+ I-),-0.35012013437455514,negative
1998-01,0.36331738307065986,-0.004691579972772735,0.017023959646910836,Goldilocks (G+ I-),Goldilocks (G+ I-),Goldilocks (G+ I-),-0.3017060132480192,negative
1998-02,0.2635117626826573,-0.005175363145101142,0.01571338780641174,Goldilocks (G+ I-),Goldilocks (G+ I-),Goldilocks (G+ I-),-0.24104337755015065,negative
1998-03,0.15817749771590914,-0.005139091131995049,0.014411027568922208,Goldilocks (G+ I-),Goldilocks (G+ I-),Goldilocks (G+ I-),-0.06654145254550779,negative
1998-04,-0.022362296286030037,-0.005074809965272691,0.013750000000000373,Goldilocks (G+ I-),Disinflationary slowdown (G- I-),Disinflationary slowdown (G- I-),0.3882080401912835,positive
1998-05,-0.03149950587674774,-0.004644007867095476,0.014357053682895637,Disinflationary slowdown (G- I-),Disinflationary slowdown (G- I-),Goldilocks (G+ I-),0.3515090849169215,positive
1998-06,0.15409707299669945,-0.0033690741166461473,0.016864459712680357,Disinflationary slowdown (G- I-),Goldilocks (G+ I-),Goldilocks (G+ I-),0.00653161436396546,positive
1998-07,0.21290244893835605,-0.0018270665229287823,0.016843418590143155,Goldilocks (G+ I-),Goldilocks (G+ I-),Goldilocks (G+ I-),-0.322645201994238,negative
1998-08,0.10254574375731232,-0.0005493941380440397,0.016822429906542036,Goldilocks (G+ I-),Goldilocks (G+ I-),Disinflationary slowdown (G- I-),-0.5083781614806886,negative
1998-09,-0.3597245854095965,-0.0002743857520626225,0.016169154228855787,Goldilocks (G+ I-),Disinflationary slowdown (G- I-),Disinflationary slowdown (G- I-),-0.4931204207914244,negative
1998-10,-0.4271621140381217,-0.0003712524906989527,0.014888337468983437,Disinflationary slowdown (G- I-),Disinflationary slowdown (G- I-),Disinflationary slowdown (G- I-),-0.33165140002569893,negative
1998-11,-0.5646315648458125,-0.0005286500058561665,0.014851485148514865,Disinflationary slowdown (G- I-),Disinflationary slowdown (G- I-),Disinflationary slowdown (G- I-),-0.32480339785762274,negative
1998-12,-0.2566705113386723,-0.0005246495673244343,0.015479876160991335,Disinflationary slowdown (G- I-),Disinflationary slowdown (G- I-),Stagflation (G- I+),-0.29574346961981873,negative
1999-01,-0.06071450091684398,-3.9007205235881e-05,0.016119032858028515,Disinflationary slowdown (G- I-),Disinflationary slowdown (G- I-),Reflation (G+ I+),-0.48675418777339513,negative
1999-02,0.24221197609495193,0.0004969269271466285,0.01670792079207928,Disinflationary slowdown (G- I-),Reflation (G+ I+),Reflation (G+ I+),-0.2069185804834626,negative
1999-03,0.24381898493057574,0.0005527111363037296,0.016059295861642786,Reflation (G+ I+),Reflation (G+ I+),Reflation (G+ I+),-0.06353088252124212,negative
1999-04,0.3203037010923134,0.0006411931963689263,0.017262638717632006,Reflation (G+ I+),Reflation (G+ I+),Reflation (G+ I+),0.13228083707458443,positive
1999-05,0.29366546044234726,0.0019606150982249652,0.02276923076923132,Reflation (G+ I+),Reflation (G+ I+),Reflation (G+ I+),0.15010464833945636,positive
1999-06,0.4251712096417695,0.00323401834153092,0.020884520884520752,Reflation (G+ I+),Reflation (G+ I+),Reflation (G+ I+),0.3284355752388854,positive
1999-07,0.2244334343186074,0.0037913991116216295,0.01963190184049113,Reflation (G+ I+),Reflation (G+ I+),Reflation (G+ I+),0.41609502114586544,positive
1999-08,0.20652642996066758,0.002965044288599561,0.021446078431372806,Reflation (G+ I+),Reflation (G+ I+),Reflation (G+ I+),0.5777830440031712,positive
1999-09,0.197351984963931,0.0030119215585263474,0.02264381884944955,Reflation (G+ I+),Reflation (G+ I+),Reflation (G+ I+),0.5428063401398242,positive
1999-10,0.23982037061034867,0.004279553712921418,0.02628361858190731,Reflation (G+ I+),Reflation (G+ I+),Reflation (G+ I+),0.4648770821337833,positive
1999-11,0.281957928357387,0.004770923689230249,0.025609756097560776,Reflation (G+ I+),Reflation (G+ I+),Reflation (G+ I+),0.32775298000985903,positive
1999-12,0.26139828358804607,0.00506785180161003,0.02621951219512142,Reflation (G+ I+),Reflation (G+ I+),Reflation (G+ I+),0.27563257244962713,positive
2000-01,0.23673036480912718,0.00436130774178306,0.026845637583892357,Reflation (G+ I+),Reflation (G+ I+),Reflation (G+ I+),0.04673888073013615,positive
2000-02,0.15871142968300217,0.004064279784196139,0.027388922702373586,Reflation (G+ I+),Reflation (G+ I+),Reflation (G+ I+),-0.11332240604045238,negative
2000-03,0.15428445991740197,0.004717428287159948,0.032218844984802875,Reflation (G+ I+),Reflation (G+ I+),Reflation (G+ I+),-0.0991036115263176,negative
2000-04,0.15831389997645562,0.0066013750462712295,0.037575757575757596,Reflation (G+ I+),Reflation (G+ I+),Reflation (G+ I+),-0.30985659510975017,negative
2000-05,0.1716612554919855,0.00704065018732036,0.030685920577617543,Reflation (G+ I+),Reflation (G+ I+),Stagflation (G- I+),-0.2808603873993635,negative
2000-06,-0.03413923598366453,0.006013734435771242,0.03188929001203378,Reflation (G+ I+),Stagflation (G- I+),Stagflation (G- I+),-0.25493022795931575,negative
2000-07,-0.11448860674892886,0.004450586847286515,0.0373044524669075,Stagflation (G- I+),Stagflation (G- I+),Stagflation (G- I+),0.08437434917608858,positive
2000-08,-0.16881380123519732,0.00515729022328865,0.036592681463707644,Stagflation (G- I+),Stagflation (G- I+),Stagflation (G- I+),0.05004533277506996,positive
2000-09,-0.14000430538835232,0.004942339438179788,0.034111310592459754,Stagflation (G- I+),Stagflation (G- I+),Stagflation (G- I+),0.14137378046961702,positive
2000-10,-0.12298032567239259,0.0033339164101505586,0.03454437164979063,Stagflation (G- I+),Stagflation (G- I+),Stagflation (G- I+),-0.07950553985188157,negative
2000-11,-0.20108595268917087,0.001891191918883775,0.0344827586206895,Stagflation (G- I+),Stagflation (G- I+),Stagflation (G- I+),-0.18431080981458445,negative
2000-12,-0.26135958597703024,0.0013212818434207851,0.03446226975638722,Stagflation (G- I+),Stagflation (G- I+),Stagflation (G- I+),-0.3128467733242898,negative
2001-01,-0.6381441025405928,0.0005106509317205354,0.03386809269162239,Stagflation (G- I+),Stagflation (G- I+),Stagflation (G- I+),-0.525633519764876,negative
2001-02,-1.0711177658699411,0.0006293770037342356,0.03732227488151629,Stagflation (G- I+),Stagflation (G- I+),Disinflationary slowdown (G- I-),-0.4885960178547993,negative
2001-03,-1.1966030345472174,0.0006607797618226746,0.03533568904593576,Stagflation (G- I+),Stagflation (G- I+),Disinflationary slowdown (G- I-),-0.5416987418499064,negative
2001-04,-0.873666551702522,-0.000195869468245978,0.02920560747663603,Stagflation (G- I+),Disinflationary slowdown (G- I-),Disinflationary slowdown (G- I-),-0.3634319669021492,negative
2001-05,-0.5585467257281472,-0.0019066714500853635,0.032691185055458316,Disinflationary slowdown (G- I-),Disinflationary slowdown (G- I-),Disinflationary slowdown (G- I-),-0.2896603519436313,negative
2001-06,-0.34305649962911977,-0.001989892756425568,0.036151603498542295,Disinflationary slowdown (G- I-),Disinflationary slowdown (G- I-),Disinflationary slowdown (G- I-),-0.18825142529847644,negative
2001-07,-0.33288602533225514,-0.0004957412244233211,0.032482598607887825,Disinflationary slowdown (G- I-),Disinflationary slowdown (G- I-),Disinflationary slowdown (G- I-),-0.04693670062194161,negative
2001-08,-0.31411278259824665,-0.0015436442690820243,0.027199074074073737,Disinflationary slowdown (G- I-),Disinflationary slowdown (G- I-),Disinflationary slowdown (G- I-),-0.3585893144694801,negative
2001-09,-0.4143575957646173,-0.00395180103403938,0.027199074074073737,Disinflationary slowdown (G- I-),Disinflationary slowdown (G- I-),Disinflationary slowdown (G- I-),-0.24084986189009022,negative
2001-10,-0.5527954751177871,-0.005280026018299317,0.026482440990213796,Disinflationary slowdown (G- I-),Disinflationary slowdown (G- I-),Disinflationary slowdown (G- I-),-0.1707739751321939,negative
2001-11,-0.5754239380459711,-0.006156728870576722,0.0212643678160922,Disinflationary slowdown (G- I-),Disinflationary slowdown (G- I-),Disinflationary slowdown (G- I-),-0.0023828110399446785,negative
2001-12,-0.668414719661039,-0.007612575137376475,0.018954623779436908,Disinflationary slowdown (G- I-),Disinflationary slowdown (G- I-),Disinflationary slowdown (G- I-),0.025577654442605978,positive
2002-01,-0.4379504298390543,-0.009738404064984958,0.01551724137931032,Disinflationary slowdown (G- I-),Disinflationary slowdown (G- I-),Disinflationary slowdown (G- I-),-0.10242184343396003,negative
2002-02,-0.18602865162504278,-0.01086082596039593,0.01142204454597362,Disinflationary slowdown (G- I-),Disinflationary slowdown (G- I-),Goldilocks (G+ I-),-0.21024847425398485,negative
2002-03,0.0808629295556581,-0.011390252063649799,0.011376564277588486,Disinflationary slowdown (G- I-),Goldilocks (G+ I-),Goldilocks (G+ I-),-0.3212171315247689,negative
2002-04,0.14201520694834302,-0.010439875449364219,0.014755959137344066,Goldilocks (G+ I-),Goldilocks (G+ I-),Goldilocks (G+ I-),-0.28279648647981515,negative
2002-05,0.10999970989929786,-0.007424597554329577,0.016393442622950616,Goldilocks (G+ I-),Goldilocks (G+ I-),Goldilocks (G+ I-),-0.43354033532518554,negative
2002-06,0.2150713049257208,-0.005249734464299048,0.011817670230725996,Goldilocks (G+ I-),Goldilocks (G+ I-),Goldilocks (G+ I-),-0.5401192975998101,negative
2002-07,0.13117207651555557,-0.0047929649669136536,0.010674157303371068,Goldilocks (G+ I-),Goldilocks (G+ I-),Goldilocks (G+ I-),-0.6137217395518579,negative
2002-08,0.04532332073060982,-0.004328884504071836,0.01464788732394351,Goldilocks (G+ I-),Goldilocks (G+ I-),Stagflation (G- I+),-0.5070272445208668,negative
2002-09,-0.12386721744913967,-0.0014944761546199139,0.01802816901408444,Goldilocks (G+ I-),Disinflationary slowdown (G- I-),Stagflation (G- I+),-0.5943824209965672,negative
2002-10,-0.2776692467812174,0.0009400958400477086,0.015143017386427315,Goldilocks (G+ I-),Stagflation (G- I+),Stagflation (G- I+),-0.6476809665248722,negative
2002-11,-0.17862685932344274,0.0028942131965758646,0.02025886325267323,Stagflation (G- I+),Stagflation (G- I+),Stagflation (G- I+),-0.7916901823808319,negative
2002-12,-0.23461707807091833,0.003960429621828725,0.02198421645997839,Stagflation (G- I+),Stagflation (G- I+),Stagflation (G- I+),-0.7573603277920917,negative
2003-01,-0.10821481900769261,0.006148135650407078,0.023769100169779733,Stagflation (G- I+),Stagflation (G- I+),Stagflation (G- I+),-0.7426122625216437,negative
2003-02,-0.21476467508389185,0.006840524771853578,0.02597402597402576,Stagflation (G- I+),Stagflation (G- I+),Stagflation (G- I+),-0.6424096677965041,negative
2003-03,-0.2969004807762653,0.00791269311747526,0.029808773903261754,Stagflation (G- I+),Stagflation (G- I+),Stagflation (G- I+),-0.7140663928752559,negative
2003-04,-0.3511597095479154,0.008769658559463656,0.03020134228187854,Stagflation (G- I+),Stagflation (G- I+),Stagflation (G- I+),-0.6753077401822005,negative
2003-05,-0.35750875007071364,0.007039505381435697,0.02224694104560565,Stagflation (G- I+),Stagflation (G- I+),Disinflationary slowdown (G- I-),-0.6013654913288902,negative
2003-06,-0.23368781162582952,0.0032326583830387112,0.02057842046718572,Stagflation (G- I+),Stagflation (G- I+),Disinflationary slowdown (G- I-),-0.33829827074751045,negative
2003-07,-0.12836410096148831,-0.0006642310959140696,0.021122846025569908,Stagflation (G- I+),Disinflationary slowdown (G- I-),Goldilocks (G+ I-),-0.06631437777638781,negative
2003-08,0.05562907095927594,-0.0015843735270688608,0.0210993892282072,Stagflation (G- I+),Goldilocks (G+ I-),Goldilocks (G+ I-),0.08144648021451878,positive
2003-09,0.2688875143238819,-0.0015458161450529091,0.02158273381294995,Goldilocks (G+ I-),Goldilocks (G+ I-),Goldilocks (G+ I-),-0.03807109394766034,negative
2003-10,0.5306975845775133,-0.0015237417323317008,0.02320441988950228,Goldilocks (G+ I-),Goldilocks (G+ I-),Goldilocks (G+ I-),-0.22732760953838954,negative
2003-11,0.6453117533168177,-0.0017665920543516837,0.020408163265305257,Goldilocks (G+ I-),Goldilocks (G+ I-),Goldilocks (G+ I-),-0.44575155036578795,negative
2003-12,0.7504861185727807,-0.0027162427791896752,0.017650303364588504,Goldilocks (G+ I-),Goldilocks (G+ I-),Goldilocks (G+ I-),-0.3991203961403405,negative
2004-01,0.859339323950671,-0.003771562482216495,0.018794914317302513,Goldilocks (G+ I-),Goldilocks (G+ I-),Goldilocks (G+ I-),-0.27957077889683474,negative
2004-02,0.8601021964809492,-0.003594151246545642,0.01926252063841516,Goldilocks (G+ I-),Goldilocks (G+ I-),Goldilocks (G+ I-),-0.0874491400146494,negative
2004-03,0.8276789934937367,-0.0027608614606987048,0.01693063899508518,Goldilocks (G+ I-),Goldilocks (G+ I-),Goldilocks (G+ I-),-0.04811518725178468,negative
2004-04,0.5969583371344671,-0.002165949056005645,0.017372421281216077,Goldilocks (G+ I-),Goldilocks (G+ I-),Reflation (G+ I+),0.013326302253655851,positive
2004-05,0.510829112053702,-0.0010201462854127485,0.022850924918389914,Goldilocks (G+ I-),Goldilocks (G+ I-),Reflation (G+ I+),0.01966708767083585,positive
2004-06,0.3894380103924865,0.0026806035480730905,0.030517711171661688,Goldilocks (G+ I-),Reflation (G+ I+),Reflation (G+ I+),0.18281788448040567,positive
2004-07,0.33694630834939215,0.006815520830535233,0.032661948829613374,Reflation (G+ I+),Reflation (G+ I+),Reflation (G+ I+),0.04214019417324355,positive
2004-08,0.24057230328271373,0.008433717907343041,0.02990755845568205,Reflation (G+ I+),Reflation (G+ I+),Reflation (G+ I+),-0.22217156625954496,negative
2004-09,0.09766847925922263,0.006695678332006849,0.026543878656554165,Reflation (G+ I+),Reflation (G+ I+),Stagflation (G- I+),-0.3857530612768968,negative
2004-10,0.0009907249609215074,0.004086556153532279,0.025377969762418795,Reflation (G+ I+),Reflation (G+ I+),Stagflation (G- I+),-0.47663713829149024,negative
2004-11,-0.0967197131838324,0.003791023246720149,0.031891891891892454,Reflation (G+ I+),Stagflation (G- I+),Stagflation (G- I+),-0.21258554799712176,negative
2004-12,-0.04332308617794678,0.005221510384131916,0.035230352303523116,Stagflation (G- I+),Stagflation (G- I+),Stagflation (G- I+),-0.10062516543611401,negative
2005-01,-0.17788623367655848,0.006467333950700722,0.03255561584373279,Stagflation (G- I+),Stagflation (G- I+),Stagflation (G- I+),0.11548728897620832,positive
2005-02,-0.09309296846847626,0.004866319420787434,0.029697624190065053,Stagflation (G- I+),Stagflation (G- I+),Stagflation (G- I+),0.09088491090158365,positive
2005-03,-0.20572559378943284,0.002052552228351417,0.030075187969925032,Stagflation (G- I+),Stagflation (G- I+),Reflation (G+ I+),0.2532899749807203,positive
2005-04,0.001635572814915165,0.0005192465149210582,0.031483457844183604,Stagflation (G- I+),Reflation (G+ I+),Stagflation (G- I+),0.05395350964642198,positive
2005-05,-0.09624880924651402,0.0013008779394460164,0.03510638297872326,Stagflation (G- I+),Stagflation (G- I+),Disinflationary slowdown (G- I-),-0.01935107706383843,negative
2005-06,-0.15733335463572565,0.0008258325499298329,0.02802749867794807,Stagflation (G- I+),Stagflation (G- I+),Disinflationary slowdown (G- I-),-0.21931954390928435,negative
2005-07,-0.28875201662495886,-0.0006210467855071386,0.025303110173959142,Stagflation (G- I+),Disinflationary slowdown (G- I-),Stagflation (G- I+),0.02836738140415893,positive
2005-08,-0.18774223711035598,-0.0019111313389981004,0.03167898627243981,Disinflationary slowdown (G- I-),Disinflationary slowdown (G- I-),Stagflation (G- I+),0.1050949223573052,positive
2005-09,0.000858148154769256,6.126136440220975e-05,0.03641160949868061,Disinflationary slowdown (G- I-),Reflation (G+ I+),Stagflation (G- I+),0.03192272038142773,positive
2005-10,-0.001102855545679654,0.00545841511626468,0.046866771985255795,Disinflationary slowdown (G- I-),Stagflation (G- I+),Stagflation (G- I+),-0.05501537221757298,negative
2005-11,-0.024587377175698616,0.008425975900500302,0.043478260869564744,Stagflation (G- I+),Stagflation (G- I+),Reflation (G+ I+),-0.05041771537180998,negative
2005-12,0.03570770810676101,0.007863378881731109,0.03455497382198969,Stagflation (G- I+),Reflation (G+ I+),Reflation (G+ I+),-0.03284931098417414,negative
2006-01,0.06473811874800245,0.003493238252849251,0.03415659485023603,Reflation (G+ I+),Reflation (G+ I+),Reflation (G+ I+),-0.06469698614479753,negative
2006-02,0.20724361853670684,0.0014385797760711819,0.03985317252228571,Reflation (G+ I+),Reflation (G+ I+),Reflation (G+ I+),-0.11259116218785323,negative
2006-03,0.25135901702241364,0.0014202643156962305,0.0359749739311781,Reflation (G+ I+),Reflation (G+ I+),Goldilocks (G+ I-),0.06116766871872972,positive
2006-04,0.4420000212723885,0.0010649760173165185,0.0336264873254013,Reflation (G+ I+),Reflation (G+ I+),Reflation (G+ I+),0.16543653035722625,positive
2006-05,0.36161790609980726,-0.00042954580680445303,0.03545734840698933,Reflation (G+ I+),Goldilocks (G+ I-),Reflation (G+ I+),0.28225422508390474,positive
2006-06,0.2975863002817277,0.0003310877726319869,0.041666666666667185,Reflation (G+ I+),Reflation (G+ I+),Reflation (G+ I+),0.08042627226493582,positive
2006-07,0.16613970989406443,0.002027766345756396,0.043187660668379646,Reflation (G+ I+),Reflation (G+ I+),Reflation (G+ I+),0.14167423855343567,positive
2006-08,0.11903098785822347,0.003211922948763858,0.041453428863869046,Reflation (G+ I+),Reflation (G+ I+),Disinflationary slowdown (G- I-),0.16826611299670727,positive
2006-09,-0.08287999515140262,0.0019041780286210286,0.03818737270875805,Reflation (G+ I+),Stagflation (G- I+),Disinflationary slowdown (G- I-),0.2654343408874288,positive
2006-10,-0.10689673465709755,-0.0034302089150522116,0.020623742454727978,Reflation (G+ I+),Disinflationary slowdown (G- I-),Disinflationary slowdown (G- I-),0.13928823906624246,positive
2006-11,-0.15064099581909124,-0.010361777921709336,0.013052208835341972,Disinflationary slowdown (G- I-),Disinflationary slowdown (G- I-),Disinflationary slowdown (G- I-),-0.021471064598543296,negative
2006-12,-0.08686790877416703,-0.015277110479813727,0.019736842105263275,Disinflationary slowdown (G- I-),Disinflationary slowdown (G- I-),Disinflationary slowdown (G- I-),-0.004314929208153725,negative
2007-01,-0.02800633628161972,-0.012953682377609726,0.025406504065041302,Disinflationary slowdown (G- I-),Disinflationary slowdown (G- I-),Disinflationary slowdown (G- I-),-0.010267572353162877,negative
2007-02,-0.0760887187806508,-0.00879421353285581,0.02075642965204305,Disinflationary slowdown (G- I-),Disinflationary slowdown (G- I-),Disinflationary slowdown (G- I-),-0.2549154769401788,negative
2007-03,0.00790552858345546,-0.006337249426639619,0.02415198792148976,Disinflationary slowdown (G- I-),Goldilocks (G+ I-),Disinflationary slowdown (G- I-),-0.31180289117303717,negative
2007-04,-0.043229343043881215,-0.005056929890923139,0.027787787787787233,Disinflationary slowdown (G- I-),Disinflationary slowdown (G- I-),Goldilocks (G+ I-),-0.3824538200066464,negative
2007-05,0.012787901784181585,-0.002586717564843244,0.025736972704713867,Disinflationary slowdown (G- I-),Goldilocks (G+ I-),Reflation (G+ I+),-0.29186116008412916,negative
2007-06,0.21975708404117028,-0.00043799748929040927,0.026908641975308623,Goldilocks (G+ I-),Goldilocks (G+ I-),Reflation (G+ I+),0.19353587976231404,positive
2007-07,0.1984584631919241,0.0006159731781346482,0.026870379497289987,Goldilocks (G+ I-),Reflation (G+ I+),Reflation (G+ I+),-0.16996445267763408,negative
2007-08,0.11684875170440158,0.0013870120774631123,0.023582309582309335,Reflation (G+ I+),Reflation (G+ I+),Stagflation (G- I+),-0.36328530284522625,negative
2007-09,-0.13229659689000692,0.0005249542469309421,0.019700833742030133,Reflation (G+ I+),Stagflation (G- I+),Stagflation (G- I+),-0.5677499389255247,negative
2007-10,-0.15486678419119237,0.00017443565980433326,0.027550517496304217,Stagflation (G- I+),Stagflation (G- I+),Stagflation (G- I+),-0.5564710051863336,negative
2007-11,-0.03247947877084395,0.0022417859439683094,0.03536174430128769,Stagflation (G- I+),Stagflation (G- I+),Stagflation (G- I+),-0.6065389780735609,negative
2007-12,-0.22463656022952103,0.00808508689026035,0.043062034739453914,Stagflation (G- I+),Stagflation (G- I+),Stagflation (G- I+),-0.6336740099840507,negative
2008-01,-0.5639233431545019,0.011221961187133648,0.04081268582755171,Stagflation (G- I+),Stagflation (G- I+),Stagflation (G- I+),-0.5637025420856384,negative
2008-02,-0.9389976928920325,0.011865150677461283,0.04280294047901312,Stagflation (G- I+),Stagflation (G- I+),Stagflation (G- I+),-0.46816406359811497,negative
2008-03,-1.044098744350948,0.009590193290389272,0.04026555413048727,Stagflation (G- I+),Stagflation (G- I+),Stagflation (G- I+),-0.5425674180443061,negative
2008-04,-0.9720103841716659,0.008255254241650398,0.039814562312517676,Stagflation (G- I+),Stagflation (G- I+),Stagflation (G- I+),-0.5883090884647864,negative
2008-05,-0.7961066414287219,0.005974579577774343,0.039368897748275344,Stagflation (G- I+),Stagflation (G- I+),Stagflation (G- I+),-0.6344188396019709,negative
2008-06,-0.7882726811091444,0.00523397263672961,0.041755430418034534,Stagflation (G- I+),Stagflation (G- I+),Stagflation (G- I+),-0.5436888688508528,negative
2008-07,-0.7162056368359677,0.006756125276360513,0.05021790047611718,Stagflation (G- I+),Stagflation (G- I+),Stagflation (G- I+),-0.5316119052842281,negative
2008-08,-0.855472055156673,0.00959865907609607,0.056001229002539565,Stagflation (G- I+),Stagflation (G- I+),Stagflation (G- I+),-0.5660268845408406,negative
2008-09,-0.6711503518393823,0.010751556203409542,0.05371855115262325,Stagflation (G- I+),Stagflation (G- I+),Stagflation (G- I+),-0.7318208437651372,negative
2008-10,-0.867483383070824,0.008650451079159537,0.04936927430572147,Stagflation (G- I+),Stagflation (G- I+),Disinflationary slowdown (G- I-),-0.44061499451632324,negative
2008-11,-1.1186014707887035,0.0020681524629309056,0.036551862771375676,Stagflation (G- I+),Stagflation (G- I+),Disinflationary slowdown (G- I-),-0.44164210483225613,negative
2008-12,-1.6385202195121027,-0.009575591630137367,0.01069574691807329,Stagflation (G- I+),Disinflationary slowdown (G- I-),Disinflationary slowdown (G- I-),-0.3661541053015545,negative
2009-01,-1.7086656017880903,-0.022402426994801255,0.0009141290064558216,Disinflationary slowdown (G- I-),Disinflationary slowdown (G- I-),Disinflationary slowdown (G- I-),-0.4539188994143207,negative
2009-02,-1.8182737969428493,-0.030944853286103947,0.0002984650369524111,Disinflationary slowdown (G- I-),Disinflationary slowdown (G- I-),Disinflationary slowdown (G- I-),-0.35456696426295925,negative
2009-03,-1.9118337622239117,-0.030564161694493143,0.002361910880378515,Disinflationary slowdown (G- I-),Disinflationary slowdown (G- I-),Disinflationary slowdown (G- I-),-0.2416064389250274,negative
2009-04,-1.9688477742093806,-0.02850988180789546,-0.003835562549174054,Disinflationary slowdown (G- I-),Disinflationary slowdown (G- I-),Disinflationary slowdown (G- I-),-0.2724816673822567,negative
2009-05,-1.749243188258109,-0.027170842962565167,-0.007368857152167396,Disinflationary slowdown (G- I-),Disinflationary slowdown (G- I-),Disinflationary slowdown (G- I-),-0.14345063587436818,negative
2009-06,-1.3259178476022322,-0.02768211688525154,-0.012814357989585634,Disinflationary slowdown (G- I-),Disinflationary slowdown (G- I-),Disinflationary slowdown (G- I-),-0.23595734133820048,negative
2009-07,-1.0206845938897495,-0.025785711105075097,-0.014267760436898702,Disinflationary slowdown (G- I-),Disinflationary slowdown (G- I-),Disinflationary slowdown (G- I-),-0.17966790867951943,negative
2009-08,-0.516103550645831,-0.023905559688331114,-0.02097161353676047,Disinflationary slowdown (G- I-),Disinflationary slowdown (G- I-),Goldilocks (G+ I-),-0.383166880841155,negative
2009-09,-0.12632389017638346,-0.018868432625652038,-0.01484348611960562,Disinflationary slowdown (G- I-),Disinflationary slowdown (G- I-),Goldilocks (G+ I-),-0.46190483205949256,negative
2009-10,0.1687149724032102,-0.01321392120448242,-0.01286205966642695,Disinflationary slowdown (G- I-),Goldilocks (G+ I-),Reflation (G+ I+),-0.4834427056561786,negative
2009-11,0.17750450388510342,-0.003634515488329687,-0.001828482774861584,Goldilocks (G+ I-),Goldilocks (G+ I-),Reflation (G+ I+),-0.37088024664844355,negative
2009-12,0.15361121536273437,0.006800365134204021,0.01838295869130291,Goldilocks (G+ I-),Reflation (G+ I+),Reflation (G+ I+),-0.41497758023582215,negative
2010-01,0.17685839896903022,0.017967223589065617,0.027213311262058504,Reflation (G+ I+),Reflation (G+ I+),Reflation (G+ I+),-0.45155997464968445,negative
2010-02,0.1909170915569654,0.025165861541159712,0.026257086429576804,Reflation (G+ I+),Reflation (G+ I+),Reflation (G+ I+),-0.5038195256875113,negative
2010-03,0.13791295595830472,0.024593363996120415,0.021433317781453853,Reflation (G+ I+),Reflation (G+ I+),Reflation (G+ I+),-0.3343167353002099,negative
2010-04,0.13204088105354714,0.02098752864702961,0.023139594469439473,Reflation (G+ I+),Reflation (G+ I+),Reflation (G+ I+),-0.4599233938866448,negative
2010-05,0.13037882859003264,0.017212213063610326,0.022364471956481058,Reflation (G+ I+),Reflation (G+ I+),Reflation (G+ I+),-0.6523313660146539,negative
2010-06,0.16988183601419407,0.014052375847561851,0.020209860840939786,Reflation (G+ I+),Reflation (G+ I+),Reflation (G+ I+),-0.7457620152452812,negative
2010-07,0.15366358770848554,0.007783570086787778,0.010533489728455914,Reflation (G+ I+),Reflation (G+ I+),Goldilocks (G+ I-),-0.7237910449047606,negative
2010-08,0.05980476426770853,0.0016690935856509912,0.012351927783014416,Reflation (G+ I+),Reflation (G+ I+),Disinflationary slowdown (G- I-),-0.6819627731419571,negative
2010-09,-0.02821967950981602,-0.0034342224666981756,0.011481045618391583,Reflation (G+ I+),Disinflationary slowdown (G- I-),Disinflationary slowdown (G- I-),-0.6275520589646638,negative
2010-10,-0.14703823212394973,-0.005158017369654265,0.011436826581592507,Disinflationary slowdown (G- I-),Disinflationary slowdown (G- I-),Disinflationary slowdown (G- I-),-0.5492657196239302,negative
2010-11,0.013546087472011747,-0.006497231181413319,0.011721876055270197,Disinflationary slowdown (G- I-),Goldilocks (G+ I-),Goldilocks (G+ I-),-0.23709883187623376,negative
2010-12,0.06875575807532107,-0.005934430884342869,0.011431609115702956,Goldilocks (G+ I-),Goldilocks (G+ I-),Goldilocks (G+ I-),-0.06680175357391233,negative
2011-01,0.30530353932307025,-0.003739621654749725,0.014957235273143077,Goldilocks (G+ I-),Goldilocks (G+ I-),Reflation (G+ I+),-0.17356386760979586,negative
2011-02,0.4325570783168672,-0.0013792059937531853,0.016318468574487488,Goldilocks (G+ I-),Goldilocks (G+ I-),Reflation (G+ I+),-0.3595922152152983,negative
2011-03,0.8512702266852311,0.0018653290211123434,0.021075846286581434,Goldilocks (G+ I-),Reflation (G+ I+),Reflation (G+ I+),-0.5859770262023332,negative
2011-04,0.8350996930362806,0.00551189162978662,0.02681603264240806,Reflation (G+ I+),Reflation (G+ I+),Reflation (G+ I+),-0.5741347557344126,negative
2011-05,0.5023697746888508,0.009845185249521993,0.03163630859276445,Reflation (G+ I+),Reflation (G+ I+),Stagflation (G- I+),-0.6505861399493875,negative
2011-06,-0.024147291961623796,0.013425672685659452,0.035686457846345165,Reflation (G+ I+),Stagflation (G- I+),Stagflation (G- I+),-0.6052129019079318,negative
2011-07,-0.16268561978273177,0.01426185657950078,0.035588282522424075,Stagflation (G- I+),Stagflation (G- I+),Stagflation (G- I+),-0.5416903289296863,negative
2011-08,-0.4508814351703178,0.013817537652716573,0.03628715982221098,Stagflation (G- I+),Stagflation (G- I+),Stagflation (G- I+),-0.4917625043851846,negative
2011-09,-0.5829878041081314,0.01230682595326699,0.037712081791198004,Stagflation (G- I+),Stagflation (G- I+),Stagflation (G- I+),-0.5444781810787798,negative
2011-10,-0.6242388249150155,0.01106802609685903,0.03868356841040277,Stagflation (G- I+),Stagflation (G- I+),Stagflation (G- I+),-0.639116446271005,negative
2011-11,-0.21405416402043068,0.008762128964121395,0.035251999213574026,Stagflation (G- I+),Stagflation (G- I+),Reflation (G+ I+),-0.7630517376119532,negative
2011-12,0.05394274769973084,0.0056300131036994445,0.03394377590800857,Stagflation (G- I+),Reflation (G+ I+),Goldilocks (G+ I-),-0.7445596607542309,negative
2012-01,0.2030662629458235,0.001387973685171573,0.029624188448711175,Reflation (G+ I+),Reflation (G+ I+),Goldilocks (G+ I-),-0.6868179726927744,negative
2012-02,0.45876223726408205,-0.0016897785577686432,0.029252167121508688,Reflation (G+ I+),Goldilocks (G+ I-),Goldilocks (G+ I-),-0.6135316041960497,negative
2012-03,0.6921978649751601,-0.004070303052127407,0.028710987804382526,Goldilocks (G+ I-),Goldilocks (G+ I-),Goldilocks (G+ I-),-0.5125478936103965,negative
2012-04,0.7250561611419324,-0.005081867665609287,0.026513981930218034,Goldilocks (G+ I-),Goldilocks (G+ I-),Goldilocks (G+ I-),-0.5105512474786913,negative
2012-05,0.5492020503207904,-0.00643938146180097,0.02302739811299004,Goldilocks (G+ I-),Goldilocks (G+ I-),Goldilocks (G+ I-),-0.5358959088072468,negative
2012-06,0.2505762172421,-0.00877520480538907,0.01704253774937592,Goldilocks (G+ I-),Goldilocks (G+ I-),Disinflationary slowdown (G- I-),-0.6951607480019654,negative
2012-07,-0.017831053037100864,-0.010487524166330232,0.016639937622384693,Goldilocks (G+ I-),Disinflationary slowdown (G- I-),Disinflationary slowdown (G- I-),-0.7364535712191684,negative
2012-08,-0.17089219883770745,-0.01161826679157929,0.014084507042253502,Disinflationary slowdown (G- I-),Disinflationary slowdown (G- I-),Disinflationary slowdown (G- I-),-0.6523795306232493,negative
2012-09,-0.06581017974726577,-0.009925491731562729,0.01692378997550148,Disinflationary slowdown (G- I-),Disinflationary slowdown (G- I-),Goldilocks (G+ I-),-0.5728083112516158,negative
2012-10,0.16059292164922423,-0.007270301703161529,0.019912820806650133,Disinflationary slowdown (G- I-),Goldilocks (G+ I-),Goldilocks (G+ I-),-0.5204723944384245,negative
2012-11,0.1465245885215306,-0.0036216117856038635,0.021623435988710638,Goldilocks (G+ I-),Goldilocks (G+ I-),Goldilocks (G+ I-),-0.5566655180606812,negative
2012-12,0.23689062985229403,-0.0020238925032224735,0.017641338460858025,Goldilocks (G+ I-),Goldilocks (G+ I-),Goldilocks (G+ I-),-0.6290477165016333,negative
2013-01,0.18448170883758566,-0.0018402611461776353,0.0174102236874758,Goldilocks (G+ I-),Goldilocks (G+ I-),Goldilocks (G+ I-),-0.6092910140202029,negative
2013-02,0.22625099308496166,-0.0026232308786490743,0.01594864668122553,Goldilocks (G+ I-),Goldilocks (G+ I-),Goldilocks (G+ I-),-0.6106061865013288,negative
2013-03,0.19578158039764304,-0.0011662859408639488,0.019779235097490355,Goldilocks (G+ I-),Goldilocks (G+ I-),Goldilocks (G+ I-),-0.6047593690658027,negative
2013-04,0.315388381322737,-0.001075454811012455,0.014738962125967703,Goldilocks (G+ I-),Goldilocks (G+ I-),Goldilocks (G+ I-),-0.5986391442130898,negative
2013-05,0.47838094718693847,-0.0018150070749482303,0.010630853814894259,Goldilocks (G+ I-),Goldilocks (G+ I-),Goldilocks (G+ I-),-0.46143274940605944,negative
2013-06,0.5493400885534979,-0.0035829613145344687,0.013619650588516885,Goldilocks (G+ I-),Goldilocks (G+ I-),Goldilocks (G+ I-),-0.13104958188407786,negative
2013-07,0.6141926139989793,-0.0027232458578826946,0.017544165453769134,Goldilocks (G+ I-),Goldilocks (G+ I-),Reflation (G+ I+),0.0497128322658456,positive
2013-08,0.7128975345287455,-0.00019145084638211296,0.019606816118443504,Goldilocks (G+ I-),Goldilocks (G+ I-),Goldilocks (G+ I-),0.07644398189700055,positive
2013-09,0.7786471514481619,0.0004749003542620471,0.015183675595431989,Goldilocks (G+ I-),Reflation (G+ I+),Goldilocks (G+ I-),-0.030777766261659723,negative
2013-10,0.73825741528742,-0.0007514399092264194,0.01184925261552161,Goldilocks (G+ I-),Goldilocks (G+ I-),Goldilocks (G+ I-),0.1126915509496584,positive
2013-11,0.6189228620881855,-0.0030760605213730283,0.009636127046434684,Goldilocks (G+ I-),Goldilocks (G+ I-),Goldilocks (G+ I-),0.03602154257860442,positive
2013-12,0.40232157428777404,-0.0035744936701107566,0.012370722045339066,Goldilocks (G+ I-),Goldilocks (G+ I-),Goldilocks (G+ I-),-0.0013165391770982458,negative
2014-01,0.43600507926445053,-0.002319053518949213,0.015017356196183052,Goldilocks (G+ I-),Goldilocks (G+ I-),Reflation (G+ I+),-0.2924436749976871,negative
2014-02,0.45077344897553123,-0.000254673556606003,0.015789473684210575,Goldilocks (G+ I-),Goldilocks (G+ I-),Reflation (G+ I+),-0.3474557649291287,negative
2014-03,0.5235413844141953,8.589514500227137e-05,0.011263492501055072,Goldilocks (G+ I-),Reflation (G+ I+),Reflation (G+ I+),-0.4830144397909738,negative
2014-04,0.41916558842089047,8.886377951309622e-05,0.015122028757631467,Reflation (G+ I+),Reflation (G+ I+),Reflation (G+ I+),-0.5095017098723544,negative
2014-05,0.6079379377090537,0.0005937551156427641,0.01952857898516802,Reflation (G+ I+),Reflation (G+ I+),Reflation (G+ I+),-0.5663624183526718,negative
2014-06,0.6590763566814306,0.003292007372509176,0.021271115499366777,Reflation (G+ I+),Reflation (G+ I+),Reflation (G+ I+),-0.5006086814303944,negative
2014-07,0.7875341330116199,0.004894198340697023,0.020723413731670304,Reflation (G+ I+),Reflation (G+ I+),Reflation (G+ I+),-0.4077217752937588,negative
2014-08,0.7067534191838941,0.004999394944922242,0.019923286357643732,Reflation (G+ I+),Reflation (G+ I+),Reflation (G+ I+),-0.34937403546573104,negative
2014-09,0.7899820625764116,0.003423357746826561,0.016996113341628982,Reflation (G+ I+),Reflation (G+ I+),Goldilocks (G+ I-),-0.33784888251087414,negative
2014-10,0.6819012750154108,0.0016477875768508392,0.01657918675715031,Reflation (G+ I+),Reflation (G+ I+),Goldilocks (G+ I-),-0.4103009793948494,negative
2014-11,0.8049026616607423,-2.9446749414185902e-05,0.016643402156319986,Reflation (G+ I+),Goldilocks (G+ I-),Goldilocks (G+ I-),-0.3815316842224017,negative
2014-12,0.7450153121098746,-0.0013580364035849137,0.013223551823709379,Goldilocks (G+ I-),Goldilocks (G+ I-),Goldilocks (G+ I-),-0.513855647897776,negative
2015-01,0.6928362249869051,-0.003741752465480289,0.007564932696557891,Goldilocks (G+ I-),Goldilocks (G+ I-),Goldilocks (G+ I-),-0.6859777470668924,negative
2015-02,0.2139522991918179,-0.00819713449324358,-0.0008934831306967039,Goldilocks (G+ I-),Goldilocks (G+ I-),Disinflationary slowdown (G- I-),-0.6200463438533075,negative
2015-03,0.020634493928396946,-0.011729185230596934,-0.00025129801815260144,Goldilocks (G+ I-),Goldilocks (G+ I-),Disinflationary slowdown (G- I-),-0.2965209416937186,negative
2015-04,-0.04986747169461292,-0.01317475387681305,-0.0007363739086644339,Goldilocks (G+ I-),Disinflationary slowdown (G- I-),Disinflationary slowdown (G- I-),-0.06327617013825637,negative
2015-05,-0.04432111304119746,-0.011748338199925257,-0.001995174461767113,Disinflationary slowdown (G- I-),Disinflationary slowdown (G- I-),Disinflationary slowdown (G- I-),0.08604620255903823,positive
2015-06,-0.09801055192045444,-0.009991811097720803,-0.00039932744850790236,Disinflationary slowdown (G- I-),Disinflationary slowdown (G- I-),Disinflationary slowdown (G- I-),-0.3917393275786864,negative
2015-07,-0.14290130860596476,-0.007709973974646557,0.0012377120368542993,Disinflationary slowdown (G- I-),Disinflationary slowdown (G- I-),Disinflationary slowdown (G- I-),-0.41808495019719033,negative
2015-08,-0.10012534255682218,-0.004960717508479272,0.00169569779643175,Disinflationary slowdown (G- I-),Disinflationary slowdown (G- I-),Disinflationary slowdown (G- I-),-0.44846816418897273,negative
2015-09,-0.09843793724885508,-0.0029235673479933444,0.0019507929300568438,Disinflationary slowdown (G- I-),Disinflationary slowdown (G- I-),Disinflationary slowdown (G- I-),-0.49721378082678136,negative
2015-10,-0.12964599109326508,-0.0020448635000304234,-0.00036129747805935253,Disinflationary slowdown (G- I-),Disinflationary slowdown (G- I-),Stagflation (G- I+),-0.5118674019299534,negative
2015-11,-0.10279377693659408,-0.0007967098298087745,0.0017057443573555986,Disinflationary slowdown (G- I-),Disinflationary slowdown (G- I-),Stagflation (G- I+),-0.5553954446227121,negative
2015-12,-0.12836014599368173,0.0009094824588176582,0.005017975786678397,Disinflationary slowdown (G- I-),Stagflation (G- I+),Stagflation (G- I+),-0.3379922573124639,negative
2016-01,-0.10449770248205417,0.0034841254746546257,0.007295197860416103,Stagflation (G- I+),Stagflation (G- I+),Stagflation (G- I+),-0.3095127682698663,negative
2016-02,-0.0905375954808405,0.0062738041292222935,0.01373086813831037,Stagflation (G- I+),Stagflation (G- I+),Reflation (G+ I+),-0.4281955923774508,negative
2016-03,0.18185073402312668,0.007124703482563794,0.010177997801654737,Stagflation (G- I+),Reflation (G+ I+),Reflation (G+ I+),-0.5318572408137754,negative
2016-04,0.2299597518653933,0.006762946922893245,0.008525362211427412,Reflation (G+ I+),Reflation (G+ I+),Reflation (G+ I+),-0.6000925648002016,negative
2016-05,0.14934872991053966,0.004832502385545204,0.011251104188944039,Reflation (G+ I+),Reflation (G+ I+),Reflation (G+ I+),-0.43948292709366504,negative
2016-06,0.07075627753562448,0.003954865549768613,0.010193225541935913,Reflation (G+ I+),Reflation (G+ I+),Reflation (G+ I+),-0.66110883480807,negative
2016-07,0.13278671445950097,0.0037095370520050528,0.009973264945230875,Reflation (G+ I+),Reflation (G+ I+),Reflation (G+ I+),-0.6293759191966803,negative
2016-08,0.35924042019169194,0.0021683243149733253,0.008271388704987892,Reflation (G+ I+),Reflation (G+ I+),Reflation (G+ I+),-0.5582265169085188,negative
2016-09,0.3705228831729751,0.0015903348020687349,0.010628745027610575,Reflation (G+ I+),Reflation (G+ I+),Reflation (G+ I+),-0.007965142355235889,negative
2016-10,0.41857326800364475,0.0018952641491906865,0.014637836474815424,Reflation (G+ I+),Reflation (G+ I+),Reflation (G+ I+),0.14772939364041798,positive
2016-11,0.41076842531247143,0.0033702487462683624,0.016359875209176034,Reflation (G+ I+),Reflation (G+ I+),Reflation (G+ I+),-0.10616397898167301,negative
2016-12,0.47445802849213536,0.004476841292214132,0.01692537162503771,Reflation (G+ I+),Reflation (G+ I+),Reflation (G+ I+),-0.25744774022852474,negative
2017-01,0.6377025423947646,0.00539205095472752,0.020746221329668746,Reflation (G+ I+),Reflation (G+ I+),Reflation (G+ I+),-0.37089363858365554,negative
2017-02,0.9781701651082998,0.0073331037524937605,0.02500042209052955,Reflation (G+ I+),Reflation (G+ I+),Reflation (G+ I+),-0.30861464659683496,negative
2017-03,1.0136730477351783,0.009384375123008994,0.027379581714892964,Reflation (G+ I+),Reflation (G+ I+),Reflation (G+ I+),-0.4319391149423147,negative
2017-04,0.9445418789800124,0.009130945947672386,0.023806124334402767,Reflation (G+ I+),Reflation (G+ I+),Reflation (G+ I+),-0.4358956009921259,negative
2017-05,0.7252006530384658,0.007234288629284453,0.02199689878417299,Reflation (G+ I+),Reflation (G+ I+),Reflation (G+ I+),-0.4279719786497525,negative
2017-06,0.6526343553454618,0.0036443911549183076,0.018748777208414058,Reflation (G+ I+),Reflation (G+ I+),Goldilocks (G+ I-),-0.39309671832382775,negative
2017-07,0.5668586851371303,0.0006238416770278365,0.01633487955256485,Reflation (G+ I+),Reflation (G+ I+),Goldilocks (G+ I-),-0.1880172202702073,negative
2017-08,0.29708071746694764,-0.0016992293846831048,0.017279784563724254,Reflation (G+ I+),Goldilocks (G+ I-),Goldilocks (G+ I-),-0.14442673905020345,negative
2017-09,0.15077025331898192,-0.0022156575050414178,0.019389742120581976,Goldilocks (G+ I-),Goldilocks (G+ I-),Goldilocks (G+ I-),-0.43522137774025177,negative
2017-10,0.10722630468979986,-0.0008583879871536908,0.022329638650032235,Goldilocks (G+ I-),Goldilocks (G+ I-),Reflation (G+ I+),-0.525889155310493,negative
2017-11,0.11397614966174754,-0.0001521714860233496,0.020411287019761692,Goldilocks (G+ I-),Goldilocks (G+ I-),Goldilocks (G+ I-),-0.5276875312335759,negative
2017-12,0.18186515924005783,0.0003014861225772644,0.022025829386832507,Goldilocks (G+ I-),Reflation (G+ I+),Reflation (G+ I+),-0.36485956823635207,negative
2018-01,0.10571369980293585,-0.00014016879687336198,0.021090824745684245,Goldilocks (G+ I-),Goldilocks (G+ I-),Reflation (G+ I+),-0.28321420349749016,negative
2018-02,0.24586314100994805,0.0003157064214381715,0.02070507620275186,Goldilocks (G+ I-),Reflation (G+ I+),Reflation (G+ I+),-0.13917427866739124,negative
2018-03,0.1350629885159991,0.0007848836551650681,0.022117954212386604,Reflation (G+ I+),Reflation (G+ I+),Reflation (G+ I+),-0.3020316988835173,negative
2018-04,0.1666938424743345,0.0016377309444027648,0.02359711403972886,Reflation (G+ I+),Reflation (G+ I+),Reflation (G+ I+),-0.31600792646374554,negative
2018-05,0.13620046298772615,0.00272597363383692,0.02462743943334811,Reflation (G+ I+),Reflation (G+ I+),Reflation (G+ I+),-0.4175803627223754,negative
2018-06,0.2480490667565442,0.003918249617428111,0.028010117148075553,Reflation (G+ I+),Reflation (G+ I+),Reflation (G+ I+),-0.42240420950675733,negative
2018-07,0.23767500312566872,0.0045926544885237855,0.028715478353166235,Reflation (G+ I+),Reflation (G+ I+),Stagflation (G- I+),-0.43608768986075475,negative
2018-08,-0.047749309725372974,0.005197277774335839,0.02949515086647092,Reflation (G+ I+),Stagflation (G- I+),Stagflation (G- I+),-0.3790222201210406,negative
2018-09,-0.08959899276109576,0.004224334162160968,0.02699180104187393,Stagflation (G- I+),Stagflation (G- I+),Stagflation (G- I+),-0.23154477519839697,negative
2018-10,-0.07276261174427867,0.002205741750772299,0.022769721941989562,Stagflation (G- I+),Stagflation (G- I+),Disinflationary slowdown (G- I-),-0.4130466192315707,negative
2018-11,0.027216731835840308,0.0003811402017796506,0.025224699286070074,Stagflation (G- I+),Reflation (G+ I+),Disinflationary slowdown (G- I-),-0.33967489372725906,negative
2018-12,-0.1089577849209899,-0.0013391384495614993,0.021766010321523144,Stagflation (G- I+),Disinflationary slowdown (G- I-),Disinflationary slowdown (G- I-),-0.436533847228212,negative
2019-01,-0.29618437140678183,-0.0023960799131725677,0.019101588486313714,Disinflationary slowdown (G- I-),Disinflationary slowdown (G- I-),Disinflationary slowdown (G- I-),-0.5519262273318556,negative
2019-02,-0.4563916280044476,-0.005200802146135459,0.015512351381991252,Disinflationary slowdown (G- I-),Disinflationary slowdown (G- I-),Disinflationary slowdown (G- I-),-0.5440146430651552,negative
2019-03,-0.4689442672427099,-0.00681263790411113,0.015201352659332645,Disinflationary slowdown (G- I-),Disinflationary slowdown (G- I-),Disinflationary slowdown (G- I-),-0.6294901908057404,negative
2019-04,-0.4389272479276992,-0.006557101044815366,0.018625227405691724,Disinflationary slowdown (G- I-),Disinflationary slowdown (G- I-),Disinflationary slowdown (G- I-),-0.3837643677021127,negative
2019-05,-0.051450895775742134,-0.0046844987805412415,0.01996439775530212,Disinflationary slowdown (G- I-),Disinflationary slowdown (G- I-),Goldilocks (G+ I-),-0.6052445727450942,negative
2019-06,-0.026164799457851315,-0.00294186873272978,0.017902284687664194,Disinflationary slowdown (G- I-),Disinflationary slowdown (G- I-),Goldilocks (G+ I-),-0.45957768927717296,negative
2019-07,0.2121273155104167,-0.0026361096983392,0.016484846560762545,Disinflationary slowdown (G- I-),Goldilocks (G+ I-),Goldilocks (G+ I-),-0.4010510853948219,negative
2019-08,0.0940581057355412,-0.0023043176952502117,0.018114648063935146,Goldilocks (G+ I-),Goldilocks (G+ I-),Goldilocks (G+ I-),-0.571306570001507,negative
2019-09,0.27970263506568,-0.0016479794474092424,0.017497798894291483,Goldilocks (G+ I-),Goldilocks (G+ I-),Goldilocks (G+ I-),-0.5975753462280528,negative
2019-10,0.10973560059491273,-0.0009671901895738806,0.01711304513169498,Goldilocks (G+ I-),Goldilocks (G+ I-),Reflation (G+ I+),-0.6197056284184523,negative
2019-11,0.17127870613863838,-0.000493240575992742,0.017640429444214734,Goldilocks (G+ I-),Goldilocks (G+ I-),Stagflation (G- I+),-0.4625040880781309,negative
2019-12,0.0248942335471095,0.0006161889407662394,0.02051277981891686,Goldilocks (G+ I-),Reflation (G+ I+),Reflation (G+ I+),-0.4039471111554437,negative
2020-01,0.0744932284976999,0.002216463954364905,0.02285129740121672,Reflation (G+ I+),Reflation (G+ I+),Reflation (G+ I+),-0.5071272785709795,negative
2020-02,0.24809611623519606,0.0038454466429185263,0.024865719552503718,Reflation (G+ I+),Reflation (G+ I+),Stagflation (G- I+),-0.5307307190211317,negative
2020-03,0.018920225237957528,0.0041118166680887795,0.023348735639459273,Reflation (G+ I+),Reflation (G+ I+),Disinflationary slowdown (G- I-),-0.49327701797801415,negative
2020-04,-1.0376305993611097,0.0018951372979569836,0.015393269919197872,Reflation (G+ I+),Stagflation (G- I+),Disinflationary slowdown (G- I-),-0.5107074804565064,negative
2020-05,-4.800648731142637,-0.003906994357427012,0.003290966863368272,Reflation (G+ I+),Disinflationary slowdown (G- I-),Disinflationary slowdown (G- I-),-0.49772112402264634,negative
2020-06,-6.2743222289342,-0.009903233254414816,0.0011792637021064145,Disinflationary slowdown (G- I-),Disinflationary slowdown (G- I-),Disinflationary slowdown (G- I-),-0.5589104080347895,negative
2020-07,-5.895100489472501,-0.01204625339519507,0.006457330475555301,Disinflationary slowdown (G- I-),Disinflationary slowdown (G- I-),Disinflationary slowdown (G- I-),-0.5690708513623262,negative
2020-08,-3.0967645493439466,-0.009168483781063958,0.009860818253037085,Disinflationary slowdown (G- I-),Disinflationary slowdown (G- I-),Disinflationary slowdown (G- I-),-0.572711043236877,negative
2020-09,-1.6078644641867061,-0.004829308318081741,0.01309645382330693,Disinflationary slowdown (G- I-),Disinflationary slowdown (G- I-),Goldilocks (G+ I-),-0.24793495443771998,negative
2020-10,-0.523656205440402,-0.002127352562984427,0.013713248610564666,Disinflationary slowdown (G- I-),Disinflationary slowdown (G- I-),Goldilocks (G+ I-),-0.27050389903757993,negative
2020-11,0.7767101826005561,-0.0009890907743269426,0.011820661677274469,Disinflationary slowdown (G- I-),Goldilocks (G+ I-),Reflation (G+ I+),-0.19572883219887532,negative
2020-12,1.350910457748448,-0.0007088376031829467,0.011745357842679605,Goldilocks (G+ I-),Goldilocks (G+ I-),Reflation (G+ I+),-0.213291781273492,negative
2021-01,1.73431753309423,2.936804686196927e-05,0.01362005494719365,Goldilocks (G+ I-),Reflation (G+ I+),Reflation (G+ I+),-0.12582683047695745,negative
2021-02,2.0326307789157623,0.001660715137712784,0.013997697415601307,Reflation (G+ I+),Reflation (G+ I+),Reflation (G+ I+),0.08141537155062041,positive
2021-03,2.5052496115521876,0.003881861870211018,0.016762152173745992,Reflation (G+ I+),Reflation (G+ I+),Reflation (G+ I+),0.18715405849249028,positive
2021-04,2.708443995789658,0.007174022320144377,0.026197625089592336,Reflation (G+ I+),Reflation (G+ I+),Reflation (G+ I+),0.3105754572363004,positive
2021-05,1.9852263264244985,0.013181607516979795,0.04159694838702066,Reflation (G+ I+),Reflation (G+ I+),Reflation (G+ I+),0.32809518519780856,positive
2021-06,1.4987389452145017,0.02017426177822618,0.04992706537594471,Reflation (G+ I+),Reflation (G+ I+),Reflation (G+ I+),0.2242371639680195,positive
2021-07,0.8962235564591133,0.02545845948796179,0.0539145141332138,Reflation (G+ I+),Reflation (G+ I+),Reflation (G+ I+),-0.16198141577763397,negative
2021-08,0.514921767058833,0.02582823297850493,0.05365475239385442,Reflation (G+ I+),Reflation (G+ I+),Reflation (G+ I+),-0.383931473414648,negative
2021-09,0.4257510623353641,0.023405427892319867,0.052512715548750366,Reflation (G+ I+),Reflation (G+ I+),Reflation (G+ I+),-0.350899868625717,negative
2021-10,0.4927696221346736,0.020052566036493726,0.0539034885507923,Reflation (G+ I+),Reflation (G+ I+),Reflation (G+ I+),-0.15658352335531145,negative
2021-11,0.9234300396337791,0.018707375969970762,0.0622186890332892,Reflation (G+ I+),Reflation (G+ I+),Reflation (G+ I+),-0.28838225099628284,negative
2021-12,0.7702895236882499,0.01920442437345997,0.0680900283980641,Reflation (G+ I+),Reflation (G+ I+),Reflation (G+ I+),-0.42712646410211863,negative
2022-01,0.7741145483602143,0.01996260659932475,0.070364028655451,Reflation (G+ I+),Reflation (G+ I+),Reflation (G+ I+),-0.27079744705473874,negative
2022-02,0.3762605418540459,0.019089199543584533,0.07479872468289095,Reflation (G+ I+),Reflation (G+ I+),Reflation (G+ I+),-0.2236678142366794,negative
2022-03,0.3967974699725408,0.017467029169723418,0.07871063897739239,Reflation (G+ I+),Reflation (G+ I+),Reflation (G+ I+),-0.14523550049768938,negative
2022-04,0.3891462539260077,0.017551627262478477,0.0854245555484241,Reflation (G+ I+),Reflation (G+ I+),Reflation (G+ I+),-0.0879594821587372,negative
2022-05,0.25135117537601015,0.0167317047526392,0.08258629340882395,Reflation (G+ I+),Reflation (G+ I+),Stagflation (G- I+),-0.12639051535360232,negative
2022-06,-0.026970047500049832,0.016109192734028388,0.08581511543676501,Reflation (G+ I+),Stagflation (G- I+),Stagflation (G- I+),0.09335304724464209,positive
2022-07,-0.39242672028750747,0.014776611974281664,0.09059757964784065,Stagflation (G- I+),Stagflation (G- I+),Stagflation (G- I+),0.07557514214570572,positive
2022-08,-0.4220501399915571,0.01303111373489213,0.08524814745625564,Stagflation (G- I+),Stagflation (G- I+),Stagflation (G- I+),0.2681289650043515,positive
2022-09,-0.463518024327695,0.009458866142823652,0.08262692503116265,Stagflation (G- I+),Stagflation (G- I+),Stagflation (G- I+),0.25834671463901,positive
2022-10,-0.4428641400931804,0.004255804415693565,0.08201669643833642,Stagflation (G- I+),Stagflation (G- I+),Disinflationary slowdown (G- I-),0.3925631913143032,positive
2022-11,-0.5741955218670246,0.0003882143433946994,0.077454273308049,Stagflation (G- I+),Stagflation (G- I+),Disinflationary slowdown (G- I-),0.47817428999957184,positive
2022-12,-0.5464847442134038,-0.0037041179816748593,0.07110322794191726,Stagflation (G- I+),Disinflationary slowdown (G- I-),Disinflationary slowdown (G- I-),0.42802198312260564,positive
2023-01,-0.471549703004307,-0.009043344411305762,0.06454401331410797,Disinflationary slowdown (G- I-),Disinflationary slowdown (G- I-),Disinflationary slowdown (G- I-),0.3138954287285065,positive
2023-02,-0.46721783144242945,-0.012602841034940512,0.06410146968856267,Disinflationary slowdown (G- I-),Disinflationary slowdown (G- I-),Disinflationary slowdown (G- I-),0.22340985191273938,positive
2023-03,-0.5187799979831784,-0.014655664406130461,0.06035613077866575,Disinflationary slowdown (G- I-),Disinflationary slowdown (G- I-),Disinflationary slowdown (G- I-),-0.10141714878098994,negative
2023-04,-0.5693121267876176,-0.016589187243216508,0.04984974122099173,Disinflationary slowdown (G- I-),Disinflationary slowdown (G- I-),Disinflationary slowdown (G- I-),-0.19929812597221847,negative
2023-05,-0.3051659877890732,-0.01874835169319631,0.0493032039818897,Disinflationary slowdown (G- I-),Disinflationary slowdown (G- I-),Disinflationary slowdown (G- I-),-0.49093985419767644,negative
2023-06,-0.07496376185240021,-0.021596779151041204,0.040476092727919744,Disinflationary slowdown (G- I-),Disinflationary slowdown (G- I-),Goldilocks (G+ I-),-0.29850801304752456,negative
2023-07,0.06887911815905126,-0.023240617117654357,0.02969177654558952,Disinflationary slowdown (G- I-),Goldilocks (G+ I-),Goldilocks (G+ I-),0.02611554711021193,positive
2023-08,0.2965002496059821,-0.024626555712074248,0.031777801779421466,Goldilocks (G+ I-),Goldilocks (G+ I-),Goldilocks (G+ I-),0.2757204447264021,positive
2023-09,0.25638955246270595,-0.022070228574451844,0.03665112384399505,Goldilocks (G+ I-),Goldilocks (G+ I-),Goldilocks (G+ I-),0.390774162195032,positive
2023-10,0.2773462088851471,-0.015883517416425963,0.03699698121344408,Goldilocks (G+ I-),Goldilocks (G+ I-),Disinflationary slowdown (G- I-),0.22592663729074253,positive
2023-11,-0.05884666993387751,-0.011918733604162755,0.0324114465189318,Goldilocks (G+ I-),Disinflationary slowdown (G- I-),Goldilocks (G+ I-),0.3841604333032419,positive
2023-12,0.051734742674760775,-0.01036732911823017,0.031372707088417995,Goldilocks (G+ I-),Goldilocks (G+ I-),Goldilocks (G+ I-),0.35715984871170386,positive
2024-01,0.05231515434057574,-0.008940681334626797,0.03352122831430293,Goldilocks (G+ I-),Goldilocks (G+ I-),Goldilocks (G+ I-),0.31836005930951616,positive
2024-02,0.08227658488123273,-0.0066754957471535925,0.030908847812280982,Goldilocks (G+ I-),Goldilocks (G+ I-),Goldilocks (G+ I-),0.188866424319432,positive
2024-03,0.08387472514508695,-0.004220459409583398,0.0315317112086162,Goldilocks (G+ I-),Goldilocks (G+ I-),Goldilocks (G+ I-),0.19427905332151313,positive
2024-04,0.406590625873679,-0.002546594404173208,0.03477385070038075,Goldilocks (G+ I-),Goldilocks (G+ I-),Reflation (G+ I+),0.1756938738648474,positive
2024-05,0.45555880585895214,-0.00034753346781148803,0.03357363950119163,Goldilocks (G+ I-),Goldilocks (G+ I-),Goldilocks (G+ I-),0.28411032485774945,positive
2024-06,0.4354926389018826,0.0006874764989932003,0.032690290569400426,Goldilocks (G+ I-),Reflation (G+ I+),Goldilocks (G+ I-),0.3176035589505576,positive
2024-07,0.2029138935409154,-0.0010009995875096545,0.029713971072633072,Goldilocks (G+ I-),Goldilocks (G+ I-),Goldilocks (G+ I-),0.3491403284753413,positive
2024-08,0.0631003036414095,-0.0023071796100600887,0.02894753198491329,Goldilocks (G+ I-),Goldilocks (G+ I-),Disinflationary slowdown (G- I-),-0.06822854627163344,negative
2024-09,-0.10171342922653069,-0.003822857071718068,0.02530730296457029,Goldilocks (G+ I-),Disinflationary slowdown (G- I-),Disinflationary slowdown (G- I-),-0.1747109775225901,negative
2024-10,-0.19323743858207032,-0.004542849750467183,0.02440633031069961,Disinflationary slowdown (G- I-),Disinflationary slowdown (G- I-),Disinflationary slowdown (G- I-),-0.27117424880322144,negative
2024-11,-0.14009891153388862,-0.004996310939907229,0.02597904904914694,Disinflationary slowdown (G- I-),Disinflationary slowdown (G- I-),Disinflationary slowdown (G- I-),-0.2200513100025074,negative
2024-12,-0.21842793036144714,-0.0039442353471693115,0.02749380396090606,Disinflationary slowdown (G- I-),Disinflationary slowdown (G- I-),Goldilocks (G+ I-),0.006823475258617024,positive
2025-01,0.0031077156030585723,-0.0020661000412604894,0.028880572199800447,Disinflationary slowdown (G- I-),Goldilocks (G+ I-),Goldilocks (G+ I-),0.11780653427192148,positive
2025-02,0.21977362276606185,-0.0006488379595775036,0.030004831121500875,Goldilocks (G+ I-),Goldilocks (G+ I-),Goldilocks (G+ I-),0.247923638584432,positive
2025-03,0.5063032507962165,-0.00013192429979278983,0.02821548951747488,Goldilocks (G+ I-),Goldilocks (G+ I-),Disinflationary slowdown (G- I-),-0.15238962591663374,negative
2025-04,-0.07554450352887697,-0.0008841476732867407,0.02390725253896453,Goldilocks (G+ I-),Disinflationary slowdown (G- I-),Disinflationary slowdown (G- I-),-0.23785024837082105,negative
2025-05,-0.2905756251175054,-0.0023097326011706776,0.023112888616734883,Disinflationary slowdown (G- I-),Disinflationary slowdown (G- I-),Disinflationary slowdown (G- I-),-0.26965045892406303,negative
2025-06,-0.4495086897425605,-0.003103463554192089,0.023548965354747375,Disinflationary slowdown (G- I-),Disinflationary slowdown (G- I-),Disinflationary slowdown (G- I-),-0.18012328952592832,negative
2025-07,-0.061925477332237036,-0.0019233509322384434,0.02669213018222294,Disinflationary slowdown (G- I-),Disinflationary slowdown (G- I-),Stagflation (G- I+),-0.04289853630004635,negative
2025-08,-0.07473536120379666,-0.0004530968128621318,0.027049023971513986,Disinflationary slowdown (G- I-),Disinflationary slowdown (G- I-),Reflation (G+ I+),-0.06435786702860528,negative
2025-09,0.16816365742737852,0.0010966256933489307,0.029161742842984006,Disinflationary slowdown (G- I-),Reflation (G+ I+),Stagflation (G- I+),0.025388041477218445,positive
2025-10,-0.150019229796875,0.0017648017639802331,0.030126767755255912,Disinflationary slowdown (G- I-),Stagflation (G- I+),Stagflation (G- I+),-0.03878473749063234,negative
2025-11,,,0.027867678622546244,Disinflationary slowdown (G- I-),,Stagflation (G- I+),-0.143528920155593,negative
2025-12,-0.6412432137077588,0.0012885813700950002,0.027350844551225828,Stagflation (G- I+),Stagflation (G- I+),Disinflationary slowdown (G- I-),-0.1212106343279694,negative
2026-01,-0.20070706524662454,0.00034574112134731425,0.02677080527875031,Stagflation (G- I+),Stagflation (G- I+),Goldilocks (G+ I-),0.18004624659583243,positive
2026-02,0.08632600950061439,-0.0004770043804488977,0.02386431244904319,Stagflation (G- I+),Goldilocks (G+ I-),Reflation (G+ I+),-0.0972365607689778,negative
2026-03,0.5042738156458252,-0.0012073793044918499,0.024141129866304345,Goldilocks (G+ I-),Goldilocks (G+ I-),Reflation (G+ I+),0.26425060730754785,positive
2026-04,0.6011242715146252,2.3410785591586325e-06,0.03256420439088292,Goldilocks (G+ I-),Reflation (G+ I+),Reflation (G+ I+),0.29359356516757446,positive
2026-05,0.35364213476334033,0.0035007566439104014,0.0381084493212176,Reflation (G+ I+),Reflation (G+ I+),Reflation (G+ I+),0.679629321800954,positive
2026-06,0.21786078499225398,0.008037812232615685,0.04248674039164446,Reflation (G+ I+),Reflation (G+ I+),Reflation (G+ I+),0.6145153643299285,positive
2026-07,0.3607117630909663,0.008235984276972638,0.035314250637864086,Reflation (G+ I+),Reflation (G+ I+),Reflation (G+ I+),0.5563429837629086,positive
2026-08,0.9481794525430194,0.006199315771225861,0.03364825041479835,Reflation (G+ I+),Reflation (G+ I+),,0.47403892476028975,positive
2026-09,1.3319503379452398,0.002958583942017645,0.03396547892436508,Reflation (G+ I+),Reflation (G+ I+),,,
2026-10,,,,Reflation (G+ I+),,,,
