,NoDur,Durbl,Manuf,Enrgy,Chems,BusEq,Telcm,Utils,Shops,Hlth,Money,Other,UST10,GOLD
1990-01,0.06267718609364475,0.05381484733762379,0.052705155296103014,0.06297884112782143,0.05335210829319205,0.05081788186068981,0.0790583298986991,0.0787743488542181,0.05112719177191534,0.05734505040910218,0.051895407231312585,0.04860223261623563,0.17228212416567001,0.12456929504377232
1990-02,0.061660085369595705,0.05495059870606046,0.05341814911984127,0.06376100450009863,0.053429622736531054,0.05258901926162083,0.0746786691115331,0.0784871827846098,0.051623451922575385,0.0575828306938671,0.051573604718946196,0.048910560092202286,0.169978120135571,0.12735710084694707
1990-03,0.06171568761599415,0.05490322743985051,0.05340194848428638,0.06372448002060566,0.053418057744922316,0.05255632642764334,0.07471355835504918,0.07853230240371584,0.0516279439796846,0.057640509190029846,0.051560396677387405,0.04889566265181918,0.17002714580097777,0.1272827532080338
1990-04,0.061742674692249304,0.05491716811541088,0.05342195031731367,0.06372906125446846,0.05342819882223647,0.052572909432520874,0.07471607384542683,0.07853153158365936,0.051648063439895565,0.05765739169375394,0.05156345599337192,0.048910584311493664,0.16992867533508202,0.12723226116311687
1990-05,0.050931063851382144,0.05267905543144448,0.048612158158237134,0.060643385667214306,0.05203166207331139,0.050737118203991405,0.08638951257677248,0.0670244159839229,0.04554720361769449,0.05470873135254761,0.04856546161768947,0.04299458000126952,0.2315889909181945,0.10754666054632811
1990-06,0.05092541542216146,0.05270535772083147,0.04882601421397028,0.061263455432177316,0.052064064358385405,0.05001947590911508,0.0848634684535651,0.06750707102985648,0.04531613444771355,0.053930336928548706,0.0485535699453217,0.04318442980240503,0.2298609714508063,0.11098023488514211
1990-07,0.0510868688307605,0.05268754977933902,0.04886620279927268,0.06108328401678001,0.05207006405134529,0.05003796870133355,0.08415543151859421,0.0676242341125918,0.04543289081300434,0.05423452076602304,0.04851368497486393,0.043174074199017864,0.23101109322180666,0.11002213221526702
1990-08,0.06250690064011696,0.054897257846774995,0.05377671778697055,0.0639493636889616,0.0538472633475012,0.05282132564653568,0.07426325798540401,0.07767994022918003,0.051942793866006524,0.058492623395113824,0.05162812049000037,0.04938043933662217,0.16846334114105163,0.12635065459976044
1990-09,0.062465564564306214,0.053224842082847286,0.05288180450374752,0.06568832119179098,0.052753877724208434,0.05191018622438294,0.07195312069304033,0.07670036003283505,0.05118227626301475,0.059080196554579155,0.05109347088681379,0.04874506058377659,0.16586047157053943,0.13646044712411753
1990-10,0.06232463307700067,0.05215791223452356,0.05227595797847751,0.0660914296930545,0.052429639463414564,0.051627486416531566,0.07335319978077448,0.07762457502010198,0.050516566196166596,0.059084476209252786,0.050036805956918354,0.048421963417985915,0.168048609606942,0.13600674494885556
1990-11,0.05111885875129693,0.05226054652604332,0.04872166685058152,0.061694841037122465,0.051954588347199154,0.04965623053408512,0.08350330281235144,0.06780760991620303,0.04522130578394085,0.05441510531525152,0.04815324593585132,0.043035152708301966,0.23164741044069279,0.11081013504107863
1990-12,0.05113618735330244,0.05246123916285199,0.04871253665905724,0.06256319310063771,0.051709870912499234,0.04909093993191143,0.08426029876090621,0.06839971163492611,0.0449221371493262,0.05403834276501671,0.04732316018752634,0.04328148409558321,0.2298025494139002,0.11229834887255491
1991-01,0.05109280712726862,0.05252670508646768,0.04864799945822686,0.062755221031248,0.051687737705444395,0.049047628301049466,0.08429685122937515,0.06844994351570549,0.044916494714761834,0.05404814538937326,0.04726052647479778,0.04323995961033867,0.22947939625837516,0.1125505840975676
1991-02,0.05099942936618276,0.052218641961534966,0.048393545476650084,0.06338265515053837,0.05180469659652716,0.048306967942423916,0.08473920000545661,0.06892694567224283,0.04463721172366026,0.05399335231262473,0.04704377999677301,0.0430800709161717,0.2296134740034991,0.11286002887571463
1991-03,0.050454313961306375,0.05155031561819913,0.048302230414348495,0.06281638069808101,0.051742626199742105,0.048181674833357786,0.08477231793648111,0.06864518968239568,0.044414297052106234,0.05343307507996682,0.04654323554447914,0.042901759274450064,0.23111822176512883,0.11512436193995718
1991-04,0.05041577883607719,0.05156175186982768,0.04831601284825352,0.06285237727805229,0.051768980274736275,0.04821004070491517,0.08474638441381233,0.06863453707474469,0.04434027728626844,0.053372874958561814,0.04649662184796656,0.04295608025500576,0.23112130418925841,0.11520697816251972
1991-05,0.05037548459538575,0.05151751355909917,0.048319808674110495,0.06291869866082726,0.05184901027190852,0.048146965031538834,0.0848490683702002,0.06861673783916203,0.044398319052495035,0.05330746736218042,0.04655017051406625,0.04297166039179079,0.2313136568688099,0.11486543880842526
1991-06,0.05034780398005014,0.05093263475260437,0.04813444099332569,0.063224964684022,0.05162273962402574,0.04810954525071165,0.08525122909430047,0.06873361514108647,0.044251815929318115,0.05324254869209141,0.0464802269765075,0.042902414892891275,0.2315571586399894,0.11520886134907576
1991-07,0.0535989386301249,0.048084518185043126,0.047210871502221405,0.07489951193395582,0.049600664722396076,0.04563584813593549,0.08457609513473778,0.08189529706399835,0.04734387994625442,0.05107112900239913,0.05247314703433687,0.04485933094579745,0.1492327116985633,0.1695180560642358
1991-08,0.05344349909794779,0.04848241266841708,0.047372824293381285,0.0746093155069016,0.04950147652379546,0.04557371870799764,0.08463757465876419,0.08166122682680894,0.04725069880019805,0.05065408725000082,0.052285841687725244,0.04497133205836128,0.14963560718999022,0.16992038472971024
1991-09,0.05339780557650946,0.04854451938090384,0.04737376653815331,0.07463721459522445,0.04951168651471949,0.045556988119862474,0.08472752612397286,0.0816125736237799,0.04723721392134672,0.05064671780362966,0.052262042907477234,0.04499104482353469,0.14929153034706333,0.1702093697238227
1991-10,0.05308372123535489,0.048382969263834785,0.04723656201129819,0.07451822266379475,0.04939197531548485,0.045510429880817195,0.08461411311053632,0.08217164192392366,0.047053347970436345,0.05060767503351022,0.05224848143159554,0.04494067363055418,0.1505583810736472,0.16968180545521194
1991-11,0.053153971419251614,0.04846020523424052,0.04724567367252474,0.0745387758396636,0.049414224218718765,0.04551003079018029,0.08461976648685998,0.08219824554518017,0.04713123325584044,0.050521505792611096,0.05225594297511632,0.04493376239203563,0.15050585627227317,0.16951080610550362
1991-12,0.05351770195221297,0.047785959375029746,0.046930563161932,0.07279592473519834,0.049156087422911526,0.04546511143275588,0.08303623450600604,0.08363389465116972,0.047463032072564366,0.050531551731541065,0.05188498699021778,0.044693611563573425,0.1525712914189554,0.1705340489859316
1992-01,0.052252972506746306,0.04868387232623414,0.04679590998179227,0.0756421740407804,0.048948385126268965,0.045890410887810436,0.08134118395303748,0.08525397352815688,0.04709579604998185,0.048956178828984516,0.051004981381171766,0.04472838336301008,0.14966864363664104,0.17373713438938382
1992-02,0.06213032030043181,0.05211631347914099,0.052113896536923776,0.06622896271026019,0.05251246736081152,0.05136356647582535,0.07361676136357924,0.07877576796504589,0.05029872770207218,0.05863289715180335,0.04939885121786795,0.048351226908622875,0.16739684802289168,0.13706339280472318
1992-03,0.062158540428151485,0.05190369044894828,0.05209192135454597,0.06627797455483145,0.052506836746550135,0.05132292844221115,0.07371489537456889,0.07889607112493954,0.05028885210432248,0.05873450033663669,0.04936620587817882,0.04831875438472921,0.16734190862180678,0.13707692019957912
1992-04,0.062285488675280755,0.05226682944096891,0.05226548250011516,0.06626570727020165,0.05292645811573688,0.05116899802551547,0.07391188732763641,0.07912262144197697,0.05046729860566375,0.05845842171380798,0.04963172350177651,0.04824996902516031,0.16646989471127088,0.1365092196448885
1992-05,0.06236322976858893,0.05206733200171834,0.0522566358861317,0.06584699123132348,0.052808987619674584,0.05127068341869416,0.07352738400866163,0.0790803680053148,0.050667905335363056,0.05863166524534201,0.04965874090205868,0.04831699746627833,0.1667055922727811,0.13679748683806933
1992-06,0.062380417117165854,0.05206509792273526,0.0522624283708169,0.06586176669726236,0.05281088482411534,0.05127790910114965,0.07350332132935013,0.07909064535676434,0.050676783914218766,0.05864511102261067,0.049667959459301844,0.0483231565154351,0.16667279984008404,0.13676171852898994
1992-07,0.06220357942558592,0.05221311855779115,0.05222644653035957,0.06562252674469769,0.05256361427354013,0.05113435445213125,0.07366435063382826,0.07912362354960056,0.05063354098263424,0.05841862258947215,0.04978558283721883,0.04827052683921382,0.1672245975691943,0.13691551501473212
1992-08,0.06229050704171064,0.05289233079393129,0.052626867256159095,0.0655445660764402,0.05259439960112351,0.051429311313964644,0.07345005784719211,0.07857527974194836,0.05085456076579817,0.05824244108227128,0.05003184403531075,0.04860311589787306,0.16627898393200047,0.13658573461427626
1992-09,0.05223899267149755,0.049865177988821355,0.047258314652063205,0.07536255313119854,0.0494283681629152,0.04659753790262665,0.08091992976717187,0.08456649742398116,0.04749510373257277,0.04863184281644386,0.05151877170461664,0.04535346955164689,0.14737427014364943,0.173389170350795
1992-10,0.052255184792152486,0.049886661375489715,0.04726025637626231,0.07541137312118934,0.04943704673487262,0.04658603277513985,0.08092660947159745,0.08459971584732578,0.04748383129452892,0.0486955140481646,0.05151476189941018,0.04534508768367292,0.14718208503779331,0.1734158395424004
1992-11,0.05223101857091024,0.04991393197183758,0.04730950832136024,0.07516794633619088,0.049578993282149535,0.04669763965869749,0.080863745144371,0.08460843028578974,0.04770151363022906,0.048867657684416824,0.05170282405098786,0.045512863979679706,0.14629310306380688,0.17355082401957284
1992-12,0.05009696518464573,0.05115102781509478,0.048196784706568845,0.06303516357019684,0.051534203834046693,0.04775025090469043,0.0852796917513562,0.06896237051546486,0.04434861408566953,0.052850019617064245,0.04635439097687677,0.04290973348120492,0.23174891477880602,0.11578186877831419
1993-01,0.0501612536999374,0.05114104328742548,0.048219576023027635,0.06307562567326785,0.05160193644767142,0.0477969534871789,0.08512355314134688,0.06895555250221644,0.044396511158543595,0.05295312992660052,0.04634281463275073,0.04293719000572882,0.23137477923343525,0.11592008078086904
1993-02,0.05019280402518484,0.05112423944641267,0.048239678535974384,0.06308767906465544,0.05164567748165076,0.047799857684280966,0.0851604084110193,0.06896530254383285,0.04442094600466366,0.05301895696298703,0.046355280063418734,0.042952954540138144,0.23107989538512705,0.11595631985065412
1993-03,0.05024124238649098,0.05115892243306248,0.048260362362945085,0.06307211206841064,0.051666997378765775,0.04782796236337996,0.08512371498807685,0.06893249490943497,0.04446189891297809,0.05312707679679396,0.04637967684913903,0.042984693886393616,0.23076938456378576,0.11599346010034296
1993-04,0.05027639773469742,0.05109613494244995,0.048256828963440884,0.06303685680698069,0.05168785125139976,0.04782328754292378,0.0850437006509855,0.06892622588206661,0.04446113716314673,0.05315597077728137,0.046350475665793485,0.04298614015878192,0.2308278367381053,0.11607115572194662
1993-05,0.04876492317456486,0.044484179368262,0.04242258792683758,0.05286641911889485,0.045857789358276675,0.04282027450192201,0.0669469672569277,0.08146508332582537,0.039687276200171026,0.04667307731435531,0.04449496304435258,0.03944661902384253,0.22525155231924573,0.17881828806652167
1993-06,0.048846584893221495,0.04464142761410757,0.042504062841710544,0.053020356169875084,0.04605054533752165,0.04245458080242055,0.06678903206546771,0.08196908759683608,0.03956564373315684,0.04668047030801067,0.044748436434991976,0.03940493187094427,0.22657131969012442,0.1767535206416112
1993-07,0.048925650193674154,0.04461048638957642,0.04253628126311869,0.05309648401307493,0.046140826888899186,0.04251007418411973,0.06672404085027837,0.08194179207515305,0.03964477255476739,0.046802036242416,0.04473113777867438,0.03946267734769018,0.22598880033600585,0.17688493988255177
1993-08,0.04894828510024545,0.04460296104487716,0.042541195404712205,0.05309136096235573,0.04614793258279265,0.04253092984548565,0.06671327587881933,0.08192843165936982,0.03964757714418988,0.046839776261916176,0.04472390526457494,0.039457594215066776,0.22599518969134327,0.17683158494425083
1993-09,0.048947150483539675,0.04478902636218189,0.042551271583074396,0.05300218552856421,0.046224343038925315,0.04238180624422457,0.06658199207510423,0.08180638007498732,0.039686029105505255,0.04690441232593418,0.04480656332701091,0.039455049704506695,0.22436866414506784,0.17849512600137346
1993-10,0.06271680368204399,0.052290178984487734,0.05271603853456323,0.06623480604070305,0.05251440815628585,0.051285835926873594,0.0732320753187474,0.07865150223948417,0.05108149935817506,0.05835520295482614,0.05003701086007501,0.04865066327742213,0.1666196857025774,0.13561428896373526
1993-11,0.06247477281903598,0.052055628383691835,0.052696383338525665,0.06649270275144714,0.05238211592030628,0.05131321902683948,0.0731778110592339,0.07904576537830085,0.050991728794239494,0.058107056498515,0.05028323775202004,0.04867025098096165,0.1670482417821165,0.13526108551476615
1993-12,0.0627654003430807,0.0522701650537181,0.053015527359306,0.06607333238835239,0.052713158163575906,0.051505397420206364,0.0726119371389299,0.07842950023878374,0.05123997355988564,0.058464237749376195,0.050257505411575955,0.04886025473699439,0.16547503183866183,0.13631857859755303
1994-01,0.05212347948951266,0.04977091477506082,0.04724994465192756,0.07572051044996823,0.04963874194801588,0.04648422052602282,0.0803839841912325,0.08483590066962164,0.04758004279066244,0.04880451236690534,0.05165714344694725,0.04548569875338936,0.14558961063431813,0.17467529530641548
1994-02,0.052368649216650236,0.04955496201694348,0.04721422176256368,0.07544551450315354,0.0494478411093176,0.04642870672991708,0.08045327399851059,0.08540518874308957,0.047702709560444936,0.04889365038775745,0.0516018889077822,0.045419698487482334,0.14539773252343705,0.17466596205295026
1994-03,0.05282629513147997,0.04949296241569913,0.04777263872906182,0.07547929657861151,0.04999898256406199,0.047291968963826765,0.07922151573092426,0.08438318506022335,0.04864697356003709,0.048719553256393884,0.051655268607989455,0.04559543369012439,0.14388903693778973,0.1750268887737766
1994-04,0.053010010455994495,0.049283903254934314,0.0479967131076697,0.07548549075480593,0.050185493625828796,0.04759732173131761,0.07897513932953819,0.08403463380092582,0.04880244726651956,0.048461398884206176,0.05211630721934031,0.04549584694159883,0.14108389804791097,0.17747139557940947
1994-05,0.053033335150896595,0.04926406982950252,0.047958856130101556,0.07572903374321195,0.0502805890157205,0.04755961355606931,0.07903834303745808,0.08417206070739343,0.04881182496836893,0.04851523910607296,0.05219614815735932,0.04546963704519296,0.14066778356845064,0.17730346598420135
1994-06,0.052977421646739846,0.0491879962167657,0.04800936127742918,0.07579459490611117,0.05033890242604155,0.047607495315585224,0.07911391619918706,0.0837543626695124,0.04876461601079482,0.04861645384189364,0.05233795243122062,0.04547012036769042,0.14053593790314103,0.17749086878788742
1994-07,0.052955059492635105,0.04907239365547229,0.048015900135602356,0.07553621855744753,0.05020963174506722,0.047327848695735183,0.0795044177992911,0.08319823956655754,0.04873451747233462,0.04845804566972609,0.05228256294808379,0.045465348383853355,0.1405144715442148,0.178725344333979
1994-08,0.05301530303578946,0.049075663748326614,0.04794544656302584,0.0754903847672591,0.050186981947782906,0.04731235148452783,0.0794957289294543,0.08278799859538902,0.04889577352432391,0.04860115115424559,0.052345828226085266,0.04553060409762853,0.14019747322994824,0.17911931069621334
1994-09,0.052823098342167626,0.04920291595265236,0.04788338746735308,0.07569076246830529,0.04996586790016663,0.04700783728125908,0.07964192767274729,0.08291572828603291,0.04881959636342031,0.048199615630694914,0.05229321393870816,0.04549627015426028,0.14043005796668961,0.17962972057554236
1994-10,0.0529334738636371,0.04894706552398341,0.047891393632403065,0.07554153982406708,0.049994544780685456,0.04709429125471254,0.07957343037276456,0.08257918629782314,0.04880137164679394,0.048452670491886236,0.0520194662275282,0.04545863278815153,0.13935305648521618,0.18135987681034757
1994-11,0.049052501077161116,0.04492557290359438,0.04267447028424498,0.05322429408115121,0.04630359699951768,0.04271968513489869,0.06635976767525996,0.08166474326653826,0.03991713023028169,0.047098212350056894,0.04518191084289625,0.0396297275550818,0.22335639822097658,0.1778919893783406
1994-12,0.049216338808828114,0.044799358331383626,0.04252190998687217,0.052929173324488786,0.04607479312276079,0.04291200827115641,0.06539280834321243,0.08238036972434516,0.039952195974988516,0.047543912203349754,0.044941120394199445,0.03958290343175966,0.2244243228024938,0.1773287852801613
1995-01,0.04922631016078855,0.04481151350709396,0.042529033856909065,0.052934374745467506,0.04608305100006425,0.042918865178917597,0.06540257347123973,0.0824022567440797,0.039952919763932906,0.047550196227128604,0.04495337562793542,0.03959229469199774,0.2243075515568825,0.1773356834675625
1995-02,0.04929292003541961,0.04510447362546247,0.04263625429404754,0.05303936398577408,0.046217838068375,0.04303532738951051,0.06535700979415697,0.08200899845518658,0.04000663189718676,0.047443898008885925,0.044886946081142985,0.03962102850546448,0.22367331293402054,0.17767599692536665
1995-03,0.04941299840728567,0.0450231316993861,0.042552161879578373,0.052937796333562354,0.04616275280162712,0.04288243768584077,0.06574003529743777,0.08252256464675642,0.04013509915095347,0.04760573392826466,0.04487857260580325,0.039622983896943374,0.2218150549200409,0.17870867674651983
1995-04,0.04938468030281157,0.04502745258982289,0.04252777766811786,0.05277871518068255,0.0460819854900577,0.04281198921332765,0.06585786298929516,0.08284333753789724,0.04010074026019447,0.04757885094921804,0.04491281479271687,0.03958300951470335,0.22177396820149736,0.17873681530965718
1995-05,0.04994551338313872,0.05146440462956318,0.04846415485804211,0.06311299039791836,0.05201080189565062,0.047848384452137696,0.08468056596384387,0.06892121354542084,0.04437480965764142,0.053496325853527926,0.04635269872712657,0.04303539450260018,0.23005458478453303,0.11623815734885533
1995-06,0.0500496114037469,0.05152205420409488,0.04865596841798158,0.06329451994467049,0.05221492124983097,0.04801751549244686,0.08534492368087684,0.06884895607727577,0.04460183426118175,0.053847305955196295,0.04641608943277046,0.04338408642212758,0.22647242687902291,0.11732978657877675
1995-07,0.05006419404276884,0.05155692077914922,0.04865738034960693,0.0634621829536206,0.05225707243179326,0.04789343742097297,0.08524181613723174,0.06892212465004845,0.04457241923260857,0.053813110374199724,0.04643377039460515,0.04337813781232961,0.22635778130966056,0.11738965211140419
1995-08,0.05006327463319064,0.05153285528380628,0.04860065836927073,0.0634549289129982,0.05226840337147785,0.04777705256926041,0.08502061318582112,0.06895316820046384,0.04454020544801549,0.05372577615268382,0.04638451076226862,0.04331095753697061,0.22687194105255667,0.11749565452121569
1995-09,0.050060637003861604,0.051539521768703536,0.048592821163459914,0.06339145190707575,0.052256604907679534,0.047774762163076495,0.08513736206440244,0.06895318780294081,0.044509804047341846,0.05372506614119903,0.04641912372792026,0.04330293744123818,0.22695901035337296,0.1173777095077276
1995-10,0.049913358782656965,0.05170890851268287,0.04867450344202857,0.06355228173127259,0.05223235438742409,0.04785237801959267,0.08478687048867502,0.06865749153010779,0.04454291171411642,0.05354297563338717,0.04635675646990455,0.04340565419065346,0.22705882257624788,0.11771473252124992
1995-11,0.04996301609433488,0.051498933668247454,0.04857362297891731,0.0634782387476129,0.052108025045461144,0.04796451846619903,0.08477538366285908,0.06877659682903718,0.04434729896656518,0.0536013437837712,0.04627925018730919,0.04333500711524567,0.227823776797507,0.1174749876569329
1995-12,0.052938256073907404,0.04892343386884604,0.04783049282334786,0.07562997614493283,0.049898481525657845,0.047078976860126395,0.07946601331165196,0.08277382467659639,0.04883582153481376,0.048410297020087506,0.05195708824278853,0.04549836131232139,0.13832463211629895,0.1824343444886231
1996-01,0.05302994591319777,0.04891488887980969,0.04787789899808286,0.07537569242971022,0.050018069540712355,0.047352210316726435,0.07933343093289635,0.08249279772121641,0.04899714029452587,0.04831514642849059,0.05205339018081452,0.04558664714814662,0.1381483829540629,0.1825043582616073
1996-02,0.05306453114393552,0.048884700834800135,0.0478958423681565,0.07567040014566966,0.049931592940719347,0.047413828744600095,0.07935491253722353,0.08249848887770395,0.0491695853492027,0.048186528414301016,0.05200380373808002,0.045608856477442804,0.1383868914242545,0.1819300370039104
1996-03,0.0531400355787133,0.04892593359228085,0.047907180417356,0.0757328886067587,0.04996426007876083,0.04752673330364684,0.07922877305893274,0.08237847788859375,0.049269503466122154,0.048158208552840656,0.05206517085702154,0.04565573239230514,0.13788156075381958,0.18216554145284788
1996-04,0.053108814109254984,0.049003456879906995,0.04795662751857167,0.0759363706010308,0.05005045649347003,0.047460654475755815,0.07910639024121946,0.08234069447314601,0.04938768202003518,0.048155389290725506,0.05208722664780933,0.045724373817801915,0.1376776688179372,0.1820041946133351
1996-05,0.05310624778542031,0.049013726064288145,0.04796413787434734,0.0759775789601438,0.05004557603209001,0.047491200037472106,0.07912854524425934,0.0823155992901445,0.04940707597411295,0.04814681634876207,0.052086848656593535,0.04573796308983101,0.13755578690865816,0.1820228977338768
1996-06,0.0530266351070552,0.049001165518692304,0.04794463298037927,0.07601170284588571,0.050055957735901685,0.047460875843753574,0.0791781771768114,0.08230263621237995,0.0493726910327795,0.04811078198508666,0.052091312651951494,0.04573583065526624,0.13761203864995483,0.18209556160410217
1996-07,0.049432643817082136,0.0450370160812226,0.042498443546297816,0.052742427486626234,0.045997753577590346,0.04261479869682952,0.06586590805297306,0.08286810802960026,0.0402640301948242,0.04748451044067444,0.0449264111904037,0.03966448993529156,0.22105876118588005,0.1795446977647041
1996-08,0.049511973976125945,0.04519752003679513,0.042623680296405016,0.0526844743424065,0.046363822391164815,0.04235015459624889,0.06406617537826445,0.08140762783514688,0.04004937518259727,0.04721918270846007,0.04530763828548311,0.03936240759025635,0.22397745975396594,0.17987850762667962
1996-09,0.049606656048972554,0.04514089520711407,0.04257698722091245,0.052617574358062066,0.046335306165555465,0.04227364392382173,0.06424675689012807,0.08122033848590178,0.039939803333131386,0.04712902827969414,0.045233516687025736,0.03932639879728321,0.2244902519457946,0.17986284265660274
1996-10,0.049630267088400466,0.04530497416473658,0.04247503022119589,0.0525479837835772,0.04611256431179923,0.04186791323671763,0.06452667559434572,0.08164284487946784,0.03998847125441356,0.046879254846845866,0.04512948132499512,0.03939410285882824,0.22353540491144125,0.18096503152323554
1996-11,0.04968068039651157,0.04528841542804428,0.04251845200030507,0.05242617432240043,0.04613180072719707,0.04198658162912025,0.0647128559636939,0.08156730389018547,0.04010833414635387,0.046996729568714084,0.04508382329478321,0.03946465370893573,0.22271689216351936,0.18131730276023567
1996-12,0.04972462083961507,0.04520749577247464,0.04250270179012949,0.052322524613299795,0.04609815997742695,0.04143550739290441,0.06456401336154029,0.08192634795511816,0.04038189511437308,0.046888916755012354,0.04484669696192165,0.03958182368973149,0.22142904857836967,0.18309024719808292
1997-01,0.05002260129812868,0.045310938709032106,0.04274494284910449,0.05266541476633332,0.04622978704062811,0.041492219895050184,0.06525489784438478,0.08242375362105961,0.040396460706274444,0.04691862887257623,0.04494806928804829,0.03967994177602088,0.21937560732854125,0.18253673600481757
1997-02,0.04986219320676289,0.0452520547039995,0.04268003063800039,0.052524815363945244,0.04611034475769598,0.041274931888143296,0.06521296322019082,0.08243307999647013,0.04044258129868949,0.04663366196638569,0.044794620907540106,0.03960497351318318,0.2198491578297862,0.18332459070920698
1997-03,0.05002423199095546,0.051468209343024394,0.04851946944214254,0.06341807249601515,0.05205386265338874,0.04812156056032944,0.08483667126584915,0.0689557164531924,0.04435801867657595,0.0534917470808591,0.04621115994286662,0.043392667004646564,0.2272380170633865,0.11791059602676796
1997-04,0.050027117395662735,0.05170288818587384,0.048646839562430426,0.0648979629298466,0.052271782590018794,0.048114513040662055,0.08327744883814209,0.06916723434710936,0.04480547881413597,0.053106872726637,0.046093267589309386,0.043560382061371694,0.22586284669701143,0.11846536522178867
1997-05,0.04994975051275798,0.051665247641200535,0.048578440660940615,0.06507337882623734,0.052190815467787754,0.04796465598574872,0.08326411828453811,0.06940628531156331,0.04484703691764051,0.05301029270013021,0.04601977421439025,0.04359209336249458,0.22552485795892646,0.11891325215564352
1997-06,0.049882601223544695,0.05152267996167526,0.048317742571270694,0.06473849278684331,0.052115000206146914,0.04754634336957079,0.08250252989812133,0.06942447229765249,0.04483333744698603,0.0528433648400895,0.04603833827880475,0.04351013517832228,0.22685979256621266,0.11986516937475923
1997-07,0.06343745475052208,0.052281450456881595,0.05315571925920617,0.0663419556828451,0.05281260964380716,0.05144133726054154,0.07222270332703572,0.07845492738151535,0.05193104235096804,0.05834757841492228,0.05026699023425717,0.04907435260852865,0.16298870815885716,0.13724317047011209
1997-08,0.06383453924282416,0.052143779497818225,0.05291596312928722,0.06568210778756224,0.0525487499735496,0.050141500372971576,0.07274944857605938,0.07888737778514866,0.05171014384673684,0.058821180867950525,0.04966642545662543,0.04909365196327647,0.16092475982095913,0.14088037167923043
1997-09,0.053140101900075135,0.04884826857282263,0.047849027911437886,0.07622778015854842,0.049914408524998476,0.04681838484074549,0.07871963146882875,0.08292843110868338,0.04936831956645678,0.0477856793233808,0.0519656259489682,0.04565474378856036,0.13702611789456373,0.18375347899193
1997-10,0.05322596554960117,0.04893107130491139,0.048114299563709,0.07572088675488184,0.050436861507736484,0.047125335554832164,0.0771583964615851,0.082762314502557,0.049468384421780906,0.04774255544396132,0.051649490847218676,0.045511991840950936,0.13719455703119274,0.1849578892150812
1997-11,0.05292627086158332,0.04875380418291962,0.047665869842037044,0.07543776590535482,0.05020040953886589,0.04659900600618972,0.07765114495552804,0.08293184706626158,0.04937613130055441,0.04776376948812912,0.05150965898426352,0.045247612649537396,0.13851829394910536,0.18541841526967023
1997-12,0.05283926358059695,0.048819788204466245,0.047627284310195014,0.07565421428187832,0.05012765969332044,0.046591989743176715,0.07724413669081219,0.082645499880615,0.049323143830817,0.04774507765815944,0.05149076636032645,0.04526772842669821,0.1385778262278646,0.18604562111107328
1998-01,0.052856703787765115,0.048840688079457156,0.04761615498569923,0.07563573806097836,0.050135222393972376,0.04656407509662221,0.07728398909218016,0.08277778520474008,0.04931738414025963,0.04776046651608749,0.05153207795968285,0.045288284038842996,0.13852727328150402,0.18586415736220827
1998-02,0.052721181380054244,0.04885132167919593,0.04766788686929426,0.0752721717707395,0.050059301955606074,0.04671522140476752,0.0776103892343936,0.0823658072875156,0.04933260492937315,0.04791244187182447,0.05142843034588956,0.04529578575673108,0.1388873704370152,0.18588008507759995
1998-03,0.05296897138528955,0.04799566848117375,0.047713064446201596,0.07456585170532543,0.04974817017917368,0.0462906679419172,0.0784225757057649,0.08285789385285487,0.048733627628520085,0.04810083725255265,0.050964058399112104,0.04541861946137207,0.1413886337648613,0.1848313597958809
1998-04,0.05291622934598188,0.04790155347619738,0.047722353327134,0.07434458279961648,0.049903470888352834,0.04667093029036371,0.07691332583148008,0.08199088231996556,0.04859035922908251,0.04829787917327596,0.050909187020135464,0.04537505937135583,0.14289943096657706,0.18556475596048125
1998-05,0.05293687550161815,0.047900757153279135,0.04772637941109711,0.07434314769006228,0.04990589471776646,0.04666310143363576,0.07695234732336349,0.08202553528761394,0.0486022845163769,0.04829701586944981,0.05091244376604788,0.045378619217149196,0.1428334803964457,0.18552211771609403
1998-06,0.06327306076964771,0.0526657686136643,0.05282881459519023,0.06609186709645444,0.05217242099816989,0.05039180871685964,0.07255172444864169,0.07899349694809184,0.051877103205727776,0.05860027829099518,0.049459728923802695,0.04934557273703274,0.1601911423988785,0.1415572122568432
1998-07,0.06318034507779367,0.052736967011711634,0.052959154785324807,0.06626436347392915,0.05224581797946958,0.05015049722499848,0.07247248989326067,0.07889873558004169,0.051774293428904467,0.05838088464514328,0.04939835649850198,0.04937076399865117,0.160162684485858,0.14200464591641135
1998-08,0.05316170548790679,0.04867460007284357,0.04755506668167897,0.07374508490451197,0.05012995922511546,0.04628323107893683,0.07673949512201854,0.0818063313417334,0.0489575017841704,0.04823219539698935,0.05086678081604483,0.04511700061166917,0.14402833200671356,0.18470271546966732
1998-09,0.05171212483504003,0.04641275465721058,0.046388814515613795,0.07133356244187543,0.0501654226421346,0.04488352431729403,0.07169730851279783,0.08850163837321838,0.04792498290695946,0.0476844696612595,0.04693717281667573,0.04326598708357422,0.1609120760728072,0.1821801611635393
1998-10,0.052946660664290573,0.04744575673527443,0.047314501539151926,0.06954144381391877,0.05193035122057941,0.04410749911661859,0.07062926628206238,0.08742863024746951,0.048945226653961865,0.047298004844356645,0.04785773075637473,0.043717856937127465,0.15809646656440798,0.18274060462440564
1998-11,0.06264560937265619,0.05259378385350858,0.05263174358073209,0.06543441890556219,0.05184825773997603,0.05012218646370424,0.07284404566483893,0.07876988971485836,0.051673740756103544,0.05848725363881221,0.049251758147245916,0.04914748526662284,0.16218662038530637,0.14236320651007256
1998-12,0.06225674203609349,0.05249352793106354,0.0525475346140459,0.06567738218123031,0.05194876548341822,0.049476032493733536,0.07267861253404041,0.0789981611140696,0.051180537387228234,0.05811920828770249,0.04901539556854744,0.048958119144342185,0.16380635152778217,0.14284362969670258
1999-01,0.0628072539206671,0.052622089049457636,0.0526103326001437,0.06631515242388224,0.052348265587710115,0.048586132619688624,0.07072750232023023,0.07908213206069958,0.05076891083698408,0.057975568982134386,0.04911780744234747,0.048939213615315405,0.16453393735002703,0.1435657011907125
1999-02,0.06279108040339276,0.05265979172342578,0.05264018186095377,0.06628716796539365,0.052337044753682546,0.04867355636582183,0.07082838016584041,0.07899973133228491,0.050792454049453546,0.05799370494891818,0.04913349667973037,0.0489720639668032,0.164393537655778,0.14349780812852114
1999-03,0.06276841745733586,0.052643992469249896,0.05290548691712235,0.06639945957402246,0.05307376709868243,0.04796089803897015,0.07090390113544554,0.07880938468166533,0.05121631546553773,0.05875583049679669,0.04983295266665172,0.049359222698081975,0.16075344613159728,0.14461692516884064
1999-04,0.049784769822954905,0.04505304575657803,0.04244794138357261,0.05193273233171941,0.04616476501998694,0.040395093483666766,0.06420825266561915,0.0829060368105393,0.040450377050887755,0.046408285845752115,0.04443093895478041,0.03941367113985386,0.22175028727512902,0.18465380245895982
1999-05,0.0498796202088197,0.04460191425493016,0.042147402668840504,0.05060992961929813,0.04550483627174621,0.0405984947371231,0.06357222491684132,0.08155452659696842,0.04080893230450945,0.047430631457753364,0.04434872021301779,0.03923263931357289,0.2239299972557794,0.18578013018079959
1999-06,0.0502186753171278,0.044504510461269624,0.04215162372851168,0.05051180456651773,0.04537881531986468,0.04077414495960539,0.06381789881056646,0.08356963038912245,0.04082927104053646,0.04747772132629551,0.04423462355603951,0.039194038544600844,0.222207631133303,0.18512961084663873
1999-07,0.0502394257919553,0.04454690364067509,0.04225909548043711,0.050507412165441974,0.045416853988231094,0.04095756155125969,0.06401884421834642,0.08338259370097935,0.04095484554805601,0.047582803851035686,0.0443026327232767,0.039265406513094264,0.22183819100682772,0.1847274298203836
1999-08,0.050245126926297325,0.044315527320857515,0.04240852841128025,0.05099901307697734,0.045693412414917145,0.04109109862199792,0.06392582620521169,0.08366222706278235,0.04084578680461727,0.04741733289050974,0.04402264670581645,0.03905708195233995,0.22217894787826817,0.18413744372812707
1999-09,0.050025119627054276,0.0444699616389138,0.04247428975771617,0.051210842408542734,0.04572658109426813,0.04142255616364735,0.06309866746668849,0.08392289930071248,0.04067879791150893,0.04774116652453026,0.04383231766697535,0.03895336739750771,0.2221685600339406,0.18427487300799358
1999-10,0.049558754767352525,0.044054992568499166,0.042462167238355795,0.05095965319940181,0.04530623607993636,0.04149795074524171,0.06368027120470661,0.08310133503036742,0.0408528037345195,0.047298568060276866,0.04355399624237561,0.038990044513511554,0.22334778481099926,0.18533544180445571
1999-11,0.04980814810606745,0.04465059819328169,0.04317435972399255,0.05319027905269241,0.0454718527939197,0.04247923717406099,0.06318835482392933,0.08455483256767564,0.041654312401879744,0.0468754068672355,0.04276121560313663,0.03996147617095377,0.230122915476809,0.17210701104436565
1999-12,0.049882264327160614,0.04469982343314397,0.04322252041941174,0.05362090254347991,0.045644526407475176,0.04317114170248975,0.06377214382371323,0.08361134926954068,0.04196095495228363,0.047100662835334324,0.04273203882243336,0.040177055925097196,0.22955477167561394,0.17084984386282254
2000-01,0.049979378426982524,0.04470692246532648,0.04312479863342188,0.05365888655150099,0.04561852229268027,0.04297734305013494,0.06372820725018287,0.08376232376517931,0.04192898074627984,0.04723417159945894,0.04279371721784393,0.04011075039897709,0.22935628049120485,0.171019717110826
2000-02,0.04974679533033301,0.04487933666172195,0.042702216847829495,0.05401017279958599,0.045166995737101506,0.04281398935703432,0.06329246901832213,0.08553877036714085,0.04141756879287214,0.048132215745712637,0.04265475667614654,0.04001817736698947,0.22830457824994466,0.17132195704926526
2000-03,0.04945405985812496,0.04453891121107718,0.04267838873875877,0.053693334160432746,0.044713805318640595,0.04365493249156805,0.06293346084970018,0.08445671818655201,0.04133040521382284,0.048035446162942044,0.042315895974561424,0.04001730203279701,0.22968204332272768,0.17249529647829442
2000-04,0.049355791959406536,0.0440876073661845,0.042318579175351236,0.05277861996690558,0.04594760959126608,0.04402908704525239,0.06251574309763318,0.08393538753315259,0.04079075580890819,0.04890507624036997,0.0414127988421923,0.040247730843414126,0.2271862281535706,0.17648898437639263
2000-05,0.04935094064124125,0.04464899364915149,0.04251433747219584,0.05272440678469437,0.046090810665170984,0.04365099949255715,0.06182281585647636,0.08532396683231473,0.040729934067919554,0.04932712750779234,0.041354765168045676,0.040362190126300636,0.22607192565993509,0.17602678607620453
2000-06,0.04980909092356694,0.044240186210067936,0.04249998214225441,0.053339784807908526,0.04628310109619395,0.04332345946317604,0.061115167274843916,0.08593622520807366,0.040733363310714435,0.04959850382309385,0.041614529176286164,0.04039297701334425,0.22552701213179582,0.17558661741868006
2000-07,0.0498361882033652,0.04438028032158764,0.04255591401531256,0.05346585586022867,0.04639634551689847,0.043260263662005936,0.06111844530078727,0.08623523989594012,0.04080271575220583,0.04951837975325113,0.04171319248376839,0.04043036767086038,0.22485858503534134,0.17542822652844706
2000-08,0.049760214255673674,0.05124058934508105,0.0480693578035001,0.06456117925402163,0.05207588470065422,0.0473119964296385,0.08080736603659554,0.06994187550216341,0.044659993756934704,0.052832850228682865,0.04543548426824943,0.04348981649269857,0.22956876822324196,0.12024462370286446
2000-09,0.0502817592134504,0.051188322327671586,0.04779223918379204,0.06418809735672425,0.05231393053189699,0.04684215624608507,0.08175406425172389,0.0689351484341059,0.04512268396871635,0.052981600449115485,0.04521808363942808,0.04340876414108235,0.22847125673225166,0.12150189352395592
2000-10,0.05056119050850061,0.05108425397689416,0.04751105208463236,0.06453597916706152,0.052346216472052086,0.04630140607513244,0.08127136364960148,0.06981773040515965,0.04532411462478204,0.05326038186482456,0.045384106620196006,0.04333266581606246,0.2279372376145786,0.12133230112052201
2000-11,0.05085210705075777,0.05121153328186997,0.04759978555917718,0.06434729832385237,0.05260536309424974,0.04611075163152637,0.08127455451452914,0.06971632767217792,0.045289413798893126,0.05333924976586252,0.045377700304575684,0.043272468860075644,0.2279353316942598,0.12106811444819286
2000-12,0.051680305108164265,0.05035232366375662,0.04750814785060421,0.06418768911055543,0.053272199102791636,0.044301209455493144,0.0769512335379811,0.07085737866164438,0.045663969081306204,0.05386492743485491,0.04524017360610118,0.042976117288942364,0.23260808546388445,0.12053624063392016
2001-01,0.05165845917933447,0.05056535760444106,0.047433346728074824,0.06400004327265514,0.05312091866615457,0.04479094341060982,0.07780890774717168,0.07064820644136634,0.04564064318629736,0.05396466967485946,0.04507597450220462,0.04320768398744183,0.23135336950180696,0.12073147609758199
2001-02,0.05170159553747247,0.05075688937798883,0.047503802071136574,0.06400247819659849,0.05311297780452378,0.04497567915321961,0.07823600684013299,0.07053551103441116,0.0457509389434012,0.053930530027753894,0.04513491040774602,0.04328736523190988,0.2304512554567481,0.12062005991695703
2001-03,0.05189207594848461,0.05095719094537275,0.04731853455311776,0.06404980875572618,0.05312478570493986,0.0434048415734339,0.07642036430837908,0.07171970429164731,0.04554744232802161,0.05403851975710204,0.04488922258439798,0.043338468175303915,0.23319037099208495,0.12010867008198818
2001-04,0.05174165052561702,0.05107829948350222,0.04714844175885666,0.06433566822245476,0.05272848104820976,0.04273252974791191,0.07562142875112313,0.07242770576587898,0.045720804393352917,0.053343180732735654,0.044952626985866016,0.043102348183910524,0.23474867621886356,0.12031815818171687
2001-05,0.0518117565948488,0.05066007639581412,0.04675561312513862,0.06364951324414607,0.0526827649074708,0.04200208664026424,0.07525382648258962,0.0718280688185515,0.04555480482023561,0.0531837276499916,0.04486196040650002,0.042707249155369234,0.23820787994216935,0.1208406718169105
2001-06,0.06346679216882908,0.05265051895172021,0.05259727072768857,0.06537391627414477,0.05293864818590382,0.04737242311504934,0.07017274789493971,0.07970795989198876,0.05134032602516672,0.05923999070743442,0.04944030110181733,0.049473073025175694,0.16176980962833137,0.1444562223018102
2001-07,0.06353617261959721,0.05317003450254099,0.05230928492699693,0.06474106407550684,0.0530938259635984,0.04764168939892951,0.06997923461781513,0.07882947621763646,0.05131463423314757,0.059200994980384114,0.04973872084904402,0.04959335221405203,0.1622941509911507,0.14455736440960007
2001-08,0.06350048383344414,0.053269135450523857,0.05234557355672557,0.06465610749304856,0.05313624218053774,0.04743302222503224,0.06989594560727365,0.07852732601291074,0.051455137080579826,0.05931107764997072,0.04972872200370318,0.049433831087385305,0.16290078640948238,0.14440660940938205
2001-09,0.06414237016455035,0.05244399121610076,0.052348579884926,0.06439809722539794,0.053526897698263444,0.046624735733265046,0.0686026689977949,0.07890941540396439,0.05101933332021911,0.05924420262700913,0.04951182084717575,0.049287931699772636,0.16478530703572594,0.14515464814583465
2001-10,0.0642668590073308,0.050410580540330166,0.05059134333027028,0.06385955605137118,0.05359823594195494,0.04488312813660716,0.06898021440130113,0.07735215331349618,0.05035653983744596,0.06024106124025282,0.049571986171517354,0.04809713440348398,0.16910436715021576,0.14868684047442227
2001-11,0.06431464031928237,0.05046535941563976,0.05050457454089432,0.06371127204885914,0.053596731495317504,0.044564001160801905,0.0696503378783403,0.07733092438182741,0.05039191993597138,0.06027014393918147,0.049690794983261274,0.04813785639487015,0.16855324838424093,0.14881819512151195
2001-12,0.06425353030611312,0.04957793626936238,0.049987532117389606,0.06433362965950878,0.05309713694338688,0.04382746931380929,0.06908184607956303,0.07773543695809165,0.04987210548194452,0.059920598702383726,0.04933193167337024,0.047694117022773964,0.17184792235620658,0.14943880711609617
2002-01,0.06422810543766376,0.0496211224882133,0.04992413788043278,0.06418179459161646,0.053119809660363185,0.043857267618701866,0.06902082076354567,0.07758252498248183,0.04981168905413447,0.06001628083249865,0.049286616632742274,0.04761364534146302,0.17230997129033224,0.14942621342581056
2002-02,0.06432925484335203,0.04974906981928682,0.050051996896591414,0.06407713436296632,0.053193656003947626,0.04386980588928937,0.06858743377873382,0.07727085425972993,0.049940323684496614,0.059958308174033165,0.049294826110029756,0.04757955038490818,0.17227139115875448,0.1498263946338804
2002-03,0.06424164873885083,0.049730564059660316,0.0499871043162808,0.06394502006675108,0.053148132451858086,0.044212028598816844,0.06881304393160752,0.07744423621805561,0.05001766525111957,0.0600506115274548,0.049393585699217785,0.04758301019253117,0.17207059989575205,0.14936274905204353
2002-04,0.06404473669961055,0.0494796027041853,0.049808641483224086,0.06342441975329258,0.052940386888964075,0.04401383757928861,0.06893384151246655,0.07621496683813231,0.05002246009095925,0.06010858911297174,0.049125453692554784,0.04754603511664344,0.17482557883519947,0.14951144969250732
2002-05,0.05245948337843834,0.04654648485849613,0.04629963887452227,0.06985508694983547,0.051250467024280384,0.04324166158296816,0.06846841050532433,0.08929319938786333,0.04836441996491634,0.04774814806158038,0.04709423642419875,0.04359187861942685,0.16240065537999276,0.18338622898815662
2002-06,0.052496063256386054,0.04652839464165621,0.04626950406347829,0.06981448841727585,0.05128156990689039,0.04312676514735819,0.06863867068674002,0.08851531653999793,0.04830755172851841,0.047639144539943425,0.04709275967932771,0.04354579443129319,0.16256137459202935,0.18418260236910491
2002-07,0.05203594787180471,0.04603212992570097,0.046349235158015284,0.0705092181918398,0.05163051795472441,0.042259018517005524,0.06539350345777024,0.08673364612383141,0.04817889984855139,0.04678074838348178,0.04703279751728569,0.0433883265994368,0.1668010475642439,0.18687496288630803
2002-08,0.052025662088232345,0.04534301773721583,0.045949960179963285,0.06799974632660538,0.05212862978579498,0.04216898998508429,0.06295397279216138,0.0816017884446442,0.04730705953129811,0.047710180882551245,0.04723144882101015,0.04418405331380515,0.17756939710839742,0.18582609300323627
2002-09,0.05202506425376264,0.045343858120653086,0.04595851396938008,0.06800948277609002,0.05213060995781297,0.04217240184454962,0.06295802466966023,0.08160269851611046,0.04731008172825066,0.04771118939230403,0.04723358832170937,0.04419061618476469,0.17748768303963444,0.18586618722531784
2002-10,0.05127095663324514,0.0445696659493237,0.045264377302321114,0.06666959934449357,0.051891053141283776,0.04077919342973179,0.06111095975527759,0.07775849775120251,0.04658108615384437,0.047337330758717565,0.04634746085860775,0.04341238977680671,0.18727658029026883,0.1897308488548756
2002-11,0.05115487650152892,0.045020580131953605,0.04524831244071277,0.06659538696902437,0.05191239326873251,0.03997260876183023,0.05896637004540001,0.07823786898038129,0.04645581745873596,0.04720365608483754,0.04609691242948723,0.04341167225812428,0.18969061279787403,0.1900329318713773
2002-12,0.05173933662282906,0.050215405257473034,0.046421674598186906,0.06317221772286793,0.05269387949258761,0.0414156989467171,0.07376824306712731,0.07080553087244065,0.04534025112551884,0.05303834614471881,0.04472190711545604,0.04250431485383446,0.2429446271367147,0.12121856704352756
2003-01,0.05169248212412726,0.049835572519971574,0.04614606004481551,0.06309222892078116,0.052567097419933644,0.04092785794896006,0.07253387239169853,0.0711171385293281,0.04496492930010118,0.05268648345137312,0.04444671874989397,0.04221074874281154,0.2461369240034957,0.1216418858527086
2003-02,0.05159060214912956,0.04979560269321453,0.04603387178651597,0.06288156374894123,0.05248627900719183,0.04105645187857039,0.07228472893571937,0.07089748544267066,0.044875623225146086,0.0528262735298544,0.04452785803788188,0.04211752053670834,0.245502673439572,0.12312346558888368
2003-03,0.05143939025799487,0.04958879154278497,0.0459826436212461,0.06299499620297073,0.05230475040751733,0.04118457988409809,0.07163002592070326,0.07039835581281627,0.04486000222425269,0.052705370646851796,0.04438841811650498,0.04212098829447003,0.2474714629628648,0.12293022410492402
2003-04,0.051391048455094276,0.04956900203630916,0.04599718574430512,0.0630638193209541,0.05253953655990681,0.04122240013198476,0.07168713035249595,0.07068687497528212,0.04501209182106754,0.052858950094257895,0.044423671846738504,0.04223006646760931,0.24687770318392535,0.12244051901006898
2003-05,0.05136884918666429,0.04865762655278222,0.04583859183453845,0.06368149251281052,0.052423618948914036,0.040960406314994785,0.0703045392452595,0.06994323100546404,0.044744318357467026,0.05284499765058964,0.04399278086551508,0.0417205922476565,0.2494926191987267,0.12402633607861724
2003-06,0.05134073324983108,0.04948979216888794,0.046302909034339056,0.06376645478694237,0.05355161138476407,0.04099068919010794,0.07038052493629471,0.06938174838430211,0.04549388884669139,0.053669413174406023,0.044604371500630235,0.04240357593789588,0.24570711189696537,0.12291717550794176
2003-07,0.05138946940417771,0.04955322791867507,0.04634903152324381,0.06372708055737927,0.05351991616477671,0.04101666693530756,0.07048795271619478,0.06943435240523868,0.04556198493025802,0.05377082472025306,0.04462667371422972,0.04243836124982986,0.2452561537438132,0.12286830401662256
2003-08,0.051722418914672594,0.05035028039986749,0.04704681060860421,0.0638714245098575,0.054158543325315486,0.04158848572424694,0.07087231135981795,0.06946314848069085,0.04609175936608321,0.05424825343060068,0.04525525847192023,0.0428434190769915,0.23946342102604315,0.12302446530528813
2003-09,0.051799717032699234,0.05019520521008595,0.046983474888243976,0.0637357024866147,0.05423441974335357,0.04151898555320593,0.07091033021399311,0.0694835467120591,0.045995684983674255,0.054447300191680294,0.045354891764620146,0.04283877031533102,0.2394993586578216,0.1230026122466171
2003-10,0.05148923961304757,0.04449610288390543,0.04498792856212402,0.06661575241672227,0.0521919987735137,0.039382355880820626,0.05790396678600197,0.07801447864408884,0.04664087036922881,0.04728667573666281,0.04617409878121729,0.04323837064186412,0.19139766737189992,0.19018049353890257
2003-11,0.05125785844471645,0.04427099488608302,0.04456714268369407,0.06663292750679038,0.052000635076346065,0.039191812920573,0.057533743752412964,0.07795010432017015,0.046289008710159306,0.04738157065717684,0.045932058579960994,0.04313849263952924,0.1936723791022111,0.1901812707201764
2003-12,0.0512299812106867,0.04425542653227346,0.04456026203538722,0.06666968053859672,0.052033725561550066,0.03920021781753349,0.05760115488769295,0.0779657832063271,0.046318649278835104,0.04739363621366717,0.045953257660022194,0.04314575357867706,0.19375118721945547,0.18992128425929541
2004-01,0.05169190876625651,0.04379323221853644,0.04458492638885026,0.06504431397489313,0.052207933890427397,0.03973919834887159,0.057379008594816656,0.07756747363056177,0.04736724924459652,0.04760257600065475,0.04630652203635545,0.043429852951489406,0.19530565903518982,0.18798014491850037
2004-02,0.051723374787935456,0.04382276780997988,0.04461582897359962,0.06508299179592891,0.052244387070913445,0.03972136667217574,0.05738820244543665,0.07754908672723704,0.047389101610501264,0.0475905985611492,0.04629505301783624,0.04343640574397384,0.19522572634404,0.1879151084392927
2004-03,0.051708282936243306,0.04383184993299809,0.044619238837129954,0.06505474635258626,0.05223938955899135,0.039741718044131506,0.05741273061330083,0.07754001298055704,0.04736465961061862,0.0475980044809446,0.046292418567438924,0.04344723125475355,0.19511261591658274,0.18803710091372325
2004-04,0.05167458641352973,0.043790731712601234,0.04459800197625634,0.06503409354479257,0.05223105878531887,0.039685452281116314,0.05728550612762385,0.07759562361206251,0.047364706217277515,0.04745021014931344,0.0462612890766519,0.043434330751275466,0.19542249887828514,0.18817191047389503
2004-05,0.0521058428607262,0.04420512120975411,0.04480812659745646,0.06573256978148556,0.052641507264945056,0.039647870874707405,0.05754056096704599,0.07747984755980576,0.047452183336622884,0.0480206803145235,0.04625036089009751,0.04358716053025032,0.1919940643929684,0.18853410341961072
2004-06,0.052063419378787876,0.04421844701380821,0.04498328941646758,0.06589635451354812,0.05280597965904802,0.03989907327641951,0.057405455380905385,0.07776170177956288,0.04754835484436437,0.048087603469069595,0.04641184000238411,0.04377649784775539,0.19176782818201182,0.1873741552358671
2004-07,0.052129382455056716,0.04415327518240019,0.044888572813738745,0.06572193966745829,0.05279736666309757,0.03992586266685073,0.05751658677848631,0.0777606413692641,0.0476620267773539,0.048234146924424064,0.04650733843166784,0.043771333226659985,0.19186336488043873,0.1870681621631028
2004-08,0.0499975590650517,0.04405715696773388,0.04204577100624442,0.05275811964461458,0.0466179412252508,0.04178870147330055,0.05867675478463472,0.08490402639766287,0.04075697087874627,0.049290908518666326,0.04183723405926269,0.04021311617230679,0.23046763109663104,0.17658810870989353
2004-09,0.050043906718440063,0.04412821497540778,0.04208856649258498,0.05284420961325049,0.046584478906342305,0.04189456512116419,0.058729009654146444,0.08483757556764163,0.040809113916473745,0.04932297774121257,0.04184631817120521,0.04025298009088483,0.22992315774783592,0.17669492528340966
2004-10,0.05012689889766624,0.044115142657037455,0.04207907524149178,0.05268582243180091,0.04661956825505447,0.04188476164646409,0.05875313361907193,0.08483745823417325,0.04079772740682576,0.049391648951482355,0.041882262198952615,0.0402343408774136,0.2299209282686631,0.17667123131390264
2004-11,0.05011455682345581,0.04425293738572146,0.042185820150931475,0.052758196301471334,0.046742933050223076,0.04183842764374488,0.0587344287955603,0.08462334373715802,0.040782462743452874,0.049569019259807945,0.041948605588323494,0.040245832147528963,0.22986262508812186,0.17634081128449855
2004-12,0.04996093600108318,0.04393398380857149,0.04191828729441643,0.052425320494949995,0.046515467708527714,0.041718653625160154,0.05863564636381255,0.08386927052035188,0.04074407077763957,0.04978743090895447,0.04188547754441879,0.04016778430261272,0.23357365714948816,0.17486401350001302
2005-01,0.05176447775131271,0.050076880466483405,0.046868118661454496,0.06361996038632094,0.05421286979602398,0.04150208122638139,0.07071358651092484,0.06941449174144211,0.0459817705317846,0.05447338130179843,0.0453398681759369,0.04282524087449081,0.2404291626846219,0.12277810989102335
2005-02,0.0519171012442901,0.049762373438928295,0.04688735354697091,0.06400833080170278,0.054243706724204706,0.04138661091761667,0.07038702026591828,0.06970825088257156,0.04605826081573086,0.054251686002859276,0.045319581361267076,0.04283689362888819,0.24143417605361556,0.121798654315436
2005-03,0.051932198036482656,0.04978550178426401,0.04687244001261457,0.0637189707947183,0.054221306167288964,0.04139927090143334,0.07041612777985312,0.06969924644944647,0.04607309407301595,0.054249488574921734,0.045348046404105835,0.04285267776242653,0.24157666834558603,0.12185496291384264
2005-04,0.051998228026430296,0.04946686935972451,0.046900075458380874,0.06344129634618226,0.054271814810878914,0.04143134680670622,0.07062298245659338,0.06988520062015838,0.04619505797109439,0.05432480526483101,0.045294557726607086,0.042924086210864555,0.24100991811952555,0.12223376082202257
2005-05,0.05197136888957751,0.048894390589083216,0.046691699986124165,0.06285455120777798,0.05403418795883204,0.041358607890432046,0.07050049969864872,0.07009169862550758,0.04597284031558673,0.054646897905289635,0.04528131859781858,0.04285322758156461,0.243026618953155,0.12182209180060215
2005-06,0.05199975636454571,0.04871159492197289,0.04667513484411943,0.06291676933313371,0.05414237211188432,0.041241592226512094,0.0705531311642334,0.07016054278745842,0.04589343781939838,0.05471604659197198,0.04529582385819212,0.04286690549999699,0.24262009187158462,0.12220680060499597
2005-07,0.05200463061927068,0.04871654253143625,0.046680164742758726,0.06292077139440308,0.05414916471436183,0.041245567581616495,0.07056287401845572,0.07016140412541869,0.04589714538731188,0.054722335995630346,0.04529982694101242,0.0428708839267494,0.24257586729206004,0.12219282072951426
2005-08,0.05194898251269947,0.048626480281664705,0.04658007414237482,0.0627904978622787,0.05406823052254165,0.04116593183568372,0.0704485380154748,0.07004753026594202,0.045812239981933144,0.054648131839020404,0.04527966596519979,0.04282461285647844,0.2434370063587827,0.12232207755992569
2005-09,0.06444676849173034,0.04930233685993709,0.04977820449895298,0.06279534268448353,0.053144168719450026,0.043094618878130826,0.06607756005049234,0.07530531434530428,0.050053668883248505,0.059845645880985364,0.04922077813044196,0.04731275618881065,0.1790286659018722,0.1505941704861599
2005-10,0.06446058739887656,0.04932198898072557,0.04978048791696172,0.06277245601378029,0.053146571343553196,0.043094212956416626,0.06609282447127057,0.07527288481880001,0.05006503978077881,0.059858694800007585,0.049221939749294646,0.04731566863461979,0.17906731457826444,0.15052932855665022
2005-11,0.06456809279213566,0.0491372823237078,0.04980420127861317,0.061932405203596885,0.053373629787610476,0.043196643201781564,0.0660292364056866,0.07449764813718453,0.05041459277864954,0.059841613511680665,0.0496811645284573,0.04749781198888836,0.17798304139063595,0.15204263667137166
2005-12,0.05194493889273753,0.048567603536059364,0.046554545420696945,0.06281643837750484,0.05400849739224751,0.04116403835605938,0.07040198622820858,0.06998371329566358,0.04575051047728988,0.054619353385170794,0.04527203670746377,0.04279369550585492,0.2437082870159501,0.12241435540909285
2006-01,0.05195026399933442,0.04857468635645771,0.04655720732759151,0.0628274914875126,0.054012595115884444,0.041169940837931344,0.07041887417151939,0.06998568630886697,0.04575612588447219,0.0546205654455435,0.04527661662717245,0.042798191124876955,0.24368368377467625,0.12236807153816034
2006-02,0.04992336308116935,0.04366930608838258,0.041920020668076,0.05252399280805683,0.046481511206949426,0.041723021372749386,0.05848471586999234,0.08391626286183429,0.040732322519962824,0.04965977910187011,0.04190469877202047,0.04011746309329241,0.23389159799750267,0.17505194455814127
2006-03,0.04995060991046346,0.04367871865384463,0.04194602384681225,0.05232725178878056,0.04649780158242673,0.0417097646683892,0.058572250132359206,0.08393406802058945,0.04076312321510076,0.04968330860182845,0.04193187854036305,0.04012438120250328,0.23376575371309882,0.17511506612343997
2006-04,0.04999783820745958,0.043745248776174736,0.0420202130854107,0.05242819216088548,0.046520788516528015,0.04175930280230596,0.05863548592300995,0.0838083129976247,0.040815067187449226,0.049688617985701844,0.041961802833873366,0.04019769427991717,0.23322161712155734,0.17519981812210192
2006-05,0.05006503388621999,0.043814773031901504,0.04195227863254361,0.05231953360608611,0.046520081248975415,0.04191420477377489,0.0587112309074789,0.08378722582123146,0.04093872078294756,0.049919989690637205,0.04197088227614538,0.04026141001407642,0.23447452302734523,0.17335011230063646
2006-06,0.05004156599976595,0.04379506527477656,0.0419332590250842,0.05229564177950862,0.046498106270805514,0.04190064103917753,0.0586824396118179,0.08377370669673345,0.04091640415816398,0.049898693487211494,0.04195005139490288,0.040243206191834247,0.23469686323538277,0.17337435583483474
2006-07,0.05024851113053978,0.0441245623045096,0.04206720239347823,0.05274531903528056,0.046715783098890046,0.041987946994550815,0.05920958971713648,0.08457587314392309,0.041084689983435035,0.05011294539402689,0.04208636142794352,0.04041915698903268,0.23499878095106513,0.16962327743618816
2006-08,0.05022614146129918,0.04427341203238695,0.04226508378326537,0.052657001698428775,0.046851612033344765,0.04215880742986488,0.05924494445094516,0.08436495183037886,0.04125016737763084,0.05007701026750592,0.04214727846364008,0.040610656439876026,0.23483184488252365,0.16904108784890942
2006-09,0.05023297201059529,0.04428769715071487,0.04236314939174629,0.05292710370159805,0.046740800603042566,0.04205962624097787,0.05930746222164061,0.08436832980900856,0.041283170563795595,0.05011745675051327,0.04221699411784936,0.04064139080855348,0.23410580178563428,0.16934804484433014
2006-10,0.05021869158490097,0.04437890902595054,0.04239909836726902,0.052839560534703296,0.04678868472777372,0.04211684153059914,0.05940989302138649,0.08424567410503526,0.041376796168504364,0.050160163044760876,0.042282406542797336,0.040688094407719984,0.23425522610778704,0.16883996083081193
2006-11,0.05022575868091713,0.04428313409605686,0.04235016493452561,0.052697039330448524,0.046713714974649,0.04209101507375478,0.059240922759199975,0.08378109352865795,0.041345669365680474,0.05021606585558664,0.04234148900818278,0.040623834972766046,0.23458094797887344,0.16950914944070083
2006-12,0.0648865938281233,0.04925724758797216,0.04962667074732913,0.061929585577953895,0.0534054366417135,0.043106036242903746,0.06606606018257395,0.0747386286088093,0.05049503269014045,0.05999984675185595,0.049679624194109484,0.047427183452688246,0.17811873771025838,0.15126331578356847
2007-01,0.0649106380569816,0.04925607208825868,0.049632833667887226,0.06192134466946203,0.053418015834198015,0.04310594719148921,0.06610132807757804,0.07475095657555289,0.050505874387503626,0.0600095910827144,0.04970207949101,0.04744237450490319,0.1779706517843918,0.15127229258806926
2007-02,0.06490721781432288,0.0492348569929441,0.04959067936843585,0.061975779005692025,0.05337819339491112,0.043101090220670386,0.06604300451617884,0.0747635181417425,0.050468097237714137,0.059934420437705305,0.049717200129090346,0.04741579528364233,0.1781974651737742,0.15127268228317609
2007-03,0.06492280957132941,0.04924109853130232,0.04959479706797738,0.06198612430973961,0.05338332075721026,0.043107782864097645,0.06605299013888288,0.07475805842632721,0.05047624746355528,0.05994756115088745,0.04972724266471251,0.0474235362426657,0.17813652981274733,0.15124190099856502
2007-04,0.06490118455199145,0.049261119763536386,0.049590652387009236,0.06193858952876869,0.05338837338958556,0.043112499639054565,0.06603121460331227,0.07469411645414928,0.05048542846024687,0.05996196829794048,0.04974221439824378,0.04743003188568369,0.17816794640323097,0.15129466023724683
2007-05,0.0648946951174862,0.04912179136425485,0.04948317188710601,0.06175032977220437,0.05355171510098748,0.04311179001446514,0.06624011204899621,0.07454210582566625,0.05066803110160468,0.05951822944530836,0.04977892007175068,0.04753834465149086,0.17930631002504352,0.15049445357363533
2007-06,0.06480687036288332,0.04908450878520266,0.04931099876139099,0.06142888453958454,0.053538397024993606,0.04306359278864202,0.0658611413695978,0.07453716048296706,0.05065113930209057,0.059509624924079615,0.049725128450262966,0.047450798518835484,0.1802145289381466,0.15081722575132278
2007-07,0.05179419508177014,0.043854736432530496,0.04468937342212237,0.06590886808365201,0.05260633212471166,0.03959927056916618,0.057372220585162434,0.07787604690784544,0.047650587979977156,0.04789609688711531,0.04656395679490864,0.043815364633891504,0.19291329781316605,0.18745965268398068
2007-08,0.05151655364259143,0.04360798309508998,0.044743094712291924,0.06582554415758038,0.05264947523899328,0.03960895540329835,0.057122461867923434,0.07732606153858941,0.04737676466239208,0.04765094053394574,0.04616736303722633,0.043829702168338064,0.1945379892288493,0.18803711071289023
2007-09,0.05043004037138255,0.04440156017281634,0.042360194108896174,0.05230665134067996,0.04693555452621705,0.04222146772998714,0.05961304782340005,0.08372870238671698,0.041619095027785546,0.05050307967171369,0.0425539442619474,0.04073155428126716,0.23452592566964162,0.16806918262754833
2007-10,0.05044017738827365,0.04456496377184866,0.04235894711742609,0.05195674908945935,0.04675814899552965,0.042265698137938686,0.059856862281648084,0.08361006244974235,0.04192150307442724,0.050565468537801306,0.042770094758501485,0.04077733704116434,0.23598129328806405,0.16617269406817506
2007-11,0.05212945638110825,0.048509077563363506,0.04648068680660929,0.06212225903151388,0.05408035945737158,0.04115610366727154,0.07033637909111207,0.06980226135147341,0.04589644192436519,0.054700277024429145,0.045418448333091666,0.04291696507489411,0.24544508645516872,0.12100619783822762
2007-12,0.05208779406788378,0.04814645177113757,0.04629184531006901,0.06169717689105216,0.05403923081462309,0.040953547175863074,0.0698199609774586,0.0695392846610824,0.045725261697806815,0.05460471770719606,0.04512928035255323,0.04271299840686455,0.24774877917985616,0.12150367098655349
2008-01,0.05209393600684118,0.04812376210010212,0.046345704273158136,0.06207143855369987,0.05414361003132146,0.04104047972234851,0.06988702898449389,0.0696110259583204,0.045689269113074,0.054467976373495576,0.045043785194096325,0.04267627634137933,0.24746973065373326,0.12133597669393595
2008-02,0.051716973094318525,0.04788415866938519,0.04594236884460061,0.061021291579499905,0.05358883333824862,0.04055481120841863,0.06900227574830708,0.06856556693000122,0.04576667180199835,0.054114297962778245,0.04503852148033537,0.04255534647536881,0.2509443830916797,0.12330449977505985
2008-03,0.05173041527287382,0.047704078002011194,0.04595216930498876,0.06135714865746504,0.05372512776178614,0.04050710968882439,0.06879005499863189,0.06828594942662286,0.0456267111652904,0.054068129790232754,0.04467756776690018,0.042496636965171454,0.25158133905039565,0.12349756214880547
2008-04,0.051744831997260675,0.047644329648110204,0.045935747997730265,0.06125108080510937,0.05374353786048661,0.040522560693510304,0.06880075568246331,0.06828601561411328,0.045650195207963526,0.054024539976313284,0.044620990341640514,0.04250771307557982,0.2516265294084993,0.12364117169121949
2008-05,0.051756163555152404,0.04758228572955786,0.045882765821379116,0.06111043041744176,0.05371847387028313,0.04047508601443467,0.06871263731950632,0.06815960374427013,0.045608224651465586,0.05402121215469907,0.04457364020374402,0.04250779371112535,0.25205455988197367,0.12383712292496694
2008-06,0.051806931995868645,0.04760557055464763,0.04592612913160648,0.061162786307849444,0.053744125371514545,0.040523098569172855,0.06882044817012978,0.06823654618345004,0.04562620266994775,0.054051667091037876,0.044549963889054585,0.04252063065876946,0.2516775467887124,0.12374835261823872
2008-07,0.05151236907598644,0.04601982987221876,0.04539957855533214,0.0624282654187628,0.053631458583009585,0.040554347379787394,0.06725803123087855,0.06897463043634501,0.04550763735897868,0.0543955553619567,0.04325954514872517,0.042193116086195415,0.25497836594235973,0.12388726954946375
2008-08,0.05161921586119247,0.04604865889671363,0.045387934399336576,0.06180278220544569,0.05377799953157539,0.04058976819685804,0.06718547580244064,0.06866761250326266,0.04556735237351743,0.05464796563715356,0.043458323383262866,0.042234562860038474,0.254717353365715,0.12429499498348762
2008-09,0.05166472562901009,0.046099760666350666,0.045425094413629886,0.06178747812160358,0.05380907025865229,0.040644090274218475,0.06735998353166592,0.06861948832799647,0.045675767327050955,0.05469043799949275,0.04346569732185273,0.04226785204704723,0.2550431042506571,0.12344744983077177
2008-10,0.05261725560614489,0.0462167208413313,0.04446476170622833,0.060260837486792895,0.053441788810549395,0.0405192337796456,0.06557465690049102,0.06660922296177617,0.04617472727569766,0.05491752106211094,0.04411835179695511,0.04246237583966349,0.2587729884709805,0.12384955746163256
2008-11,0.05315647119684875,0.042807783439987486,0.043314903069021284,0.05851844571107712,0.05322885124576022,0.041150740382672024,0.06439324501122995,0.06678782647761532,0.04684403887443797,0.055953478736946144,0.043733296485502095,0.04248323653982828,0.2620644839903309,0.12556319883874237
2008-12,0.05262663760842775,0.0423001611925042,0.04287163945788313,0.058297087344638274,0.05256409554640839,0.04068280134200913,0.06407193794680506,0.0664290754743789,0.0463009064997245,0.05515750890544819,0.04288368042598997,0.04197897734306782,0.2701558624765373,0.12367962843617751
2009-01,0.05302970111132544,0.042575921079750154,0.0430281853263971,0.05898710942430068,0.05312775037865765,0.040874260955700674,0.0642082289607214,0.06727661311779373,0.0464142529965803,0.05517349130931418,0.04316850063500969,0.042305143248588216,0.26654071609198776,0.12329012536387317
2009-02,0.06493700245939543,0.04852884894916319,0.04899687080152376,0.061538867761520656,0.053580958474780414,0.04319458583220445,0.06519383686731053,0.0739117330442758,0.05075264103219045,0.05964094287717394,0.0491584717649238,0.04745028470862664,0.18200346528380498,0.15111149014310596
2009-03,0.06437401241904431,0.0478284224119584,0.047635648044382306,0.059867739469248414,0.05308633850285097,0.04376534864281204,0.06491072783606693,0.0710581711908161,0.051679222784107026,0.05868552677563355,0.04788068196450046,0.04663926992330251,0.18147209965640593,0.16111679037887097
2009-04,0.06432451440177624,0.04733658631914873,0.04749101576533375,0.0601814309600165,0.05323628076010286,0.04348231376159572,0.06444065373600688,0.07171909166129926,0.051360946366176705,0.058430019463499655,0.04693176052485584,0.04621904700988424,0.1805522004576722,0.1642941388126312
2009-05,0.06438612409494227,0.04284020374772526,0.04567793894640606,0.060249453752820356,0.05244251529500069,0.04313025761517934,0.06336990817417415,0.07226629902547893,0.05105401887251764,0.059744741625931935,0.04561573902831063,0.04527505154037274,0.1873176875127768,0.16663006076836318
2009-06,0.06385074582089613,0.04325599035621388,0.04558869032779326,0.05952731789785674,0.052207584190785424,0.04317142976669679,0.06354913390898076,0.07195074836845324,0.05139368114974236,0.05933107031608473,0.04520376526018393,0.04529259363587501,0.1904032220803101,0.1652740269201276
2009-07,0.06386072276462766,0.04326316961922945,0.04559182449130469,0.05952271335347883,0.052207553147579334,0.04317955203696662,0.0635563070313241,0.07196470049089256,0.051398804291425695,0.05934487878666714,0.04520621035841569,0.04529543851608544,0.19032721256636972,0.16528091254563312
2009-08,0.06342143427918112,0.04220007260076925,0.0451913726660568,0.059423496217731575,0.05129601155852825,0.043130166108921224,0.06344287122220793,0.07188575896932,0.051378648704002924,0.059221261304783356,0.04501397533975636,0.044929462368060405,0.1923978080951757,0.16706766056550498
2009-09,0.06352998432965673,0.04223495118656913,0.04513143976986707,0.05948811626644388,0.05140415662580726,0.043158357288123124,0.06352739761208717,0.07200646578203598,0.051350417388251385,0.059203264009223024,0.0447977692567503,0.044885301886909014,0.19230005239406758,0.16698232620420841
2009-10,0.06352080153062499,0.04248971729637672,0.045054081630656176,0.059405889452123876,0.05123281622637057,0.04319628017106769,0.06318464216878945,0.07225029344002615,0.05158437035284329,0.05939044583077422,0.0450820648021758,0.04481160839697285,0.19313890539894765,0.16565808330225062
2009-11,0.06354206776185456,0.04251143892470009,0.04497527274285023,0.05959653119858528,0.0512306593118118,0.043198713787831626,0.06299321056654016,0.07206927430664838,0.05164824540464143,0.05928470654172101,0.044964533681193186,0.044658827601042256,0.19268836641906517,0.1666381517515149
2009-12,0.05162837594417854,0.04256467382173095,0.044107807025249725,0.06548599396323597,0.05229840400116876,0.039584303596371974,0.056538020598445836,0.0768958329775821,0.04753435535188745,0.04779312887801781,0.045490544206820784,0.0435177165591139,0.19662407829291997,0.18993676478327615
2010-01,0.05161391701726971,0.04254584368958725,0.044090737937587,0.06549897472375471,0.052304348274095594,0.03956611420647993,0.05649797369801367,0.07682174947788639,0.04752675004412324,0.0477775856558527,0.04549039644004415,0.043513293580989376,0.196854336081805,0.18989797917251136
2010-02,0.05068374761734724,0.04342494369580836,0.041903636482366384,0.051952104553001796,0.04664529837284614,0.04207436961058802,0.059438094934898586,0.08234448802527503,0.042223726841948854,0.050904145402630024,0.04239608087466368,0.04055339423744252,0.2387207424824437,0.16673522686873968
2010-03,0.05065500258149149,0.04330634267099691,0.041833164724729595,0.051920690876641154,0.046583783583977335,0.042031420264275164,0.059408497665486296,0.08246183085885175,0.04217444534544018,0.05093520134884102,0.042377746946515714,0.0405029625597357,0.2387835174879097,0.16702539308510791
2010-04,0.05039872288940099,0.04289428625880572,0.0415854512189507,0.051908359608425145,0.046509807517663336,0.04186195493940065,0.058837259894730265,0.08218060304573649,0.04198154463195679,0.05085846088193053,0.042065074322598726,0.04025643001494183,0.24196121127600057,0.16670083349945813
2010-05,0.05062817060224993,0.04274896294097252,0.04158361538039536,0.051874148596394005,0.046599103127278524,0.04193099136447767,0.05884880597049799,0.08215583470438409,0.04201043596242652,0.05114169940152139,0.04217614078201301,0.040286394477934494,0.24158530474024698,0.16643039194920747
2010-06,0.05007249993901263,0.04218229825885549,0.04094674062315084,0.05071681624481892,0.04608188019760804,0.04138506027297962,0.057898055037851004,0.08020802544859301,0.041769378664681577,0.050223642445994594,0.041483945095889076,0.03982416924296654,0.24885595533876625,0.16835153318883242
2010-07,0.049904284467348944,0.04158135024808718,0.04059077866815808,0.05016198861986884,0.045796797647384625,0.0410313687663452,0.05736828829456488,0.07992431799331629,0.04124932228909713,0.0500616888436398,0.041026839954072636,0.039577981316258996,0.25310508983866953,0.16861990305318791
2010-08,0.04960753299666222,0.04080332036145795,0.04025335540968529,0.04984141757554771,0.045417440072566644,0.04091302842756077,0.05663839242588953,0.07896181518408948,0.0413290457901122,0.050314651414908575,0.04096811675547696,0.0394818967078755,0.2547408464968972,0.17072914038126988
2010-09,0.04943893619596893,0.040405505481863835,0.03991911863899332,0.04956386180932115,0.04526553417482609,0.04059823962089722,0.05632780495624298,0.0787350820863161,0.041126480585462366,0.05010819106846459,0.04054637399203658,0.039266392011071224,0.2580722360156411,0.17062624336289456
2010-10,0.04947847027300509,0.03976493134515896,0.03946026408842966,0.049110910038272906,0.04538543685279853,0.04012118458667979,0.055930298731176026,0.07887715830924992,0.04053702310850294,0.049616022249008,0.04058505405003275,0.03897773001481222,0.2633223031175123,0.16883321323536082
2010-11,0.06403053517100141,0.042200136673257435,0.04494421122142538,0.05999200951778034,0.051042275895373114,0.043493250097304696,0.0625808975931172,0.07218568711113872,0.05190808433537908,0.0588697216556555,0.045309003514224004,0.04463363582266763,0.1955147539544891,0.16329579743718634
2010-12,0.06403790823813216,0.04223067468338831,0.04496142877339979,0.06004034199857215,0.0510369084580334,0.04349309822360608,0.0625686923567761,0.07217193258253521,0.05193996457506716,0.05885443978138835,0.04531259343008317,0.04464744631959371,0.19534956552744323,0.16335500505198133
2011-01,0.05143879692401463,0.042410209592831094,0.04375306254117724,0.06471605611027649,0.05221876820769391,0.03919052136094023,0.05567860328295694,0.07602371194698908,0.04740458163941515,0.04782249148758129,0.045465137421891455,0.04354896494634593,0.20046039971600657,0.18986869482187987
2011-02,0.051397216644391834,0.04241189624821644,0.04381411734911891,0.06488832310100068,0.052220586225358016,0.03923303475700963,0.05567367092110593,0.07609944250917589,0.04739842552263619,0.047815480452692606,0.0455061737487815,0.043575434070980926,0.2002629662173344,0.1897032322321972
2011-03,0.051321387139004186,0.042635324161094224,0.04382015481739522,0.06451135844332251,0.05223213872738658,0.03928698286278326,0.05541559633293814,0.0760982546514479,0.04744714577504522,0.047830164003527166,0.04554290220894437,0.043581791731760036,0.20069833434402276,0.18957846480132845
2011-04,0.05130497348696566,0.04263800309147272,0.04381870669093093,0.06451036686342816,0.052257745629081226,0.03932289662365521,0.05542089169950864,0.07610975166940202,0.04745800609075603,0.047830415596932636,0.0455897736496511,0.04360937166757626,0.2008141168636885,0.18931498037695094
2011-05,0.04934585155163386,0.039517418371207966,0.039441333330947015,0.048981688216466396,0.04515439253336494,0.04001908465759194,0.05574179102785604,0.07891398351286849,0.04056124365354245,0.04965794841658551,0.04067268275436798,0.03902751003014408,0.2654862806405835,0.1674787913028397
2011-06,0.0493375400679883,0.03947916841663429,0.03940177950399953,0.04890902703661294,0.04512903685378514,0.03998666313852881,0.055711873476269685,0.07889756869229116,0.040548751731495455,0.04964926108475499,0.04063159246739407,0.03899335767191531,0.2658312930444791,0.16749308681385133
2011-07,0.04937131678369508,0.039543741417333717,0.039486358845395406,0.04886866421085948,0.04513820622245641,0.039959744166290764,0.05568204762947234,0.07898925989001095,0.04062529801662247,0.049642393881753476,0.040633505028427025,0.03902421857680012,0.2652148111549265,0.16782043417595624
2011-08,0.053621182440386626,0.04199566244315345,0.04286391057472328,0.05921908433139035,0.05287953959537986,0.04166737580164766,0.0634023421497772,0.06870304855650528,0.04675048099498038,0.05618308171104852,0.04196474549802233,0.041931679435292676,0.2614790890411131,0.1273387774265793
2011-09,0.05351622655793718,0.04175906733873869,0.04268318463265931,0.05878733276803821,0.05273432165148376,0.0415341674933971,0.06316740951010788,0.06856523189212937,0.046639191019682905,0.05599429227570665,0.04174746837930935,0.04177484293835239,0.2631339488520353,0.127963314690422
2011-10,0.053297324342446405,0.04121080634126721,0.042170418496079415,0.0575153639761339,0.05212315101267785,0.04162101385372367,0.06281323008492007,0.06858320444771647,0.04665471800116064,0.055830561567383766,0.04127713652195322,0.04135926303702884,0.267568406256306,0.12797540206120245
2011-11,0.05302258641184289,0.040023772480907764,0.041403832447660466,0.05613365207702531,0.051572216871607554,0.04119677451522235,0.06216657956743204,0.06793361329934532,0.04628044277250271,0.05565151421087147,0.04070128484060604,0.040782042876192116,0.2725872970333703,0.13054439059541373
2011-12,0.053026256199915696,0.04001448745286527,0.041407179062278913,0.056135999162181004,0.0515743917725213,0.04119611211105154,0.06217210258860712,0.06793387693379731,0.04628339198086243,0.055655498883221244,0.040697935188869286,0.04078233324246631,0.27256800795329533,0.13055242746806728
2012-01,0.0530407992690287,0.0400137042809055,0.04139760833881004,0.05612213643588947,0.05158351876011571,0.041192854361297576,0.0622154306363053,0.06796285603113415,0.0462871022032916,0.05568577254403598,0.04070730184336387,0.04079039675360156,0.27264972024464895,0.1303507982975716
2012-02,0.04925649889273716,0.03909672706495431,0.03916373790228394,0.04860347975448771,0.0449197073244039,0.03984802437232923,0.05525009076149935,0.07876884689232269,0.04053970826740637,0.04939937556761684,0.04034831954869614,0.03880613040545047,0.2678225138291242,0.1681768394166875
2012-03,0.04916702551483592,0.03896352097828276,0.039144035961776714,0.0483700672539962,0.044868655518186404,0.03971250139317999,0.05505773435932146,0.0788434423126897,0.04050898253529514,0.0494819183076605,0.04018524311981258,0.03890605267754064,0.26981998438467514,0.16697083568274673
2012-04,0.05130073122782113,0.04250026927048118,0.043829112016823775,0.06440269302422123,0.05211804409168031,0.039383272522867795,0.055418940491254426,0.07600198000047634,0.04745239403258238,0.04773046626764963,0.04569676738188361,0.04368154241596401,0.20169268042449207,0.1887911068318023
2012-05,0.05129337452644671,0.04233161464659282,0.043800695667111894,0.06430646307847666,0.05209125926138063,0.039343417624759645,0.05544611157999836,0.07606304643340198,0.047466570229172146,0.04771734952343515,0.04562151282108541,0.04366867198098253,0.20237924909865251,0.18847066352850364
2012-06,0.05127507716683511,0.04205181948466617,0.04335804989174909,0.06279640763105448,0.05169696755105954,0.03913604747393315,0.05571271392295881,0.07623494450564158,0.04749975670865664,0.04766932549009278,0.04501681698788201,0.04358229781322048,0.20764170886515243,0.18632806650709782
2012-07,0.05124507204362629,0.04228148722193382,0.043415780265530654,0.06259715659918375,0.05172597284059692,0.03914715377021538,0.055504326166808574,0.07609192844237214,0.047513788916255996,0.04752466857805861,0.04495106193052094,0.043492139383796743,0.20825912210938935,0.18625034173171098
2012-08,0.05125275515758567,0.04229630333489108,0.04342618220575496,0.06258847102396509,0.051733021197248756,0.03915792863752959,0.05548357824879552,0.07605977034183994,0.04752072294127696,0.047527800847750046,0.04497581288705732,0.04351606166792093,0.20815934951890447,0.18630224198947973
2012-09,0.06380351180335779,0.041775220014418024,0.04455941592372699,0.05892198030634204,0.050630351118837805,0.043301692255795644,0.06194684941775882,0.0719565403341426,0.051933398164777864,0.05844161497214989,0.04467205058037112,0.04430059022963841,0.20083341282386358,0.16292337205481944
2012-10,0.06398183266550661,0.04181452004900795,0.044660682487821034,0.0588884988248227,0.05071144572639405,0.04341728393658311,0.06176713786056164,0.07199317598963205,0.05201574243374136,0.05825885814127835,0.04466922894571183,0.04427076118552551,0.20221638997611896,0.16133444177729475
2012-11,0.0639248951486673,0.04201440855297178,0.04469954352329318,0.05884791396932385,0.05072359986614893,0.0432726830866382,0.06168180928748669,0.07215411091337162,0.05201863357334406,0.05824841891225903,0.044783909946578514,0.0443141822682883,0.20193884896580522,0.16137704198582323
2012-12,0.05129155645580714,0.042294136110336764,0.04342524536046865,0.06257018684157149,0.05173122205107937,0.039130588211238666,0.05547881410957722,0.07622564817065153,0.047514854747062595,0.04752908208009942,0.04495251339877306,0.04352557083094024,0.2083202928384424,0.1860102887939515
2013-01,0.05124810404221878,0.04244026832531818,0.04350881154007457,0.0626356839916266,0.05177092356941623,0.03914928751280849,0.055515169385623946,0.07626507152742963,0.047508019235599254,0.04753816154790376,0.04505895483114034,0.04359088200367573,0.2079543615894902,0.1858163008976743
2013-02,0.0510915267676409,0.042437764761058455,0.043390282999481194,0.062170326269623204,0.051496192057137506,0.03920080739542032,0.05536836489356597,0.07578314020143836,0.04734761961780729,0.047213403473468474,0.04488459450209598,0.043348248490062004,0.21007331504514157,0.18619441352605878
2013-03,0.051107643260382224,0.04243291757142769,0.04339531285655553,0.06217457231758358,0.051499999962469754,0.03920097826441006,0.055373566915817816,0.07581041120221624,0.047348854889842196,0.04721503660385672,0.044889462708847666,0.04335719380736167,0.21010616587292422,0.18608788376630458
2013-04,0.05100736460315749,0.04237762623521116,0.04338300798976029,0.06218506936897353,0.05155023897200171,0.03920308687348209,0.055232609398465284,0.07546393538262464,0.04727330952572888,0.04706541302211221,0.044830219084984434,0.04332090968737393,0.21039979599948164,0.1867074138566426
2013-05,0.05104649177760847,0.04241840493025874,0.0433810693758851,0.06216140099567073,0.051585067456608465,0.03921108188731451,0.05528303656250309,0.0755853194836249,0.047299510244744096,0.04709063136941073,0.04484510296856485,0.04331883972293951,0.21053534790349135,0.18623869532137544
2013-06,0.051089661868792914,0.04293072643806869,0.04370578119390135,0.06260745943397228,0.05181617547961805,0.039480106999576936,0.05533563653763933,0.07503650036385498,0.0475559086495946,0.04735236292254442,0.04531168543654477,0.04361979168023251,0.20886804508095674,0.18529015791470246
2013-07,0.05145976950506764,0.04322116389824415,0.043928024563627474,0.06272013668972855,0.051922385771551824,0.03961924446706287,0.055896897294427726,0.07574986048474056,0.04790312502119218,0.047608866420109384,0.04561847963208755,0.043801914717923385,0.20680610594753523,0.1837440255867015
2013-08,0.05144629694906547,0.042987752816502856,0.04377836237359111,0.06248779451091973,0.05174566760385179,0.03952075101537979,0.05585496266039324,0.07543726432095131,0.04775258510503169,0.047335926280088536,0.045457835222421715,0.04373696603171624,0.20745444513806424,0.18500338997202231
2013-09,0.05127420511861009,0.04302281782316802,0.04376743291779349,0.062385782487806574,0.05168151516760986,0.03956708592088976,0.05568157754263824,0.07503572515527801,0.04760919912515929,0.04717978924987968,0.04533641776496124,0.04369642301592202,0.2066944070383258,0.18706762167195787
2013-10,0.051356618591684354,0.04292322098245042,0.043656087883107035,0.062443928669231125,0.05173526462917161,0.03957092996775341,0.05563201014393422,0.07518012715554596,0.04756858480999387,0.04715917396666513,0.045364527215778765,0.043631325675946804,0.20644634421628857,0.18733185609244885
2013-11,0.05127396279434059,0.04300522736705315,0.04362036078279872,0.06228841085510948,0.05161808465053781,0.039552015580657685,0.055483531263391665,0.07509421163057309,0.04748510143073753,0.04713929851359678,0.04536814233470862,0.04356756449162755,0.2064688752566578,0.1880352130482093
2013-12,0.051296915725516576,0.04303149237832674,0.04366552169999791,0.06231997832394379,0.051659812482191494,0.039592201212205774,0.055481485107674235,0.07504978013305424,0.04754067931547226,0.04720568925336113,0.04545318221445734,0.04360535913045325,0.2062458879624324,0.18785201506091279
2014-01,0.05136658860722092,0.043063678066968474,0.043746836240927414,0.062435222888138166,0.05170274930225464,0.039659564755665164,0.05558653251536091,0.07514361515224946,0.04756128752229588,0.047235807279260945,0.045513705483243856,0.04369095644129664,0.20578588535052428,0.18750757039459343
2014-02,0.050986970522463655,0.04294646614775822,0.04358261803078484,0.06185806013965772,0.051412771910657115,0.03963152605819464,0.055280177337473334,0.07538817569655885,0.04722889418716587,0.04727762939953968,0.04532534598029476,0.043519070413421734,0.20751233857566928,0.18804995560036045
2014-03,0.05115115584620555,0.04280324037735888,0.04363046324034349,0.061715926166532896,0.05139424472467144,0.03971810219838268,0.05554701920952123,0.07542652654212341,0.04722156299399876,0.04723611193140843,0.04549946072692241,0.043649682201412646,0.20873604709320065,0.18627045674791753
2014-04,0.051144957392918446,0.04281137449841331,0.0436367460870693,0.06171634730072009,0.05139741463197209,0.039723073892621946,0.05555311707874507,0.07541537176938974,0.047228698486185015,0.04724787758666931,0.04549875165022557,0.04365208125909561,0.2087434105774748,0.18623077778849975
2014-05,0.04927621115406437,0.03906741795188255,0.03916116610643418,0.04815147531711376,0.04489794701117489,0.03984003973717613,0.05512092155601515,0.07903697236577814,0.04058672797202921,0.04955949328991916,0.04035898827671946,0.03896260986751976,0.26950465431321907,0.1664753750809541
2014-06,0.04925669387561617,0.03908425710803922,0.03917007760112904,0.04817069407299135,0.04491025142068841,0.03982989166604089,0.05508997303830276,0.0791169399393654,0.04060411686394138,0.04956268698192345,0.040375467251125195,0.03896055468428698,0.2692432467113028,0.16662514878524684
2014-07,0.049261486203338575,0.03905683104231796,0.03916591319059781,0.04813602460833234,0.044929428920978114,0.039822549168762066,0.0550943396514826,0.07898588018665383,0.04060427516053022,0.049539188338710245,0.040363128493802435,0.03896159807995525,0.26937141993799185,0.1667079370165468
2014-08,0.04907289648306703,0.0389925423868829,0.03905769335916092,0.048040627226396265,0.04490538679732379,0.039930805213724586,0.05529314057862443,0.07803529763099368,0.04065496544284315,0.049668085993714944,0.04039949709793293,0.038985850328947205,0.2694623586422492,0.16750085281813876
2014-09,0.04899899995994934,0.03897222489769936,0.03907373846093964,0.04815571314892496,0.04484730029021571,0.03996940889877392,0.05562851617068562,0.07770706998177583,0.04063681621255434,0.04958147190451807,0.04045599844612459,0.038998087789753326,0.26857185282006396,0.16840280101802135
2014-10,0.04950545855883504,0.03870728228053265,0.039243567128526585,0.04779289346637536,0.04528363300590494,0.040258791666125116,0.05592777254975319,0.07755939703458277,0.040975171966465995,0.05008557934942263,0.04086799297548785,0.039295315789385867,0.26758366611377266,0.16691347811482926
2014-11,0.049533166826726135,0.03870092693371432,0.03924990860864762,0.04800546679766669,0.04533392749726942,0.040301545063653015,0.05600884755935437,0.07724356921835474,0.040985635047778496,0.0500030680320007,0.0408689931503754,0.03930416776556732,0.26717925849896046,0.16728151899993135
2014-12,0.04954298982550958,0.038709444972898716,0.03926020578979677,0.04802992845928895,0.045344378009444075,0.0403118461645955,0.05602425597150852,0.0772754219629798,0.04099177465682466,0.05001690230222021,0.04088221932633539,0.03931342792982592,0.2669809118847244,0.16731629274404763
2015-01,0.051164696029818615,0.04278916688137174,0.04364865328797799,0.06183655571668293,0.05144833868199932,0.03973647093364122,0.055580790123999975,0.0754571135372314,0.04723657101364996,0.04723947413453683,0.04547884841592528,0.04369214756469412,0.20857362571278784,0.18611754796568286
2015-02,0.05108787131351892,0.04269589699452984,0.04354869614212056,0.06164546625305313,0.051311399410233285,0.039658622605850735,0.055395006242196544,0.07542430339931877,0.04718841257444276,0.04719926901371081,0.04529935961492538,0.043591476713439506,0.20941003399118444,0.18654418573147533
2015-03,0.050928701717685446,0.04252709515666998,0.04341940879196984,0.06144735472120019,0.05113167891300902,0.03950713625408926,0.055049855588798755,0.07584595015112683,0.047047039150236974,0.04709748193587325,0.045093496435659824,0.043459486020481386,0.21058228389899303,0.1868630312642061
2015-04,0.05085718636184471,0.04262657317383488,0.043465479187151435,0.061367338310271864,0.05103532594846061,0.03952654628011322,0.05496746115069493,0.075930862577078,0.04720710441809491,0.047261627077040756,0.045229449316611665,0.04349309341632704,0.21132937445534108,0.1857025783271349
2015-05,0.050858031375403664,0.042622691402378905,0.04345900965751706,0.06141992942280395,0.05102875440540187,0.03952913284942458,0.05498628861343068,0.07592858779178763,0.047194756279751324,0.04724668407602091,0.045232936799562584,0.043494482064831315,0.21121797945164267,0.1857807358100429
2015-06,0.06405533655405327,0.042034041825872476,0.04476369441074705,0.0587674251249901,0.05073734124117711,0.043362391382606745,0.06169752729955178,0.07194085129772279,0.05209018546427034,0.05832364208731346,0.04484046451530559,0.04436789782690563,0.20156889822562252,0.16145030274386105
2015-07,0.06416354281280641,0.04209366901859355,0.044868902319316076,0.05871134518665044,0.05085061085231102,0.043364680869172806,0.06193389774034346,0.0715354123805204,0.05227488334872582,0.05870182718289825,0.04516438413370111,0.044469567935526866,0.20049898935700616,0.1613682868624276
2015-08,0.0643189027403236,0.042047664218886255,0.044844491071857874,0.05848965378876355,0.0508027410704365,0.04339721631023917,0.061972375538842675,0.07165183540430897,0.052378678096540295,0.058805593269829474,0.04519825131070984,0.04451130480411692,0.20072580000585322,0.1608554923692917
2015-09,0.06424834858248268,0.04201071669359732,0.04496738481357861,0.05863072460500801,0.050537051452690905,0.04342043962721932,0.06117636394936709,0.07150482293839357,0.05229326365762984,0.058187160433850096,0.04512374577024094,0.04459696902186725,0.20244070986318027,0.16086229859089418
2015-10,0.06429464259226444,0.04192362315697622,0.0448478560876281,0.05828537872109511,0.050405420068806495,0.0434569958410855,0.061066285804203445,0.0715728417045965,0.052239068379690196,0.05774922336316733,0.04505906482956059,0.044577899770303124,0.20357171584606837,0.1609499838345544
2015-11,0.06391547675727531,0.04201779152796985,0.04471283432038913,0.057230461864442674,0.049716279287542,0.04318075861604671,0.06034985749744969,0.0720726754251417,0.05239639051672426,0.05730930319717522,0.04514765255585796,0.04445190661895246,0.20731474132180877,0.16018387049322422
2015-12,0.06394718260740712,0.04213592097749586,0.0448302555614068,0.057461635231459536,0.04984488273091598,0.0433012440372309,0.06033182640993522,0.07189645072518852,0.05253976049934727,0.05749749155701259,0.045335839131420835,0.044571177134222685,0.20751661032927052,0.15878972306768616
2016-01,0.06422859970263364,0.04205728441497241,0.044814871535892156,0.05687217369374279,0.04998734159879408,0.043323294707675236,0.060250586277654915,0.07185233407820892,0.05270218868893248,0.057765720371474,0.04534199695057921,0.04464404788263649,0.20744426717005837,0.15871529292674502
2016-02,0.053140020813171526,0.03970298775464175,0.04124012088594574,0.055990759552750236,0.051465188874113166,0.04105578574790395,0.06211685875795553,0.06822459774989524,0.04629824124624987,0.05559130770856149,0.040581911320804895,0.04069051803757481,0.27384832143934135,0.13005338011109033
2016-03,0.05323288548310793,0.03968500568395814,0.04124232256754494,0.05624356115876317,0.051480556456258,0.041136928501466885,0.062162494837227994,0.06829019973223223,0.04638670524304602,0.05575124237899242,0.040716158739854465,0.04068742611869646,0.273516510542648,0.12946800255620333
2016-04,0.05318630760619437,0.039423135004340956,0.04117431961445011,0.05572269092397277,0.05137498409137551,0.04096863738072492,0.06181488816041335,0.06767660227214281,0.04637918488302662,0.05581775885254873,0.040659078577584204,0.040579239381444046,0.2759845060709379,0.12923866718084365
2016-05,0.0495189288090144,0.03866519132590608,0.03922626969292136,0.04784030723824873,0.04525665307925072,0.04027220036072783,0.0558239105495946,0.07729015232427186,0.04104414305893697,0.04995246154509377,0.04092252037190357,0.0392859164580794,0.26783392362268055,0.16706742156337018
2016-06,0.04952128954669528,0.038663716061288184,0.039225143984085706,0.047839402026944575,0.04525645952978638,0.04028319734601124,0.055825103446373245,0.07730635050813027,0.041046755696856264,0.049960852351558595,0.04092832048130999,0.03928597179400901,0.2677708746357483,0.16708656259120303
2016-07,0.049501977180397325,0.0388577930049587,0.03930289346394543,0.04788011468943371,0.045323232184767075,0.040421617855061195,0.05585322711204406,0.07699894374074744,0.04112290338202403,0.05010754049538081,0.04116806518469564,0.03935783149030319,0.2667933556773494,0.16731050453889212
2016-08,0.049694145293355065,0.03866261216918309,0.03926889268133807,0.04818662266972024,0.04534079278189462,0.04029987439445835,0.055925731121255526,0.0773282545907564,0.04109754572894166,0.049925847901250354,0.04114667586333507,0.03936677665239661,0.2672385422307009,0.16651768592141408
2016-09,0.04974242399590108,0.038741621477792594,0.03935830308841392,0.04833808649068031,0.04549962983628548,0.04040377976720184,0.0558064397174975,0.07703138749219703,0.041124390897619094,0.04985900017612045,0.041379377493673215,0.03945631181992321,0.26661445976178627,0.166644787984908
2016-10,0.04966879844286847,0.03873452686281503,0.03937681278473564,0.04844299733616601,0.04551316130571468,0.04046126253377536,0.05582598579019717,0.07717356481013189,0.04112977827589678,0.04989706199179236,0.04135953445823814,0.039473465161614214,0.26645400115566786,0.16648904909038656
2016-11,0.05020067841096885,0.038914388661166845,0.03960877710783791,0.04865385670426184,0.045810181160135716,0.04080940983045157,0.05593035841319519,0.07781683340125801,0.041250927741932814,0.04956557440928069,0.04196265587948775,0.03989078272260014,0.2643836437702581,0.16520193178716466
2016-12,0.050200892300703855,0.03893768680993748,0.03963560124388343,0.04869060617005492,0.04582352358960925,0.040820841612673985,0.05596872916881564,0.07782467264934197,0.041269112842328565,0.04958769134944444,0.04200289880256905,0.039917315206878703,0.26411345687592114,0.16520697137783755
2017-01,0.05030984554175025,0.039022650512784245,0.03965369596406698,0.04875983539095363,0.0458664321340793,0.0408518436504264,0.056137386523697666,0.07806473639133399,0.04127471178979234,0.049630582590612,0.04208709144275054,0.03995860856792822,0.2638203236445817,0.16456225585524287
2017-02,0.05031565988546621,0.039006480160202806,0.039642653631297,0.04888736052595593,0.04582780508507545,0.04082399889528164,0.056105904567123395,0.078084503319092,0.041285285358697056,0.04962898429940935,0.04211638583719168,0.03996347201528968,0.2639296584613115,0.1643818479586064
2017-03,0.05030481633990816,0.03910721834135667,0.03964242367331169,0.04919419255860574,0.04578966772901616,0.0408046083976117,0.05636592304943727,0.0779167617670204,0.04130986114767861,0.049441510673915744,0.042094476210413706,0.04002649103903425,0.2640196731518218,0.163982375920868
2017-04,0.050339523302270386,0.03913130277964639,0.03964716973444022,0.04917587971685982,0.04582717612361289,0.0408490154215091,0.05639278943091162,0.07794854982594575,0.041340586477239136,0.04945385764624398,0.04205250090322319,0.04003590820748826,0.26386269513531263,0.16394304529529663
2017-05,0.05035459421688668,0.03913072599055917,0.03964240486106625,0.04921760943419935,0.04583998344593684,0.040849979040212626,0.05642091645764987,0.0779850435120619,0.04133251895303874,0.04946423580949543,0.042068026464874564,0.04004324240940667,0.26377187118609685,0.16387884821851528
2017-06,0.050405179840727087,0.03913279336045148,0.039657474350905664,0.04915982100393575,0.04584951000812839,0.040892232716483,0.056369414930229636,0.07806930367237012,0.04135122553935083,0.04945366443579624,0.04204864753009304,0.040055589633395366,0.263828615433151,0.16372652754498251
2017-07,0.05039456935204343,0.039192947070236475,0.03968778179949082,0.04917375917285052,0.04587468030534062,0.04087161322762561,0.056315028393861453,0.07799976068699165,0.04134135192613108,0.04957829017918056,0.04214683531088448,0.040093501086130426,0.26350842862110274,0.16382145286813005
2017-08,0.05039638849704549,0.039194994120941434,0.0396907246053377,0.049176692549687824,0.045878545293266154,0.040876884240018625,0.05632487173492242,0.07801678196908785,0.041343114500586364,0.04958150772461295,0.04215103066441221,0.04009632586618951,0.2634574769778583,0.16381466125603314
2017-09,0.0504079447964026,0.039198038038822776,0.03969359381900827,0.04919533263151204,0.04587855240512153,0.04087520626078742,0.056342806509519665,0.07801811270449661,0.04134892035143155,0.04957828816873526,0.04215913277273885,0.04009751927064299,0.2634158846744687,0.1637906675963118
2017-10,0.05098360022844314,0.04264255666136225,0.04350470637039418,0.061198236288380954,0.05101429495430066,0.039588717436707895,0.05490971931540642,0.07596354331522767,0.04729591063297891,0.04723493130996441,0.04540549311010055,0.043552380744111004,0.2112434724452125,0.1854624371874096
2017-11,0.05098615717750639,0.04267040403406893,0.04357365070992252,0.06121828810327835,0.05103524525639813,0.03969481248873583,0.05475479163991773,0.07612361022843916,0.04735570968707581,0.04719407621883312,0.04547558949050242,0.04356970534207408,0.21112678088404593,0.18522117873920158
2017-12,0.05093452855163796,0.04275802126507656,0.043558303006438336,0.061181535660574216,0.0510005229308104,0.03973762962880382,0.05469930303265637,0.07606727394222892,0.04718865850670428,0.04720461886549046,0.045439752649843256,0.04354056094257696,0.2114739706408494,0.18521532037630886
2018-01,0.05095079773605263,0.042751125890316086,0.04357689338880957,0.061256652193361176,0.05101529336223961,0.03973370775427308,0.05474725143421693,0.07593661909040955,0.047210392048714106,0.0471962301857637,0.045446794091566524,0.04355601635984742,0.21147194394105262,0.18515028252337695
2018-02,0.050991127149741355,0.04278146844337421,0.04346759046886167,0.06123954379619056,0.051235835257950724,0.039613329114994884,0.054723376969120115,0.07638225572830103,0.04688944518347828,0.047039223625507456,0.045300082208827856,0.04346033978549632,0.2133428242929839,0.1835335579751715
2018-03,0.05074380119109629,0.042749319172810496,0.043690684535174905,0.06001584681070366,0.05101969553848739,0.040107775902665795,0.05425203972965188,0.07608674430419442,0.046934327021845135,0.047162187449592025,0.04560610390893741,0.04356523857286672,0.21326280595938898,0.1848034299025849
2018-04,0.05040076599867907,0.03915533927936181,0.0396657780805495,0.048999189087375584,0.04586422878719508,0.04091880192108435,0.05632905150983383,0.07814106653084851,0.041305462649120495,0.04954256825541972,0.042127560082419,0.0400781719647715,0.26385138384261225,0.16362063201072918
2018-05,0.05031447462135139,0.039188185615172295,0.03962111663528785,0.04932151796134287,0.045828085684776663,0.040946269219238746,0.05627193953573869,0.07838833899992641,0.04143459387572817,0.04958607697556239,0.04218332551720153,0.04010737046958609,0.26304823682768497,0.163760468061402
2018-06,0.050319560129037454,0.039190963497776,0.039623712964393154,0.04932191275115519,0.04583096736197933,0.04094826397400969,0.05627816887215107,0.07839776513729119,0.041437544883544224,0.049589483256736726,0.04218811267660792,0.04011013895635373,0.2629906242715999,0.1637727812673643
2018-07,0.05034563864711887,0.03919661606347202,0.03961704897280329,0.04932546862601966,0.0458449831784036,0.040948448798414354,0.05632266837893975,0.0784301406239962,0.041451027116277864,0.04959985458187345,0.04218524944973191,0.04011041696940073,0.26289030818603776,0.16373213040751064
2018-08,0.0503431797332351,0.039200168353257604,0.03961257188517507,0.049324554143327835,0.04584046050040515,0.04094933428211272,0.05632044604763755,0.07843014105816683,0.041448722540023866,0.04959214429275366,0.042183217475477236,0.040109466120496755,0.2628857532463359,0.1637598403215947
2018-09,0.05035071958848065,0.03920521798569959,0.03961993113549732,0.04932507591725304,0.045849125084668665,0.040954077995361465,0.05632779392863631,0.07845002513607693,0.04144628177529613,0.04959448357945568,0.042182315161558376,0.04011528870700429,0.26281434163534384,0.16376532236966768
2018-10,0.053209011165572,0.0394360086851223,0.041195721861395335,0.05577099952576451,0.051416979471112845,0.04101847203908676,0.061816347156526764,0.06769632306207483,0.046383493988367754,0.055821149642558555,0.040701517046270626,0.04061061387228612,0.2759567795004585,0.12896658298340305
2018-11,0.05372819171302657,0.03970625646535391,0.04085263495218754,0.05486432431604921,0.0513650954142277,0.04092024126449119,0.062461419230551506,0.06828361377011133,0.04611061368373372,0.05530910708052214,0.040775678057627336,0.040471387853446734,0.27552679991409174,0.12962463628457935
2018-12,0.05379796880862048,0.03965943877717426,0.0408290037534222,0.055031015098021115,0.05128670486493354,0.040990917348367566,0.06242818435922269,0.06824211838084226,0.04611932709081789,0.0551965223784766,0.040778887587527325,0.04047249770722212,0.2753943459536847,0.12977306789166712
2019-01,0.052798246958337125,0.03933251566840467,0.04053093182230584,0.053785242277909664,0.0510738803498144,0.04089530041086556,0.061633064304586524,0.06770527981664999,0.04573126312381472,0.054543864900439276,0.04033248898963277,0.04019915505432905,0.28107268022891635,0.13036608609399414
2019-02,0.06438373085879164,0.041519537090828576,0.044536602602041314,0.05640008124022411,0.04978401842259134,0.04317435709520075,0.06033301097904368,0.0725408311072925,0.05242031877816415,0.05690579505678425,0.04492164599841903,0.04439265988314568,0.20993302534299918,0.15875438554447388
2019-03,0.06443963705567268,0.04151044549359689,0.044434801755457595,0.0563839600349174,0.04970638768383609,0.043089725276329434,0.06027271522307529,0.07236790945472615,0.052498481209082105,0.05681214976981193,0.044913557997328955,0.044350443894215795,0.2107546407019859,0.15846514444996365
2019-04,0.06442710709244819,0.041565239604729125,0.04447205677304965,0.056384155306344115,0.049713670299134996,0.043090019454265556,0.060297281575594476,0.07234235664379494,0.05249533511093641,0.056832937579615835,0.04495724640994293,0.044362251069138214,0.21044124343926948,0.15861909964173596
2019-05,0.0643576767863347,0.041556419839303624,0.04442844098019317,0.05640953315933178,0.04963107942012653,0.043015195980567585,0.060121168200393656,0.07233143775234138,0.052417730048430165,0.056977133940925476,0.04483713858511707,0.04427030659578704,0.21084334258926318,0.15880339612188468
2019-06,0.0636501552139866,0.040942048863446934,0.04393539131398793,0.05524945410117233,0.04914720397226692,0.04262329113501526,0.06003203263704359,0.07235669414093307,0.0519992499556435,0.05692573980040424,0.04467595717926615,0.04405088653770061,0.21602355188146585,0.15838834326766701
2019-07,0.06393043734909935,0.040636385187216295,0.04382093558992883,0.054948238394480306,0.04905490299049123,0.04271329972010894,0.06025063760211674,0.07279050713069915,0.052034405103175904,0.056793195799995415,0.04490101610861683,0.04412826177356912,0.21763288515600387,0.15636489209449794
2019-08,0.06393075519376178,0.04064199665687357,0.043832278955565324,0.05497987978355494,0.04903957927383928,0.04270325979353305,0.06024208631786234,0.07281864884489142,0.052041315236687584,0.056820732068497325,0.04489197618474945,0.04413942639981661,0.21766907652505743,0.15624898876530993
2019-09,0.050635377970015584,0.042506236651066794,0.04347281257449814,0.05988405120190446,0.05097436817939977,0.040003067533926254,0.05410343427280931,0.07636318533368319,0.04678776274667213,0.046997023202224784,0.045451493520639534,0.043492325414274544,0.21432369494679274,0.1850051664520927
2019-10,0.05062794890671204,0.042488283479212845,0.04344974699895747,0.05985440402803881,0.05095793057316522,0.04000484199385688,0.05410585914675411,0.07628275660860186,0.046792760029186864,0.04701976263185115,0.04544042611832642,0.043500322963538035,0.2145323438964994,0.18494261262529885
2019-11,0.05062474792006786,0.04252062487254201,0.04345254866807954,0.0598391054678626,0.05094784585839509,0.040016964682280116,0.05411575993014428,0.07626092765491538,0.04679404567342141,0.047042053578527775,0.045457846318488336,0.04351297401484687,0.21448997834679473,0.1849245770136339
2019-12,0.05061319056510836,0.042511253979249194,0.04343354232656967,0.059837493106379265,0.050950225796604964,0.039996285041421706,0.0541031125085655,0.07630320729114516,0.04678768729057028,0.0470094192347096,0.04542879213358944,0.043496471217756995,0.21453605840343998,0.1849932611048898
2020-01,0.05056862255439302,0.042446632698200586,0.04346607443161072,0.05968109727288085,0.05095235978923583,0.03997189910086083,0.05414228602596593,0.07612069931889918,0.04680531045010858,0.046976510263925825,0.04541962789908066,0.04349819032702255,0.21505065933177023,0.1849000305360452
2020-02,0.050372257225757534,0.03905689392922735,0.039597083865582736,0.04925934474544494,0.045800392114919077,0.04091821878628097,0.05642816262449833,0.07840819349759134,0.041439261504376164,0.04964876113126054,0.04211543179653152,0.040089328411908945,0.26308724450723125,0.16377942585938934
2020-03,0.049485959048648394,0.03888909394367873,0.03921091422596066,0.047696052416100324,0.04517095437225059,0.04052819525941458,0.05564584565478427,0.07548445195847953,0.0411755127704052,0.04925099706923012,0.041406658000003586,0.03971937951719824,0.27178564245701353,0.16455034330683227
2020-04,0.04889241040123561,0.03737517216855079,0.03786740169635354,0.04268519783908174,0.04526573497384412,0.040603935647426884,0.05374107439426154,0.07111017890508949,0.041736346685666025,0.05002710687893275,0.03981228678740941,0.03874962818195457,0.2879923315854961,0.16414119385469733
2020-05,0.049731760530670265,0.03589650176332097,0.03859074603813897,0.039524104912360074,0.045280272187045875,0.040509345671949824,0.05414286543327967,0.07244982812864595,0.04081819535395381,0.04944943590414529,0.040166363366198145,0.03925728704844381,0.2924294841895754,0.16175380947227203
2020-06,0.049739524483917656,0.03578801709730713,0.038500234885033104,0.039653464837721704,0.045212611751412786,0.040372394769899456,0.05403084164267335,0.0721403511505636,0.04078337144085047,0.04939834144161145,0.040183205209146255,0.039160199834755806,0.2935083359436052,0.16152910551150204
2020-07,0.06386603474497597,0.04044865263421407,0.043784182020886485,0.05417387329182352,0.049032558487573326,0.04273197295637919,0.06013288869447225,0.07255660810249857,0.051961700229896705,0.05683375638709803,0.044796602668689546,0.044111488221733546,0.21938901993389862,0.15618066162586022
2020-08,0.06378035050407038,0.03974757516947568,0.044143349624363115,0.05545077357619359,0.048932698716139506,0.04279499064152099,0.060202430727576986,0.0721158425700418,0.05162846203509372,0.056930909937170704,0.04524124160394776,0.04412182645525817,0.22098016406384427,0.1539293843753033
2020-09,0.06374169855521672,0.037727456967126635,0.044135370708289864,0.05613066183784627,0.04901898195991007,0.04252274215337523,0.06004860157864176,0.0732505855827685,0.05138325929973324,0.057142015086094795,0.04535041634546005,0.04387845824251353,0.22462322833181342,0.1510465233512099
2020-10,0.06375549960255085,0.037478504523920264,0.04442138207359528,0.05500622028561181,0.04933535359623985,0.04243811201162009,0.060135629196042255,0.07362503871003526,0.05128781248791974,0.05735909114715449,0.04534352324622949,0.0441100854574504,0.2253792438024824,0.1503245038591478
2020-11,0.06371106458989001,0.03748917188172438,0.044577648493469825,0.05491799872276867,0.04950190482299,0.04253268957703444,0.06001627413793488,0.07455435673746252,0.05130877904245123,0.05728117666255835,0.045504759776812786,0.04417311706919023,0.2241360017058565,0.15029505677985613
2020-12,0.0631994170641902,0.035661729455220274,0.04386685245658646,0.05100827898554345,0.0499686770100507,0.04283857100448634,0.05854919209524619,0.07626936595973163,0.05178126498706912,0.05695449578668094,0.0448125025438316,0.04371208088007582,0.22682505842742415,0.1545525133438632
2021-01,0.05067423224693286,0.041694737563134125,0.04351953516787535,0.05863837642273927,0.05113388802659821,0.04004984056144102,0.054125243283892434,0.0760378997507114,0.046822196787648165,0.047181550998537686,0.04539265508338551,0.043480421893709376,0.21678347977383838,0.18446594243955625
2021-02,0.05056347276941018,0.041991543310834434,0.04350991914599571,0.058887264558827465,0.05101437283945934,0.04008277228504361,0.05401271278123046,0.07607559903305307,0.04686066067576305,0.047315419998218866,0.04534740987910098,0.04345196973605705,0.21619747025544708,0.1846894127315587
2021-03,0.049733321919238606,0.03551929058103839,0.0385299950342799,0.039579606617713196,0.04526619035690769,0.04039460389489981,0.05392468129793074,0.07233396911167149,0.04081396932026133,0.049429277201370594,0.04019295572852141,0.039156347862420886,0.29365730091235775,0.16146849016138817
2021-04,0.04968957285981757,0.035520358120219565,0.0385022477490752,0.03957178305827982,0.04522680147385555,0.04039529377111886,0.05391923672497479,0.07219943005897665,0.0407908271923635,0.04943465678524646,0.04017303678148833,0.03914229112557199,0.2938520817209442,0.16158238257806745
2021-05,0.04971926510717657,0.03552708563884344,0.038594788012104045,0.03970554122165218,0.045294794416020016,0.04033842951956226,0.05397504157750525,0.07205475812618478,0.04067368461390625,0.04949529611457116,0.040105586870803386,0.03910935355327625,0.29403767981511036,0.16136869541328405
2021-06,0.04972265725170473,0.035595022956804966,0.0385911082614133,0.03966347966486593,0.045293462472975006,0.04038358636594631,0.05403249331220565,0.07215882201153113,0.040722970316717275,0.04953915068881198,0.040098825840473654,0.03911278693583762,0.29396191851683384,0.16112371540387857
2021-07,0.04973252124597605,0.035600258260533375,0.03859778710581043,0.03966660727330374,0.04530220029246432,0.040390684064957966,0.05404309460170405,0.07217152660331148,0.04072934426517071,0.049548144707814094,0.040106543547757244,0.03912035744852513,0.29385706817217794,0.16113386241049335
2021-08,0.04972568033662332,0.03559449718416596,0.03859715452393946,0.03962241408608658,0.04531313750934316,0.040401519660389566,0.05403522961487956,0.0721989496414171,0.040723992947101634,0.04956011048484955,0.04010242233795746,0.03910948419975749,0.2939606576502027,0.1610547498232865
2021-09,0.049725366371387705,0.03560307153276871,0.03860057240516558,0.03961808114229934,0.045317220394873306,0.04042159469380139,0.05404552847542317,0.07224210793070869,0.04073553413765555,0.04958059332995904,0.04011584748531536,0.03912254717380025,0.29384559944976,0.16102633547708173
2021-10,0.04974460582331064,0.03609714261766374,0.03855793514979721,0.04069205680291838,0.0453478506290301,0.04035913798212694,0.053860688759900674,0.07187108234879531,0.04083456057161806,0.04945427307108293,0.04037749995261865,0.03925695176511184,0.2921004883296137,0.16144572619641173
2021-11,0.04977030383068695,0.03506390153511708,0.03861907060199425,0.040426943983331694,0.045243890550829655,0.04022291355459336,0.05463497899595893,0.07154051709770415,0.04082830913592714,0.04960346374564858,0.040291556777586675,0.03921491643276017,0.2927988243170186,0.16174040944084273
2021-12,0.04961608511226475,0.035141706818771115,0.03861332784280866,0.04029691433330457,0.04528468143789236,0.04027054335558046,0.05425051269718322,0.0713720714554795,0.040905733755789965,0.04941918510775222,0.04014287859719604,0.03909345582367075,0.2935127258540861,0.1620801778082203
2022-01,0.04940422886855328,0.03529643935551361,0.03858848173159255,0.040288630084419484,0.04505830822534964,0.04030761415564966,0.054181695287940354,0.07087423170093743,0.04094220954895223,0.049263855562765024,0.04010549616018967,0.03903475495377518,0.29421488890383024,0.16243916546053153
2022-02,0.04980638896792574,0.03511408817449262,0.03860384662102831,0.041728549783337725,0.04495569222266445,0.04013951860610577,0.054420012065180684,0.07102129594111799,0.040768876612211555,0.04889984988019529,0.0404122134478853,0.038961952042365806,0.2915788083656859,0.16358890726980294
2022-03,0.04981203304974201,0.03501916911948181,0.038623594880601034,0.041940712942960305,0.04488543005654001,0.0400541360072253,0.05444722097239963,0.07095969015595183,0.040764841446476664,0.04889163217949219,0.040394638026149496,0.038948945815987554,0.29139246999467494,0.1638654853523172
2022-04,0.04981368400300751,0.0348175797398449,0.03862261489549697,0.041784114682128885,0.04490261985420716,0.04000843506470649,0.054546237338112466,0.07043299217250232,0.040706305209012715,0.048756601590024665,0.040439391692672265,0.03888238624520885,0.2931248773307926,0.16316216018228216
2022-05,0.05183185644938255,0.03445329248404702,0.03896178678632098,0.042799490410009945,0.046398336110597065,0.039822239016210965,0.05404601526633217,0.07123721246919307,0.04087396512250372,0.04911458380075738,0.040739827081727804,0.03893124051957838,0.2854933682931075,0.1652967861902313
2022-06,0.05181794990777793,0.0344021384423259,0.03897873752671665,0.042988765358038604,0.04640533742037642,0.039820227562428964,0.05422552584373855,0.07139065136121225,0.04084815990600688,0.049151698226590525,0.04078502006163291,0.03892305235158694,0.28529741477541143,0.1649653212561562
2022-07,0.05223344506695691,0.03428214775985017,0.03883936917089618,0.042020713085673844,0.04625142545746686,0.039775090793602634,0.054065151243736106,0.07071645336352723,0.04089621163297266,0.049835429877682094,0.04069232175711922,0.03868118008779874,0.28607439696326237,0.1656366637394551
2022-08,0.0526834418397865,0.03852117704719625,0.040198392436196426,0.05266723283459364,0.05114707207177447,0.04070552049525262,0.06133478603570385,0.06748572473859897,0.04551208878404606,0.054648517374730525,0.040101267581037076,0.039966838588551476,0.2845027738498398,0.13052516632269232
2022-09,0.052975841574058546,0.03859027302836662,0.04030067780443787,0.053193653577668636,0.051413084711298955,0.04079536376301624,0.06158733485872478,0.06801850375354508,0.04568813248749148,0.05465495586764623,0.04034301073549512,0.04012239227707154,0.2810314123442245,0.13128536321695425
2022-10,0.05387226160723336,0.0397557480808991,0.04080851362411041,0.05364651338040297,0.05176796352521479,0.04139515083365117,0.061001293483729756,0.06761450164848368,0.04669339909448878,0.05681284205150725,0.041430072780179815,0.041028845195319935,0.2728647593802282,0.13130813531455093
2022-11,0.053313299630723496,0.04031276512317997,0.040322289191592725,0.05218529719509504,0.0515644791324286,0.0413714822346018,0.060144959375055686,0.06760854040375566,0.046699944276400514,0.05635880598530172,0.0410086126675512,0.040793081953129584,0.2762331243872051,0.13208331844397897
2022-12,0.053420772103578464,0.040995109408460545,0.04028244518281675,0.052641563389072096,0.05132415474313944,0.0414328649743494,0.06042239076345805,0.06748951531581657,0.046898469508849856,0.05647589963892494,0.041155248107334015,0.0407999776628446,0.27438619069139025,0.13227539850996525
2023-01,0.05363488425630085,0.03991999218273087,0.04052789068809919,0.05259369779839899,0.051574777190187396,0.04141530113599082,0.060259466594670616,0.06783125094152896,0.046764242160719664,0.05673063614197251,0.041244421124598966,0.040898661265204944,0.2729957734796815,0.13360900503991477
2023-02,0.06329065542826368,0.03533950913048913,0.043874558647456804,0.05098543951825923,0.0501013414577571,0.04277389511387462,0.058285462309891574,0.07624937789577581,0.05184148181988915,0.05705295345852976,0.04476809041284527,0.043657497117883,0.22630959898926103,0.15547013869982387
2023-03,0.06360329564797398,0.03613003764747967,0.044229186958219875,0.05090633794938184,0.05027865984763404,0.04317565529363787,0.0580664135284498,0.07600680962452415,0.05186503466860117,0.05720033560777577,0.045038089716211024,0.043928267462285,0.22410315436978392,0.15546872167804182
2023-04,0.0636624861833602,0.03626393129222506,0.04436734279772329,0.051060099450339375,0.05038578207643314,0.04302510202331012,0.05827387948938823,0.07598613888439847,0.051920776490828276,0.05726113737120497,0.04545034623131994,0.04402349989092355,0.22288596870086233,0.155433509117683
2023-05,0.06364905430557724,0.03639744710520137,0.044422047674312556,0.051060799566161996,0.05038718628028754,0.04305150234516898,0.05829440155627416,0.07598414133209039,0.05192902272734113,0.05722269190362853,0.045461575055590876,0.0440397309993231,0.22289053706031484,0.1552098620887272
2023-06,0.06337771035608283,0.03712364532126445,0.04445577576043117,0.05072276919440807,0.050060855805703686,0.043801400774683946,0.057707960791949016,0.0755640797014759,0.05227997702360705,0.05730148161742152,0.045532563790339244,0.04426353538546776,0.22218656195628436,0.15562168252088102
2023-07,0.06343418667249043,0.03644277599295575,0.04404275093234054,0.05046728781881768,0.049686021248416326,0.04374557805744456,0.05756406623800528,0.07544280024268012,0.0519741982098578,0.057098302581600056,0.0454300447439834,0.04393551844909671,0.22401224136337927,0.15672422744893208
2023-08,0.06338427166890435,0.03644732198988882,0.04401383344694789,0.050330343684292546,0.04967866261059594,0.04370678258185158,0.05757879479665734,0.07536651384523485,0.051959962341924786,0.0571292305944393,0.04534568440311262,0.043899453114845347,0.22444051091537714,0.15671863400592753
2023-09,0.050861100380970685,0.04188412230987245,0.04352767007396859,0.05890542604845115,0.051137738805502056,0.040144452983793995,0.053905579793892565,0.07595803799520179,0.046913244686675556,0.04760966070418525,0.04549118517126643,0.04345521520007342,0.2145648396638818,0.1856417261822642
2023-10,0.05093379660502851,0.042190746766158464,0.04337341321277445,0.059995361557036136,0.050926461939419826,0.04014993004211861,0.05408111080446364,0.07562247610867959,0.0469199214594818,0.04767524097023145,0.04585610015292571,0.04351127990704884,0.21165516797218853,0.1871089925024445
2023-11,0.05088886378766572,0.041305815601387,0.043471463434788145,0.059556135642074355,0.05106118444497061,0.0403176290603978,0.0543801741249727,0.07636107409398635,0.047283361389892475,0.04756295236772015,0.046035588240790556,0.04353583288227746,0.21025626573307904,0.1879836591959976
2023-12,0.051576010128162514,0.04081122097252389,0.04354097152592436,0.061335334291435686,0.051497614524985594,0.040229674808815216,0.05467868408818904,0.07674384629796983,0.04765753032555322,0.04817310928926885,0.045969978604355734,0.043465572190780996,0.20718257203954046,0.1871378809124946
2024-01,0.0518453710738942,0.040856085529573184,0.043486394048223874,0.06191868924816932,0.05181122399559917,0.040397592515609405,0.055071766423262364,0.07729591917894538,0.047726725339185726,0.048191145370724595,0.04596637379864219,0.04349382157979942,0.20487771717623282,0.18706117472213837
2024-02,0.05179687450376486,0.04045675109576828,0.043471169224081306,0.061943235599401056,0.051871537875048536,0.040502478434855264,0.05529192889877553,0.07709425999349459,0.04780430009889184,0.048332822434599666,0.04601944608869507,0.043569155533807004,0.20459500869611888,0.18725103152269806
2024-03,0.05179730238714264,0.04035382921613304,0.043375450199871116,0.061888197045369735,0.05182615119296241,0.040425106800758046,0.05546993010838772,0.07697656856390463,0.047584714063681796,0.04824708417970321,0.04598228853006279,0.043463690178585576,0.20529293956604616,0.18731674796739126
2024-04,0.052058180654701816,0.04104089690539719,0.04351073615256144,0.06136008566163289,0.05200630669512117,0.04070625597361226,0.05573512728305508,0.07641175492807845,0.04782920195752233,0.048608389245636395,0.04608572415018743,0.04363009978374112,0.20632090469927783,0.18469633590947443
2024-05,0.052074695855582866,0.041083084737249004,0.04340242374291791,0.061346892849041414,0.05188806297224734,0.04059229429902598,0.05539426347680588,0.07679329632854257,0.04769247875751039,0.04836010906483413,0.04598748522809036,0.043493359626312976,0.2042989928924848,0.18759256016935458
2024-06,0.05222791851949602,0.041239024267838605,0.043423357135012136,0.061593183981447856,0.051977000442459564,0.04047659714822258,0.05540422672416265,0.07627248017498034,0.047761095384310406,0.04841103045723381,0.04601117102875763,0.04354288331083911,0.20404066857640354,0.1876193628488358
2024-07,0.05217863742206572,0.04131563243569183,0.04339512006876078,0.06154595898053028,0.05193264173994167,0.04056359596323868,0.05537980798356174,0.07609981194561825,0.04781286769432678,0.04844895679362636,0.04600306698693768,0.04354323480991777,0.2042855924574792,0.18749507471830312
2024-08,0.052237027803394356,0.041046571273515596,0.04350909070360856,0.06182988073318455,0.052236319790960314,0.0409773049889555,0.05550059196219505,0.07571757325395759,0.04816437646297274,0.04881690874771558,0.045884121647682054,0.04362572153703222,0.2036596855340633,0.18679482556076268
2024-09,0.05221704159899898,0.04126651504021972,0.043601818330283426,0.06212603996987332,0.05218425868444045,0.04103683195741488,0.05559699220868067,0.07558105771878727,0.04824648089078549,0.04874143641953884,0.04592315049118493,0.04362392431850454,0.2034848126672422,0.18636963970404516
2024-10,0.052386705549080294,0.04095872252122691,0.043676792351356665,0.06258119515915508,0.05229130267170999,0.04110688517676463,0.055495190392517074,0.07531485355552592,0.04827510985165285,0.04904826535392694,0.046126228277125224,0.04371796179040192,0.20356610746825268,0.18545467988130385
2024-11,0.06331196692674024,0.03638361942687124,0.044091260894964235,0.05083653896012087,0.04974842283349527,0.04383223309109802,0.05789142791109151,0.07492495102441896,0.05220001157510371,0.05741911800263524,0.04538776526859136,0.04395611158564066,0.22337021676427476,0.1566463557349539
2024-12,0.06381067426405544,0.035455196900986155,0.044085588944709216,0.05070157148846667,0.04980523764182391,0.04399400652091201,0.05740231817642191,0.07441960110518044,0.05181049182019924,0.05802071916939842,0.044972358143622,0.04385817407177394,0.223473907783348,0.15819015396910266
2025-01,0.06382496356669547,0.03645487653003215,0.04404915904575162,0.05050230342910987,0.04962688453298298,0.044682141155677736,0.0570899491163177,0.07375438906074278,0.05228016076774247,0.05816423054603563,0.04496895775106546,0.04392211029002278,0.22121501098187915,0.15946486322594433
2025-02,0.06396124473424923,0.03655416108423371,0.044008571197525506,0.05055205394009015,0.049681165233110086,0.04479258478074068,0.057156727786620724,0.07368866707763591,0.05213873554672149,0.05795276937821208,0.04483579418960903,0.04387709118656459,0.22155562915315774,0.1592448047115289
2025-03,0.05236405381692041,0.04095134624214905,0.04360889349257867,0.06254631573206199,0.05212986299826031,0.04118741308115916,0.055587089702065065,0.07540468890902244,0.04830026975495829,0.04899544826081319,0.04623391032998855,0.04373902510654212,0.2020907839337595,0.1868608986397212
2025-04,0.05243554007724103,0.04064267104559057,0.043441382553276904,0.06288291033524604,0.05197259899134043,0.04088379330991932,0.05552604430620468,0.07550370001802052,0.04797521657582057,0.048783962544805264,0.0460536701012204,0.04363288820904053,0.20229104422881317,0.18797457770346065
2025-05,0.052412428124154004,0.04069725498028696,0.04341851673935125,0.06256525256983154,0.05189433683666526,0.04088217051755308,0.055420178164897985,0.07544783316756248,0.04797728956618555,0.048751364390264125,0.0460035906995005,0.04363643813209616,0.20222641016995047,0.18866693594170053
2025-06,0.06392466506028037,0.03687193301606472,0.04413074669184403,0.05059141176055458,0.049752286248283394,0.04492791097460257,0.056980324648020594,0.07377524875880115,0.05232294253562969,0.05796989828254924,0.0449333590686411,0.04394529903832699,0.22107616359258978,0.15879781032381182
2025-07,0.06407951306362925,0.037032132344717084,0.04406155540631591,0.05051933181197351,0.04990495031888481,0.044809168611437085,0.05695901204701185,0.07385342851290728,0.05235667152839954,0.05799021222898944,0.044903401601706965,0.043947192630194115,0.22074034042340998,0.15884308947042308
2025-08,0.06403871368296939,0.0370196582397363,0.04412523268850262,0.050598407426295525,0.049874783494282635,0.04489710964660512,0.05689237733838653,0.07400586691539318,0.05240933683293406,0.057983331698922426,0.044900075710616126,0.04393962722547509,0.22051371573036427,0.15880176336951668
2025-09,0.06401632943065197,0.03696664258865342,0.04420670492965968,0.05054012649123688,0.04983742814284868,0.04496718031064931,0.05685288355047828,0.07426680909018375,0.0525010543851893,0.05788080727038284,0.04486687264576513,0.043921646414611645,0.22026667303004935,0.15890884171963987
2025-10,0.06453060352531488,0.036506066755532376,0.04419594487168561,0.05076728301257638,0.05022904936535209,0.04489604026548559,0.057140805675844564,0.07413909409830967,0.05279175330287796,0.05792536362208098,0.04500111641183278,0.044122603108721854,0.22058795933619252,0.1571663166481929
2025-11,0.06472691560393078,0.03652773904409805,0.0441737536957213,0.050840064053352715,0.05034766574284813,0.044859006434976395,0.05736185728540671,0.07421259937590255,0.05281467636799851,0.05786102676268936,0.045084981460236775,0.044224064551387006,0.22073496959866284,0.156230680022789
2025-12,0.06465940526679116,0.03658786871541374,0.04421634229889779,0.0508342856932794,0.050357734344696245,0.04492782007911721,0.05743566718510228,0.07417414166526128,0.052857621067662855,0.05767634405007515,0.045099888069400414,0.04422599944596172,0.22065473335392827,0.1562921487644124
2026-01,0.054636871449538375,0.03885577613821949,0.040727027986740126,0.05328660435670304,0.05210227343975625,0.04153280042861878,0.05939393594440309,0.06908279359431184,0.04679439081882608,0.057838398390046446,0.04151930258576998,0.04097530899014629,0.2698054733175851,0.13344904255933523
2026-02,0.05443232621927222,0.03910506146658694,0.040516078441060525,0.052794315089566904,0.05182047666999414,0.041743252406756505,0.0593427197443216,0.06916187859428241,0.04676724109147266,0.058112451024202816,0.04177068946694731,0.04118016179426737,0.27123235149475144,0.13202099649651716
2026-03,0.05434091339142901,0.039451205119422766,0.04051345195108248,0.05269310847965913,0.0516849643010502,0.04214523686144711,0.05935356527404224,0.06870115568042484,0.047142307493193106,0.05818173840460708,0.0422174133519302,0.04129320873441185,0.2705138994489618,0.13176783150833823
2026-04,0.05255472754287283,0.04019211737417187,0.04321999537915482,0.0628190839878025,0.0518976474512131,0.04072343489337366,0.055452541587706745,0.07528448981917626,0.047963259044440425,0.04920794842418641,0.046109161020115454,0.04369995897084775,0.20358436745391675,0.1872912670510215
2026-05,0.052531676329252555,0.04018245068267468,0.04309713700719719,0.06300187308633608,0.05189264472386478,0.04048639425140857,0.05557357055094276,0.07522446279158819,0.047761024559229995,0.049296979829880225,0.04597088230168277,0.04366578675301231,0.20366372094847637,0.1876513961844535
2026-06,0.052720827744939275,0.033508810636875934,0.03869325121542019,0.04200176534057458,0.04663520047055129,0.03982979519143097,0.0548044363061474,0.07042596324490641,0.04065139218928018,0.05054728245145701,0.04096795254112771,0.03862662867798308,0.2810275194931562,0.1695591744961499
2026-07,0.05287031766937408,0.033521557576644316,0.03917094483144428,0.041914661665534016,0.04679592957987105,0.039756495443217875,0.054430750957386385,0.07074443618459493,0.04060476922386086,0.05097383290949592,0.041192355741350925,0.038739590022169236,0.28112597345237117,0.1681583847426851
2026-08,0.053243273893685536,0.03318561289610316,0.03889856621983498,0.04257449706903538,0.04696869106562226,0.03988028734409915,0.05481521377595503,0.07078768731678574,0.04098571903810915,0.0512095807749781,0.041513045947956705,0.03891989362962331,0.2793604947589939,0.16765743626921756
