,NoDur,Durbl,Manuf,Enrgy,Chems,BusEq,Telcm,Utils,Shops,Hlth,Money,Other,UST10,GOLD
1990-01,0.09974471736416443,0.04999375936304756,0.026595070910848156,0.04728370650153883,0.034736480979383005,0.02249028107794403,0.1705448205578607,0.14207399538121507,0.04603567661152059,0.025673022231983568,0.04015190355174694,0.027848377881647325,0.20024767208482802,0.06658051550227181
1990-02,0.09362074686530206,0.057830712987617536,0.025616723615895762,0.05180340425256829,0.03215366944205956,0.024746993530676158,0.12770828311111423,0.15812710933314522,0.04835473195843923,0.023138060804628408,0.03611812994296727,0.026054724096850626,0.21679522998343725,0.07793148007529842
1990-03,0.09028611720480216,0.06466871726591417,0.026396270335676184,0.05412913198722467,0.0327510042005475,0.02619914740092232,0.12439479698576657,0.15761780651636123,0.04951198616846384,0.02063660630030379,0.037064964853562796,0.02701565596958342,0.21150338751431808,0.0778244072965532
1990-04,0.10043321022418156,0.06786244935319681,0.02925708527828741,0.051697794832594395,0.03386799394218348,0.028860900355861023,0.13744484635307044,0.14691814845633297,0.05493647861934339,0.022299885157696712,0.034309555079255406,0.02753034633419605,0.19871317694768412,0.06586812906611637
1990-05,0.05012116123004619,0.02660703761651755,0.03782801974439247,0.14033965207927218,0.049326411624611696,0.024288411377266995,0.09306958355438764,0.05436264157453691,0.032762708869132476,0.04865371053069778,0.03396101178749679,0.04713752417295801,0.09462148936417565,0.2669206364745076
1990-06,0.05177534154124464,0.02602071668280556,0.037946592333565184,0.14515651595522847,0.05072960402251353,0.02503233250503566,0.0986769076661174,0.05353783666441733,0.03371000199820198,0.051305807768808324,0.034507872570301294,0.048411151427669906,0.08873251236271569,0.25445680650137503
1990-07,0.054906882689360864,0.025048904107859597,0.03810848494712324,0.14645537421681817,0.05124047688944709,0.024511470584631233,0.0889672275430178,0.05502584944911653,0.03499402393654039,0.05631083010371607,0.033736843184869705,0.048581766638806284,0.09271334240047727,0.24939852330821577
1990-08,0.11872799069786663,0.06582430755397525,0.028883113415862926,0.05313600848306675,0.03512623726922538,0.028987747028534714,0.13006933223747666,0.13351129177989668,0.05892852636618494,0.026065198896745825,0.03201004385467727,0.028009937511704896,0.20190358301793052,0.05881668188685154
1990-09,0.118096759428069,0.05181023773813042,0.02409610108995126,0.06792022295922377,0.028670996339824215,0.02503264632320483,0.10696858482406275,0.13032450662110237,0.05164700647098281,0.026677624526651813,0.028250707632230244,0.024155217803983043,0.21673594797654436,0.09961344026603913
1990-10,0.1008604952366501,0.041359954387848535,0.022644976345917528,0.07008701202996301,0.02777116832892864,0.02523585048565439,0.11636039387952095,0.13265071882598264,0.04359637211539039,0.02854391668986241,0.023964289656301454,0.023447646361204694,0.23564159632038212,0.1078356093363933
1990-11,0.05341827588510635,0.024024156181263724,0.03701187547281513,0.15214638987846224,0.050305061703224054,0.022707174129448737,0.07900894424986335,0.05868338256660377,0.032519795959262576,0.05833508964317773,0.030294013567235958,0.044725865333534266,0.10691466461133897,0.24990531081866307
1990-12,0.05482661511408832,0.02268481427973062,0.0373143591018782,0.154181945982846,0.052726907697879334,0.023322419059717818,0.07642601529718858,0.05646613132666132,0.033694727741738636,0.06152686093662172,0.03307478051609793,0.044736639679143146,0.10236152248030247,0.24665626078610592
1991-01,0.05732309884541803,0.021399829919615088,0.03916113963018327,0.1492208619016349,0.054587548110481186,0.02358032173759361,0.07622665665437012,0.05534139804305763,0.03406333617964677,0.06276567925161156,0.03460551269582751,0.04706079503862286,0.10186286464314473,0.24280095734879292
1991-02,0.05953541766570128,0.021449759904266463,0.04140711516910615,0.1456817855566506,0.05431652326805409,0.026443492559634556,0.07168024692333708,0.05038546923581125,0.036058676412416495,0.06464297479317731,0.03585250243702807,0.050125132369098116,0.09351180133242731,0.2489091023732911
1991-03,0.06509382083091679,0.023091339505866868,0.042358068797959406,0.15540690551919858,0.055728958132476525,0.026704741352495103,0.07110223713328594,0.05113638418455604,0.03762911947271143,0.06964303902995723,0.03899446030977005,0.052595980046720364,0.08773948724762956,0.22277545843645608
1991-04,0.0683771698375747,0.022996667174084735,0.04224134998116731,0.15314781476895561,0.05513734905267586,0.02614986276973225,0.07249167680184712,0.0513731295130294,0.0413276394282601,0.07422989318717667,0.04154924844435886,0.04966116565008173,0.08640556285579869,0.214911470535257
1991-05,0.06645256699337616,0.022331183728891136,0.042021453652544026,0.15680430427790762,0.057143959848019815,0.025192671873010334,0.07404551558937943,0.05123107429422002,0.042576418051793574,0.07206725403929624,0.04275677806892967,0.04987705279842284,0.08922423724631172,0.20827552953789752
1991-06,0.06850693226999068,0.026057019244128156,0.04516376869011583,0.15250571847007235,0.06247827184489553,0.024890446504782154,0.067934557515641,0.04854283463833524,0.04545339922084675,0.07499988782356104,0.04397847370955465,0.05231290776600311,0.0825706871433416,0.20460509515873196
1991-07,0.12321470915925112,0.0481151313459787,0.04580811728159654,0.07496394497188376,0.05282533661049835,0.02907018708979015,0.20664169333995555,0.09378820308852268,0.045360505855169174,0.06616939503667509,0.04729451050984281,0.03680340236281071,0.07163207138893395,0.05831279195909147
1991-08,0.1233094504617754,0.04557716323246488,0.04507051395446945,0.07585943457689379,0.05391621063176547,0.029915243822988432,0.20054556827747422,0.0951369228734296,0.04631447851591138,0.06927957014139192,0.04916963186226287,0.036647663889645556,0.07139346506930519,0.05786468269022181
1991-09,0.12720993819103618,0.0428630128969948,0.04512035259469545,0.07521683345331293,0.053388918928826065,0.030501753152635307,0.191853258918849,0.09812913252701044,0.047270471578195424,0.06954798802975405,0.05125193124332458,0.03610935528369198,0.07637969032767919,0.05515736287399459
1991-10,0.11975107894937742,0.04117047520258734,0.04332772962759777,0.07468692317216222,0.05178748039617107,0.029861416599745064,0.19518386484010974,0.10697888179356092,0.04501121595697685,0.06968914732227535,0.05122600785308735,0.03533301877907376,0.0829831433633401,0.053009616143934866
1991-11,0.1155181731710876,0.039068494897018295,0.04344210411534311,0.07513778192739182,0.05141100977327293,0.030060586129451495,0.19774941128273493,0.10693214076917001,0.04269567105385976,0.07456124879687757,0.051753007402328965,0.035888568633855894,0.08194261989302191,0.05383918215458561
1991-12,0.12362992353997503,0.03561936131503337,0.041082503516223605,0.06811748721752978,0.0492954440126405,0.02953053885371432,0.18331664095517336,0.12015508478538577,0.04451313284517486,0.07600761204555823,0.04909706402823286,0.034156559232537666,0.08937193904734574,0.0561067086054749
1992-01,0.12095771982327919,0.036436921012111316,0.04297564040728328,0.06535175332027718,0.0510429552815201,0.0307523798839003,0.17757611968669276,0.11743523561890715,0.046385303057917465,0.07669330448493916,0.05170897472155846,0.0358655859451826,0.09198595078851088,0.05483215596792013
1992-02,0.10931117350155477,0.038659787011065726,0.022608730776507328,0.05386928499478246,0.03200715597434803,0.026287287578275077,0.10942182720405091,0.15022384939038114,0.045436218176920395,0.03419935320587459,0.02424576945194162,0.02209942232209256,0.2449602179152791,0.08666992249692629
1992-03,0.11206618153745747,0.04859480903342142,0.0226613916838618,0.051420231027070155,0.03177576372228655,0.027250020826250106,0.10337364564547238,0.14397431482609602,0.046832048807896626,0.030416975963862114,0.024569846610006177,0.022577893773003437,0.2515488200453889,0.08293805649792678
1992-04,0.11066508741027997,0.0526403516284684,0.023439604000488924,0.05136707534800133,0.034831139149910866,0.026087977008748195,0.10480659085638848,0.14604828503043846,0.04811834808052911,0.028464100685772157,0.02608904700696886,0.021793277822082822,0.2420949682217772,0.08355414775014512
1992-05,0.1043360818858941,0.05889561842052193,0.024738973903719742,0.05995484612256334,0.038352591566975805,0.025663864385875527,0.11674279507429901,0.1451709860469847,0.04308846419377838,0.027114222166702628,0.02656186347415902,0.021892727036353022,0.2269916169969656,0.08049534872520715
1992-06,0.10341822358144442,0.05488526690927978,0.024037817876822385,0.062129015784944196,0.037056587600672604,0.025407843302952093,0.10415370577161417,0.14914943122958835,0.04221792900222788,0.027406404220060018,0.027565307258353176,0.0212655308103444,0.24307693556716647,0.07823000108453
1992-07,0.09332337795581482,0.05734704392508789,0.023994281803989922,0.05812260266608435,0.03337407432879323,0.024422069432843686,0.10612474523220897,0.14602992407249277,0.041118100045053514,0.025806858754775206,0.029296522699189986,0.021046581583115075,0.25727468398821296,0.08271913351233759
1992-08,0.09203887869543644,0.05285979460165428,0.023636815601772415,0.05816257197756579,0.03427006111366749,0.024360866753574406,0.10655911858532664,0.1495265050500017,0.04058910520366156,0.027167968344996307,0.02923288785685125,0.02088657538361332,0.25930032818211685,0.08140852264976163
1992-09,0.1209629915061316,0.04461962818702631,0.04551354894144011,0.06417899757820435,0.05535040828045849,0.03371125240267521,0.17657696135569206,0.11148502174870328,0.047899494308786913,0.06947997220633689,0.055330344966387515,0.038628414537066294,0.08521820397208048,0.05104476000901039
1992-10,0.12101073243395678,0.04361508786656407,0.045835072159214764,0.06268825781007593,0.0551770152019824,0.03437776066553782,0.18002996865238718,0.11082307419382323,0.04953605188636354,0.0628425178138529,0.05698749091847559,0.039726330432436105,0.08768947267220038,0.04966116729312935
1992-11,0.11807582874249783,0.043867173104993176,0.046283634629855616,0.05957776460835572,0.05753175527610729,0.035696096559132966,0.17600165979208426,0.10958172764291807,0.053031498073588645,0.0661321291953804,0.05995263062399682,0.042018012746616186,0.08185879058547624,0.05039129841899686
1992-12,0.0663253830002699,0.025384378322484125,0.04395696841406251,0.14669586664301595,0.061463294566147936,0.022535012856193085,0.06837511355612917,0.0495760737981883,0.04620327652329712,0.07241387999570319,0.04506252985473689,0.05123319294860894,0.0863762268606804,0.21439880266048225
1993-01,0.0644823583886941,0.025338574383970778,0.04387551580457965,0.1504757122564266,0.059661928854386245,0.02123999986309987,0.07456306241515728,0.05006140693990851,0.04506026690992083,0.0688642995512383,0.046937309680727124,0.05129433949326678,0.0870717377543534,0.21107348770427056
1993-02,0.06266104614493245,0.027640796156083197,0.0434893671513031,0.16522693615041634,0.05526783285879645,0.02105102754517251,0.07391622619924018,0.050080189547841054,0.04385402296743345,0.05941822107031497,0.048878916977572164,0.05286924938668525,0.0862791576220851,0.2093670102221237
1993-03,0.057722050917438504,0.026382788880775214,0.043254998224576006,0.17640774459931272,0.0556317296248708,0.02000898325277838,0.08206099729256948,0.05553490324368009,0.04120498482237351,0.04788297667755541,0.04800665057064787,0.050110702196677626,0.09256072161555517,0.2032297680811891
1993-04,0.05560138145335071,0.02812958030402921,0.04396723540884932,0.1779352079686895,0.055047103260082594,0.020170438630223157,0.08613743261316982,0.0557964736832616,0.041739739798254565,0.046857952319854575,0.050162916544207695,0.050626268254096246,0.09079514503137201,0.19703312473055912
1993-05,0.07465603593068958,0.02102345246578956,0.03221265334723514,0.048128264769473066,0.03569585289391893,0.018108575761280412,0.18167265318816306,0.07864335663364887,0.0333356296770993,0.046956103495547886,0.04636314335289923,0.025141957778027153,0.151939214658103,0.20612310604812478
1993-06,0.07429717800274772,0.020519221089265863,0.03226315130315874,0.04728071974408333,0.03483621080482029,0.02010737895154937,0.1817364662963794,0.07439147975393506,0.034781818476337524,0.04761679364810784,0.044334600404959214,0.025913046052952027,0.14255859609761887,0.21936333937408473
1993-07,0.07005636590904425,0.02168767481688258,0.031834128695229315,0.044995085677604976,0.032725176402784245,0.019781248602436657,0.17972115801610586,0.07864897395574842,0.03226556684725796,0.04353430852572062,0.04635590656272505,0.024847700376865182,0.1566807571104246,0.21686594850117047
1993-08,0.06425368376101986,0.02228994097026719,0.03153969225414544,0.04456402476200258,0.031768025469598525,0.018595689011069127,0.17696218680648634,0.08080583035115184,0.03213857946502486,0.037947703380101894,0.04734204743780444,0.02514247105410965,0.1557616227410871,0.2308885025361311
1993-09,0.06628440227153332,0.021608929364268035,0.03226564584967476,0.04586061436078867,0.03183272337518268,0.019853023052092605,0.17950288105683426,0.08429471257050128,0.03267257792602197,0.03829836804586586,0.04780801327317054,0.02581869611211925,0.16556838119225853,0.2083310315496883
1993-10,0.0834161861569457,0.04736700386878978,0.024263354768363207,0.06177953460712317,0.0314531577873677,0.02505554894717606,0.10837704366210436,0.14615295373625836,0.041224723312272664,0.02445047878800654,0.030605696170392934,0.0215457262631924,0.2765712111916497,0.07773738074035752
1993-11,0.091298879621035,0.0517563690254987,0.024353124152732317,0.05820396041166583,0.03309400935358901,0.024797155426404267,0.11131848885664175,0.13682074367289065,0.04306373958342382,0.02601686976468007,0.02771897322959218,0.021236656987655075,0.27252021521125697,0.07780081470293429
1993-12,0.10221540758348342,0.05595647328795452,0.02500026978294282,0.0543146464409897,0.035162006468716915,0.02480677628943096,0.10397068399263126,0.12907821272681952,0.04601066987498083,0.026475327088152065,0.025992199389241303,0.020931919097009626,0.2666946405727998,0.08339076740484744
1994-01,0.10988101445068871,0.050322998900316225,0.048735750256040794,0.0558270837733483,0.056556690218317905,0.038269396449012553,0.18083986667187452,0.10501495874545556,0.05406397682940363,0.06305432804140655,0.06370442211119756,0.04386004828462411,0.08099882927895052,0.04887063598936318
1994-02,0.10584182338577074,0.05283431079977043,0.049827557297729766,0.057141727316162114,0.05962746549427494,0.039130281778841244,0.18216252402916855,0.0992893107300962,0.05312004048140714,0.062488506360597613,0.06534311989943509,0.045115688806866984,0.08052052365291489,0.04755711996696414
1994-03,0.1125041190756312,0.05250668778372624,0.05302191543562714,0.057660562594259085,0.06345955343901122,0.043160161474235306,0.1690176628655688,0.09297119764816422,0.05920666987079799,0.060937747704465334,0.06489341241555453,0.045597364389786565,0.07703352787324017,0.04802941742993215
1994-04,0.11497011087309711,0.05110823284045597,0.05341330343738278,0.05840434651501778,0.06401307375519157,0.04416953517595568,0.17049350965386054,0.09143864454809249,0.059591827710120567,0.0589094104898437,0.06704671625783924,0.044057367151142966,0.07158320382608271,0.05080071776591695
1994-05,0.1131462348437365,0.050139023686016956,0.05151786523465687,0.06190856119458065,0.06631325395279755,0.04293655650973283,0.16944750643280623,0.0940907187291461,0.058813321836935634,0.059868044170521176,0.06856505902376352,0.04283202995958877,0.06939681252849376,0.05102501189722346
1994-06,0.10955559267405292,0.04819639062687833,0.05298142891814045,0.06274915667776042,0.06849504030723172,0.04419752237566828,0.17351075917639963,0.08289580212368841,0.05707014606135907,0.06338261511260536,0.07316904646173278,0.04271013503107067,0.06896494912309387,0.05212141533031807
1994-07,0.11001953443745886,0.04721515975622446,0.0526885455130107,0.061797933812424564,0.06689287370659526,0.04202351064937564,0.18348374253308813,0.07930946324056938,0.0566321554816161,0.06206300865694024,0.07232608244459555,0.04225169188890601,0.06912578260422164,0.05417051527497367
1994-08,0.10892681663073663,0.04733281168019337,0.053860330903001324,0.06196756010483894,0.06752027894513435,0.04236141804019051,0.18298749818165067,0.08281243301090194,0.054991123387930683,0.06027182773781163,0.07197973826771328,0.04193328334180151,0.07025650860544529,0.052798371162650015
1994-09,0.11026946158872288,0.045970564775012,0.05454103838597639,0.06054119542668646,0.07012503628565887,0.04552617823728664,0.17352994691761697,0.08104302899054962,0.05587789606068269,0.06463698246600004,0.07212319260010053,0.04248362772856144,0.07015539757859984,0.053176452958545825
1994-10,0.11351540525586362,0.04382091571159973,0.0545469434852322,0.06012506875733679,0.07081500426026868,0.04660702392113257,0.17473497232816143,0.07828666085950996,0.055569852754003335,0.06842872775011874,0.06811025032451375,0.04187226327271645,0.06677170989363625,0.056795201425906494
1994-11,0.06904336561534008,0.02189467014136488,0.03333507996658274,0.04833811878451639,0.03351965163688768,0.021972089509767485,0.18337194706926652,0.07643307547879995,0.033623288810415035,0.04227778870935261,0.05178556762677577,0.026200433125686196,0.1590162718990488,0.19918865162619587
1994-12,0.07082817563778815,0.02037255008603564,0.031242924618979703,0.045496538049196684,0.030877603656201277,0.021919206929101615,0.17724587550208293,0.081382560604699,0.033143829878472184,0.04512794295791321,0.04847313605900535,0.024961736564604053,0.16526105209409353,0.2036668673618266
1995-01,0.07249072989162743,0.021327202959264557,0.03347821130190374,0.04380078530444622,0.031953825965363905,0.02232851903568712,0.17873950889229762,0.08077764043027137,0.031047567300976308,0.04500607595960617,0.04927880684073166,0.025113376584631187,0.16792338672972484,0.19673436280346782
1995-02,0.06945710329954516,0.019386141790254025,0.032309822043230234,0.042520346227649,0.03069789813510274,0.022007599329949838,0.17711649443523303,0.08939892864097063,0.03089492606767369,0.047865784156871205,0.05156246593739877,0.025661743780478884,0.17521426937262224,0.18590647678302052
1995-03,0.07056368503712025,0.01940644523513711,0.03348939859240538,0.0432180153772006,0.03121846290679965,0.022639757281424637,0.17933144552798203,0.08659875894537507,0.030245440622619628,0.04730585894081696,0.05366043777239991,0.025800117476608174,0.18184538964029046,0.17467678664382022
1995-04,0.07313596223998278,0.01883057210593603,0.034224984485902055,0.04603005324759596,0.032501264633374674,0.023338345282394396,0.18129912132462667,0.07960733704851038,0.030930387949631648,0.04835099799233562,0.05351814820862174,0.026328730388822386,0.17848726887452357,0.17341682621774196
1995-05,0.04565630162140593,0.02960053569349995,0.04696171694773351,0.17696813262847064,0.06121571353202883,0.022148787339376617,0.07731038472684888,0.05224358356125715,0.03567648586999136,0.05138409906506607,0.0477609760622859,0.04996885326893933,0.09050622506987586,0.21259820461321996
1995-06,0.0469499929531817,0.02954295613695014,0.04701025281922505,0.1781809655301972,0.062260667767594,0.02111858575909293,0.07406871452443715,0.0554375854510783,0.034861525384759326,0.049879394835689136,0.05049798032370407,0.04766710324258669,0.09943620463148067,0.20308807064002352
1995-07,0.04637354967709243,0.027603971868452405,0.047581540066154414,0.1785678983578013,0.061358957322593215,0.02294180082742589,0.07796746501371854,0.0514582583927178,0.03597807427703081,0.051859405264079374,0.05047504998065671,0.04923024887846344,0.09316350874773363,0.20544027132607995
1995-08,0.045402087559663955,0.027905143107855412,0.05009497917428358,0.18111383773837622,0.0600945292383104,0.025542073446992632,0.08532723941872795,0.04869321781979799,0.036838179225199344,0.05502778153680639,0.052419160418146975,0.05283147438164415,0.0848052388850417,0.19390505804915317
1995-09,0.04476378767103388,0.027311766141131826,0.04852536870019036,0.17966754666568718,0.05867772770332664,0.024584349435374728,0.09409820201374436,0.04825247437540815,0.03387826793102484,0.054870121871224954,0.057132980372294855,0.05203137187496837,0.08631645543863876,0.1898895798059509
1995-10,0.04797911606679057,0.02529106304270245,0.04675817605320605,0.18013823203502485,0.05964320482094777,0.023635841947829504,0.1018105320091749,0.05242631191361351,0.033444444684554125,0.05866584369009615,0.0595966956073757,0.04965056021360873,0.08479971263564616,0.17616026527942966
1995-11,0.04913091036980461,0.022937182515815998,0.04432314812524176,0.17845787317943107,0.05654164598256397,0.024696799268008697,0.1029616569399387,0.055107556127099014,0.030163170488746206,0.06073390044872622,0.057701686643156974,0.04792149835107643,0.09083540309860604,0.17848756846178437
1995-12,0.11377543809420564,0.04126641297140481,0.054070095250488816,0.06373634022321589,0.07007039209648758,0.051832233109627514,0.1674958311524411,0.08049717710913866,0.05409792796868701,0.06984828322009722,0.06910732846426983,0.04116525572903637,0.06789684617045151,0.055140438440448185
1996-01,0.11187877156926121,0.041527402274782084,0.05371083203533863,0.06600382541681528,0.06823629367895422,0.04788740506025513,0.17132839959473048,0.08415173928973187,0.05196214007693011,0.07201582015089773,0.06802792778237714,0.04027914641712612,0.06858328349824758,0.054407013154552326
1996-02,0.11127908012742949,0.041997565633892876,0.053887646657689,0.06403298864483789,0.06986745244023354,0.04760083428252574,0.1703072476525517,0.08398029589493398,0.050329480790616665,0.0741209633823709,0.06906252917569487,0.040413859936557175,0.06747655538332974,0.05564349999733626
1996-03,0.1154973582417828,0.04318361522838212,0.05428727524354889,0.06508516179969678,0.0713424626859986,0.051198402161529016,0.16064716084237118,0.07984578906892209,0.053189793601103534,0.07274952501339345,0.07099734780801982,0.04171338416295346,0.06265916749854736,0.0576035566437509
1996-04,0.11255550440182731,0.045288801409893525,0.05608840333150861,0.06892846791947872,0.07529663394084482,0.048882763770306446,0.15244733557540996,0.07866061697291904,0.056815632655788796,0.07238729264932978,0.07151780339945518,0.04364196769769771,0.061171267389751045,0.056317508885789076
1996-05,0.10973255658003822,0.04671872724260006,0.05706293613691365,0.07109709623199939,0.07347309733297284,0.05326290050769855,0.15530180695646076,0.07420930239827223,0.05887909286077622,0.0704728288943386,0.06918566123041921,0.0451116555289449,0.05897755086721992,0.05651478723134546
1996-06,0.11363614062034075,0.04709322063486823,0.057721049936609016,0.07041083291819752,0.07206343207784138,0.05429219156506599,0.1492115798738345,0.07447988040168456,0.060366105975501655,0.07138200549125943,0.06863237077883212,0.0452226554106583,0.058235233897399034,0.0572533004179076
1996-07,0.07578228468118203,0.018599676885918473,0.03506367383735876,0.04585177212331458,0.03357181995232497,0.02651830915394403,0.18379765899191416,0.08254132094356104,0.029102218749123963,0.051714643518016815,0.055604922871176514,0.02623605497769773,0.1739715118260813,0.16164413148838552
1996-08,0.0768015567729812,0.017623820588192122,0.03454263586534448,0.04469994953614607,0.03401018503021023,0.024265681470699945,0.1735660159120135,0.07328151233739784,0.026806329742550653,0.04900518452569878,0.058665141039276704,0.023486225927269504,0.18925460838376426,0.1739911528684548
1996-09,0.07453308621739377,0.017283545686730756,0.035533013555747034,0.04569331478503203,0.034148872017408925,0.0248218261822291,0.1763484455272914,0.07658108470358072,0.028446735044733582,0.052055075417803236,0.06308817670363363,0.02351973215664029,0.1759477237192188,0.17199936828255663
1996-10,0.07561830073284201,0.016474235475833675,0.03713829071703992,0.04617466071776652,0.036552436009191766,0.027883707249465563,0.17916021889403647,0.07257443513964448,0.028312908174035305,0.05609523812485642,0.06635708061553261,0.023210399450824055,0.17741006364150513,0.1570380250574262
1996-11,0.07437500189084245,0.01671342750359716,0.036348910881293904,0.04967900759521607,0.03638947752121606,0.025572382310169884,0.17692962866835568,0.07641343738250848,0.025757062859375873,0.052272089610844306,0.07074315512312855,0.021961663583589294,0.1892366055184222,0.1476081495514401
1996-12,0.07501621620335773,0.017437499779884635,0.03737165187960329,0.05046558959190169,0.037408799105642536,0.028657753768198874,0.17913091483796648,0.07491431708096885,0.025098972042502336,0.05393432625343183,0.07481926577596461,0.022104564980988145,0.19042084898497771,0.13321927971461123
1997-01,0.07708208641528078,0.018176974208213095,0.039209356508103754,0.05346043883880893,0.0378770347935807,0.02880528435792136,0.18301272836739282,0.0782659162820276,0.025027768589327926,0.05236853903371048,0.0727683278930767,0.022673172222040443,0.17803009610531578,0.1332422763851995
1997-02,0.08068116701154765,0.01888005564768753,0.04014713829475855,0.05506577788606923,0.03980345094218313,0.03216646073820781,0.18629391687019584,0.0761264888576947,0.024292756924563622,0.05851416242775235,0.07654177183231149,0.023734019761153805,0.16817063315645214,0.11958219964942196
1997-03,0.05239544761569445,0.025048681925812322,0.04937099747121468,0.18257068519986028,0.06277790637611211,0.02393648277079982,0.09779206248065418,0.052712764166684266,0.03177699140911259,0.06426254006619213,0.06488047403996015,0.048134040643680286,0.08946567807664872,0.154875247757574
1997-04,0.05028158616536894,0.02659176002667523,0.049171019395749596,0.1872984379413369,0.06317076266283811,0.024258046377952397,0.0808089257407441,0.054031994523316966,0.03449869083468998,0.05874155606633773,0.05981798707551624,0.048375711314749256,0.09315316304938057,0.16980035882534408
1997-05,0.05279012249614019,0.026531716701948385,0.051663423147865,0.18918226919703976,0.06697359546886603,0.025756643762519103,0.08129318108438527,0.04905514812449827,0.03369766033973505,0.062035394668986416,0.06365199769861721,0.04797584422501553,0.09192904498825186,0.1574639580961319
1997-06,0.05369987976258362,0.027326134624662737,0.05468649525037655,0.19115465490994482,0.06831569547324069,0.02789038639996911,0.08582627267312903,0.04878044143902281,0.03412548286113506,0.06332620191938322,0.06384577076436816,0.04941286995290499,0.08770177121867798,0.1439079427506014
1997-07,0.12174227845799876,0.05728823313960858,0.027649946771660647,0.0550815527570563,0.03960553077984463,0.028902043517671075,0.09742337682305968,0.12912557002352537,0.042066509225585996,0.029209051345268692,0.0284170930183157,0.019342579021246985,0.25644646980622493,0.06769976531293263
1997-08,0.11847968136603473,0.058828280033054584,0.02889290067436707,0.05627803502753822,0.041361938377616134,0.034155255022084274,0.09268490536023652,0.12495708908458814,0.04373914322393618,0.02765259199610331,0.03107301731711855,0.019484029655903488,0.2655187314917656,0.05689440136965308
1997-09,0.11548998427781197,0.04545672180890007,0.05873080148351214,0.07337639531940146,0.07225458617611963,0.05238069478627267,0.14164702261023907,0.07952128881309276,0.05889728263406343,0.07052473050217044,0.07189974888985202,0.04360126833139957,0.06100771539516373,0.05521175897200117
1997-10,0.1137918756689964,0.04560394799382398,0.05814637981481992,0.07372390184426736,0.07017340030639603,0.05159048626559253,0.14339991915637437,0.08025419245731485,0.05880479376914911,0.0703499945715599,0.07306073078863157,0.04448913545326196,0.06185094918885977,0.054760292720952446
1997-11,0.11142934285391551,0.04441974723772211,0.05364849003787994,0.07284415740053793,0.06813496802629739,0.047269729061780806,0.15449724983259466,0.08255778222845653,0.0584801266405724,0.07215863957187725,0.07244382791752356,0.042313367228612134,0.06520905719159449,0.05459351477063529
1997-12,0.10998272558941698,0.04297508385201067,0.05385895048704494,0.06866743198470637,0.06850304287989549,0.04661040801076683,0.15795267412802197,0.08720761034119512,0.05916208029450606,0.07019381271721381,0.07159389365302646,0.04184399786126158,0.06696009881546937,0.054488189385464236
1998-01,0.1089052212267735,0.04384499826455595,0.05196080392860214,0.06668292758654049,0.06762663682016161,0.043946316592926055,0.1578457907302959,0.09332038945767512,0.05754500670036365,0.07006828594796854,0.07341647654265283,0.04251867583752645,0.06901369379936172,0.0533047765645961
1998-02,0.10455358785498495,0.044016463339372675,0.052865792913070364,0.06250735423070648,0.06589419975325363,0.04605084128798843,0.16741153558038505,0.08688765816939809,0.05800427567923264,0.07377658445969644,0.07081832713535337,0.04254983386061666,0.07143245042094835,0.05323109531499312
1998-03,0.10389682972306129,0.04541078614332863,0.053500834689879775,0.0628434732022372,0.06702259813577335,0.04707236747048699,0.16370989810193237,0.085935395837432,0.0592208451990633,0.07350565147979346,0.07197740395778758,0.04303347768702383,0.06978336608057828,0.05308707229162171
1998-04,0.10283224885426849,0.04592462817912594,0.05373123558731378,0.06320467813711746,0.06640400922564661,0.04615992647075865,0.16352867577864566,0.08764340258010442,0.059667798651652594,0.07212925860707177,0.0720755995597166,0.043588840079274035,0.06958997730947225,0.05351972097983171
1998-05,0.10047321869728092,0.04653583671165065,0.05444680588075307,0.06489908697121109,0.067884844808109,0.0480632909989015,0.15907602169762214,0.08470479520975435,0.059596983031712014,0.07421584745934233,0.07429485382104956,0.04417652639993751,0.06814403891317572,0.053487849399500145
1998-06,0.1036071325002732,0.06750291831413761,0.027511458608011928,0.05836900921465172,0.03757116328818055,0.03489407637162452,0.09986614741269925,0.13127450227942555,0.046198473647756685,0.027099065878899636,0.03057026057354348,0.0204746318845292,0.25671795418936266,0.0583432058369041
1998-07,0.10633402558110254,0.06537415406628912,0.026199829489901853,0.05478561947194683,0.03648619239512156,0.0391069872884261,0.10058453417334509,0.13235638363410232,0.048670097083717945,0.029826596922529647,0.03171395920972658,0.020574651848695984,0.2527829579294318,0.055204010905662675
1998-08,0.1030245609077039,0.05052365044508649,0.0522222234267978,0.06198024111874682,0.06878388270976644,0.045834794920189666,0.15782009177994813,0.08391944996351579,0.06228705123469967,0.07374393580026768,0.07344270860462353,0.041967522207909454,0.07166288488420831,0.052787001996536166
1998-09,0.10213529325756264,0.04505309660846978,0.048450356042081845,0.06087860484920678,0.07159563521379554,0.042579226379762816,0.14767103064560014,0.10868249314618955,0.06095259622222456,0.076528244276073,0.05781500630263302,0.036474172952207805,0.09112387980365286,0.05006036430053972
1998-10,0.09969223081713753,0.04381445702285423,0.047553601160401755,0.06263604510291532,0.06773200737586547,0.04425273558337026,0.1505839526372565,0.11097982984191372,0.05956051655609356,0.07866161728183152,0.056958954766975024,0.0365443848079812,0.09247028779577385,0.048559379249630295
1998-11,0.09565609985965884,0.06409250809875677,0.024445224697574354,0.05010411122924591,0.03163575622764259,0.041272254308563815,0.11323444682256718,0.11946375533724223,0.04709542663605174,0.03137697337941577,0.03110635058217359,0.019568659776292588,0.27180382318687085,0.059144609857943814
1998-12,0.10245631497957852,0.06619744275024808,0.025036950583735562,0.0480808547094311,0.031236547336222137,0.04659890895906606,0.11558831486136796,0.11683281136066608,0.05189357065756186,0.03315603878582425,0.032720375337307143,0.020519998878487704,0.25411956757217485,0.05556230322832856
1999-01,0.09451881382866958,0.06521526797788005,0.02601570802362536,0.04527925893066072,0.030307751929367008,0.05343324507361944,0.13019011976193767,0.1140155895243807,0.05576000983046773,0.03486911888118712,0.03310689953689539,0.021779309116240358,0.24093508790090395,0.054573819684165005
1999-02,0.08530979977449836,0.06927106075692026,0.027695485221986435,0.04203993347007856,0.028634105638194945,0.06452641429984524,0.1471413750452451,0.09505592609690665,0.05712331766289465,0.03549468073206265,0.033577726014572984,0.023557484487595013,0.23564555136410031,0.0549271394350988
1999-03,0.0869095849173123,0.07126191269896813,0.02715690322900881,0.04191398476520273,0.03061100823959285,0.057858191434645545,0.15931113961580637,0.09578164201702383,0.06203656127259167,0.03787697893354015,0.03650156815656077,0.02353980719683326,0.21315478779344094,0.05608592972947266
1999-04,0.07909099576481975,0.021504277895320202,0.03990481097663925,0.04729249047088921,0.040770310431258026,0.03205621471441129,0.18703157836080908,0.07459957257764292,0.02884621887367072,0.06216767726263289,0.07965979747444252,0.023726102816676954,0.1769292248308185,0.10642072754996866
1999-05,0.07877670133341237,0.02367807077288813,0.04265024394246318,0.05485527581527323,0.04548537563492974,0.031413083130941086,0.18930176251797534,0.08125039843674271,0.027677634556729513,0.053330756935295605,0.08146141840628277,0.025236436403845954,0.16485844858754772,0.10002439352567268
1999-06,0.08162036164071142,0.02296767065126063,0.04147556056881713,0.05286433315229098,0.0428508675758246,0.03215278307131858,0.18872851400554005,0.09821940131024964,0.02743461495176641,0.05241780458212464,0.07562850089052653,0.02462648794087763,0.15898311154479586,0.10002998811389605
1999-07,0.08004702564950313,0.023772106230397095,0.045156726135831216,0.05124952907419903,0.0433709387898374,0.03757802286730637,0.19378156745283834,0.08663225604064474,0.03101832766381247,0.05572547918917917,0.077263434087242,0.026346699508119093,0.15478395967845152,0.0932739276326385
1999-08,0.0791422544829805,0.022443210953901425,0.045940113770180174,0.0550995783515691,0.0451010150862092,0.038273002196219964,0.19232803679106833,0.0888678166804044,0.029936008814727424,0.05351989437340245,0.07174710990746556,0.024716797857847857,0.1588131250449281,0.09407203568909557
1999-09,0.07600423277105357,0.02199750703083573,0.047101739057215715,0.05881262172500637,0.04527195454277138,0.042431815505865694,0.1887116607590867,0.09265058571469681,0.02711832575401182,0.05923503452450474,0.06907497217744003,0.022554124260121145,0.1572539212775788,0.09178150489981156
1999-10,0.06804792164485081,0.020083551684542983,0.04800115893036925,0.05710728711604452,0.04092857323406112,0.04453525881383779,0.19002871255628975,0.08597131139983166,0.029217877931475393,0.05397755331090215,0.0645577745609176,0.023357684890956708,0.17152810980129315,0.10265722412462705
1999-11,0.06888915796165561,0.020484980778270923,0.047876495768653264,0.05281257762215626,0.042617765910466364,0.04331089010083047,0.1882213528393879,0.08344839025884666,0.02880487911259207,0.056828625036667156,0.06922249521092179,0.023115780686204956,0.15948598091719862,0.11488062779614794
1999-12,0.06769427733686736,0.020832412559967862,0.04733682681008923,0.0572593813084193,0.04390421668137362,0.05208540440407485,0.1926583470909858,0.0703272940000122,0.03166791798525061,0.05884147375489841,0.06485515980495178,0.024842893273248623,0.1596376130175992,0.10805678197226118
2000-01,0.06321727858930774,0.021803138253315358,0.054394585188074884,0.05687352819953288,0.046849326684800185,0.06305054756825929,0.19643865824013634,0.06608021308212267,0.034301667602087714,0.0528879629685376,0.06222494826313683,0.028338840230486113,0.1507214489213066,0.10281785620889566
2000-02,0.060300911016721206,0.02183696975435359,0.048810365642273174,0.06067621019097203,0.04185939087450781,0.061418606745802504,0.19356179846424942,0.07771495971229232,0.029886265377648862,0.062487127632930274,0.06046944453724118,0.02705136935621324,0.14787958127146553,0.10604699942332878
2000-03,0.05473708486503156,0.019603616621193518,0.04879086465546899,0.056376120788723595,0.03595499065065242,0.07719647438681534,0.18764617178454587,0.06699225748325907,0.029024912586260113,0.0613189266180217,0.05303827241605319,0.027147185704390807,0.16322527082327207,0.11894785061631168
2000-04,0.05631291908856307,0.021371486087459313,0.05142361581576646,0.059987449781312055,0.032425082979643007,0.07453625557813598,0.1885211397952882,0.06922340509555323,0.03150150628923385,0.05732370533531338,0.05842729538319033,0.027337996705147454,0.16515407040796395,0.1064540716574297
2000-05,0.05634886308873369,0.023245964252906277,0.05563001096671895,0.059854005728833,0.032044653210560874,0.06894751455866896,0.18759665380405752,0.08190973579361176,0.02928177385887085,0.06516636671545036,0.058506432029670256,0.026702566215635597,0.15559901322785294,0.09916644654842878
2000-06,0.0640606853502046,0.01861971402844923,0.053302984592824725,0.06979153637951577,0.03283673139330307,0.058828735492214033,0.1796899552110179,0.0891566801351235,0.02779751272587181,0.06970431858125156,0.06377426742419672,0.025589373960644757,0.15225638106673042,0.0945911236586518
2000-07,0.06414084826912615,0.017164505763717742,0.051506958000406805,0.062189061624101934,0.030531714853940906,0.0650673346038411,0.17502769945894645,0.07890492310646498,0.027294866054033494,0.07761877989151106,0.057077177937167434,0.02646183958456564,0.1640578841092588,0.10295640674291745
2000-08,0.048550548448159765,0.026223630141297746,0.05681425617642026,0.19301319080479512,0.06353400787244244,0.0328627403710039,0.09697492854361602,0.049163182394939865,0.03604783511726794,0.07388805666016032,0.06636084693605808,0.04824506746355622,0.08492259701025331,0.12339911206002895
2000-09,0.04356841642878626,0.027274799522912483,0.06241492388144464,0.19450909241397463,0.061952255744149594,0.03724588396035491,0.08678633475682161,0.05780391584231299,0.03256422372929551,0.07290132213236876,0.07229480091789374,0.051038087338318876,0.08824070102406355,0.11140524230730253
2000-10,0.04791704921032863,0.026579335464625667,0.052279335199046616,0.1940614159063269,0.06100266351518214,0.028945125485475214,0.076832622435164,0.0711970746531368,0.035318552782899124,0.0772720109699195,0.07438879598606815,0.04740683287844021,0.09357474645452366,0.11322443905886348
2000-11,0.05454533180311874,0.027604672119767547,0.053901753246670035,0.1923122750950402,0.06825680141495559,0.02524961150340894,0.07545623000885611,0.06763171651116401,0.033974168144719166,0.07952383070366077,0.07302603496946855,0.04448837647927446,0.0940622112159796,0.1099669867839162
2000-12,0.06065953928558429,0.025147405341931755,0.05089573136141082,0.18601875459868936,0.07266170769307306,0.01901006831079724,0.04943955104708811,0.07671840752834372,0.03653397451562589,0.08233951486647993,0.06689104493532452,0.04042639446897366,0.11881334749010282,0.11444455855657483
2001-01,0.06129576139576811,0.02557484515062507,0.05252678968164078,0.17732935863140198,0.07445894471016047,0.01786597692149087,0.04533237754330479,0.07992947908310953,0.03804645998031993,0.078778307410385,0.06898128573758028,0.03842205865053286,0.12969726027000486,0.11176109483367526
2001-02,0.06151931354743433,0.02821146236649796,0.05596825775350831,0.18883468018078242,0.07106748553647821,0.019194103356178223,0.05564007420239908,0.06453104002464889,0.041384010960567263,0.07295750651732197,0.07520517946735673,0.04041355360270383,0.11622760460895738,0.10884572787516551
2001-03,0.062307196160012,0.0300371000650878,0.05160084384680783,0.18387279204048856,0.06895927913091339,0.014583652553794782,0.046333346187088266,0.07537025270927306,0.0392468321497796,0.07219814924899036,0.06708319172612319,0.04012739279017557,0.1376397411815645,0.11064023020990113
2001-04,0.05972683966658009,0.030797005693135676,0.04890649118227838,0.18221656558880214,0.06360686636808312,0.013433834017542192,0.04392278937362764,0.08145772858793959,0.040045792159659255,0.0646717582580162,0.06614388532210695,0.03762223252180653,0.14965415611052205,0.11779405514990017
2001-05,0.05823510824420092,0.03294353112079776,0.05331375968649444,0.18626594924669254,0.0640976027573051,0.015384376196101683,0.04475329012999795,0.0849396078492872,0.04124637243826416,0.06567296871582783,0.06726805039060353,0.04128379265886311,0.1324982674035696,0.11209732316199426
2001-06,0.08280980335202141,0.0686000997251982,0.028782715995995987,0.05442092239297181,0.030271222046891817,0.06167769673690284,0.13768493927894176,0.10202609670867642,0.06388512542803032,0.03767827688457416,0.037023750848968535,0.02162044227519616,0.22409428005755658,0.04942462826807409
2001-07,0.08248667295991745,0.0765901203779162,0.026369392720850263,0.04893156724584169,0.030996325393849625,0.06560789509692576,0.1320719560327565,0.08837905395099648,0.06280903529799738,0.03707631368951232,0.03935838601390029,0.022052556599117652,0.23556460760642423,0.05170611701399415
2001-08,0.0797976181360138,0.07946253981731534,0.026880207849551637,0.04696398430058596,0.0317396760555121,0.05658377819204979,0.12510506504116042,0.0788432335138289,0.06708328039936008,0.03893635924062392,0.03876584363965904,0.019863185794829267,0.25779274657493867,0.052182481444571036
2001-09,0.08841403353806276,0.06768430604472246,0.025386099462506997,0.04511507120862832,0.03293055183924711,0.04696267908188782,0.10556725394841059,0.08336970568379108,0.060896918288779626,0.0373181534016233,0.035857473074462826,0.017949849985310084,0.2987153119643472,0.05383259247821988
2001-10,0.0855409988306843,0.04958538521158119,0.020056330976809214,0.04372522225767659,0.032623131261241466,0.03571276285059262,0.10513349633461987,0.07382378462524951,0.05307444964239447,0.04089340890498277,0.03515181490769874,0.015393176547076556,0.3428940649868509,0.06639197266254179
2001-11,0.08718291157971507,0.04987992958076762,0.0212876238271685,0.04656744656172238,0.03324116891077533,0.04307228155835906,0.0847999407436135,0.07565495043189396,0.05393228178766898,0.041034272233867464,0.033585797891805186,0.015087628208764395,0.35000000000000003,0.06467376668387856
2001-12,0.0897019362432794,0.05927335092424016,0.023036813870856553,0.041143181387330724,0.035872888762285095,0.05030342706974548,0.09151165569257692,0.07019418089579268,0.0607514325711908,0.04234525117876607,0.03549425178079881,0.01595228066826753,0.32726450887068187,0.057154840084187926
2002-01,0.09421757138846629,0.05849265891145316,0.024018047926158213,0.044594007482457905,0.034977436915793525,0.04979194941842684,0.09702492951287692,0.07642604286498082,0.06580551036753475,0.03911981096984813,0.03694964753002344,0.01681623021777222,0.30702729749502156,0.0547388589991862
2002-02,0.09761336822915542,0.06251707562166933,0.0253660322385524,0.04275423336898465,0.03588075072323007,0.05018302411777022,0.08253305392081516,0.06883763851012746,0.07027894563390231,0.03757726055774774,0.036540802847878945,0.016125060821749703,0.31588778486576063,0.05790496854265582
2002-03,0.10453046321338785,0.06402014064511904,0.02621217922835936,0.044822490758045015,0.03691322977496039,0.039228347546041986,0.07491744492459303,0.06529897847464843,0.06800484123462629,0.03525687698944452,0.03403686113556225,0.015622537460077635,0.33166142099465695,0.059474187620477265
2002-04,0.11401229798001525,0.07143942567726988,0.028120759224270528,0.05013704435381131,0.0400465444082326,0.042440169300253495,0.07476770215487066,0.08077963969414058,0.07048152701922271,0.034755547251664715,0.03754924880668586,0.01578428085465714,0.2829645589685998,0.056721254306305376
2002-05,0.10538770478994686,0.045675782513037326,0.05183099951709383,0.06374949266462511,0.07115683003926936,0.04290289699530343,0.12958412737624547,0.10790385448724628,0.06397456583347566,0.07985845508740402,0.06008111035215261,0.0369433513953921,0.0918529929497728,0.049097835999035284
2002-06,0.10847824139762728,0.04574272493193842,0.05170355375131597,0.06353291233167511,0.07273474512632672,0.041755203753276404,0.13628321277455058,0.0970620014331806,0.06353720435427564,0.07870767522189709,0.06049367914688258,0.036422767331998444,0.09279092622390223,0.050755152221152955
2002-07,0.11286462258385203,0.04451060762221742,0.05379671644641964,0.06837113446770592,0.07981812834708188,0.038838710243665656,0.11478579675081335,0.09407983473946493,0.06571831735507387,0.0769088045676267,0.06264040045337427,0.03587119238781182,0.10125019799542613,0.050545536039466515
2002-08,0.11667267604230576,0.04202521525219228,0.05157719824354738,0.06241892772178364,0.0844189874697445,0.03849894402802128,0.10339505145894194,0.07924125447210978,0.06195314559555762,0.0855894677676688,0.06394787667618503,0.03770056297283612,0.12263838942450331,0.04992230287460252
2002-09,0.11697900389852973,0.04164170591539835,0.0490606958316491,0.061871609366472284,0.08440221512541304,0.03760375650093335,0.1014573324212622,0.0815440895959515,0.06200564844654157,0.08431447214580179,0.0643154029220585,0.03637013967986559,0.12907720460746006,0.04935672354266299
2002-10,0.11721091514988555,0.03911098840014731,0.04631797264561666,0.05954614317203869,0.08725788371458622,0.032925359391820064,0.09486050199023616,0.07057834467099378,0.059815161062475995,0.08767557972742825,0.06057647925543646,0.03348289284052852,0.1589435487076874,0.05169822927111906
2002-11,0.11507292333066914,0.037542249231593196,0.04683710625646703,0.05993125272909297,0.08566367777027482,0.0367103382470136,0.10255322334928046,0.06857097329994814,0.060514554202969216,0.0869885133535029,0.0620982116390858,0.034239648370714526,0.15007165501918993,0.05320567320019814
2002-12,0.060040734243834507,0.031349623467420554,0.05201554121489493,0.18142284171391004,0.06717557174666493,0.014311962439105994,0.038403035293245645,0.07495222877749635,0.04059265171519675,0.06408542175920687,0.06748405817627909,0.040330497844438505,0.14445363368420985,0.12338219792409594
2003-01,0.059692450970135986,0.02961495052378259,0.04804561137318478,0.1760324504345121,0.06519580935809835,0.013403096968017007,0.03396067103714945,0.08029625520851745,0.037231856584384056,0.059967241716196475,0.06200601847934924,0.037176470217157455,0.1671005956110225,0.13027652151849256
2003-02,0.057400921865610605,0.029125104127326686,0.04606686527993527,0.17292236629126462,0.06329906049157176,0.013670808538992963,0.03267941608830828,0.07765043286184037,0.035872723468067316,0.061112225117835935,0.06216922646677608,0.03580178544765361,0.16616556700618101,0.14606349694863544
2003-03,0.0553042022385997,0.02780725487943698,0.045361427870576815,0.1720298611274802,0.060662792513579124,0.014248881067937844,0.030012667651126153,0.0728106922306673,0.03583544475533822,0.059949098440203526,0.05960672063280247,0.03583407264009401,0.18249455143515003,0.1480423325170077
2003-04,0.05285275551886064,0.027143901792210483,0.04449551536471197,0.17343370007034897,0.06555200148642482,0.014389383315176241,0.030239580907176607,0.0775046338615111,0.037972620815349224,0.06244545386673511,0.05919141045068633,0.03740994766568932,0.1788648453421642,0.13850424954295515
2003-05,0.05316071780038954,0.02907013555262015,0.0456490019426438,0.1771271045910551,0.06755840597927623,0.013927824404214207,0.031480712816038724,0.08110700051978924,0.039221117707143864,0.06281296891525777,0.06412362908767442,0.04024805579996812,0.16672579368231707,0.12778753120161174
2003-06,0.05506800929409162,0.028067072019959585,0.04573692380593711,0.17743243904138065,0.0647324472695744,0.01406726186291146,0.031692837634542885,0.08478377872901237,0.03806832126490804,0.06127248021666694,0.06370097514667494,0.03947829395158126,0.16946122185713858,0.12643793790562022
2003-07,0.05616474697862848,0.028665104154942674,0.04668052228725093,0.1777214563866944,0.06255649712118393,0.01391177396026146,0.032317229969461236,0.08595159109753614,0.039492220656229184,0.0644284812344514,0.06411928679502912,0.040119202106978086,0.16206712133093665,0.12580476592041626
2003-08,0.056867104319103516,0.03264262173390808,0.05293643930867607,0.17643648013159355,0.06823751372507186,0.015393633524602227,0.032679142637809966,0.08067477453362781,0.04297762340037851,0.06755431084736958,0.07102581840970759,0.042756011500529385,0.13165926444083823,0.12815926148678364
2003-09,0.055243496804920925,0.03457298413265134,0.05508792645491352,0.18404565301315218,0.06684724209428398,0.015695075116080686,0.03207204889740262,0.08038913226036934,0.04488630252977499,0.06303011998724256,0.06836110661869561,0.04329439625093676,0.12908796923291913,0.1273865466066563
2003-10,0.11031014601952319,0.040145349354116566,0.04913692595629741,0.05990524966412735,0.08576201529710935,0.03985658878339913,0.10618389963739963,0.06895250702766731,0.06045145300860763,0.08799621933258935,0.06276890883818664,0.035826386862443854,0.14020655008818042,0.052497800130352164
2003-11,0.11029410095990248,0.041537961140806746,0.05205531086832023,0.05943414369467721,0.08635247947141707,0.04101960390870442,0.10699684415876955,0.06855535299488946,0.06269432651344854,0.08435378184160983,0.06418977004596726,0.036660933604701774,0.1322526755648643,0.05360271523192119
2003-12,0.11343987789655574,0.04202644851119889,0.052722653770295516,0.05888092175122974,0.0860957616723671,0.041019658366812206,0.10500878103696083,0.06826296563150676,0.06221144432894357,0.0849021438653698,0.06397612274978712,0.03668229713174047,0.13057285476624383,0.054198068520988504
2004-01,0.11300996993763908,0.04350674197460267,0.05369576879569315,0.06148955637696866,0.08711562573866025,0.04011982165514605,0.10679883557317393,0.06911536285459999,0.0589540678269951,0.08552482755484814,0.06383077536891939,0.03662448395670657,0.1267606732148778,0.05345348917116928
2004-02,0.1118585801935917,0.04258929092755193,0.052479378112285216,0.06072739317710843,0.085722322581508,0.04095635178811655,0.1074690180331541,0.0697113275637511,0.05844661675365311,0.08722502412913337,0.06525788308380334,0.03667821643800323,0.12749323425574155,0.053385362962598416
2004-03,0.11321544689526343,0.04188821837422908,0.052218341833277136,0.06239550367844542,0.08611726532062838,0.03927516985769826,0.10371310836920751,0.07047434804686906,0.06054046405595335,0.08539147317194438,0.06558228313642925,0.03619504325950248,0.13044243383384146,0.05255090016671082
2004-04,0.1144995786262449,0.04137073129561852,0.05208399770583335,0.06245146752572961,0.08727693153298367,0.03847585884522537,0.1021280173317774,0.07158140945439771,0.06105554927539422,0.0821745999044052,0.06546040944409032,0.03595142120520302,0.13352982366518368,0.05196020418791314
2004-05,0.1169059301141948,0.04354242684780919,0.05257437423714094,0.06603303250123906,0.08970990504438321,0.03762102630275684,0.10233300768729847,0.06951466384641079,0.06009690870174652,0.08636465380560863,0.06283175859844066,0.036154204967535034,0.1220533194770243,0.054264787868411324
2004-06,0.11346099637878967,0.04316242651534727,0.05396836847845342,0.06690613023438803,0.091161853915962,0.03952272620225264,0.09853747091236315,0.07132959038400168,0.060553024232974775,0.08592810133758703,0.06417101528829752,0.037351404161864526,0.12171714858955689,0.05222974336816135
2004-07,0.11365955222808301,0.04408138234177093,0.05587758518726594,0.06862207307271492,0.09281473948743284,0.03946750755652134,0.09761769900355632,0.07142229388991922,0.059428247233251914,0.08407198650592194,0.06331743634091024,0.037677005554157,0.1201488375318537,0.05179365406664071
2004-08,0.07341587604274866,0.016404464625566842,0.054447575792190284,0.06603152530620057,0.030464485128391516,0.053940553175510164,0.13392037548872573,0.08817602665697379,0.025370985447655287,0.07252680536077374,0.07533992628654197,0.023962193081328187,0.18329129694219495,0.10270791066519835
2004-09,0.0715284997643945,0.01550707092273772,0.05237732694365149,0.061961239145722824,0.03190915288006754,0.048754643500648974,0.130623628526819,0.09243057416358809,0.024212578043768158,0.07162634629259292,0.07592016270963935,0.02303316992510288,0.1987809606515407,0.10133464652972592
2004-10,0.0672565881506054,0.015567849719692684,0.053909033430747245,0.07004478359441295,0.030971780694894716,0.05001016194066371,0.1320741871424505,0.0933001234880031,0.024516519137374484,0.06848689688472792,0.07479278523343269,0.023621951380835452,0.19522589612165825,0.10022144308050084
2004-11,0.06817088567157893,0.014718106501872523,0.05076561077427305,0.06811319749241053,0.0293397590668842,0.051511865534054076,0.1334616552961903,0.09877463070350172,0.02513206584266461,0.06309381985652812,0.0722300892458458,0.02394018578091219,0.19626857422323096,0.10447955401005297
2004-12,0.07040889363189567,0.015575649093773283,0.05430470350605827,0.0716997218355176,0.030752319045174545,0.05262489616714672,0.13573537592069862,0.10368763718960235,0.025203788619628846,0.06089299222372096,0.07392651509339254,0.02450816607875262,0.1744264728275089,0.10625286876712903
2005-01,0.055284389818335555,0.033004276883639806,0.05121551171077407,0.178673784437254,0.06604910080197128,0.015505235145090402,0.029640733538962,0.08580651438022154,0.04151671137362425,0.06077168889231299,0.06758200270211573,0.042973607462947525,0.1403061654501652,0.1316702774025856
2005-02,0.05613886002691184,0.03098586784442351,0.050288929822513935,0.18069396928820697,0.06527135081399434,0.015371104593942185,0.029111093449766447,0.08874808895600031,0.041767355046177235,0.057841059011291905,0.06544484278492538,0.04226437642910097,0.14979827942024773,0.12627482251249728
2005-03,0.05563824887664841,0.03146353266503749,0.05177302125310353,0.18192459559457488,0.0669829066758057,0.016182656609473968,0.030225952976891096,0.08902984181079711,0.04179275297817267,0.05844042360122776,0.06292242029380156,0.04223670010970834,0.14716608254764466,0.12422086400711287
2005-04,0.05567247790884107,0.028844821271308423,0.05134765406148154,0.17999478738523056,0.06694043062586898,0.016011842100800023,0.03058793451981214,0.09102118828711585,0.042476391461849505,0.058845803685040124,0.061045412951727704,0.04247820064822492,0.1454781667983292,0.12925488829436987
2005-05,0.055643209502698285,0.02550786734613939,0.0484970268770544,0.1728879909914734,0.06405038538505009,0.015594697827062846,0.03012051858775133,0.09522642747952004,0.04029980593865042,0.06267213400311412,0.06118012354180701,0.04148232916967035,0.15767664477643067,0.1291608385735776
2005-06,0.05566800974485308,0.026584331902278314,0.04932664715967012,0.17634077942177434,0.0628461837999305,0.015810363719956803,0.029156092196555822,0.09524350082472183,0.04161224023199258,0.06207764028582207,0.06209593037112054,0.041625673732105094,0.15782703036798015,0.12378557624123858
2005-07,0.05349015517821284,0.02721011189480186,0.04809130596250527,0.17614359715283107,0.05984725415354387,0.015753798789861332,0.029450797150135065,0.09995729111809677,0.04218981271953542,0.06052240737180502,0.062349438456313216,0.040809417905501966,0.1597285667185969,0.12445604542825928
2005-08,0.05413451240607744,0.028346090228080333,0.050568023633193446,0.1786982700893553,0.0616464189333539,0.01641842491970463,0.030306635501980223,0.10135016168968596,0.04388142222734871,0.06164850358245902,0.06208506181759607,0.0417109650624936,0.1488946936228959,0.1203108162857756
2005-09,0.11062058453651191,0.06872862271826978,0.028647106234792843,0.050391440709189335,0.03870952137748291,0.03424520141613337,0.05019829286613463,0.08062890931047581,0.06472675211759656,0.028671417121892074,0.036747607937967185,0.014614075724424367,0.32545251594265534,0.06761795198647401
2005-10,0.11546423435858444,0.0652532701686033,0.028992022316274468,0.05746372106284046,0.03893800863835876,0.034785401642353095,0.04872186935578363,0.090756609294389,0.06397687143295505,0.027020924593648275,0.03762996206077836,0.014452067695425175,0.30475891829204615,0.07178611908795984
2005-11,0.11951166632638764,0.06292801354197289,0.028232756256610567,0.049068639978668054,0.040454019096194345,0.03576827547897285,0.047775241691714994,0.07930450699785209,0.07084355245610457,0.026005419988843922,0.041972097328197094,0.01444668723224901,0.30375081102902834,0.07993831259720381
2005-12,0.053743367979236074,0.027405669587245055,0.05022718731010067,0.17757542240637125,0.05861075855140968,0.016721172822695366,0.03006438186717692,0.10089758828669783,0.04119104879095271,0.06058155245787213,0.06095262557911109,0.0408863463876768,0.1561481045935254,0.12499477337992909
2006-01,0.05271818610241715,0.027013611103399057,0.050177415648849984,0.17612928880405604,0.058358280287623014,0.016418276817927194,0.029280680832378905,0.10016845756029859,0.04031670958441307,0.06099975783311037,0.05983525587023309,0.04023213954767842,0.15792721299896423,0.13042472700865101
2006-02,0.071291858754479,0.01530618608588409,0.05410798760749948,0.06939238814218902,0.030754359433967003,0.05181021884314002,0.133908355441905,0.10744070491026124,0.02531805950022645,0.06287447444454426,0.07456372676982137,0.025266781749175585,0.17124067275413163,0.10672422556277586
2006-03,0.07213085770144764,0.015323201466398073,0.054902353071425374,0.05896725867558045,0.030894237486115243,0.05076505185389147,0.14035365057964544,0.10686670229630718,0.025891952406516903,0.06350269283038114,0.07567624954337311,0.025197715891782792,0.17104952930430364,0.1084785468928317
2006-04,0.07398729308758892,0.016040698192073186,0.05913184100061127,0.06316644604315781,0.03101708522510134,0.0529778037038495,0.14556374681712816,0.09754638329495544,0.02696550687914944,0.06250312993567066,0.07668749891057443,0.027073197740398836,0.1578858712884399,0.1094534978813012
2006-05,0.07294018401702385,0.015847415947616867,0.06155303547027009,0.06561511710883763,0.03160247613859355,0.050787244923166004,0.1438411217737761,0.09817091978251129,0.02576020847659334,0.05883759415263266,0.07737479802688034,0.026809246467347444,0.1473524754208594,0.12350816229389147
2006-06,0.07452837113074443,0.01553831668248364,0.058048003231106,0.061620946755938925,0.02938395955201138,0.04606689672963626,0.14576641518842645,0.10113465144837791,0.024600063916554674,0.05640671630842628,0.07308541753217296,0.025489218764233254,0.14421381771868258,0.14411720504120532
2006-07,0.07538507788458347,0.016775338410328737,0.05790842579028375,0.06552881088437573,0.030148210884877243,0.04588824685576394,0.1535998065993242,0.10832704974433566,0.02548232305594717,0.05710397127339197,0.07271733751879576,0.02615883593727178,0.1480600429288633,0.11691652223185742
2006-08,0.07582297097030566,0.01640425888945543,0.05138753601484885,0.06748960954461665,0.029144881922427385,0.042361398988106154,0.14749709896401256,0.11350350056648494,0.023868798318589343,0.058435526173652094,0.06992755482064021,0.02402337389570542,0.15369091952901306,0.12644257140214232
2006-09,0.07742042641654096,0.016210976746670894,0.05002829931573478,0.062154792535278065,0.030613200438395216,0.0445627266178668,0.14960960264916454,0.11489225374820639,0.02363774767302656,0.05859394448983008,0.06950328723139364,0.02383444014693047,0.15745579065101384,0.12148251133994782
2006-10,0.07594283703132537,0.016998709310668672,0.05125557984342715,0.05779827353721889,0.03109306338388245,0.046336465331546194,0.15953504432783222,0.10832250980789074,0.025339720893676317,0.05964077734269057,0.07321053843310969,0.024421276750285503,0.1605410505386114,0.1095641534678349
2006-11,0.07561199885325746,0.017687613238882176,0.052164841042068366,0.0593755004465389,0.031882315218497256,0.046445190519726606,0.16304099565224023,0.1137520569742734,0.0257550519255001,0.05839882685698429,0.07156842229151843,0.025196897977898817,0.15653918516462617,0.10258110383798782
2006-12,0.1198894123843884,0.06421001864905203,0.030572922870455068,0.04769743313632584,0.04045496996209699,0.03676507942738505,0.04902104758865122,0.07672028152403305,0.07278948954370112,0.02441770316465919,0.0429620779654526,0.014693835963575494,0.300203665723003,0.07960206209722093
2007-01,0.12775246199543414,0.06382102241837313,0.030525201468838185,0.04598027848388398,0.04187579859799991,0.036385394154854374,0.053973738522367525,0.07842022221869761,0.07579724962909547,0.02427416917891375,0.04662841681421311,0.015188347900264515,0.2795373465476661,0.07984035206939812
2007-02,0.1313823821706816,0.06644068684418769,0.031917190186999844,0.043782119527465906,0.043680212553168625,0.03683778830878166,0.05603714174495588,0.077747827257707,0.0805685407018112,0.02542302406938664,0.04603462154429171,0.015429694492203695,0.2668350515187296,0.0778837190796291
2007-03,0.12090228104550994,0.0640113785067346,0.03207326357975702,0.04133307822574224,0.04299091455590164,0.03482575297300982,0.051471002574064555,0.08402177804802863,0.07672899691775162,0.023671371375729323,0.04257235855381156,0.014840516483179175,0.28439301848094833,0.08616428867983146
2007-04,0.1255949011279741,0.06156844231857232,0.03316225879492808,0.045629517863565165,0.04326913808194107,0.034962965041128585,0.05343908794090536,0.09158440463261165,0.07628653683442056,0.023501341852488766,0.04167368891769802,0.014878945438778489,0.27138338324170164,0.08306538791328606
2007-05,0.12981242627487113,0.06454407006171234,0.034467000739883916,0.04657906095809329,0.04257907482502341,0.03522195461223927,0.05187003234960954,0.09442127481720997,0.0755665886320015,0.02496706441613343,0.04193881356134018,0.014461434704025571,0.2610692878641467,0.08250191618370965
2007-06,0.13704920641231189,0.06703505927122372,0.03800140247508781,0.05140883968026553,0.042997714220982336,0.036460360495025115,0.058643514594674755,0.09502018885938385,0.07776252395851216,0.02465656649153419,0.04323396418414479,0.015053107106014384,0.23562452221903718,0.07705303003180236
2007-07,0.11008111144836821,0.041693268583667564,0.056139487927305644,0.07529821609330835,0.09171343270956897,0.03670596269185542,0.10235844736339594,0.07673708596121176,0.05830026494639026,0.07971768136785114,0.06355154191600301,0.03738958757742334,0.11847079845495236,0.05184311295869798
2007-08,0.10853949103132506,0.039895083895578616,0.057909285046542566,0.07633179186886846,0.0958325303988277,0.0371362196186216,0.10243613425849236,0.07365713716894676,0.056088752734172284,0.07873097167639806,0.05915324400956731,0.037602240657958676,0.12521573133616481,0.05147138629853563
2007-09,0.07433467980867448,0.017305497285456682,0.05443489791800562,0.06411199453350891,0.031463502968790684,0.04663741228496294,0.1596075935007838,0.11565391371387222,0.024185362007230444,0.055706623630693494,0.06838890038124626,0.02527118051825123,0.15475968493100778,0.10813875651751555
2007-10,0.07514699044149903,0.0171428552111989,0.05544500732472838,0.06735242697052618,0.033055768174549326,0.046607701474273185,0.1555860869660388,0.11693452031394505,0.023113609315234363,0.05587187519039726,0.0667677668940065,0.025630432444749895,0.14790949024002759,0.1134354690388257
2007-11,0.05164300573776379,0.028158461960817657,0.052605808137034506,0.17593355834954788,0.059247689499892855,0.01691057323060959,0.030878203425347545,0.10141526746318268,0.03960458167167568,0.059706929754254956,0.05737857760856165,0.04043690188880682,0.1508489694099458,0.13523147186255866
2007-12,0.05205879322588119,0.02573057599109013,0.04984286908650546,0.17041946647949674,0.0593541035347935,0.01605104878051129,0.028684808668333516,0.09944646393930963,0.03803097114027396,0.05949702922989761,0.052823981835373346,0.03791288059832505,0.1668732044994924,0.14327380299071607
2008-01,0.051702987046831704,0.02573087336827424,0.05044703473357867,0.17190840216670447,0.0607455359033502,0.016732320722732938,0.029380908615462033,0.10029122612365156,0.03738209873262863,0.05706482926938722,0.05046859265459112,0.037305843142711195,0.16789661107557557,0.14294273644452055
2008-02,0.04904632818186652,0.02471628235161323,0.04672198720081092,0.1642726533577544,0.055887260575773506,0.015223406132344833,0.02677726594661275,0.09142145751173943,0.03793841651261213,0.05498617802036358,0.050875175119791144,0.03648703942567212,0.18457941215680634,0.1610671375062393
2008-03,0.04923348518442775,0.024016339839974924,0.04676869336715717,0.16380208737901777,0.05769241585298657,0.015456442746980706,0.026627817407534914,0.08686228646505134,0.03655225840068002,0.05457540151355103,0.04464382223479749,0.035817515341160296,0.1930978570637295,0.16485357720295052
2008-04,0.04942288046758533,0.022878800759030198,0.0459209999357141,0.16191184042524912,0.05799912112694661,0.015380814226779305,0.026318252123390815,0.08693255301894763,0.03685759085701795,0.05309640246454357,0.04245154999607639,0.03593006730465057,0.19460968829106703,0.17028943900300142
2008-05,0.04859031022702012,0.024156810751400234,0.04848628960973379,0.1654225045155175,0.05936802323127297,0.01609230726417096,0.027619983802203478,0.0924606848865329,0.03837894886736129,0.053108347167180416,0.04443657163711973,0.03593024632241599,0.1849414566057241,0.1610075151123465
2008-06,0.05028232346685382,0.024385039436326424,0.050437976404311316,0.16760765191381513,0.06021978400037952,0.01673195394218534,0.029039514865705086,0.09617724949318603,0.03872834712207083,0.053858080897899854,0.04244452312374909,0.036073163405220314,0.17643971244669002,0.15757467948160722
2008-07,0.047888702813511874,0.021703273511079466,0.045834718147613224,0.16695097177686757,0.0579797743136763,0.01738627898391619,0.02789892609110565,0.09809940940207772,0.037631375692366194,0.054681856065072754,0.03581757638052435,0.033990374224249775,0.19304504264976244,0.16109171994817653
2008-08,0.04891199416958114,0.02061343368984909,0.044908913927972326,0.1626831375961592,0.06045704312796392,0.01644054175188159,0.025511764176117703,0.09080629441413135,0.03763361072582019,0.05840792404730704,0.037860820360362285,0.03364504747816371,0.19035282432928322,0.17176665020540735
2008-09,0.050012084812029074,0.02055058381068228,0.04580496423623411,0.16425002545923303,0.06183719949271401,0.016398486988985085,0.026094212219018677,0.09133409919742257,0.03955037164497214,0.0598577678276708,0.038027789821859524,0.03398055375422176,0.19570920722384055,0.15659265351111637
2008-10,0.052764316501378195,0.020253554801709667,0.04001697783716493,0.15361138411748282,0.058802202620443826,0.015856586947365452,0.023518404456803848,0.08071244580623291,0.040468498446068236,0.0605539542476185,0.039400332876965684,0.03346263305995019,0.21308184508459035,0.16749686319622534
2008-11,0.05092344140392635,0.016544771657378696,0.03405409121691814,0.13435947438935605,0.054321568900039474,0.01640093391140995,0.02287601196486078,0.07846267073389705,0.039931362369954634,0.06156872050839537,0.03584753750706863,0.031205361388270198,0.23778227586037795,0.18572177818814684
2008-12,0.04800737346358323,0.015575046715664927,0.031514919555907746,0.12959233073128038,0.04947671623269731,0.015531444459398342,0.023134675091211192,0.07832822208739794,0.03690936045915662,0.05607316912451024,0.031008325719875322,0.028540543333175284,0.2848243440727179,0.1714835289534236
2009-01,0.046877511914271905,0.015080332563839855,0.03135375931092053,0.12321187022885403,0.04701251959841948,0.015198812063879701,0.02305108949484318,0.0745181959884087,0.03701717572288511,0.05710277047440658,0.03037115269175525,0.027617867830578516,0.2985525693535558,0.17303437276338138
2009-02,0.12957966107151195,0.058176151948737424,0.034330586719287834,0.053280959831813246,0.042011156610273305,0.037234915365574446,0.05140600539207981,0.08212909838349812,0.07314892195274827,0.023658677480283843,0.03291342039150673,0.013917487565319539,0.2793474276092291,0.0888655296781365
2009-03,0.11309090310070577,0.05136654527122917,0.02791243786511919,0.04706477855836512,0.03858342844826648,0.03997609144495216,0.050779416228250336,0.06430735005677905,0.07755120152315281,0.02236196394517396,0.027389709575946216,0.013062944238694866,0.29341671866183777,0.13313651108152705
2009-04,0.11788654458484421,0.05505116447141208,0.028829940864668634,0.04471212404278272,0.038618887729514786,0.041502812233138085,0.05219279039559351,0.06137265132609457,0.08281226901411584,0.022563301356942917,0.030846675050972064,0.013801667313831123,0.29453434781383675,0.11527482380225265
2009-05,0.12331123260037788,0.07569514977226777,0.03751004472314881,0.04539712378808893,0.044415384785845675,0.045983987884318026,0.05804542999669996,0.06072494275140947,0.09142337133998665,0.02120423122754491,0.03775452116551412,0.016873230506087796,0.2397971292932598,0.10186422016545016
2009-06,0.14245700229694028,0.07131886987894125,0.03883198471232316,0.05051275022973017,0.04751483304064579,0.04604558105989551,0.056351735223024446,0.06367736514140719,0.08865745969108507,0.021663515592741652,0.04221992690107868,0.016190200938091613,0.212335540811329,0.10222323448276632
2009-07,0.14189679117908702,0.07492419454541253,0.03756938300927425,0.04571512829242649,0.04425618963034529,0.04870178487082818,0.057757164868877595,0.07034364189777566,0.08663305653404885,0.023380067803584665,0.040350784646227565,0.015518746031570324,0.2075737750747924,0.1053792916157492
2009-08,0.14553262789642563,0.08252735991923797,0.040750188479309786,0.04548871638159134,0.050032363291176926,0.049089757191400726,0.058341410320952955,0.07018403625021646,0.0870042913180487,0.024300832648914035,0.042236284196052756,0.017319761724339078,0.19208278305377155,0.0951095873285622
2009-09,0.14295716271118306,0.08244310442441535,0.04247206411902314,0.0441535956450839,0.04787654602155244,0.048774338625353575,0.05681085292145453,0.06775180759094657,0.08977534269719527,0.024227933300961207,0.04768860947935929,0.017751380435484635,0.19360710784287816,0.09371015418510907
2009-10,0.14828458086357624,0.08017523261195589,0.044103575523417905,0.04443612139810493,0.05043383530516264,0.048983912203976826,0.05954012907321983,0.06636469979568607,0.08844819967846088,0.023225408938930436,0.04563571200811778,0.01816552612082202,0.1879262339458228,0.09427683253274592
2009-11,0.14577543682728253,0.07988646959184564,0.04195468487804998,0.04790229587446443,0.05018678958975873,0.04880179475303488,0.05583821666164864,0.06348321260068354,0.08925498256822689,0.022599775363088007,0.04241030853910999,0.01689651048794181,0.18748863468100968,0.1075208875838554
2009-12,0.11325863484559347,0.03614021859122458,0.05442250251171721,0.07414629277791505,0.09910065852918494,0.03765331180142841,0.09726713214605813,0.07206866722337751,0.056855174858184185,0.08209347533731873,0.0539490947419784,0.035464173287006115,0.1345251897161037,0.053055473632909675
2010-01,0.11361258857240156,0.03784854064179823,0.05635491120662267,0.07287754000651762,0.09627241873040104,0.0392423457020504,0.10156665290988685,0.07702410386947199,0.05730444011811886,0.08244522305455293,0.05359617373090498,0.03589395444987162,0.12117449175484023,0.054786615252560976
2010-02,0.07726239397625835,0.015023968978223393,0.05134978771145534,0.06582517525432435,0.03194952067324951,0.04882982493941268,0.1422328295659335,0.12233489351964684,0.02213399324832527,0.05635743938375742,0.057220030351034096,0.023909338991790072,0.15570143476587778,0.12986936864071158
2010-03,0.07932876833546981,0.015876583938170055,0.05460166507608166,0.0667599634263673,0.03286056206257552,0.05042490202139023,0.14760404724955717,0.11850430658663576,0.02254863870371166,0.0551163985428171,0.058422581564408625,0.024598201461671996,0.1520759189669632,0.12127746206417984
2010-04,0.08151760490580427,0.01734988000270138,0.05701079927906088,0.06573407737382388,0.033330913032661905,0.05112991575603879,0.15314111311170087,0.11802942395216202,0.023474987844780283,0.05492772275048222,0.06124318876093315,0.02611764464038941,0.13907241685967933,0.1179203117297816
2010-05,0.07734741889344492,0.018103602038484812,0.05848666968450073,0.06723741799942151,0.032470233387922105,0.0506456333968058,0.15843966938331036,0.12074669363133471,0.023097599179702846,0.050899422737098375,0.06020595421622167,0.025943809511132523,0.13855420321541626,0.11782167272520344
2010-06,0.07468294143601349,0.015726574560732995,0.05318737393329066,0.059154071715272614,0.029670820748554805,0.04857812585214333,0.15718166694799288,0.11062302547787958,0.021775567685730243,0.04599381354094446,0.05491719696897046,0.02332556198518353,0.16890106025099885,0.13628219889629214
2010-07,0.0729805385204112,0.01383369909127746,0.04803241675401297,0.0536576524756478,0.028245662829934452,0.04522377631584995,0.14435823417282673,0.1109148370035925,0.019389251143119332,0.045895537687245316,0.048763524489113405,0.022130225608968164,0.19985764243505327,0.14671700147294747
2010-08,0.07619065025256035,0.015800072762907607,0.05115258696859134,0.05537888548210543,0.030038414466821095,0.04568496177211664,0.15290354538263437,0.11633768163206099,0.019379817115875875,0.04428480388833487,0.04970256763510322,0.022849827373933883,0.1901526364096046,0.13014354885734983
2010-09,0.07378443566574805,0.013867778811126307,0.04459096675228227,0.051997548491525374,0.029196751888175984,0.04144851319636887,0.14388522247718458,0.11651661912880999,0.018444729781960465,0.043014763316074886,0.042367569226674395,0.02132586529080305,0.22439892704529632,0.13516030892796949
2010-10,0.07595995852159403,0.014581478577603071,0.04787844374318492,0.05391696733864502,0.029242669037092123,0.04336758007714048,0.15209343205117734,0.11648628486210241,0.01938674454874206,0.04468320654706092,0.043177032605600504,0.022262299780948572,0.2064940493309635,0.13046985297814506
2010-11,0.1463619032624479,0.08424879226153714,0.04278498949724438,0.04411664652307076,0.052451747130750556,0.047109617655483785,0.05761724475699742,0.062787290468128,0.08837336642068375,0.02273247390055641,0.040171361373623225,0.01726754792392376,0.18419135004129952,0.10978566878425336
2010-12,0.14081240467383396,0.08995969338598966,0.044801921487706356,0.04863194153165822,0.0508758951784106,0.04626125422348995,0.055324872659947254,0.06080329778733729,0.0930753567384624,0.021897838275452754,0.03994422774190772,0.018345834838759605,0.17390473975119564,0.1153607217258484
2011-01,0.11440224944267452,0.039420334430049955,0.0552220133625052,0.0701437006503575,0.09882016073180011,0.037054643001635953,0.09605618670920515,0.07277634524251221,0.057639655200102675,0.08407386057859159,0.0541468682576095,0.036911921738947785,0.12934697565747447,0.053985084996533546
2011-02,0.10962527717627586,0.039202894004670086,0.05762910342253277,0.07498967151347119,0.0981321921135658,0.03820143811620401,0.09539769735839108,0.07472770493890732,0.05678253919518145,0.08273742227355595,0.055459521057200006,0.03741247981368342,0.12711048706541317,0.052591571950947796
2011-03,0.10976371215615738,0.037537976346111585,0.057586888329159855,0.07743270390003537,0.09723740883192719,0.037882006575697035,0.09764538417760509,0.07482257190500459,0.05619079229932517,0.08194458861050564,0.055139790919330384,0.03770086582945115,0.12569756547319405,0.0534177446464956
2011-04,0.11213849402560468,0.037626147536266176,0.058204181650425596,0.07797013821224101,0.09679247624809523,0.036908216714144466,0.09808480168200939,0.07463425409712773,0.05605145971713673,0.0827876358259988,0.053431005226403594,0.03704714242160406,0.12349651725022012,0.054827529392722174
2011-05,0.07845946707553422,0.015827305758141876,0.04965238025507683,0.05690013446618371,0.031085051592007532,0.04461362380557499,0.15737683095216573,0.11615916593871879,0.01934055882797313,0.04422060075243153,0.04253260987804574,0.022351277778228325,0.18669994809683302,0.1347810448230846
2011-06,0.07945882528230924,0.014937921662324619,0.046219612066709895,0.0515603780073278,0.03041781955694825,0.04270024629962875,0.15405023612451654,0.11675210959537238,0.019418864499933564,0.04492653047690343,0.039898903940408986,0.021207482221154157,0.20107653406800843,0.13737453619845405
2011-07,0.07928986041051297,0.014985150923963485,0.04717815228497498,0.05049857231081432,0.02995738979892049,0.04207838920816923,0.1530945499665114,0.11816898525962663,0.01953021797031231,0.04426412254050528,0.039141133949130186,0.021001733129601064,0.19825200566221934,0.14255973658473828
2011-08,0.048107508316740995,0.01560196367747,0.03125033011136891,0.12368365825148783,0.04595623560373901,0.016475114271056714,0.022738847559708827,0.07871518554663968,0.0373590871365854,0.05926882829864124,0.026244378440027027,0.026462251300101537,0.2714239796171649,0.19671263186926796
2011-09,0.04730882258265061,0.014740234047070661,0.02926233904570285,0.10727794897362287,0.04419558187446552,0.01615947254659873,0.022306401043779952,0.07727794100408472,0.03629124437961599,0.05661737466279686,0.024493144709271972,0.025242852253928135,0.292393243797831,0.20643339907858016
2011-10,0.04585432650814705,0.013928493383867162,0.026985270790174685,0.09419668510679173,0.040997537343937726,0.016372661132059478,0.022014305684131447,0.07711548329674299,0.03601804954778641,0.05545836259978396,0.022988227438160206,0.023664928462596047,0.31593969558110513,0.20846597312471593
2011-11,0.046558110592551286,0.014500422148446079,0.028307789657815143,0.10217161017481949,0.04228270023023773,0.016043288426583723,0.021321174831933094,0.07975443552121904,0.03683076469387242,0.05625092024550398,0.023434465557574183,0.02433910279280163,0.3049943058090693,0.20321090931757277
2011-12,0.04682700182700035,0.01399318610987991,0.028704574240142784,0.10082260277629147,0.04222316140312824,0.0161179535475246,0.021821336121904164,0.0792547788608755,0.03697270294245728,0.056208481484876734,0.023019046521607404,0.024368864765594588,0.3053252763575858,0.20434103304113113
2012-01,0.0473403123389868,0.01376449670119778,0.028090968671884504,0.10006232050973739,0.04239848860214431,0.015822635532739344,0.022242860415100634,0.08108075876001802,0.03697422336017872,0.05750999106635902,0.02312699321861065,0.024369727188410698,0.3128875141660855,0.19432870946854666
2012-02,0.07793310892317269,0.012895530754416436,0.041955461638632105,0.049335171951696156,0.028434355675502704,0.041488944757124044,0.13541311242096057,0.11718878309637468,0.019379259170209006,0.04127846884982363,0.0358094734651882,0.01979854398579885,0.22980199938037932,0.14928778593072173
2012-03,0.07951694903317919,0.01359067437582774,0.04261838541167337,0.05178022314271872,0.02916617000486801,0.042948401043496384,0.13914524206923065,0.11514908949348433,0.019668391416871534,0.04064095681164499,0.037688828623037775,0.019489366663253484,0.2135964179816805,0.15500090392903326
2012-04,0.1144754911799302,0.0363573109842356,0.056436678873285594,0.07444377026028476,0.0977814622963226,0.03663742087117882,0.09739637551697501,0.07590770146073789,0.05710729903237893,0.08477604011670738,0.05149890271215725,0.03604922057617488,0.12521061713213483,0.05592170898749611
2012-05,0.11428231151939347,0.0337258895661335,0.05546902484716994,0.07278204059600232,0.09658011944624606,0.03588689894013826,0.09838798590099232,0.07745546928636547,0.0574362471256582,0.08456072062974551,0.04986864273507334,0.03580626495099885,0.1325031721329333,0.05525521232314957
2012-06,0.1152711270365397,0.03223158356798857,0.051359397546695565,0.06527120369071873,0.09209187445325036,0.03455984508791962,0.10230974811208013,0.0797071446290038,0.057796924760885056,0.08487402063693888,0.04572339980327898,0.0349270278687947,0.15021677746448212,0.05365992534142368
2012-07,0.11397684051064622,0.030365509607057008,0.05033846137485532,0.06689923068108855,0.09037263484597427,0.034665674682177315,0.10435865648705996,0.0808891817030299,0.05734338638661263,0.0865318546282418,0.046640794844367395,0.03607141075208021,0.14677623186254787,0.05477013163426141
2012-08,0.11257453590312662,0.029964846369444305,0.04976099762618161,0.0675194691501751,0.08966104572113964,0.034167667673422844,0.10592416122897502,0.08294476369802278,0.056979479998503564,0.0857915107248214,0.045375976447724585,0.035110962168102715,0.14949767293304642,0.05472691035731334
2012-09,0.14958635717838437,0.08817625129488685,0.046016606475298205,0.05075064887110875,0.05302977961464044,0.0470913451000384,0.059998987745600696,0.06271781796708113,0.09560025107743743,0.023116804331894617,0.04256495817668288,0.01899329910821264,0.1505616889544276,0.11179520410430595
2012-10,0.1497009060386325,0.09007401453601872,0.04518428780726483,0.05124147625686896,0.052661235720009546,0.04587763848393995,0.06251793815925244,0.0624504926455864,0.0963134088517941,0.023449490087077234,0.04307497366545778,0.018995141266388398,0.13962477020466188,0.11883422627704755
2012-11,0.1428598169361231,0.09831562790209664,0.04552046547163416,0.050371796513023745,0.052242290823928055,0.041992024907650416,0.06016826631445696,0.06520479305931916,0.0945260169831177,0.02324027602864556,0.045265973942352704,0.019354559429868357,0.13949091975443778,0.12144717193334588
2012-12,0.11205363143910982,0.030869639312562085,0.051011298379463214,0.0680362892420574,0.09200906915053002,0.03476460941771637,0.10622075052390996,0.07801087094800127,0.05793502610723811,0.08616356869337928,0.04680916441199044,0.03523621912774771,0.14574798133394512,0.055131881912349356
2013-01,0.10844218698824185,0.03294901085805639,0.052944448599652694,0.06892287770715323,0.09301529251510292,0.03487834074207929,0.10734043652968533,0.07810081079234214,0.057177382729285,0.08549653742263612,0.04896025579644331,0.036140667831489746,0.14184388370924567,0.05378786777858612
2013-02,0.1070590434561218,0.033193161819801024,0.05347146410970279,0.07042903716598828,0.09362926522975544,0.03466516458282097,0.10573631807850208,0.079656868462648,0.057715803928090954,0.08616508727451148,0.0499148574498865,0.037637863987682485,0.13615226269192934,0.054573801762558764
2013-03,0.10768520618425577,0.03279795628814557,0.05328357542633741,0.06987195288487283,0.09265686014396785,0.03454262174577418,0.10540809778803195,0.08072868189824739,0.05728155598522059,0.08518079682091151,0.049803937418710365,0.03795208926782796,0.13905555928875044,0.05375110885894626
2013-04,0.10734286808125079,0.03329844282296261,0.05306408510590138,0.06909877409589463,0.09023417072268565,0.03447182127493363,0.10542210697283001,0.08300940881632718,0.05775844744054658,0.08577363282872665,0.05029794188994132,0.03836579303540155,0.13838956911585862,0.053472937796739416
2013-05,0.10660276188143566,0.0341828493537371,0.051797698827531345,0.06705878302164645,0.08946453872247222,0.03430381376294395,0.1052959526911598,0.08610725372015238,0.05793333215274268,0.08457475684432209,0.050147247205891095,0.03790266703962297,0.14281340837715076,0.05181493639919159
2013-06,0.10351168549916462,0.03750845981006176,0.054555396865893356,0.06977940759424849,0.09100606939462037,0.03604249814151872,0.10329899169011948,0.0788362841320247,0.05972097561692839,0.08610179026205242,0.05405285597323994,0.03987925209740997,0.13486998971582329,0.050836343206894494
2013-07,0.10399320177897979,0.038325051848950326,0.05454182399294808,0.06931301012892167,0.08867851503089388,0.03605408337667214,0.10604232782567437,0.08133454717833015,0.06067767690494947,0.08544445026598911,0.05474721193887661,0.03988110575133384,0.1306279946589584,0.05033899931852203
2013-08,0.10137890569729958,0.03955092848581513,0.05521795509017296,0.06974500853835973,0.08866720336881705,0.03648302258668764,0.10376871654042472,0.08231073191069116,0.061186650742597146,0.08585814331195016,0.05553090127195136,0.04030352279654038,0.12930764181910515,0.05069066783958781
2013-09,0.10144757807895077,0.040010913189249056,0.05603752188472226,0.07029035026549638,0.09046643927400584,0.037147210585109426,0.10480135621234672,0.07980632450919703,0.06047108583817822,0.08635277669395353,0.05481970779535463,0.04007738732188503,0.12657024323365124,0.0517011051178999
2013-10,0.1001840755441257,0.04069856905316124,0.057172486840229096,0.06965612110322393,0.08985899069300506,0.03719760139408094,0.10496569680018977,0.07884919437033011,0.06093713703622411,0.08643153164263587,0.054755402451252176,0.04075219681678687,0.12693704357353972,0.05160395268121541
2013-11,0.09967491462115742,0.040115404868017346,0.05715070611920009,0.07004834337479926,0.09007899037173644,0.03725461012605293,0.104801911350275,0.0792890292155908,0.06130555855612735,0.08517608881195121,0.054546768138779796,0.04131495141395539,0.12742218164006602,0.051820541392291045
2013-12,0.09861294087478112,0.04049535803488536,0.05794001708294289,0.0699544625961786,0.090228879127193,0.03796872899958217,0.1026138265429364,0.07728658572087571,0.06236537922175624,0.08639814671383883,0.05652141853591748,0.041961228519668305,0.12571207636966353,0.05194095165978027
2014-01,0.09835663197498323,0.04070804617020901,0.058945464337295236,0.07097010458670723,0.08935726108505894,0.038765459323237585,0.10342448640007781,0.07816906679783253,0.06168586416813064,0.08485647115378932,0.057058899383566716,0.04309248236595805,0.12265154126335351,0.05195822098980028
2014-02,0.09536547547201793,0.04009701494584786,0.058117212343392066,0.06763423686282577,0.08768754685576033,0.03891664340468739,0.10304334927255909,0.0815642175300054,0.05919136142487907,0.08928436284710921,0.05604205094223985,0.041975280864455976,0.12914656299345112,0.051934684240769025
2014-03,0.09536111060305906,0.04066639166891172,0.05859761079655296,0.0680282457867243,0.0887328476293378,0.03897055025113033,0.10229453688260252,0.08137972404011191,0.059611849468080284,0.09033243878336955,0.05587030056240436,0.04202065709974594,0.12660155605500126,0.05153218037296818
2014-04,0.09772564275191058,0.04008442714238403,0.05823845884682868,0.06881775589267995,0.08943954293888613,0.03856133517532071,0.10211449806466075,0.08289657284031247,0.05901698456630553,0.08814978135798142,0.05666339627665559,0.04210390509864599,0.12464856795589706,0.05153913109153087
2014-05,0.08536887682099817,0.014672259226325694,0.04363574837941911,0.04909564946227168,0.031032353160029263,0.04560381143076927,0.1498347582056147,0.1216432093812074,0.02165637433571841,0.045648211877627104,0.04299365392514931,0.020947192618621706,0.19289571158411845,0.13497218959212973
2014-06,0.08669486658318826,0.014668819934577592,0.043082132311186246,0.04825049529085209,0.030897553114322556,0.045931053280520016,0.15217577516827258,0.11708463369979595,0.021593403106134366,0.04566925665956791,0.0426957358767467,0.02118164781808108,0.19976777015260105,0.1303068570041538
2014-07,0.08570594178543735,0.0153329052969641,0.04334298515106509,0.04982140768173625,0.030175706375364736,0.04624485119461087,0.15029396187725222,0.12560157538923575,0.02162550978978616,0.04658237254178422,0.04345779885945028,0.021267248318407428,0.19433972015609477,0.12620801558281086
2014-08,0.08141058121162852,0.014794010241769868,0.041603717994257175,0.04870104145106345,0.0296745984783198,0.04809914309330913,0.1553752623312585,0.11060435941967485,0.02167149195214645,0.04801835215636293,0.04363982805152849,0.021131087700046194,0.19941802292121044,0.13585850299742414
2014-09,0.08454068191733034,0.014777499001945265,0.041987235399317265,0.047729673789906016,0.030185659589972543,0.047917065697327024,0.15389774738651724,0.11549953283856541,0.02178729669837595,0.04921189718665292,0.043656337848248405,0.021173478693206592,0.20109363095337662,0.12654226299925841
2014-10,0.08779543642147265,0.013930462627568226,0.0418540728522898,0.04378291524014609,0.03170085921478715,0.04932883293569526,0.15323767561315094,0.11067726483785313,0.02289547318828968,0.05173778402264099,0.045591734792939737,0.02201191006040559,0.20229537150954127,0.1231602066832195
2014-11,0.08778227731083436,0.014209196115263155,0.04206714777521572,0.03991189766878107,0.031192183483211434,0.048345911269031094,0.1489908388302806,0.1187774885091488,0.02306104668454508,0.054117142729270214,0.046185657681818405,0.022222899055694488,0.20573296098921165,0.11740335189769367
2014-12,0.09203022894530237,0.01476550916021986,0.04230870886433263,0.03384208203149072,0.031743755119569374,0.04948847462050715,0.15027012736692308,0.11623935381902033,0.02487876746977108,0.054852938552656924,0.04623556182637484,0.022935708444832597,0.21170199100302203,0.10870679277597713
2015-01,0.09761702082041859,0.03991446401467146,0.05779473135280548,0.0696924552694195,0.08935033151358457,0.03832483040128484,0.10091299620239565,0.0855174645213417,0.05845078855156601,0.08716790399481106,0.054792503370730675,0.04232907958741519,0.1267932200119247,0.051342210387630684
2015-02,0.09947417832247578,0.03868918705591784,0.05647588604872842,0.06757082973628828,0.08792950782680563,0.03746016990370536,0.09875954333193332,0.08720253282866937,0.05883734280297257,0.09042476554467162,0.05133934316006546,0.04093997567861042,0.13376929871398965,0.05112743904516629
2015-03,0.09927749138882501,0.039962314433650906,0.057399554559508896,0.06832945944804068,0.08865537071054545,0.038586513988075145,0.10035188324427342,0.08212604432904452,0.059689564744226785,0.08940455710452386,0.05290515218079925,0.042057761461937265,0.12957957295088746,0.051674759455661315
2015-04,0.09742300434370728,0.04027989866577418,0.05719534009603707,0.06752253072939947,0.08652221365479944,0.038347570417667995,0.09903029992699272,0.0826796828355294,0.0606829200339302,0.090896535787868,0.05359229653567455,0.04184768915020763,0.13274036703610992,0.05123965078630224
2015-05,0.09792828395255052,0.03995225952194121,0.05660467463114084,0.07039313883725602,0.08599102720936845,0.038555371867926964,0.10158710679538396,0.08262014859948853,0.05947350344751668,0.08951425891661577,0.05373983498808244,0.04181697536219945,0.13052586033641442,0.05129755553411474
2015-06,0.14999574579951394,0.10073584864589695,0.04867199370683277,0.046840894978579996,0.054609991266293026,0.04367919187733704,0.06147255860587601,0.06003100446045525,0.09721318550436203,0.0264487679863085,0.04616993881359222,0.0207486024035936,0.13813961503411645,0.10524266091724228
2015-07,0.14914972699093262,0.10131046321888235,0.04887327746037867,0.0457863302038975,0.0547546505136779,0.04310456168471968,0.0634274175297106,0.05501952694671409,0.09956979898170422,0.02805337032946089,0.04946669409233966,0.020855231330853114,0.13368930753453792,0.10693964318219065
2015-08,0.15831347652685715,0.0940278383438941,0.04651224495291107,0.03907083103855725,0.05136875244247478,0.04372832798626932,0.06415213980986925,0.057720640294329474,0.1048371741610645,0.030146836931511954,0.05009803213012228,0.021619332787688027,0.14053873064826378,0.09786564194618705
2015-09,0.15626534384357235,0.09426737341014968,0.04645152668238523,0.039810788120190045,0.04794569047849667,0.04359558173305031,0.05796127324312159,0.05682660874814324,0.10282380342614403,0.02725097622526534,0.048446119032421596,0.021162069076723418,0.15348680768077097,0.1037060382995656
2015-10,0.15532937186052895,0.09058483474907,0.04400949162517735,0.0373380064995672,0.0456270316387063,0.04392737993918327,0.05666142936258675,0.05791160519751849,0.09996306043864919,0.024747935310587835,0.04699015114668173,0.02098319273949969,0.167522212146003,0.10840429734624027
2015-11,0.1618750953845757,0.09071752529062077,0.04558702651590084,0.039845907743632676,0.049682694356872635,0.045408606322639024,0.059602861135869684,0.055848201313514735,0.09990350697493844,0.025629141243565003,0.04713051869343158,0.021695131935278545,0.15285185986376998,0.10422192322539046
2015-12,0.15800772276031877,0.09316784982570386,0.0467793530314745,0.04160424197944033,0.0508617337534195,0.046898592411726385,0.058532688567817084,0.052980968736512535,0.10229301685296005,0.02684523074891903,0.04966647199544695,0.02246725247572125,0.155047656543062,0.09484722031747776
2016-01,0.16300913882012352,0.08942271429705202,0.045360155901406365,0.036746143521708255,0.05164872262410902,0.046548043340786036,0.05697705294285526,0.052022072763146916,0.10422238370637768,0.028175210865501232,0.04868758019385723,0.022548819338005628,0.15797199590682443,0.09665996577824634
2016-02,0.04773419778564438,0.013862733032905313,0.028726589024566925,0.09955417574207834,0.043037650000421805,0.01555698234025284,0.021494983653315237,0.07954752549266723,0.03813508756887386,0.06073739986751506,0.02368110351617067,0.02486214159215671,0.31419256872762713,0.18887686165580456
2016-03,0.04699408080399805,0.013977079737485916,0.028929520514791775,0.09502250249381158,0.04312651446663012,0.015200458855427125,0.02128526567139683,0.07912270936896318,0.037386822572176334,0.058948280918771696,0.022729227566865816,0.025135420164847596,0.31669487328283835,0.19544724358199572
2016-04,0.04747910316161874,0.014240202902298986,0.029405693747311928,0.09875102137644574,0.04383202342635816,0.01528591660872028,0.021417609536727052,0.08178828092132848,0.03765763804680781,0.05902217056398282,0.02287081721692171,0.02562861040075185,0.3080265906449385,0.194594321445788
2016-05,0.08997683007538479,0.014397651734646749,0.041588695803639934,0.032842365552001304,0.031360664819892116,0.048696718474469755,0.14680631632834465,0.11936388479175228,0.02521751920667153,0.05368223252341216,0.04728043885735804,0.022428030072289735,0.21519501392722346,0.11116363783291354
2016-06,0.0889370589295778,0.014294831776771839,0.04069050407409924,0.03239631277499823,0.03098141660716206,0.050722002971009046,0.1427345039872641,0.12196655332539288,0.025450298622140547,0.05485561230112367,0.047990537746493256,0.02224767670371814,0.2136486501973505,0.11308403998289873
2016-07,0.08892858718745222,0.013552691132906209,0.03937109163374439,0.03271712339093388,0.03088877567748074,0.04736850786339371,0.13803253110712682,0.12819328184850745,0.025247461265721655,0.05239200473254395,0.042607605193864515,0.022188010995829337,0.22604562214177015,0.11246670582872505
2016-08,0.0873295001769925,0.01405118067253415,0.040414421118617,0.030435075367540722,0.03086494287819905,0.0495276184143327,0.14122542223943282,0.12523406358682204,0.025327928187268523,0.05491428289977166,0.04343544645636925,0.022131955777812427,0.2206780019248948,0.1144301602994124
2016-09,0.08972375783802965,0.013943951460759425,0.041921883440350936,0.03134338084049518,0.03215748881337318,0.05202125544482331,0.13961374968736923,0.11907989197829563,0.02498437154066649,0.05334355844263769,0.047586519537005365,0.022412899419267086,0.21609588870968993,0.11577140284723704
2016-10,0.08536262820054037,0.013755517772267578,0.04200681419068224,0.03266303260255887,0.032057938736686255,0.05333964837571979,0.14004193171125517,0.1231492778550695,0.024840449019366054,0.053829026030160376,0.04653074155032295,0.02242999589570304,0.21572716751289658,0.11426583054677097
2016-11,0.08910373830230645,0.01397902742898584,0.04243554840845451,0.03304546086377317,0.032653594502745936,0.05526822123623358,0.13702677184355136,0.1271484340308854,0.024769553652827694,0.04932615233063256,0.050228884519288496,0.02363354965073434,0.2100829970023752,0.11129806622720533
2016-12,0.08402287793578937,0.01515487025522107,0.04780111562977934,0.037228015755617044,0.03325162830295024,0.05628498205983949,0.15320109877442545,0.12176073881117076,0.026134359827503943,0.05134775441372855,0.05892103655445409,0.026249420646417953,0.1809177741438311,0.10772432688927157
2017-01,0.08576050222105519,0.01632897453539347,0.047055938876755896,0.038184446444064976,0.033721109532331386,0.05546293169137876,0.15601496652301508,0.12594885577544207,0.026222989896801666,0.051184084898609365,0.060340488338712576,0.02688989603630409,0.17859779572438747,0.09828701950574821
2017-02,0.08549210557652125,0.016652802948141712,0.04768535513827622,0.03544731485638304,0.034796907942934927,0.05662018414158714,0.15811498240875183,0.1248123759421212,0.026123534356141242,0.05140283208624953,0.059168217398974245,0.02698803255304319,0.17626308736167143,0.10043226728920311
2017-03,0.0864790250924025,0.01643075988928424,0.04822859157362083,0.033492867642657194,0.035646459498185595,0.05713145652151928,0.15074761250613697,0.1272520463582584,0.026267341224142985,0.053904849882346534,0.05999625766534428,0.026926412047314385,0.1756680037418434,0.10182831635694346
2017-04,0.08726185182862874,0.016549062737033143,0.04793437074283292,0.03300290372188313,0.03609848362782231,0.05826129613010593,0.15165138481550178,0.12754384426499152,0.02657049669768051,0.053826819182296926,0.05791188372727382,0.02686287628833136,0.17488684909687313,0.10163787713874459
2017-05,0.08681064224011566,0.016505643063786383,0.04883577621665058,0.03130549863745433,0.035598240782119796,0.05901183939617216,0.15036289912731907,0.12657911306814656,0.026907368889441972,0.053666298483031866,0.057226423687911886,0.02665777345230424,0.1770235574727971,0.10350892548274845
2017-06,0.0896425726692076,0.016537509538526226,0.049269534101002786,0.029893656681135253,0.03575970692318642,0.06075946493099855,0.14342506350996861,0.13006081589075552,0.02739153011397482,0.052945787228683636,0.05567233174315178,0.02693960850891048,0.18072374193995883,0.10097867622053963
2017-07,0.08929719344235582,0.016958019698809744,0.050688699960650396,0.029660884483340495,0.036036506486054144,0.06006636787490271,0.14062492289905656,0.1269710555197656,0.026624838862361166,0.05727956777689135,0.06042065583693532,0.027427400421700273,0.1759958338638989,0.10194805287327734
2017-08,0.08591466199081496,0.01694974118057285,0.050764951960549254,0.030364479480921778,0.03662831159444499,0.06042996703333204,0.14379471552872683,0.12884713982306548,0.026606058739067236,0.056502911499847285,0.059972603836744326,0.027534964305482818,0.17631843912948592,0.09937105389694423
2017-09,0.08284265142166704,0.016657821683965204,0.05022643336034603,0.02802957676033148,0.03666347587185267,0.06175613882466259,0.13747395460108022,0.13254015346130918,0.025706081882669606,0.05780746133658755,0.058465133435511456,0.02740401342180556,0.18193155798220165,0.10249554595600967
2017-10,0.09848798789805391,0.04023406602122052,0.05746025871207349,0.06596252388457116,0.0860177630999536,0.03946302286264356,0.10054610262689587,0.08228429560662631,0.05979177590429874,0.09141845914524363,0.0555491042414738,0.042075446413504455,0.12938293302640982,0.05132626055703123
2017-11,0.09820454806490664,0.04053343567824555,0.05891605724522833,0.06607692386644164,0.08638642867662928,0.041031993541362256,0.09502589388191901,0.08449290396803161,0.06091989806246265,0.0893239068166562,0.05686641496178157,0.04214707404898045,0.12869855384630519,0.05137596734104964
2017-12,0.09838087000400642,0.03987049292717074,0.059006197908125335,0.06617361230382067,0.08649757679008338,0.04064337863555459,0.0950778517248153,0.08463630047602702,0.06249313859969594,0.08842976164148086,0.057211428802306306,0.04253096655313699,0.1276105004961741,0.051437923137602266
2018-01,0.0986098162617636,0.039557995193569104,0.05954347056068271,0.06802626091710984,0.08672622321327039,0.04041222627631218,0.09691838330768131,0.07990764271477842,0.06311371195581177,0.08709475284185496,0.057197344977079456,0.042945127900184045,0.12852140457667338,0.051425639303228646
2018-02,0.09856201468804374,0.03968514397661507,0.06085973527367229,0.06825752103044029,0.08514473932268689,0.04137755266918534,0.0974495307066094,0.0771316148072972,0.06533678822221355,0.08897748248086437,0.058444511166897195,0.043813172133674305,0.12362042421545415,0.05133976930634627
2018-03,0.09712153774986762,0.03946646212447719,0.06239165397735056,0.06376389654859634,0.08396616187337397,0.04355020744908081,0.09546116834520485,0.07626851777250529,0.06599302057447304,0.09139623577744053,0.060245877399984306,0.04396064063981298,0.124586617074759,0.051828002693073354
2018-04,0.08325841630769876,0.01680886960554068,0.054067772538261706,0.03081612391345994,0.03703829381884669,0.0637721581647684,0.13699405946202342,0.1284806358031292,0.02625312371288685,0.05937956651167977,0.063320407961016,0.028150416476011225,0.16831166109307863,0.10334849463159863
2018-05,0.07894331238812638,0.016540818979434435,0.05207930770128527,0.03466378912813488,0.035489567867665814,0.06488822896102046,0.13539264840183282,0.13789447470208102,0.0274816370088671,0.060061876558653304,0.06548619821343199,0.02798566297343873,0.15901049676070922,0.10408198035531843
2018-06,0.07744174804261876,0.016770444959892678,0.05369595524538202,0.03554172513321113,0.035278372148486274,0.06905895932980263,0.13183457191024867,0.13742973319998092,0.027293477017796854,0.06139360708550446,0.0652473048478808,0.028775011501963974,0.16144150974815658,0.09879757982907429
2018-07,0.08010414944495235,0.017005853425541617,0.050701065829247334,0.03546893151497182,0.036126838355187985,0.0665599977648979,0.13809934022585707,0.13890433919996684,0.028134229459175826,0.061188637405592945,0.062446964613012364,0.028274400898893187,0.160667781468554,0.09631747039414863
2018-08,0.08062678631962271,0.01707505374828982,0.05282456211648928,0.03581597387431398,0.03778143515026496,0.06592936559706321,0.1362666045716156,0.13738084649260812,0.029132073560197723,0.06422141113029914,0.06360099442476984,0.029254700660447205,0.15763563917283682,0.0924545531811817
2018-09,0.07711641210882922,0.01701027562342734,0.050968748469420996,0.03429052494997887,0.037905481437599475,0.0687414657861277,0.13697043399091668,0.1356466028120592,0.031502545771830086,0.06646435354824225,0.06388200712786689,0.029839692520497788,0.16095189927607,0.0887095565771336
2018-10,0.04701952568467877,0.014402878118273272,0.030667910117366994,0.10500213978592882,0.04477127801494261,0.015404423295774137,0.02165569164821829,0.0810922056834018,0.03824587474000249,0.06239916614315482,0.02420436330806791,0.026094019253851485,0.2982108303349989,0.1908296938713398
2018-11,0.04877440896145991,0.014535263723666949,0.028271356097634946,0.09581471807358535,0.04349504592432142,0.014836699749345419,0.022262066981786552,0.08439034196155165,0.036183479535614786,0.05846566503566549,0.02383008713860442,0.024813118263571157,0.3037144234661247,0.20061332508706725
2018-12,0.04811089487519157,0.014698709869945988,0.028621302349344634,0.09281834592125901,0.0447640518834615,0.014362129940977164,0.022257290410747945,0.08560944637281587,0.036250380412010993,0.06044354790813748,0.023844647095780942,0.024861829381043123,0.30510135373927955,0.19825606984000424
2019-01,0.042759152188307836,0.014139622497758833,0.026967397876057536,0.08127292664362952,0.042961071299034564,0.014238131473074176,0.021206342475838764,0.08178087440846096,0.03415034369563255,0.05625579059869712,0.022304606289662444,0.02359327921243365,0.3334553676072026,0.2049150937342095
2019-02,0.16482109781875054,0.07768387003701864,0.043308186484601066,0.03443121947371588,0.04914631338556895,0.045866779734198546,0.058755517612905324,0.05966785674712023,0.10150176637438166,0.02392845187850863,0.043759171742378124,0.021065808080255218,0.17427526677326094,0.1017886938573361
2019-03,0.1653839339681037,0.07905166195582433,0.045469663987506834,0.03432355419445718,0.05085175276439047,0.0475455762421544,0.059723861490065894,0.06153000805361897,0.10028151584870251,0.02422394430682616,0.044076404144498815,0.021384952196800252,0.16467928880797542,0.10147388203907515
2019-04,0.17012711722032828,0.07153800530385902,0.04259649433457199,0.03442218541346458,0.05076893509190438,0.04825456080182203,0.058479812326433844,0.06361049565712354,0.10187764049139393,0.023903918611847645,0.04115929298269502,0.02112350695450566,0.175584547445647,0.09655348736440308
2019-05,0.16773567815833101,0.0705721396439021,0.04375954763772776,0.03432653993998937,0.052763948368025275,0.04991347947701388,0.06221339754909219,0.06330545542823791,0.10298130171118684,0.022970587972199932,0.04408506099590176,0.023008020198967836,0.1680718398466682,0.0942930030727557
2019-06,0.15988236346926415,0.06406706158250977,0.03901554538675754,0.029371547939110176,0.04818770734159451,0.04704557284393662,0.06260633434653616,0.0647479231685416,0.09951323975504946,0.022181884619495915,0.04273351553205366,0.02122552683645157,0.2018539270124815,0.09756785016621751
2019-07,0.16095862905981784,0.06652235734979413,0.0405420294045786,0.029952607775831884,0.04992627626392078,0.04725674817492001,0.06228149692940924,0.06365533686832066,0.10133733483805243,0.022540966399816703,0.04273618949310737,0.021649146016573192,0.1942024344177204,0.09643844700813685
2019-08,0.15925809347738884,0.06533609556152217,0.03987006789980635,0.028987944864066428,0.05195869705598445,0.0485206226265943,0.0633489860187352,0.06169823324262852,0.09960578655739993,0.022001822295656535,0.044054076834378814,0.021619379660018895,0.19126988390439922,0.10247031000142054
2019-09,0.09645700097816089,0.037654672422617545,0.060397203068568786,0.06405856774097038,0.0853781600271491,0.0430480059366622,0.09510222373512826,0.07991399207500681,0.06542730495136234,0.09032545251719101,0.05858794451454485,0.04357496331770379,0.12838319481863403,0.05169131389629998
2019-10,0.09660944904342314,0.03820777794725281,0.06151232513196951,0.06500435644705094,0.08625230819510206,0.04300575052453955,0.09477327868974211,0.08175849116911311,0.06510142402881545,0.08844058157675919,0.059071261394091266,0.04334655579196483,0.1251075615590829,0.05180887850109314
2019-11,0.09560658889863774,0.039637104607043123,0.06133934752919562,0.06366519411725567,0.0844725070553437,0.04359935409231017,0.09536313563743246,0.08019459159610472,0.0649052192099032,0.09039680124358387,0.06006599939434159,0.043891088474586164,0.12496966236510658,0.05189340577915553
2019-12,0.09512431423255864,0.040024620558483374,0.062154302306785605,0.06349531597103253,0.08337382633894759,0.04437239722606606,0.09499693142868144,0.07787968530333411,0.0648256187701088,0.09150652491197088,0.06139382505700173,0.04462919278631333,0.1241701253814001,0.05205331972731579
2020-01,0.09566604013475968,0.04068653571109076,0.061593891946383345,0.06487534504560133,0.08321289309214078,0.04464452257323542,0.09398221763228087,0.07922935751782802,0.0643979869704347,0.09176931577703609,0.06148756152498314,0.044654400276277866,0.12165526568183976,0.052144666116108365
2020-02,0.0766375761413622,0.01674520228435603,0.05141551097181656,0.033944993040562026,0.03738499004694189,0.06842275812260205,0.13904987072854272,0.13543429672806517,0.03163571923623066,0.06705780389665617,0.06143871755415162,0.029699446097252925,0.15995647527783374,0.09117663987362623
2020-03,0.07128088252240752,0.01577490519003184,0.04959133132443522,0.02821181291424835,0.03439918721273881,0.06958957546701962,0.14050738695357423,0.11753238451361955,0.03064909300627742,0.06757696112586484,0.05710247792409375,0.02788750019122441,0.19135089542740158,0.09854560622706283
2020-04,0.06591160661723157,0.013461189116492854,0.04017959226484936,0.018422441978119573,0.033980927407783086,0.07072005610725592,0.11945997488396898,0.0949609583938754,0.03215172658493504,0.0724664951547024,0.045964419714024284,0.024376535786430523,0.2555964029773185,0.11234767301301236
2020-05,0.06841855424769946,0.013955161533928144,0.04134458648207512,0.019466280006990015,0.0348290366518231,0.07536730504008773,0.12851007790515825,0.09633724122885154,0.03354131098747243,0.07698164807615315,0.047856403718940316,0.0243882288542881,0.2346661107625314,0.10433805450400135
2020-06,0.06836830743348007,0.014591928209825002,0.04256979569091732,0.019073900303102107,0.03565325092969201,0.07689016662143562,0.1295995627346863,0.09866860909891105,0.033998686999812344,0.0773745318679342,0.04782289825596748,0.02532605678229547,0.2266396662012502,0.10342263887069067
2020-07,0.14550849975225302,0.061515608306982265,0.03726456804730933,0.024136304888759622,0.0494695543786238,0.04693761054602754,0.060954090576490295,0.06217071438811936,0.09750610297618376,0.0218818243509687,0.03933610259267429,0.01996370789395373,0.2209533318925572,0.11240197940909703
2020-08,0.14227663960183476,0.06441931856440294,0.03672523696901671,0.022709967178838497,0.05095658866971073,0.046832698696784594,0.06110280684726214,0.064447719815504,0.09828892780424259,0.022997147487408876,0.03824691220453814,0.021291188080371885,0.21420905720143324,0.1154957908786509
2020-09,0.13911620776469424,0.07081630048807781,0.03846708627489341,0.022814383240383068,0.05197071296814455,0.04903085931788567,0.06272588835647731,0.06052475413544134,0.09946888574250329,0.023997263691809777,0.039214510693596535,0.023645080343503235,0.19807670405478023,0.12013136292780958
2020-10,0.13685861238059863,0.06599749402031772,0.03989701953939589,0.01963583688552117,0.05400119512424029,0.04757948984555493,0.0629625449407336,0.06259667275639492,0.09595148815215608,0.024624387247513247,0.03848712299929388,0.02434347946312607,0.2074090175375726,0.11965563910758094
2020-11,0.1334490033439768,0.06582674296276672,0.04086681981844948,0.019333218871620674,0.055216486861349307,0.048163028927655935,0.06110098832541489,0.07001965395929527,0.09476302677523456,0.023920944898977843,0.0394423476192603,0.024300297729000792,0.20214643015877676,0.12145100974822068
2020-12,0.1408442412744359,0.07053144832164027,0.04365756605944905,0.021264566883120208,0.056531669325384185,0.04910508150272246,0.06433279027572184,0.06779008106495217,0.09794571937708212,0.024113203026434448,0.04178913007512385,0.025602841406748938,0.18651471285657326,0.10997694855061128
2021-01,0.09687216509351543,0.04257283519195138,0.060658244618689273,0.0560163007985114,0.08295457645204236,0.04601770042003254,0.09365390117327052,0.0805041179554939,0.06593493930256601,0.09290474823056218,0.06012322648367025,0.044786407822413624,0.12501213662790486,0.05198869982937622
2021-02,0.09405072931107357,0.04585288747285996,0.06060010486685749,0.058442287192975804,0.08051514622233141,0.04659877084322097,0.09183187493730408,0.0808064023670526,0.06664234838829376,0.09680437294745542,0.059313423700629475,0.044220946592707484,0.12209306702739639,0.052227638129841505
2021-03,0.06981760588563747,0.017077111104577623,0.045692592018094176,0.01841549273066378,0.03601974344842169,0.08606892942422029,0.13217385823111458,0.09030943571948932,0.035653610292716395,0.07812747473726506,0.04903082337747656,0.0258872259261759,0.21472027656754747,0.1010058205365998
2021-04,0.07518560244350768,0.017487157228393373,0.048928628218436986,0.01915207852099247,0.0395097538822097,0.08340342996175731,0.1292534216739022,0.10228217037397257,0.03780808168036412,0.07571517204874671,0.0514084082316496,0.027335665138733173,0.1980504269199211,0.09448000367741302
2021-05,0.0751702777780449,0.01771887049545186,0.04815269797278715,0.018771150798521482,0.03937433498059504,0.08407585607518836,0.12775291432653368,0.10362410263791069,0.039155928660734994,0.0750751865302476,0.052546246874838505,0.028002243787977422,0.19635035635885661,0.09422983272231175
2021-06,0.0766995048074288,0.01631809243047115,0.049271630361995715,0.019423549963247022,0.0399475810144556,0.08294799966398422,0.12648388113789039,0.10055881373697846,0.03751309333940189,0.07428037611532308,0.05395749605110767,0.028116636479032717,0.19621502008310582,0.0982663248155775
2021-07,0.07493681565044577,0.016918491258825892,0.048517184176649214,0.020139881040386175,0.037889882100196434,0.08825523211004208,0.12568721458096643,0.09693826208153736,0.038310369396474385,0.0780179014243686,0.05181966899278728,0.027118832931821425,0.20004791877064726,0.09540234548485187
2021-08,0.07280280497094344,0.016955029772123813,0.04779085645683107,0.018521625059515448,0.03880325559895596,0.0875099322853644,0.1203363942104523,0.09890108555050055,0.037884973764038724,0.07834394879715527,0.05060943887280971,0.02650421352311136,0.21121051681800157,0.09382592432019649
2021-09,0.07101310468043164,0.01737801840301836,0.04739427733959286,0.018443369781591015,0.038664622299525477,0.08895643169672483,0.11901718150953317,0.10208417924907871,0.03859138581014992,0.07951584183067277,0.051436550333689685,0.02726994347998357,0.20779394481259042,0.09244114877341772
2021-10,0.07132916135643916,0.018041366820768658,0.04662516979560391,0.02094228908252574,0.03746122689530607,0.09283903581129879,0.12132387528940866,0.1003805471693652,0.03834691275090568,0.07903959453586082,0.05472100480912743,0.026627451206286328,0.1996497560501728,0.09267260842693076
2021-11,0.07379000297578688,0.021154308657676094,0.0477481656250694,0.021359321256593053,0.038561016018549665,0.10089023224309886,0.11388831373114178,0.10597058082040164,0.0389756604172321,0.08033892248208727,0.05785697366971074,0.026925788330042992,0.18626085753368882,0.08627985623892062
2021-12,0.07093772373205003,0.021672258369824986,0.04838554271243922,0.01982559995336477,0.03928579115578999,0.10916976103423133,0.10353472644462516,0.10542634038049595,0.04058919611716253,0.07747059339274964,0.05480467892406741,0.024961772700989305,0.19458440968571655,0.08935160539649314
2022-01,0.07498853642634834,0.02047288240311656,0.048549582908048325,0.02052225915583901,0.043039655033575264,0.10189154461055307,0.1021798070881695,0.11267176501564623,0.03998486493836632,0.07947306999188918,0.05508381506844366,0.02631426943688697,0.18796243751595307,0.08686551040716467
2022-02,0.08031759746101647,0.018625515334525625,0.047697042698756575,0.025975132690880996,0.04061118132333615,0.0991912295601571,0.10766118376636326,0.11659696090355093,0.03676036037504942,0.07263704573925679,0.05885583889998998,0.024501554486736396,0.17853049060023218,0.09203886616014821
2022-03,0.08084782559713145,0.017149251055942085,0.04825027882054561,0.028668521763559385,0.03864714245054153,0.09536952726121117,0.11037895927850193,0.11597293208621054,0.03628822175703566,0.07258572655132428,0.05837844640995276,0.023919346406383366,0.1779115639043342,0.09563225665732587
2022-04,0.08040757992012536,0.019413203327097762,0.04840392708459626,0.03108185362668992,0.03805864288739102,0.09809387539668307,0.10470241370877327,0.1320705576140551,0.037074087478902056,0.07696378437765088,0.056796379399529494,0.02483751613878475,0.15159453724909056,0.10050164179063073
2022-05,0.09595534105354922,0.017338950174103095,0.04771425858345373,0.03467034510971174,0.04377239318661491,0.08957558638577215,0.09277883040514603,0.136616678783957,0.03542849236645279,0.07583592111218035,0.05582143959258916,0.023288602383527184,0.13952853847041488,0.11167462239252784
2022-06,0.0893911622820044,0.016215090067807192,0.04679281128159798,0.040437949722207996,0.04295629073223611,0.08291866810049629,0.10058173239660423,0.1415762991402079,0.033513545423224295,0.07453430653574462,0.05652137044314866,0.0228905766044997,0.14625902537555857,0.10541117189466216
2022-07,0.09200380751889035,0.01549539931557638,0.04397218393392604,0.03531379684685335,0.04080073348964864,0.0816711858506761,0.09783968253405906,0.1344963257245086,0.03287261721720702,0.08011594502376237,0.05398645031459397,0.021139402723845364,0.1560139177205229,0.11427855178592981
2022-08,0.043479153307519516,0.014963608264889856,0.02766182762504953,0.08309484796118786,0.0433991080345289,0.014243963371527023,0.02019976004304248,0.08361416335749552,0.03482780736061616,0.05658700802654964,0.022517062462443654,0.023945409687258216,0.32489770933992834,0.2065685711579633
2022-09,0.04434688871596006,0.015158382824889781,0.027781483593708096,0.08772167095261174,0.044360001152993996,0.014509612045557212,0.02077831854309664,0.08643032467642585,0.03525960847754676,0.05555057495940561,0.02321411278640806,0.02434018302399803,0.3056732689492364,0.21487556929816168
2022-10,0.04490785723048811,0.016322474538774872,0.027773992186954533,0.08867885226243886,0.04360632670117826,0.014931072185950769,0.019844038308823333,0.0811082450944849,0.03670480818879509,0.061597169392706506,0.024469600260496913,0.02522856943801764,0.29075930217562185,0.22406769203526833
2022-11,0.0473812561821715,0.01554648669843244,0.029786227853066304,0.09529404101566938,0.04502363692230973,0.01509779942182266,0.021166772354323498,0.08181395228102549,0.03711205753017369,0.0639592874618296,0.02590871568492168,0.02634263623216623,0.2774288238779529,0.21813830648413488
2022-12,0.04793587807315561,0.014747203887603998,0.03057442363149127,0.09199894048423093,0.046804631508887494,0.015347164541008687,0.021270996530756238,0.0831759418450738,0.03705562895260971,0.06414487708991094,0.026093758911199125,0.027014499722692733,0.28038985461326194,0.21344620020811753
2023-01,0.04816289782589772,0.013332458546487706,0.031298975536347404,0.08813621646605353,0.04727485474926337,0.015782646352473246,0.021664136994783745,0.08326317467007421,0.03587667965808554,0.06427588632260903,0.026321577315690146,0.02723873907982444,0.2772827540193281,0.22008900246308183
2023-02,0.14984424718118375,0.07498683446622142,0.044612404062501075,0.024076304799598203,0.05668402470171013,0.05007095075776626,0.0644958180091649,0.06793299133422656,0.09664155255952303,0.024868106125640044,0.04489966513665015,0.026166669388990742,0.16762623697499898,0.10709419450182492
2023-03,0.14668297020359436,0.08469706102810634,0.046548868235494784,0.02419030048160587,0.05637728268186546,0.05267002907773155,0.061034956405510786,0.06504686428098654,0.09241801481145517,0.02544948305549693,0.0460191227839822,0.0272992089076116,0.16111658063307505,0.11044925741348348
2023-04,0.1477590884942584,0.08130169956801644,0.04490430023669963,0.02338411591288185,0.05556171690036242,0.055675161946247935,0.05891613895765934,0.06649997773243173,0.09279801202014658,0.025467041075110886,0.03997786132042754,0.02677510255470378,0.16991714583283693,0.11106263744821647
2023-05,0.15747470977374234,0.0713502966632245,0.0429772310464599,0.022815438104276567,0.056651839701873374,0.05539659268860517,0.05856446728293068,0.06655583391018251,0.09599768365637446,0.025519229219477746,0.03992096599240023,0.0261926644027809,0.16659244016902544,0.11399060738864605
2023-06,0.14198010277950326,0.08118113094071644,0.04274651639078722,0.02224772813806488,0.05152068174247746,0.06306028092155021,0.052748592692124244,0.06290975533921857,0.09891810860568793,0.026282970375369117,0.040174401897825465,0.027665315575044157,0.1682613651003085,0.12030304950132249
2023-07,0.1388168098936726,0.08597238353366966,0.045803413654059336,0.0232372379906488,0.054263646255536875,0.06318179722698977,0.05361097059159281,0.06293240523141168,0.10114421531944279,0.027345589699877843,0.04115056741474196,0.029766502042187667,0.15921500379844059,0.11355945734772763
2023-08,0.14021643741863885,0.08596815377601237,0.04680307020588663,0.024475520428097336,0.054426758536050716,0.06439527411276175,0.053245464584915,0.06419475596386609,0.10172293843076277,0.026863805306708222,0.0431216699268954,0.030537921328401534,0.15190482579745487,0.11212340418354867
2023-09,0.0940953284517017,0.04298570656589384,0.06326128272508541,0.0670710592507965,0.07994397638127072,0.04722575859285794,0.0903488276778606,0.07753335551792039,0.065198233474505,0.09436287772642082,0.06292254895736958,0.046693499133371785,0.1155658020605699,0.05279174348437587
2023-10,0.09402053118425563,0.04413903437525903,0.061643940259647666,0.07215582527949661,0.07773570335970037,0.047157121206438855,0.09200526054244532,0.07602804320096371,0.06466922271661354,0.09476497076282031,0.06489236179410898,0.046382564137119796,0.11111802152230692,0.05328739965882331
2023-11,0.09299971311258841,0.03912467415076938,0.061874741450042285,0.07033908331163533,0.07828062294214673,0.04799322510497949,0.09472046725565897,0.07915855233079198,0.06693337776372725,0.09323675446873032,0.0658288685588708,0.046011925488778305,0.109569231805866,0.0539287622554148
2023-12,0.09301619685583458,0.03969784979496877,0.06252607381333729,0.06844987962377642,0.07860706608637186,0.0484265551750407,0.09478827506337727,0.07895146912274319,0.06725209066223263,0.0933476644978545,0.06647820560334594,0.046730622452293764,0.10868300851627988,0.05304504273254334
2024-01,0.09282065102980216,0.039830396021670544,0.06333447632832323,0.06696361530414303,0.07818355186788817,0.0482643839803321,0.09376236542208351,0.07805342534783757,0.06767591148237521,0.09424474358199977,0.06706788318735028,0.047195610532261796,0.1097197682852803,0.05288321762865235
2024-02,0.09077132975240763,0.03538608327799998,0.062420528936070585,0.06721948584072415,0.07846591301118455,0.04938105649111474,0.09675358194037717,0.07603396133660577,0.06835672132917824,0.09632458372568924,0.06745287364380283,0.047823630870315915,0.10999369051353672,0.05361655933099253
2024-03,0.08981723544281259,0.03621012244564942,0.06344538051363617,0.06743063014888709,0.0786308411547726,0.050077305533069404,0.092850638653872,0.0763967925293272,0.07047177361212041,0.09657027367693533,0.06765048195780933,0.04889783631035544,0.10761967551639115,0.053931012504362004
2024-04,0.09001834950686846,0.03469955914295854,0.06389966609525358,0.06859917965953921,0.0791216959378376,0.049747593525858835,0.09292928460733485,0.07758616216217391,0.07028219373112633,0.09647252487377045,0.06813642807750782,0.04899965580532724,0.10532969002466382,0.05417801684977934
2024-05,0.09281001517193438,0.03502618388730126,0.06393204566904742,0.07002890609760543,0.07948986152347272,0.049675791115569794,0.09092447905237205,0.08061451515784131,0.06990417403733007,0.0956715312100815,0.06819992676910473,0.04807330185978624,0.09848445407476417,0.05716481437378897
2024-06,0.09157447857567896,0.034379962438939315,0.06407136570637557,0.06869358214321002,0.07902195470691108,0.05061393114523719,0.09117632485225548,0.08322294144089101,0.06964133209740508,0.09557267461259471,0.06833291647225656,0.048019812848895956,0.0988533177189426,0.05682540524040647
2024-07,0.08984956693154625,0.035577022257916716,0.06321265960385129,0.06776955897407326,0.07761540899994386,0.0528496571959591,0.09082940621072254,0.0798395230313099,0.07149835637772477,0.09778442888352089,0.06826013086432199,0.0480798471525418,0.10066461305882306,0.05616982045774467
2024-08,0.09100718161083271,0.036350271453575465,0.06358678738659133,0.06712199731308921,0.07713770019256129,0.05150916632718252,0.09127953339184705,0.08114545139755641,0.07054584534485141,0.09693678785373908,0.06965646730712831,0.04835723020960132,0.1000154084398821,0.055350171771561804
2024-09,0.09191059513136322,0.034923832149928884,0.06266095632600747,0.06500909260131207,0.078222184778307,0.0510568189848266,0.0904376706780099,0.08242790371598087,0.06997881331895388,0.09875509458463554,0.06955333242267255,0.048671836099894526,0.10047795253938999,0.055913916668717485
2024-10,0.09185435037742871,0.0362885498436267,0.06305550269461523,0.0629744739156375,0.07854904852357224,0.05121707421092971,0.0925223528429624,0.08407669033351968,0.07080958322223363,0.09695555167847003,0.06866554341338202,0.04860696817781723,0.09885687524381516,0.05556743552198993
2024-11,0.13478037446392424,0.0856684418110883,0.046957110756938085,0.025183964015597398,0.053510630406281005,0.0666822573217245,0.05530879070746342,0.061029047743236225,0.1068506578211153,0.027200987775305812,0.04317434052876316,0.03041588858909058,0.14857781977279796,0.11465968828667421
2024-12,0.12771398700294623,0.08853741585152866,0.047780367837387774,0.026155793137236576,0.05384236894037512,0.06538329837551193,0.057811090197492615,0.06320279735814155,0.10830031353323084,0.026817796828102505,0.04568928160400092,0.03184706701831386,0.14736635385666844,0.10955206845906314
2025-01,0.11952478395173745,0.09785411672989447,0.04600450060340048,0.026195747501628053,0.05058131874466762,0.06949256566454458,0.05477333254134508,0.05917989664386867,0.1083061949935724,0.027593064649126725,0.04444378359527093,0.031721483932297075,0.14595560370646693,0.11837360674217948
2025-02,0.11812646515699178,0.09676493950199577,0.04684999377749181,0.025668260141665237,0.05019436642690649,0.06824571499371429,0.05412488483504535,0.05957246464128161,0.1134534869542716,0.02855258089652775,0.04625987701715028,0.03222928476099917,0.14217200136478703,0.11778567953117192
2025-03,0.09090001500150924,0.03602893553402056,0.06182639193442825,0.06322651185659628,0.0755103824844574,0.051868264773490366,0.09609200506273403,0.0854390074426546,0.07144016488107717,0.09592226945651579,0.07129164473628197,0.048908681951099854,0.09345205331553073,0.05809367156960377
2025-04,0.09427088260789655,0.03410024799169392,0.06061032068477879,0.06623891982714704,0.07493620454709966,0.04944237518663992,0.09798759607002708,0.08783902116351613,0.0682985110182151,0.09536306019617419,0.07016428231555553,0.048262187777233616,0.09344430209033763,0.05904208852368468
2025-05,0.09643419228140594,0.03525580201192023,0.06105391814737879,0.05940491651299751,0.07347122769900141,0.05051648325108606,0.09622435159054953,0.08764261412681114,0.07021037369312892,0.09791314457493633,0.06968766639277926,0.049004192479517684,0.0919908167477707,0.06119030049071651
2025-06,0.1311381911124878,0.08498993909616895,0.04460729039169808,0.024207246954695463,0.04958314059348743,0.0667257858071588,0.05814208042047722,0.0590275788473429,0.11254819356762333,0.027161746731899482,0.04442969328592194,0.031017405250632176,0.14297452104816913,0.12344718689223699
2025-07,0.1284013343765204,0.08114065080184293,0.04647101922731056,0.024415938616783525,0.046840781857630825,0.07107003654689253,0.059297245889413694,0.05819666930043526,0.1150387594399399,0.02677469871227563,0.045922499181473654,0.030980498241047927,0.1435148023058899,0.12193506550254327
2025-08,0.12386193576692951,0.08035044796904652,0.04852191245067465,0.025479091057117074,0.045445269613477994,0.07503304806644993,0.056757507349530376,0.061394194560052816,0.11796255653669444,0.026488003824007653,0.0456751147307292,0.03050153954502277,0.14084504168062612,0.12168433684964101
2025-09,0.12628010413648258,0.08282475432068451,0.04752358968886726,0.025700293426334155,0.04641028937137072,0.07399550553384594,0.057697930639087396,0.05825182871004797,0.11655681533703803,0.02714680118382652,0.046387583708872006,0.031028377311048305,0.1408246332311092,0.11937149340138553
2025-10,0.11639604932597872,0.09006239557449416,0.04874543523765879,0.025261400555348645,0.043276852602474714,0.076217083362877,0.055691333092892654,0.060146928348572805,0.11107147606214325,0.027481633963763626,0.04592428851355552,0.030250630713713006,0.140946096839296,0.1285283958072312
2025-11,0.10833891773064856,0.09034767588581957,0.050280941384064845,0.02473780746700386,0.04111452212481508,0.07887698827432683,0.05089476148817985,0.05956798586351945,0.11161181613377184,0.028517773898743094,0.04411889815942612,0.02875896954293819,0.1407638508870449,0.1420690911596978
2025-12,0.11643062155712192,0.08926650552265321,0.04900460348536701,0.02411190603862177,0.04081648468136936,0.07693768747451721,0.0486900158035821,0.06025816693741956,0.11285184869166433,0.030963513136202277,0.043923371845868836,0.0283844622115124,0.13852143619505414,0.13983937641904604
2026-01,0.04513633035889381,0.013991985301735734,0.031076431430984944,0.08936544569326785,0.04504657313736922,0.015185116587774388,0.02087099849936021,0.08150911532255453,0.036387993401444545,0.06250068185857856,0.025610987942521174,0.027216618775202272,0.26980325543239325,0.2362984662579195
2026-02,0.046765343070675085,0.014056169919512841,0.032724595661653,0.09150006936097875,0.04704977820274758,0.015351447420266538,0.021720967009763562,0.08096472424383519,0.037056723196927974,0.061150108720919805,0.025262370794492214,0.027072264284052787,0.26183146153796444,0.23749397657621016
2026-03,0.048158810210756506,0.014024297567352436,0.0334638086413848,0.09074777363522125,0.04849080751641248,0.015257599335069302,0.022718212081527696,0.08359114712227289,0.036039366523899295,0.061190132982975994,0.024488809217877324,0.02749099120828529,0.2627560105454953,0.23158223341146938
2026-04,0.0950971056606425,0.0370824370060769,0.06343317092068257,0.060052214466183675,0.07327664626387792,0.052197614869450654,0.09669368880756357,0.08840389980134297,0.07115943249110715,0.09385483844253363,0.07021494319616288,0.04918829992504558,0.08755842142439191,0.06178728672493833
2026-05,0.09437368018476977,0.0374193644209875,0.06548469493376151,0.05795912477793347,0.07290186316291408,0.05520224106888427,0.0924398062962431,0.08844768927702955,0.07421286990714257,0.08960503534186094,0.0723592277033671,0.04984516649081922,0.08808533957257128,0.06166389686171565
2026-06,0.09052585718537767,0.01766516014039013,0.048182875036520474,0.036235919186234804,0.03811359313576795,0.09275566108809524,0.09143683946949097,0.14051455186351505,0.03616309157855884,0.07936777274862875,0.05656926759392695,0.02257480256421836,0.14278652959982432,0.10710807880945056
2026-07,0.09195725478034274,0.017762533487480903,0.05691456075711709,0.03451865382452483,0.03990902080199407,0.08533509871472574,0.07686944707390785,0.14521338540242176,0.03484115719063573,0.08751335326146185,0.060425865891418816,0.023691329169784437,0.1486515548094156,0.09639678483476846
2026-08,0.09594962311906188,0.015219208242366607,0.0474465467786496,0.04098862839001341,0.04096044179105518,0.08298237704067479,0.08084296072591449,0.1378413742690461,0.038693447407422095,0.08788526725649265,0.06426151085050547,0.025142691885728364,0.1458953120972806,0.09589061014578885
