,NoDur,Durbl,Manuf,Enrgy,Chems,BusEq,Telcm,Utils,Shops,Hlth,Money,Other,UST10,GOLD
1990-01,0.08913428707657349,0.031242973120930436,0.03533053048616153,0.10365288077358824,0.045910916473735255,0.019574641947130905,0.22594411914265689,0.09485851083540592,0.03395805364390108,0.046852397390447324,0.0397778718933558,0.03408675993909208,0.10456143652323333,0.09511462075378778
1990-02,0.08904027052019037,0.03124212386100644,0.035787869368683084,0.10490567178663915,0.04658655056329818,0.01976310151083191,0.22461590670744558,0.0947070774591361,0.03446453960580947,0.04734280522605672,0.03893409706026597,0.03376843649954678,0.10078790284917709,0.09805364698191309
1990-03,0.08757464791256599,0.031437197786151415,0.03523925628900403,0.11231665914986012,0.04522300888278008,0.019870088876053307,0.2212623078270646,0.09648145525143818,0.033984694391886734,0.04603054452879241,0.037395492756884474,0.033346554145058833,0.09805892550088459,0.10177916670157515
1990-04,0.0895048657592047,0.03293511132959137,0.03667474130804256,0.11137893327198432,0.046050602604951876,0.020615414941713404,0.22352329476943306,0.0946857062138941,0.035221598766522,0.04555844064965784,0.03742630778765793,0.03387414273401626,0.09580772909465017,0.09674311076868042
1990-05,0.09341835413350469,0.03279005543170263,0.03731458616278144,0.10914695577559773,0.04633945408564021,0.020925318375584152,0.22447819033877903,0.09180211507530527,0.0360928812649935,0.04746638144011409,0.03655630711552231,0.03398892334418858,0.09550815782705357,0.09417231962923293
1990-06,0.0942705831723446,0.03279033725838447,0.03725454111983534,0.1091873355715144,0.0470585449539368,0.02152226296997502,0.22534112379541824,0.09079272563790514,0.03648491349171665,0.04900975113891648,0.03672799757272821,0.034204865931847316,0.09416420602066379,0.09119081136481362
1990-07,0.09715675158473433,0.03240054967768662,0.03745527380554179,0.10696145894961726,0.047466040627052695,0.02158621896283997,0.22607053643006533,0.08987037064431119,0.037405206010443705,0.05085044472053175,0.03715230354351067,0.03419497589922262,0.0951932172739193,0.08623665187052275
1990-08,0.10000186115235647,0.031082211948231898,0.037236365195339016,0.11006128534361391,0.04760370326939034,0.020564855745994606,0.22321268428614036,0.08806460701709809,0.03744481044123701,0.05388164018877952,0.03515734584353269,0.03399667655218221,0.09407440807946138,0.08761754493664257
1990-09,0.09362454121938987,0.027887939771708708,0.034927977125628014,0.12570429142196934,0.04422767312607168,0.018935810086055587,0.21318832487366762,0.09048930792161923,0.03431623660078807,0.0525745729764815,0.03263524182869625,0.032017875336668805,0.09808776278809675,0.1013824449231586
1990-10,0.09379797243725913,0.02718359717554441,0.0340130463346348,0.13112373912536401,0.04270535033850391,0.01896502603581906,0.20380299736025234,0.09143497455280979,0.03327513404172431,0.053928568955883,0.03142463966285035,0.0311369274636341,0.10256974692703441,0.10463827958868634
1990-11,0.09287986585880321,0.02654905958237121,0.032369242065408026,0.11868596263832597,0.04290325467044144,0.018966417619822328,0.20912058467009245,0.09708291316330071,0.032531176530842185,0.05525993884302124,0.029079231026642376,0.029981017079514793,0.11019355674178542,0.10439777950962874
1990-12,0.09403306238604936,0.02572818443814879,0.031976163840116124,0.11631185132859213,0.043575269008387305,0.019292001990713705,0.21008348571424848,0.09856946036974924,0.03269156651611997,0.055223625808078054,0.029681126033948978,0.029291011048021058,0.11159469722437947,0.10194849429344746
1991-01,0.09742617532631487,0.0247848865826873,0.032577565123668537,0.11120018743746693,0.044905729423837866,0.01945398030394559,0.21248674199756226,0.0979082861904782,0.033247756860370695,0.05663841339770734,0.03073205513539601,0.029427872123490018,0.11135617958734406,0.0978541705097303
1991-02,0.09970507354534965,0.024195893387403623,0.032679790428654314,0.11031476856573194,0.04423385759850839,0.019827380251104615,0.21051718651729479,0.09694039792354824,0.03367404068574914,0.05644470921848294,0.03043518568574029,0.0298608053913586,0.11124719854814201,0.09992371225293127
1991-03,0.10464143902588621,0.02449974030664709,0.03369308326283845,0.10890080179737865,0.04494741163668027,0.02056696540608872,0.2151182087568984,0.09554493899659344,0.03482233213709979,0.058555519553000375,0.032156591275319224,0.030449323348596288,0.10545983552201005,0.09064380897496316
1991-04,0.107509360189047,0.02589375228073781,0.033867665088439476,0.11141958067931333,0.04495420943762874,0.020510758469809216,0.21159958665662146,0.09432709462702094,0.03588364627977659,0.06096002534842313,0.03281433493579598,0.030496760580854442,0.10102784907320242,0.08873537635332938
1991-05,0.10768012835942503,0.02533769329462629,0.03377029219603084,0.11030157783746128,0.0450646369792913,0.02044551456925472,0.21019319033654846,0.09450064856358313,0.03763675125164952,0.06228977620276955,0.03419726930410642,0.030062460764424065,0.1018625882110333,0.08665747212979608
1991-06,0.10891542110093363,0.025875171473893403,0.03401928435773543,0.11106957960871895,0.0464353846951624,0.019596005424754443,0.2041565813401388,0.0949934069542592,0.037946129690979144,0.06328380468727937,0.034223557925361546,0.0304471570109839,0.10217303063699883,0.08686548509280104
1991-07,0.10971008078381128,0.027478977546000316,0.0349294401487915,0.10989529516444797,0.04834134755560469,0.018916071804847893,0.20505347730055498,0.09320496783255816,0.03870445795339118,0.06197643025134561,0.03438989282784267,0.030769220008382114,0.09837649711041814,0.0882538437120036
1991-08,0.10876080139108117,0.027137299080901366,0.03460092256647722,0.1085127488100895,0.04802870261085379,0.01887422815198945,0.2061546806569795,0.09300655363294139,0.03905664039577437,0.06301930063169536,0.034291297036464025,0.03040715837255379,0.09996800935025732,0.0881816573119416
1991-09,0.1106068718755945,0.025832734195374657,0.03419585401252578,0.10765995258860203,0.04801676091083962,0.019161193995757064,0.2012704882550906,0.09531036775176742,0.039324396378475096,0.06456722118402004,0.035400000176713804,0.029840554574788816,0.1042168892816028,0.08459671481884765
1991-10,0.10852541594738516,0.02517591593367023,0.03391869273925364,0.10807521158070574,0.04727842939711804,0.019103579210001557,0.20025952162768135,0.09750890583794034,0.03883140355952931,0.06519348547405215,0.03533296941843269,0.029287838721960866,0.10842074084628914,0.08308788970597997
1991-11,0.10573481481338097,0.024792216740891975,0.03353725945987273,0.10911804384408268,0.04659201012283786,0.01892535551016508,0.19930892795342287,0.10030657888560651,0.037743520877926526,0.06549733180378542,0.03513460097767193,0.029551700902978695,0.10984788353300287,0.0839097545743739
1991-12,0.1054054703732635,0.023651433603517458,0.0333767979961052,0.10487661736035406,0.04622151227183113,0.019166383884422537,0.1978484210986048,0.1022822789423634,0.03780851956921298,0.0678398263001167,0.035401656468315175,0.029296624362008743,0.11271566673885716,0.08410879103102735
1992-01,0.10858757603209329,0.0228663826591235,0.0327927381567862,0.09623348763309426,0.04613588731129454,0.019131048419682543,0.19430561072930058,0.10381814108366474,0.03843905564940848,0.07034328136070987,0.03543890656529911,0.029251116713115737,0.11857407846998498,0.084082689216442
1992-02,0.11216992600374819,0.024071863820581615,0.03369234460944687,0.09401780312418137,0.047555645031987615,0.019606586685062592,0.2028488936056026,0.09959985438056233,0.038910471882239846,0.07110975141024815,0.03624957044033514,0.029917451295492038,0.11222762636009426,0.07802221135041745
1992-03,0.11718187148887775,0.025927491700161016,0.03427788049848103,0.09366473665468668,0.0490224980610372,0.019584007836930296,0.2025591333450254,0.09862863927097859,0.039795619330173615,0.06853883414274375,0.036629669807701486,0.03073243524782272,0.10605647217170436,0.07740071044367616
1992-04,0.1196142202603993,0.02721607668580393,0.03455634232259532,0.09214043902471872,0.04974954508997995,0.01940761005127782,0.20274392385629098,0.09909551307256405,0.040221907207556556,0.06646613773079588,0.03721568657115638,0.030569322316324917,0.10451504950175344,0.0764882263087828
1992-05,0.11641958928779957,0.028380461668869636,0.03425332548515856,0.09460945291196715,0.05063498615595731,0.01871642256668356,0.20658491197219264,0.09919158456604464,0.03884541241148361,0.06300319551779006,0.036834433157264056,0.02959664767931705,0.1071370253088374,0.07579255131063471
1992-06,0.11342627969901733,0.028514755742710143,0.034046692915870924,0.09756605988600345,0.0513042602151122,0.018682656883831503,0.20738832471857455,0.10147770458100572,0.03761465893047491,0.06111667661863437,0.03738275311972153,0.02926414756446581,0.10793502726659761,0.07428000185798003
1992-07,0.11240975571465474,0.029309342101461876,0.03332095694870443,0.10050747111325778,0.049576867266205644,0.01807233959905704,0.2049908413151485,0.10365053337149777,0.03718118874378153,0.058329322289940526,0.03755270378827251,0.028626896149315052,0.11124770224491687,0.07522407935378587
1992-08,0.11090498184498017,0.028122463650557844,0.032637843201562655,0.09634769225712699,0.04787450606813658,0.017946213427812663,0.20589224389484198,0.10546207261270793,0.036716659431971464,0.05881833127513653,0.03813249241520401,0.02804911166728836,0.11719247745376091,0.07590291079891183
1992-09,0.10943579627358593,0.02711394284570015,0.03251919281125874,0.09831189046789297,0.047850285925748644,0.017905027721136994,0.20275810703860006,0.10616021440379896,0.0371488723641231,0.05904916734812155,0.03784165100684939,0.027629108351275355,0.1221868000920948,0.07408994334981345
1992-10,0.11194723681635693,0.02638427323422716,0.032461050768848664,0.09886077822336778,0.047047047393585804,0.018201625826089033,0.20145522642633742,0.105585459864496,0.03767748407990095,0.05678041897826791,0.03721947640411076,0.027872707800500367,0.12482695061989355,0.07368026356401798
1992-11,0.11017878068108922,0.02581112349248601,0.03220579420724838,0.09775613024277868,0.047262252603368846,0.01815962545989769,0.20420151830504446,0.10625263758791025,0.038949030851940174,0.054124387271580074,0.038753350835566795,0.02840426193195172,0.1236951411411135,0.07424596538802436
1992-12,0.11265665800460632,0.02662938439328024,0.03275756711118541,0.09273776289714351,0.048125534749092765,0.01862448186184451,0.2081975279258118,0.10485755298732619,0.04049953563734084,0.05669157643387902,0.040016166270436464,0.029286641131578986,0.11744610167167914,0.07147350892479484
1993-01,0.11075389488976767,0.027561257725169586,0.03304378646762823,0.09069608172177417,0.04769116795380694,0.0186025040522042,0.2141998858960272,0.1038831295082526,0.040532845908048745,0.05663718167890159,0.0407389209250743,0.02929991969687602,0.11678747764853327,0.0695719459279354
1993-02,0.10824431390856877,0.029022309466136847,0.03338846728332542,0.09053483862071872,0.0461344504156899,0.01911534312493257,0.21641646743569096,0.10569917736846952,0.04010872906045738,0.05207310051551534,0.04206879118399461,0.029750877067001465,0.11943145026708897,0.0680116842824093
1993-03,0.10407541019321044,0.029580392858187633,0.0334070955362884,0.09435978724947715,0.04598137325431339,0.018695165996498505,0.2153300104682527,0.11030798899030762,0.03944952557388528,0.04706847017793572,0.04238428517632825,0.02951227633126704,0.12321354594312359,0.0666346722509243
1993-04,0.10116485471944286,0.029748303241992246,0.033605287327730854,0.09583243003752397,0.04569695010201818,0.018921667219973265,0.21488594285403953,0.1122285529113678,0.03921790656820532,0.044234667917609674,0.042835102560237405,0.02921258935890848,0.1266649606280695,0.06575078455288091
1993-05,0.09168536702451734,0.03046119404413346,0.033782224110130356,0.1002338612157182,0.04575275462137304,0.018404490483281685,0.21471160274957932,0.1161998832652425,0.037095256446223634,0.04371506994786856,0.042985622930354496,0.028979570229719143,0.12825573504877466,0.06773736788308372
1993-06,0.09308196662976827,0.03034677930741628,0.033595491300118144,0.10050694974724239,0.046035460638363904,0.018618181826845395,0.21536400171278852,0.11422080376631495,0.037247011955119466,0.045983741938545104,0.04132440269846988,0.028777571171310676,0.1253100545038195,0.06958758280387765
1993-07,0.09059272872222725,0.030765639271685262,0.03379360079233859,0.10034414309415604,0.04505325020657372,0.019017030081528406,0.21584818555806523,0.11492509215610551,0.03680947070859155,0.04516082687085361,0.041320398680000835,0.028996331303433702,0.1272095545291126,0.07016374802532754
1993-08,0.088377167635051,0.03130459338689152,0.033787181823860694,0.0962273903977747,0.04456794229110276,0.018682950891438576,0.21559489608165738,0.11746350825954358,0.03631845358861107,0.04300390630710842,0.042923812369151514,0.02876070095425599,0.13042066973083574,0.07256682628271714
1993-09,0.08686749033041578,0.03121233580873276,0.034117362783951485,0.09796720876858235,0.04382992213774328,0.018983988515011135,0.21542664604547018,0.11942675428976098,0.03686689284890514,0.04114013375353637,0.04340839539572216,0.02917160498422082,0.13172417417199384,0.06985709016595382
1993-10,0.08635365405859198,0.03141166422381247,0.033875695115935384,0.09686354679455832,0.043259520943284696,0.01920654209046829,0.2152273203016729,0.11902903579522914,0.03635611762437218,0.04166586247122204,0.04368233082796762,0.029351242628221936,0.13734374185605633,0.06637372526860669
1993-11,0.08779223689730528,0.03183131429517714,0.033524853838822664,0.09767251542210416,0.04344319337961291,0.01920076789214473,0.21598824811560272,0.11457685708094117,0.037134137412936884,0.042864218449126044,0.04317714298371974,0.02951758792873271,0.13676802878656324,0.06650889751721051
1993-12,0.09382300832637709,0.033585787691962105,0.03444156017851459,0.09607843476565427,0.04549348947521807,0.01919288719760244,0.21764877647425387,0.10778613219760937,0.03855996240257223,0.04486031755051761,0.041252360782223364,0.029667741416288723,0.1297482277419196,0.06786131379928678
1994-01,0.09634360857203406,0.03416709699740255,0.03524068115606062,0.09192645191448895,0.04657244876366818,0.019038603538412545,0.21789395903091904,0.1087682863195827,0.0378673404110867,0.04452203914574558,0.04148188787525372,0.02994375128000159,0.12812218598108507,0.06811165901425871
1994-02,0.09671126844563142,0.03509148269717574,0.03583672804163255,0.09511445017644529,0.0479684421686033,0.019033075247416268,0.21863342696966653,0.10542816179130135,0.0366536650677617,0.04501174368053685,0.041346630843466514,0.030392689424420145,0.1261193617349498,0.06665887371099237
1994-03,0.09719899480210739,0.035695392673842544,0.036687843053167524,0.0978514270761378,0.05001749471885171,0.019230968500054717,0.21924849031906557,0.10229788076276014,0.03747115900830563,0.04391687398502001,0.04158524297805201,0.030308453228074794,0.12251707021966356,0.0659727086748965
1994-04,0.09889301200062912,0.03550433320284562,0.037281092726379944,0.09828171462876387,0.0506930133685672,0.02010546287065607,0.2199833881174282,0.10294729628478823,0.03925726590067241,0.04271732023509487,0.04186722099349698,0.030057125842316717,0.11491276265822657,0.06749899117013425
1994-05,0.0984140423904503,0.03440876127561586,0.036667544538055374,0.10023249082380321,0.051671655106491556,0.019861348946379566,0.2200154883949589,0.10157709415273061,0.039148980769389004,0.042490784399184724,0.04391687077928511,0.029193221625277793,0.11223317154122314,0.07016854525715482
1994-06,0.09833538898417814,0.03369313601541576,0.03678268902503744,0.10297388150802282,0.05305130682832802,0.02013511784310981,0.22101254244529947,0.09490350518920697,0.03853163260950506,0.04484959487069681,0.04507057951884404,0.02914451792980555,0.1102753245630799,0.07124078266947022
1994-07,0.0970310726446269,0.032864653512085396,0.03728307299638493,0.10194119242798104,0.05339856701007153,0.020043949693114318,0.22130720933563824,0.09336874531328745,0.03812648426044109,0.04511804135929099,0.04610208720951457,0.029325157421731977,0.1123047171071335,0.07178504970869809
1994-08,0.09697676272420126,0.03331411190683307,0.03779235122444644,0.10252104673758897,0.053306588150520785,0.020070661990116683,0.22146253307572192,0.09388757942635538,0.03805748326540996,0.04404401882515413,0.04560263991500988,0.029413745211466454,0.11116384413019526,0.07238663341697994
1994-09,0.09817368573483883,0.03255730725507298,0.0379547681514784,0.09973726059997005,0.054771493956244865,0.020884162295900472,0.22194575877522635,0.09512910351386766,0.037495398803542496,0.046027489415594626,0.04568246691488688,0.02911427749869695,0.11041211029278648,0.07011471679189303
1994-10,0.10158005674282766,0.031931654227427116,0.03861207194798557,0.09933066324236067,0.05603114633251463,0.02148132480292234,0.22280690880657578,0.08915256374463075,0.03817444964881038,0.047959024762348125,0.04538594067414309,0.029154634910422826,0.10703990113861277,0.07135965901841847
1994-11,0.10304825388125648,0.03086118509056847,0.03829550202430646,0.10070211602037028,0.05642902681243104,0.0220850290151071,0.22189207926061086,0.09168915182345946,0.03787553753566501,0.049086262414494354,0.043893680750563144,0.02863399440823262,0.10400357548851197,0.07150460547442285
1994-12,0.1052821298760251,0.029873006030001925,0.03748389014443015,0.1029039350463957,0.05495394668218682,0.023057352061881514,0.2210954328333893,0.09215486210921037,0.03830241992571064,0.04993019936837745,0.04327087406582535,0.028180953866190923,0.10238685256716507,0.07112414542320979
1995-01,0.10538369020281127,0.029182238796008047,0.03737442021283304,0.10151603095484961,0.05508522295179585,0.02275337115460088,0.21930438512120293,0.09607435345891606,0.03652967342886682,0.0503280617718109,0.042636538522914415,0.02753731195909029,0.1056995870981314,0.07059511436616853
1995-02,0.10498313482636425,0.02933294575010615,0.03806582492029075,0.09988931593180476,0.05518532694667806,0.02313555125819361,0.22007176051386385,0.09728508003983197,0.036097198687033316,0.050389154798268374,0.04356354776587972,0.028078952678978034,0.10480099605387334,0.06912120982883378
1995-03,0.10424277227495807,0.028336944563967688,0.037949260148460374,0.09844844032921413,0.05434116688987352,0.023236268575865658,0.21968391638047444,0.09847407531272619,0.03631194761915034,0.05148782020442896,0.04463921814884546,0.028173141153878537,0.10739802776195594,0.0672770006362008
1995-04,0.1061737754513663,0.027534965497645898,0.03810633602924268,0.1006084937414716,0.055037345065429004,0.02374585971986186,0.21955883831111847,0.09336540901099594,0.03568792661154332,0.05227034692390916,0.044263507858350606,0.028183653682127635,0.10919090147843849,0.06627264061849891
1995-05,0.1060025372685657,0.02758765271528891,0.03845246185003698,0.10114596936187176,0.05597926920992365,0.023753668272042637,0.21966823857221984,0.09395797048986519,0.03511965371824547,0.052031222617144504,0.044260447598024194,0.0282167915563498,0.10851939955936041,0.06530471721106094
1995-06,0.10608466263694911,0.027289073661079445,0.038605986091915956,0.10317341042825534,0.056531613056395154,0.024600085319324616,0.21924120596469784,0.09372217264254558,0.03410828961633256,0.05068320056839488,0.044570697818579065,0.027484050147664335,0.11151578878115578,0.06238976326671044
1995-07,0.10654799463088108,0.027194256371742734,0.03811353359532033,0.0997363275239274,0.05554876792446643,0.02496605356510471,0.21920064591367744,0.09538371734007703,0.03428327285461112,0.05151865858606089,0.044825145840313614,0.02705300747004383,0.11510108867329437,0.06052752971047913
1995-08,0.10667790362528591,0.02766081746435563,0.03960947378004208,0.09790428293393562,0.05607761599393767,0.02672389326919809,0.22132106491719297,0.09246913216085002,0.035076730723552725,0.05205168428321875,0.04525687056740918,0.02798939585578341,0.11190143256841083,0.05927970185682714
1995-09,0.1060652695221058,0.02756448186689049,0.03966726721198099,0.09565713383196355,0.05544590418321822,0.027336291883311464,0.22252678293555395,0.09236117851945308,0.03485751400839317,0.05411240749155407,0.04649118085897372,0.028697510701469628,0.1095830491859033,0.05963402779922846
1995-10,0.10465373921408552,0.02762674224841414,0.03929544789732095,0.09454244419895426,0.05575251381190517,0.02739431819955517,0.22203278536956603,0.09215085866213335,0.0345581662601942,0.05474064024527186,0.04804075679854324,0.02867053956014261,0.11203300564142724,0.05850804189248603
1995-11,0.10472884725853171,0.026676735259125825,0.03804313654218223,0.09112878181823236,0.05426591081555383,0.026703317732570214,0.22042616120371458,0.09665270039155596,0.03347159200925612,0.05650344664507996,0.048567727261508604,0.02797312377169138,0.115649719776413,0.059208799514584326
1995-12,0.10460760933654932,0.02640154310457015,0.038413032118778084,0.09217056850812838,0.05454573428350953,0.027002222706450054,0.22042471275938846,0.09553832809719746,0.03362341951093444,0.05637052639662487,0.04816054849226365,0.027968858613718554,0.11616787408051411,0.05860502199137301
1996-01,0.10326213495552336,0.026868905973859013,0.038777363823738704,0.09349703305498251,0.054421177280971886,0.02587226740555357,0.21965692927109526,0.09597671585808727,0.03284457893591385,0.05761152938240268,0.04812265104138043,0.027869849825899896,0.11732972941113143,0.0578891337794601
1996-02,0.10114692435916389,0.02697488215309163,0.038730125032710824,0.09256188730496419,0.05492934031592806,0.024910690136644834,0.21925618088730117,0.09826702578946368,0.03211505118064267,0.05808764861714416,0.04743820864357044,0.02787221082396609,0.1185307667451979,0.05917905801021039
1996-03,0.10308745105199169,0.02737211739092552,0.03929523166962988,0.09204049034434328,0.055706667276243634,0.02615553820460652,0.22063468307509893,0.09620150781065237,0.03248119381614387,0.059324653103093185,0.04852215425652158,0.028029131240751095,0.11328613675968888,0.057863044000309616
1996-04,0.10646708033528146,0.02817805583011452,0.03988256449589263,0.09460527755059861,0.05863470818244822,0.02539455315098698,0.22042666707055136,0.09262755089770357,0.03420492513735441,0.05933988572103996,0.04936329913494451,0.028825144672196563,0.10561610077423755,0.056434187046649646
1996-05,0.10463228175282567,0.028887000701721822,0.04037991911647714,0.0990129260856086,0.05895103186512752,0.026157859861114022,0.2216577727863862,0.08983945121220106,0.03471620440387913,0.05886468747761024,0.04919315534292662,0.029544907133874188,0.1022336877511157,0.05592911450913184
1996-06,0.10698520704347322,0.029331688752831896,0.040979680119551505,0.09846379137406326,0.05829361060715706,0.02746487112051544,0.2225107476676539,0.08958960881694177,0.035793190537136824,0.05838605429931363,0.048711374546343285,0.029893379087315333,0.0984585800729688,0.055138215954733984
1996-07,0.11008919415020108,0.029054794512019633,0.041219834727002296,0.09776369417672671,0.057872401472123185,0.02697038327780723,0.22165362571235558,0.0890845943731459,0.0361871781506358,0.05989090165566507,0.048938532613621966,0.0297054830345231,0.09692551491142072,0.054643867232751865
1996-08,0.11024859337466061,0.027550914901248353,0.0406163110044094,0.101149968201751,0.05640840145284388,0.0255486957924089,0.2179604243940494,0.09324427381185935,0.034625682752261085,0.05828413489362234,0.049021155013244576,0.028307775691324578,0.10113542614591874,0.05589824257039779
1996-09,0.11080290377724164,0.02759793653765345,0.040890796997806796,0.0985957009024737,0.057263108792777594,0.025768916862976787,0.21826780308183874,0.09253832743751461,0.0348625532679914,0.05901924689255827,0.05056739353387912,0.027718287118504915,0.10160322510608066,0.05450379969070245
1996-10,0.11160140525408051,0.027240980552028653,0.04177674251358231,0.10160368756290182,0.05896056397670252,0.02668609668205026,0.21274596929910136,0.09189971909971605,0.03544895809840583,0.06032884201016218,0.05148104076503369,0.027849970845277638,0.09870190774447085,0.053674115596486285
1996-11,0.11044723889582962,0.027428185265247408,0.0419775019313449,0.10338616431001629,0.060318226945379916,0.026983151688823023,0.21020323323329135,0.0915462515100582,0.03480344361890877,0.060517241279785985,0.052462958887478275,0.027628850620610452,0.10018176806983628,0.05211578374338953
1996-12,0.11121866946068625,0.027627646172194004,0.04233225455482614,0.10325505615619499,0.0609112267779124,0.027244901357342713,0.20564405900784272,0.09306947635244998,0.0338902795978441,0.06045666049173438,0.05384993317947889,0.027429957334288872,0.10234081353312237,0.05072906602408214
1997-01,0.11048748852545885,0.027794799435719,0.0427355734397677,0.10561074558135755,0.06044091973682999,0.028257863718972116,0.2064431215184933,0.09139168222514896,0.033436093062603,0.06004145436065051,0.05440254004226898,0.027360364140057793,0.10153267766609428,0.05006467654657803
1997-02,0.10991468410135023,0.02861034519722548,0.043820763082213034,0.10748082759653046,0.06093197047982464,0.029027254899366625,0.2046229852996256,0.0913993020999674,0.03286746892284762,0.06082421763542239,0.054745530818981786,0.02771970511156781,0.09872553252799904,0.04930941222707791
1997-03,0.11077513809875915,0.028527101353333518,0.04383082519505101,0.10209521046927728,0.06183835297494032,0.028714289608017706,0.20437899056572095,0.08889635540511888,0.03305713039763892,0.06316802924555533,0.05697926472337421,0.027926947538372642,0.10096813928953263,0.04884422513530743
1997-04,0.11375831320344999,0.02860625754567568,0.04449349569219157,0.10399021880500497,0.06356958576703647,0.027648532751895036,0.19675629358114832,0.08871669917742307,0.034532114715348464,0.06315358822566412,0.05811009721582634,0.02816315879052438,0.09871483062706392,0.049786813901747766
1997-05,0.11683906748284853,0.028960585944246272,0.04477084331178427,0.10714100106883281,0.06393438341373624,0.027934072673793907,0.19277734920099482,0.08734125942699544,0.034570657177595145,0.06184569365859484,0.05700585571847081,0.02791710704691747,0.09913049365724305,0.0498316302179464
1997-06,0.11624317208461203,0.029381774868416442,0.04593736875843459,0.10749859713037004,0.06476300168914652,0.029296942596709383,0.1909806018823247,0.08623852810957541,0.034630708639844264,0.06264481948687797,0.057483413664393315,0.028338215718588945,0.09811271573116659,0.04845013963953987
1997-07,0.11427167535007036,0.02978134100469788,0.04676446472069285,0.10628881649645668,0.06482134001166055,0.029238289811962203,0.1918714496050865,0.08493666772500602,0.034994534197537924,0.06366001950810103,0.05832048455581442,0.0285537536355042,0.0989579976246828,0.04753916575272652
1997-08,0.11338431318291393,0.029989422365925934,0.04790163263256785,0.1054533844710453,0.06668560779556283,0.030636808838441103,0.1879605623782659,0.08512943602313493,0.0354596351396238,0.06450403120030393,0.05908175480419516,0.02850104368787043,0.10008718384890775,0.0452251836312411
1997-09,0.1108591987851921,0.030732112514984256,0.047339673240647896,0.10824274199342421,0.06549393903214502,0.03163543289050226,0.19232783667337686,0.08486324467331471,0.03573643885523761,0.06165002818591104,0.05956402666186177,0.02869769820380792,0.09832050141711347,0.044537126872480855
1997-10,0.10873306573418107,0.0312613362531099,0.04637472019001258,0.11066812805526119,0.06318301305116454,0.03132452951592986,0.1937026488059671,0.08600842043369637,0.036075868982291044,0.06149090552748206,0.06001067459159589,0.029002313427453387,0.09827744583582745,0.04388692959602747
1997-11,0.1062193877652719,0.03147599746276834,0.04546258109903978,0.10919813117089006,0.061449459241175314,0.030554908428422713,0.1990462179215892,0.08588765139263041,0.03548396010831646,0.06198925885681742,0.06026401144198255,0.02917821477223054,0.09982872402058801,0.04396149631827726
1997-12,0.10515370179815343,0.030542899783731453,0.04394826372401516,0.10500743022838849,0.06121035749691578,0.029541324353719266,0.202563809582305,0.08856416754648001,0.03647545386448223,0.06186088188410664,0.058858513792758194,0.028570240659994806,0.10424168006304402,0.04346127522190554
1998-01,0.1046026288938928,0.03088613864407485,0.04346887420216061,0.09775404964197025,0.061396328572038146,0.028858001198630353,0.20461482005991916,0.09262345685481377,0.03627883320556796,0.06168780606873279,0.05992893692894073,0.02883400453150785,0.10603045405204925,0.043035667145701284
1998-02,0.10351546850353717,0.030581792955117818,0.042973452490465795,0.09246296997440698,0.05975739680447253,0.028853494420117237,0.21065775865010652,0.09344778501414985,0.036055428286875774,0.06278361115175335,0.05836227555977305,0.028818631643297038,0.10896167984863489,0.04276825469729196
1998-03,0.10241613832147427,0.031390081649366776,0.04369447296978202,0.09209413342762517,0.06084401885335115,0.02974597220518624,0.2117863526344443,0.0913430002445693,0.03686389346737609,0.06365917757878771,0.05926348061484773,0.02913122226392274,0.10579949660467572,0.04196855916459084
1998-04,0.10174286804129788,0.03271916662327039,0.043953520811992434,0.09206874715877252,0.060870836812190854,0.02943905626333388,0.2113099642842162,0.09164797927579739,0.03764828016469817,0.06355501783459601,0.05971767020722192,0.029549972897416468,0.10399061559011669,0.04178630403507931
1998-05,0.10015467241508949,0.032832426773832045,0.04432889519111942,0.09289598144594936,0.06165800279428894,0.029825195360826787,0.21222711178026182,0.09099798430224436,0.03732745333842715,0.06332521868598369,0.06056666598691798,0.029706076210426573,0.10236994291969569,0.0417843727949368
1998-06,0.1005863937897967,0.033931178513646396,0.04417031766288728,0.09472097890445119,0.06292971994216756,0.030250978775918754,0.20914080788294045,0.08887575164150609,0.0378004780222265,0.06417704932620444,0.060316701958247065,0.029275678413993263,0.10285664136804314,0.04096732379797126
1998-07,0.101968321106896,0.03448985716189657,0.04235282220202503,0.09002027965052226,0.06212238837122856,0.029645928313878356,0.20889680421341048,0.09167498960800993,0.03893881675996932,0.06478149272838614,0.06007709210276762,0.028627495343210966,0.10566397265063028,0.04073973978716832
1998-08,0.10120425330900515,0.03450275107131283,0.04220778538495903,0.08686660142358382,0.0600684751602278,0.031061365881110168,0.2136469878501502,0.08874794758161278,0.039551459525670934,0.06616961080203607,0.06134345766532566,0.02882125100528961,0.10530539627109899,0.04050265706861699
1998-09,0.10024051178562397,0.033375560107785744,0.040247532469741304,0.08528166882867085,0.057294858570206955,0.031415617720142355,0.2163022535686753,0.091948498510633,0.03925286426391709,0.06684875437686758,0.05740502507301816,0.027221072613845775,0.11255511796353845,0.04061066414733357
1998-10,0.09525121416865588,0.031229757444667352,0.037469435046775156,0.08923393524554811,0.05370253608703035,0.030805803780544556,0.21474441269126515,0.09809866129451147,0.037615765004241256,0.06844000334833185,0.052898883757938796,0.025531525348070943,0.12345627335909241,0.04152179342332676
1998-11,0.09570767035380492,0.03045067828568468,0.037583243425994534,0.08929372645114428,0.054271195346315096,0.030156754444569094,0.21356295684190205,0.10038717912346709,0.036814540655774795,0.06643416516277775,0.05142469551243736,0.024965314968553913,0.12664888691930176,0.04229899250827267
1998-12,0.09710520567513667,0.03191391726325921,0.039097492783225,0.08670291730214705,0.05541185857282653,0.03184941023725578,0.2148774146708199,0.09690838691715575,0.038140116880660414,0.06755571532526303,0.052981720778226195,0.026017262182760088,0.1202370028560836,0.04120157855518066
1999-01,0.09505663999684053,0.03208597249558607,0.03852595031134473,0.0848575586194183,0.05328332969341534,0.033900045425661,0.2154145784751544,0.09640423659972497,0.039364836104185404,0.06818507718606474,0.0530840193076143,0.0261162154333075,0.12251957678612932,0.04120196356555349
1999-02,0.09311599966724014,0.03349795190375106,0.03965346254020433,0.08329248036223921,0.05260909309362314,0.036253576476532934,0.216643442689538,0.09330912246293888,0.04053259620714737,0.06776953708184474,0.0537080764356235,0.027198873195727176,0.1214560927338986,0.04095969514969087
1999-03,0.09103394756523929,0.03350039933613056,0.04034569509976129,0.08217836156927415,0.053739612066877745,0.036662762157380575,0.21848639351708946,0.0884728501017682,0.04146723035128925,0.0706641722654071,0.05431122505915027,0.02752011698289231,0.11975629045338644,0.041860943474353214
1999-04,0.08977920891899463,0.033062271693127,0.04061876554813443,0.08499394209618268,0.05437630424833313,0.03622951778638278,0.21846940121329161,0.08781161935341997,0.041992608501025,0.0716140464436517,0.05574616796761852,0.027484579230293436,0.11611285699209559,0.04170871000744955
1999-05,0.08672458755847483,0.033552974438790836,0.04162621651237158,0.08894334209493501,0.05598052794726923,0.03687781333907148,0.2187332245130903,0.08618391833393627,0.041718520196575286,0.06953916710807637,0.05594140075974473,0.02791439736905681,0.1151980529279814,0.04106585690062572
1999-06,0.08753487386313567,0.03376321725636348,0.04247924911641485,0.09105058080494141,0.05720041797464367,0.03668611896589338,0.21863205808621222,0.09062055423156859,0.040593623936466115,0.06598005627763283,0.05505825943717295,0.028136067850942963,0.1112250867405786,0.04103983545803341
1999-07,0.08706430371621744,0.033361151238431086,0.04275662923804103,0.09072820607093852,0.05661220459237506,0.0379240247352192,0.2192415321355224,0.09342118183470689,0.04152748538696722,0.0650498361104675,0.05434962576504515,0.028178448491918934,0.10898883414593431,0.040796536538215085
1999-08,0.08578093469362816,0.03344831377027357,0.043552141857765785,0.09009564960274806,0.05599263078265128,0.039717885840360394,0.219748169191987,0.09006311177686105,0.04220967070193893,0.06627778036006685,0.05453353052381045,0.027949395177290906,0.11012835447719484,0.040502431243422725
1999-09,0.08474250218295519,0.032507149536140575,0.043791109341642084,0.09497358240327788,0.05800029022780994,0.03981081730256638,0.21737625670316868,0.09122426403503033,0.040683143431437106,0.06634577513241001,0.05298091517404395,0.026952342182279404,0.10999374644794127,0.040618105899297305
1999-10,0.08323879305761507,0.03178041928494746,0.04420628576344331,0.09463904414742945,0.05658397439366045,0.04201177268273955,0.21748987528325567,0.09087410588906973,0.04059029895187229,0.06792773678793848,0.05150477182764334,0.026747777324474628,0.11120990020898441,0.04119524439692612
1999-11,0.08270251573713809,0.03138148536992141,0.04394064631028934,0.09155581517070699,0.056275828050493214,0.04162699060183437,0.2188544770559467,0.08956932462193856,0.041605894453628056,0.06953536155044585,0.05199366348354561,0.026326646349116134,0.10966247230438547,0.04496887894061024
1999-12,0.08144564861322322,0.031628990122144686,0.04438790047750309,0.09125779738399796,0.05694758272626962,0.0433529921958917,0.2186348932790798,0.08609174282528659,0.04167366306479544,0.0697135013810142,0.053538945488593906,0.02700120525231453,0.1102581981555506,0.044066939034334555
2000-01,0.08005483627855962,0.03170035445824461,0.046363415725011146,0.09219288361843332,0.05798372824702592,0.047351261429794345,0.22067190344082283,0.08072961707347256,0.04313954513092231,0.06670383132596922,0.05159456519849751,0.028360258421017005,0.10916069935633617,0.04399310029589335
2000-02,0.07974260381753057,0.03202863407500551,0.04654794676267171,0.09316467631420518,0.058256129302304005,0.04851307096389391,0.22051918043117097,0.08288390403278295,0.0426632184131769,0.06867587212690816,0.05005995238906322,0.02876937001930625,0.10451720749647957,0.043658233855501154
2000-03,0.07665020647851933,0.031217137389993085,0.04533255672639053,0.09144911192245571,0.05318915037159809,0.052312412202108284,0.22058064341682587,0.08403359743735364,0.04133533034919019,0.07210671618724078,0.049285116886327945,0.028702886834238713,0.10826819253159996,0.04553694126615766
2000-04,0.07467445129298476,0.03144819620919045,0.046296798125634954,0.0946455262237145,0.04739591869601606,0.05541776713381015,0.2204527464314731,0.08135931933499663,0.041708243849938716,0.07019625769685446,0.05036521943014319,0.02890107270091987,0.11218331841142623,0.044955164462896866
2000-05,0.07628858411434915,0.03231990700409183,0.04715210959349023,0.09425436298808545,0.04893553042330809,0.05006469356024302,0.22057617624854475,0.08458529887715441,0.042297336447782434,0.07092453380290965,0.05137341565224091,0.027761866333613924,0.1110366584716346,0.04242952648255157
2000-06,0.0791874087485356,0.03162242305116647,0.04703768079892631,0.09996095133479661,0.04856136776785308,0.0476622773293703,0.21692378660201966,0.08939543988214646,0.041044835926018736,0.07402672583949947,0.051550420363089634,0.027760333865209808,0.10429654294786962,0.0409698055434983
2000-07,0.08009928170149566,0.02908938806417187,0.04590118718636497,0.09935217864831951,0.04614017041796629,0.04941414262227617,0.21586603236991975,0.08900063826185767,0.03947233085904009,0.07511201240760902,0.05219603708034022,0.028048318773856735,0.1081879373975046,0.04212034420927753
2000-08,0.08093992700552029,0.029052057806036834,0.04661556542597329,0.09459668292487602,0.045408345433257155,0.049724565005604925,0.215627813298335,0.08918638963405345,0.040557965206349945,0.0776710711804211,0.05287048333363993,0.028033527475681472,0.10834506443963555,0.04137054183061511
2000-09,0.08288656900960771,0.02936966221082799,0.046985794144932445,0.0988025822830469,0.0454907275614566,0.04919891250598962,0.20514735570933804,0.0951660937855144,0.03899656840262224,0.076874023020182,0.055475379750889287,0.02798875223089747,0.10846709250145141,0.03915048688324393
2000-10,0.08094274883058074,0.02879324159277251,0.04674476171908427,0.10307335630884445,0.044003886361086195,0.04881827815329077,0.1955940737080899,0.10259838623158288,0.03933926375642061,0.07739520994646133,0.0572590006004112,0.027907618912382012,0.10871932548868601,0.03881084839030707
2000-11,0.08551705276379581,0.02815092390075808,0.04485355342366651,0.10481178221283127,0.04648021444609822,0.04422445124164394,0.18846451003600065,0.1038662341259722,0.03764188469579911,0.08107929088458996,0.05659604529670424,0.02706094784379475,0.11194317786024818,0.039309931268097044
2000-12,0.09009241379448837,0.02798112299118399,0.0454500128753955,0.10501825484592002,0.04831623875409124,0.04211961728736469,0.17717076319689268,0.10649693568109923,0.03869315182874723,0.08315007193466759,0.057186778373197716,0.026827854380101886,0.1125957818865291,0.03890100217032076
2001-01,0.09353989911925481,0.026491062420238732,0.04641978493300836,0.10475108280386376,0.04945746246267807,0.038027459420417326,0.1634283350711508,0.1110105747656337,0.03900810043612276,0.08461236930512697,0.05913200146555369,0.026167450277512515,0.11894074937830432,0.03901366814113417
2001-02,0.09362801264462413,0.028220816994993552,0.047047832717746575,0.10348260635698277,0.04879171515241158,0.03801568482047643,0.17583714947422693,0.10116274100561115,0.04021902742114527,0.0796250665689905,0.060051230562247114,0.025807031144314502,0.11979231484859952,0.03831877028763
2001-03,0.09604436394946814,0.028910779878721173,0.04672701948846893,0.10654217366131039,0.048899264484925334,0.03564854476690037,0.16627454194335572,0.10656426207458776,0.040637154242310125,0.07989986703987162,0.05981136277161665,0.025962445137504824,0.12035438696309554,0.03772383359786354
2001-04,0.09673600358683304,0.029382943593897384,0.04666872863627312,0.1117766317307293,0.04831909898696215,0.031301388508488924,0.1565641536430909,0.11236029981847576,0.04045323332829971,0.07684126264048617,0.058951808886465465,0.02474589857213766,0.12788309138212126,0.03801545668573928
2001-05,0.0943415670267765,0.02956966862560792,0.046503345471567314,0.11351528374294072,0.04742250595351147,0.03101229411661382,0.1553740863173845,0.11744988964315922,0.04086556843917798,0.07671085513982293,0.05944123789134772,0.025474923332188724,0.1243805617323088,0.037938212567592416
2001-06,0.09473141418687953,0.02963145992231663,0.04766598372639771,0.11419929459652989,0.048075172021339645,0.032156107039063894,0.15514562383995237,0.11664202424304344,0.04139615142140927,0.0774784397051555,0.05992468842995756,0.026432594685683576,0.11868789728448721,0.03783314889778373
2001-07,0.09550372598496529,0.029848380197500406,0.04710081131360478,0.11440889411391124,0.04859139964580282,0.031294092282619965,0.14956344190178755,0.11378367275098901,0.04160836038675947,0.08068594577347282,0.06167053389558756,0.026285781937357273,0.12206398454188987,0.037590975273752006
2001-08,0.09811979747080447,0.031207085286470038,0.0458621525348219,0.10791984120025795,0.04872604025112124,0.030577838408516467,0.15356149784275552,0.11191634229654297,0.04225255239805948,0.07903461280250362,0.06279770377236547,0.025782196999070597,0.1247353621875939,0.03750697654911628
2001-09,0.09965510367335013,0.030492126948035853,0.046317839587459345,0.1080661182987521,0.04969330877435187,0.029553910210954465,0.1477783548852608,0.10937838483463082,0.04237045548953718,0.08093883691919705,0.06282946107810188,0.02461823758692599,0.13037385674480587,0.037934004968636796
2001-10,0.10572461659265081,0.027175686340079615,0.04243273647211814,0.10629825055400739,0.050290911986510665,0.026504367274036045,0.1386719345542258,0.11128762642128276,0.040139192474469274,0.08239263659325628,0.05980251315972011,0.02292977209141518,0.14483873625928656,0.04151101922694143
2001-11,0.10421184413545306,0.026742372016405027,0.04181701790388932,0.10824289346295166,0.050370071316883744,0.027198511992881508,0.1352840407402588,0.11049372110379768,0.040925583965473966,0.08415718884462342,0.06032843952775537,0.02280050171299037,0.14641316687997627,0.04101464639665984
2001-12,0.10711032548965688,0.027276408701104364,0.04336111325670217,0.10507178382799925,0.05246536571730044,0.02901761153735401,0.1327271693704173,0.10871930396041729,0.04162011250242454,0.08481575459113178,0.061810083223630546,0.023383199069714672,0.1433081897334561,0.03931357901869078
2002-01,0.10751136899211118,0.028153835887328872,0.04516649374457443,0.10523294438649336,0.05311046442031792,0.029815884087505816,0.1354636622587839,0.10655669987013146,0.04271323322190237,0.08491219842417841,0.0627043211407072,0.023773499194648894,0.1356065378783179,0.03927885649299833
2002-02,0.10874127565912181,0.02798645525985017,0.045141532027524044,0.10576706041414366,0.051895894570649824,0.02958918018633032,0.13373041513150297,0.10790048267666998,0.04326997915015526,0.08299284838328329,0.06344561402906984,0.02375426331885837,0.13642429444383683,0.039360704749003814
2002-03,0.11471258075004849,0.028328923529778324,0.04700164869902904,0.1084656864703732,0.05416514228627788,0.027502301050492093,0.12177724529096678,0.10477644240569235,0.04429063629866201,0.08374305668446533,0.06264695100658757,0.023280892093706637,0.13940876041087552,0.039899733023044774
2002-04,0.11313445626390477,0.02984462235857519,0.04842373165906004,0.1116225002062117,0.05496845274020631,0.02738885080383632,0.12176716974433499,0.10813838386596386,0.043960836040615785,0.08179593197258819,0.06331269656602298,0.024100805896422748,0.13186808340625444,0.039673478476002735
2002-05,0.11798230381469911,0.030195747729018264,0.048787473666952505,0.11188289139409312,0.055744528615674485,0.0259933134961539,0.111182384090051,0.11253725009514719,0.044263283373771986,0.0787875769644948,0.06419838030759825,0.023106069436305745,0.13472214954121334,0.04061664747482598
2002-06,0.12253835651890851,0.03099210680872814,0.04956162306460213,0.11180243907846714,0.05697176622877656,0.0250179825508902,0.10743084311248083,0.10872907191934265,0.04434526832818784,0.07619003156620043,0.0652480881709733,0.022478402641883694,0.1372189808904657,0.04147503912009289
2002-07,0.12713412889637932,0.0298607393610552,0.049106997747791994,0.1140194458472867,0.05814002991920873,0.023856386210862144,0.10071233535240866,0.10066214783774122,0.044428062377151946,0.07391955187147516,0.06568558032201473,0.021870814885032855,0.1478952419089677,0.042708537462623784
2002-08,0.1283156323135875,0.0282641267557078,0.04936091631434387,0.11500833116534807,0.05962752211434193,0.023249533654981835,0.08969631512887247,0.0890490138152957,0.04352601894634711,0.07126098324045962,0.06746356009678102,0.021171848499010198,0.17085055697581747,0.04315564097910552
2002-09,0.12821006544261318,0.027513191624230913,0.04683341227945569,0.11096734602797848,0.060425653579096475,0.0227633144122757,0.08473749451882032,0.09064935124155693,0.04229297461696814,0.07485741608969378,0.06736833839927811,0.02148097603001954,0.17901359900150762,0.04288686673650526
2002-10,0.12688994178917246,0.02694942268790662,0.04511526398759847,0.10909773812433698,0.06059011600078006,0.02162363314059609,0.08534397167677372,0.08383927541401734,0.04295996779639493,0.0738534677560378,0.06548014362258466,0.020507665811079896,0.1938005159802622,0.04394887621245868
2002-11,0.1255291009171454,0.025659940739751273,0.04408505105156021,0.1113436911385452,0.060557416099615805,0.021859473408539262,0.09029741008038879,0.07590554825690067,0.04219281026494489,0.07594184213339578,0.06487742486376886,0.02032178306174221,0.19592624774225845,0.0455022602414431
2002-12,0.123761636599089,0.025778931254397806,0.04505010812653044,0.10910533886506651,0.05966093724535332,0.023455535184538225,0.09758770828137603,0.07767443523172049,0.041592267958507095,0.07668348695291585,0.06616191711581784,0.020471073417369,0.18894004472007084,0.04407657904724767
2003-01,0.12340001944455592,0.025835137792943007,0.044845607726660644,0.11181206662525622,0.06004437827981941,0.02297151149611014,0.09629433092896532,0.07971478330235238,0.04040427358612319,0.07514907867675108,0.06556719549545174,0.020200525675275596,0.1890603876962302,0.04470070327350511
2003-02,0.12424866596878183,0.025637001633817026,0.044449590369054506,0.10976206784228089,0.059207949754243296,0.022740967890632558,0.09630302821330881,0.0822613891460067,0.03922586971180462,0.07536123769884977,0.06612679214223789,0.01970830565492804,0.18867328231147526,0.04629385166257878
2003-03,0.12247643550841882,0.024643075089151752,0.04356536625763855,0.11492719614306551,0.05884722818814958,0.02236877333247658,0.08762058552579878,0.07725361362258186,0.038753357671554876,0.07533396608435196,0.06452077361702668,0.018836005812324697,0.2032498925656758,0.04760373058178458
2003-04,0.11843860400632843,0.023581710131675624,0.04302260566747907,0.11723873230266223,0.05924635656455855,0.02270785841165207,0.08476272088360491,0.07849687259965739,0.039548634904798464,0.07647006676438535,0.06450359787044563,0.019524542397137374,0.20651402699937818,0.04594367049623688
2003-05,0.11761859918156455,0.024663330061276016,0.04347837877859233,0.11468766487302147,0.06124992420382302,0.022742742536412442,0.08644314366445065,0.08097907426120464,0.04102293374097517,0.07740069596748794,0.0666326854677592,0.020457348384848393,0.19870765519579142,0.04391582368279274
2003-06,0.11796933472352639,0.024509903815446505,0.04320213301694352,0.11345766115247065,0.05996615187247678,0.022803627202766512,0.08827574962087475,0.08264441827410869,0.04046516662929121,0.0767562360262898,0.06652525606276577,0.02033393436046347,0.19937614891123365,0.0437142783313423
2003-07,0.11816691295648445,0.024971337545067696,0.04373132426050442,0.11271335225377936,0.05845365730024879,0.022920576766378657,0.08903718258384727,0.08487010205600733,0.04047656105219506,0.07681928195210255,0.06621919513700575,0.020775222299696514,0.19810883330117673,0.04273646053550537
2003-08,0.12128756475584304,0.02596037950083238,0.045828805735438814,0.1109559177755619,0.05966357215686692,0.02413772328309627,0.09116045913162092,0.08277148576038153,0.04270720617196635,0.07942773434789165,0.06963724841231464,0.02115641198800288,0.18230790960262055,0.04299758137756217
2003-09,0.12213794919856959,0.02708846848875347,0.04809048533949142,0.11540618772373028,0.06131999390308053,0.02423750503502908,0.09045427115855426,0.08236184333762787,0.04417798615985405,0.07847708104737543,0.07057590222875293,0.021351557938576356,0.1709544366951637,0.0433663317454411
2003-10,0.1232556471180927,0.02707772121269429,0.0478862535826099,0.11544420718261372,0.06091813531651119,0.024656047116132944,0.08910829206752512,0.08396613440581578,0.04383461787789704,0.07870866296023088,0.07043358341932535,0.02137669437218883,0.17046456880149014,0.04286943456687218
2003-11,0.12502938467198652,0.027254196741285344,0.048357462993260755,0.11520142761095205,0.06120540036886005,0.02493281722941936,0.08725318060189517,0.08501479925937325,0.0444877966373885,0.07623742216123613,0.0717054806718931,0.021333357632713462,0.16920236854689719,0.042784904872839195
2003-12,0.12838217771526741,0.027405184411798893,0.050031118907591626,0.11198489872804414,0.06143898941031922,0.02498482935726742,0.08672395729789595,0.08378476382667019,0.044623616196755984,0.07606366018215653,0.07206633606831518,0.021354816424795697,0.16802581712085624,0.04312983435226544
2004-01,0.12768662217495583,0.028383048356231722,0.05068522528364621,0.11578476209608712,0.061990428988435896,0.024465102425335263,0.08703934530393259,0.08471481004997634,0.04256289402720371,0.07596191548051752,0.07114409452786047,0.021464394460846314,0.16485846162328793,0.0432588952016831
2004-02,0.12478071588988945,0.02904814078037971,0.050879249144544766,0.11782328176719978,0.060878149500178926,0.02492102859046153,0.09022531549347808,0.0850618103752123,0.0416994287964598,0.07629397555102245,0.07130152489002159,0.021563877950002034,0.16307599049104338,0.042447510780106085
2004-03,0.12520376450381554,0.028496332693119953,0.050010745133274595,0.11673919617993389,0.06159882218180256,0.02455499177591745,0.08738816652454462,0.08547001841291821,0.0427091203435526,0.07675477061955009,0.0717099443997239,0.02164445779280097,0.16517244825284874,0.042547221186196825
2004-04,0.124737753343901,0.027817020899210166,0.0489429839262481,0.11814515064479518,0.06108367801700037,0.02377213911483798,0.08488280115229993,0.08689022779836059,0.04297496175515644,0.07368993162219749,0.07128609172563674,0.021323020782994903,0.17170860944278862,0.042745629774572504
2004-05,0.1269513670022042,0.028941158188420746,0.050388856453495924,0.12132534958062861,0.0630582629339909,0.024246125487597706,0.08560521625805208,0.08571232996645896,0.04329001718677981,0.07527540793249442,0.07031926408626592,0.02186906160426383,0.1599721847865922,0.04304539853275477
2004-06,0.1267224057098188,0.028963338904956875,0.0502739988538905,0.12496198980182346,0.06418675262136549,0.02436428804084362,0.08405613732934761,0.08497060726335201,0.04314471058204098,0.07682615480402828,0.06982275838607307,0.02213636086406644,0.1564632526252329,0.04310724421316003
2004-07,0.12616337953069587,0.029468430024367175,0.05156609417320569,0.126410467893203,0.06511135340062363,0.024401011777631782,0.08257316655328975,0.08625006110377877,0.043428372376757854,0.07567073174643345,0.07004637683028053,0.022354793032155054,0.1538892536550499,0.04266650790252752
2004-08,0.12359853935434077,0.02879507658141564,0.051494318017019605,0.1311730717352138,0.06454184266626516,0.023367534787675618,0.08101121033984661,0.08789098054517039,0.0418372361440433,0.07235264476482928,0.06904410864678552,0.02220968515179728,0.15974565398768462,0.0429380972779124
2004-09,0.11951082685503783,0.02814436216863208,0.05071277540561995,0.12942859392426725,0.0645358676494238,0.02257879029514742,0.08223697015217676,0.09054301391066805,0.04108270928261112,0.07095103997273391,0.0695047937240339,0.021726291678385617,0.1658856763006646,0.043158288680597866
2004-10,0.11617943165076054,0.028043331800197965,0.05089815379667911,0.13293124723239558,0.06441223919239603,0.022509273941904686,0.08192034931595554,0.0906989495598002,0.04100215211556679,0.07098153240733344,0.06945579934277468,0.02193458710881777,0.1663001345888641,0.04273281794655337
2004-11,0.11511027680352237,0.02717431236070237,0.05032985808672615,0.13767370166759152,0.06332651410619258,0.0227529073080833,0.0832857236056083,0.09258645455644447,0.04099064559014973,0.06738979250859378,0.0684148173093273,0.021855867060519847,0.1660105578060029,0.0430985712305353
2004-12,0.11767928645751191,0.02756836043400747,0.05116136885948426,0.1358379040065501,0.0635101550712649,0.02301940774443165,0.08358419268171026,0.09515087829847592,0.041907540720758606,0.06608906688501134,0.06889330065382328,0.022181896230864688,0.16033752400828588,0.043079117947819774
2005-01,0.11867961956196449,0.027816466710362274,0.0515526119082224,0.13387064232009724,0.06463433333851873,0.02323454716279636,0.08446122696879675,0.09491109689858344,0.04143545302595956,0.06670384783744801,0.0694200329644004,0.022618728167667853,0.15784811305148636,0.0428132800836963
2005-02,0.11897470602051877,0.02755733884817472,0.05062110426237535,0.13357600020389196,0.06451862380583685,0.022829585279100208,0.08345627281596903,0.09552087560108861,0.04174915825898991,0.06645189176030554,0.06886656870538543,0.02274059518369519,0.160597213886648,0.042540065368020394
2005-03,0.11637840307671349,0.027170807800822417,0.051030847611877574,0.14042065146346241,0.06438319804616023,0.022673375034467196,0.08039665762111063,0.09759359814879846,0.04143572891333482,0.06506967768886879,0.06729530125668291,0.0229444486761093,0.16037915768951228,0.04282814697207937
2005-04,0.1146639354649879,0.02647388523086305,0.05168808621596386,0.1469726858680626,0.06512165074936821,0.02266023854757446,0.07972832515324017,0.09827620752601085,0.0416695006591685,0.06506700745619823,0.06589039919967188,0.023197936632946992,0.15441186394849946,0.04417827734744373
2005-05,0.11374201107868132,0.02480916028683036,0.05041237482183047,0.14355085304363857,0.06407486700777341,0.02240287317737907,0.079571559317361,0.10028962207201127,0.04114899274983726,0.06707616806928578,0.06451997352145072,0.023078781766980742,0.1607241598811517,0.04459860320578812
2005-06,0.11543303609940797,0.02472964126113963,0.05002039981866031,0.1375858625966545,0.06332367327910378,0.022662709066437674,0.07871376466745679,0.10111102330378502,0.04139702841727982,0.06829249342778573,0.06550639493385861,0.02298413359934377,0.16441201291422594,0.04382782661486044
2005-07,0.11308493995895946,0.025066937992477004,0.0498104714929182,0.1420912321965002,0.061600032922035454,0.022648166940663485,0.07815193641449902,0.10292979883429583,0.041737496341918506,0.06686050152101405,0.06528030700153412,0.022836887542627294,0.16435059028184132,0.04355070055871615
2005-08,0.11099023024009891,0.025638835789488397,0.05016746458710339,0.1447477798307357,0.061065250932961015,0.022954919071733006,0.07784591935770505,0.10554992261526251,0.04249036063931271,0.06677126747281155,0.0657152380642397,0.02300749787453752,0.1599150942026563,0.043140219321354395
2005-09,0.11073372451631201,0.025397775791459194,0.05070307014754287,0.14783158891682746,0.0605945577315975,0.023002219194345183,0.07816860557739141,0.10518568847699991,0.04186457526687504,0.06677271751949765,0.06491717544308735,0.02291053294443768,0.1579752535838072,0.0439425148898195
2005-10,0.10877418445639059,0.024715681373350073,0.05035417788097669,0.153643504710262,0.058767264907177624,0.022958400808792807,0.07574548438881937,0.10798287286625104,0.04040646796328783,0.06601842972338459,0.06398261787264559,0.022810633346484314,0.15867281154075671,0.045167468161420844
2005-11,0.11267851881652939,0.023815343449120327,0.050761594164716414,0.14906270363413154,0.05963064866989802,0.023093120884489365,0.07507225831293185,0.10552549837294666,0.041242255595997736,0.06580924988862359,0.06641384189259845,0.023065372308743448,0.15705625887800814,0.04677333513126516
2005-12,0.11268497158067856,0.023749974483873403,0.05169000766192895,0.14775795774947087,0.06080241723333097,0.023506504226397475,0.07597085267295932,0.10310500696567103,0.042262826711622896,0.06579761228111089,0.06879177931179115,0.023472391655973084,0.15398820684886907,0.046419490616322445
2006-01,0.11172089981614672,0.023475863016359354,0.05264932893772884,0.14892292807699375,0.06107720581562972,0.023344536930039503,0.07519234623966356,0.10417061927648245,0.04195131275949494,0.065484734152286,0.06867512707392481,0.02338534037106919,0.1527204467555271,0.04722931077865423
2006-02,0.11028124149996962,0.023394784286375515,0.05303335114383664,0.15268286645318718,0.060638331923045005,0.023164007293235804,0.07467667808237341,0.1045713973546134,0.04109059264890498,0.06569601406871153,0.06804274932889463,0.023121495850749962,0.1512530991815277,0.04835339088457455
2006-03,0.1104792449423218,0.02365842834448966,0.05460134314301267,0.1499813000520309,0.06166399698573956,0.022955411186464575,0.07684142268780267,0.10362816190890618,0.04162085133484054,0.06586013924962102,0.0685186471870321,0.023170203409119294,0.14850237271732541,0.048518476851293485
2006-04,0.11214030031730701,0.023697610730161592,0.05565412632181921,0.14842581551056167,0.06178785011252358,0.02314712166184486,0.07816495798414964,0.10213176832274962,0.04216893699501398,0.06596552940392104,0.06903309789571456,0.023475065228006426,0.1455735431425065,0.04863427637372027
2006-05,0.1111577475945081,0.023667092117645637,0.05761293045459989,0.15557942456980225,0.06141383636205323,0.0231065264673754,0.0781194398741472,0.10047686869982653,0.041814087619138685,0.06386685095028119,0.06914419672282095,0.023660307938981637,0.13965906428055513,0.050721626348264305
2006-06,0.11326077541579997,0.02374353035700507,0.057818832993889464,0.1540428273305383,0.06141385368135429,0.02222432829770437,0.07868614012314382,0.10156526677536565,0.0413443946741825,0.06291531510843462,0.06902614201278628,0.02339310399304687,0.13702810234509,0.0535373868916588
2006-07,0.11395608680388751,0.02402602857170618,0.055523205260334385,0.14801792169344027,0.06040371386616178,0.02209403269954949,0.08098264924301153,0.10580452772042148,0.04153295469264254,0.06352936010725953,0.06855985047026333,0.02349889270809333,0.14157249909811107,0.05049827706511766
2006-08,0.1134904130079204,0.023994985202580258,0.05391109761304777,0.15164910435686707,0.05988851974256008,0.02164214177609143,0.08018371702607544,0.10730991312796394,0.04031976880237181,0.06311746385078718,0.06745116951790689,0.023090892244946648,0.1414574469687435,0.052493366762137575
2006-09,0.11315425044871545,0.024117258468011726,0.052541945392667155,0.15102020889485707,0.05991402441765935,0.02183329654651475,0.08101679821607605,0.10808546345146407,0.03974650505693603,0.06350936233242135,0.06688472695418111,0.022653252227332964,0.14347212430383233,0.05205078328933054
2006-10,0.11517344000949388,0.024394390109166133,0.05287027092033648,0.14186969074102226,0.06114931122192042,0.022339078991585538,0.083547783114046,0.10734796668765358,0.04105092221269382,0.06457794837394829,0.06831663731050244,0.022783137145938007,0.1451025987401529,0.04947682442154039
2006-11,0.11351849157639181,0.024831373760658706,0.0538700120454591,0.14156179981244021,0.061643036532955435,0.022565105791454043,0.08494240123362953,0.10809200743123944,0.041459443579762396,0.06455998481019273,0.06857753947448181,0.023219234947849797,0.14294107229505695,0.048218496708427955
2006-12,0.11306185175934932,0.024817125363958362,0.05392403780649444,0.14491756592248894,0.06192010409738685,0.02245428117908505,0.08461033153434601,0.10873035067249315,0.04054479839208238,0.06313329172884222,0.0677525764796996,0.023164849579173582,0.14207628224887936,0.04889255323572086
2007-01,0.11245877647606296,0.024499864370386214,0.05404048940394503,0.1458190488667478,0.061387385057517584,0.022445043058037552,0.0854360961751077,0.10939484397718212,0.040351624515572254,0.062300423163792244,0.06753102770469473,0.023552021810721403,0.14177808976285797,0.04900526565737448
2007-02,0.11501257566147588,0.02483169574077066,0.05448143278621718,0.13950229356580232,0.06243847463769699,0.022556253027302044,0.08757071374731908,0.10873589763613074,0.041113024537560355,0.06385271267128635,0.06861680424608506,0.02379094706533433,0.13859779945240194,0.04889937522461698
2007-03,0.11356462682941741,0.024987651523011887,0.055533850107632676,0.14054309972537157,0.06279671955493854,0.02227044519494477,0.08672258422525961,0.1112121500615612,0.04114118913445938,0.06302166282050947,0.06797150291431564,0.023648679929237866,0.137093105705891,0.04949273227344885
2007-04,0.11295514325595422,0.02442752602491933,0.05546192211403887,0.14010823784159382,0.06245574188850984,0.02211262110477743,0.08609237917871239,0.11402364049615127,0.04068597316736146,0.06140146190872437,0.0661249153167682,0.02330376442305067,0.14139332249715134,0.04945335078228683
2007-05,0.11278341418883667,0.02469269962736336,0.05559401760094999,0.14181788326602682,0.06194134442227261,0.02234235980522424,0.0859444962649427,0.11574409433114473,0.04076217701847561,0.06211099345343536,0.06520942840390215,0.023458459037022227,0.13756873287320576,0.050029899707197754
2007-06,0.11151148245128802,0.025251238188798805,0.05679229622733647,0.14334185449429218,0.06144849721440175,0.022637574500363026,0.08689986878855012,0.11538982861959485,0.04035316873300149,0.062156400763333106,0.06542742124314474,0.02363350830212691,0.13581139444237894,0.04934546603138964
2007-07,0.11221568204637994,0.025706389466512828,0.05813111706181954,0.148295275532521,0.06216986397730854,0.02306207777796001,0.08808164552526755,0.11028547877947939,0.04082880098208634,0.061449243949320616,0.06524882722324359,0.024070247583080767,0.13112927861224502,0.049326071482774944
2007-08,0.11150126198551479,0.02563948182214451,0.05904094742522376,0.15152372228598765,0.06283614855612338,0.023230581141867036,0.08808296541304027,0.10954672989327323,0.04003173130287571,0.06052471108305297,0.06320978413100153,0.02413834539706195,0.13159221483341868,0.04910137472941447
2007-09,0.11276444654774823,0.024389263167796216,0.05794604921004385,0.14798081336328484,0.06382167450321252,0.023011657415080815,0.08523249319922437,0.10988152269977063,0.0391935084087377,0.06065961672828674,0.06212560757018946,0.02371101028186019,0.1399513117143249,0.04933102519043964
2007-10,0.11197583804651014,0.023985997410932724,0.05789674018007098,0.150912015658979,0.06426177927026683,0.023048980101181404,0.0843218987088879,0.10975254405963379,0.038538375941699156,0.06054670320473613,0.06124107691968521,0.02369033502929554,0.13964722481537345,0.050180490652747656
2007-11,0.11224448941386768,0.023902248949478563,0.058383613335359734,0.1519344866014717,0.06530703985723454,0.023267853024313202,0.0834897111290846,0.11050480432641852,0.038101115649707515,0.06041277674470682,0.06062966198149329,0.0238869567679686,0.13720180163428053,0.05073344058461473
2007-12,0.11409847970643297,0.02245767364020953,0.05666280536461231,0.15095914913614117,0.06572294754050868,0.022908771526598055,0.07772732766308575,0.11451069368632877,0.037031876504324435,0.060083651331968135,0.056336640479547756,0.023086410356847113,0.1454440137163993,0.05296955934699593
2008-01,0.11387274232697847,0.02236162026322695,0.056580048643953,0.15189443838161998,0.06665940511588886,0.023023200575239815,0.0766303461562323,0.11504120297400307,0.0368923213871895,0.05954326232830264,0.055247650181900206,0.022972072560999635,0.14616340740136127,0.05311828170310438
2008-02,0.11416730225117099,0.02099184264902161,0.05383035580107672,0.152303228432155,0.06502179852411064,0.02185589214867618,0.07288248756221866,0.11317224329607425,0.03568922500620303,0.05965472045225392,0.05352976985904794,0.021970987298235482,0.15726529744270062,0.057664849277055015
2008-03,0.11345247433299778,0.02099273635076627,0.05484869329219897,0.15509065261735913,0.06586205967615895,0.021118005538963123,0.07206245321426004,0.11020614216456719,0.03642843391128834,0.058269802989975104,0.05326774883772016,0.022175468811071332,0.1576464213622875,0.05857890690038605
2008-04,0.11372412031018093,0.02019779434594218,0.0541374981324466,0.15821218470181778,0.06619614307920064,0.021031500348008762,0.06992589521495829,0.10759817370202358,0.03590708961655667,0.05706814261317253,0.04972429132180051,0.02179563201982029,0.1638412675092576,0.06064026708481377
2008-05,0.11135641638115992,0.02057942099248633,0.05511940519972181,0.16006002654987259,0.0675157840585125,0.021623995697693552,0.07046076905273031,0.10975117928422,0.0366692614199263,0.05660733966699754,0.04991280120634101,0.022148527746217058,0.15955675069516106,0.05863832204896007
2008-06,0.10942962150934762,0.021036525571316213,0.05618528600876122,0.163357712388473,0.06637750082980531,0.022256677751977098,0.0731146801754287,0.11135101869030088,0.03699117647814509,0.055779365847790904,0.049395810887903686,0.02212790267914463,0.15487225129941373,0.057724469882191994
2008-07,0.10839855766413464,0.020422374664906682,0.0551671891107485,0.16676638280964964,0.06725602882687243,0.022680714435122228,0.07056470242899536,0.11416535481291087,0.03721172440578725,0.05621576349155768,0.04563612896703704,0.021947899095441585,0.15417807106820788,0.05938910821862822
2008-08,0.10999387125274084,0.018875285592160656,0.0528415412219008,0.15976606032079138,0.06745152959451503,0.022409108042240982,0.06771367691352652,0.11280961567318558,0.03691370585409028,0.06045090888819858,0.04358638976983502,0.021344595068033753,0.16227570112413228,0.06356801068464835
2008-09,0.11509220457105715,0.01913307847537966,0.05366620197789151,0.15035976762743694,0.06956285650923413,0.022849285408194163,0.06891805233425419,0.10819941894112763,0.03834123681187713,0.06295585910599974,0.04543181311632629,0.02159006226894624,0.16504126273844366,0.05885890011383159
2008-10,0.11807522082632518,0.019032673632160175,0.051089915753890075,0.14604176579240025,0.06950458582357527,0.021829996049180577,0.06768136665715593,0.10403827689721587,0.03932002627680208,0.06237807473495106,0.04635936055544027,0.021206639309394208,0.17422631222561363,0.05921578546589557
2008-11,0.12108104035414351,0.016077696823591742,0.044042298674868856,0.13399849538847833,0.0648980002842435,0.02204325864757089,0.06072754983857339,0.09617216102239126,0.03878355588187269,0.06586476545841374,0.045189764983991264,0.02014080701354281,0.2031285807050267,0.06785202492329132
2008-12,0.11359610271198216,0.014880139913481185,0.040901497532234904,0.13413055167114807,0.06260180367455254,0.02175512313321249,0.05961344461653677,0.09851718377748515,0.03786915811244072,0.06489395800373318,0.04017496022082464,0.019582366050971575,0.22267740334486644,0.06880630723653013
2009-01,0.11119182802525678,0.0145662883714491,0.03994018640724562,0.13101848013099796,0.05866880065190473,0.02092187533928233,0.05993086773407202,0.09571293463598253,0.0376751218302404,0.06319267008728309,0.03849842959640023,0.018891046555001678,0.240792983724103,0.06899848691078025
2009-02,0.11118616836678187,0.014637306426616814,0.04067457062694845,0.13201991722927137,0.057916873584637214,0.021342052209399637,0.05919336314122334,0.09770543789703566,0.03765641902742432,0.06453164429880762,0.035752186242504605,0.018564823866484705,0.23733943034832022,0.07147980673454409
2009-03,0.1104241778621009,0.014146777987686432,0.03882045387662823,0.13074090291141088,0.05566702616583677,0.02226443214101145,0.05718920276427205,0.09770283562261194,0.03835852542137223,0.0674799718737412,0.03353955765251282,0.01781599740020344,0.23544390271969054,0.08040623560092103
2009-04,0.11201046448245282,0.013730786817803995,0.036972867083724575,0.12751764663385717,0.055096704974038783,0.022643970873101726,0.05891457940551452,0.08886857202075092,0.03971885040114747,0.0650439433122006,0.032844762509729925,0.017407384240262697,0.24748691285619848,0.08174255438921643
2009-05,0.11797872471671188,0.014533037517738049,0.038775118659484735,0.1317894281870158,0.056986295578938556,0.02235553165644862,0.060484418750855605,0.09023729621539527,0.040466029841567844,0.06433434967542177,0.03459639986764965,0.017387912740101125,0.23541382093003896,0.0746616356626322
2009-06,0.12105362645317935,0.015116242240867704,0.04061832505954677,0.13572094674447896,0.05891532196311248,0.02234963837849778,0.06102685284419239,0.09134359193931717,0.040109864716169105,0.06483142817420294,0.03627428121318758,0.01772612403262126,0.22043039171503312,0.07448336452559345
2009-07,0.12406896060334392,0.015529917612487617,0.041640122339144756,0.1372762734498433,0.05940840414245788,0.023203144144919315,0.06079332263451584,0.09470802367302193,0.04035206974929828,0.06618891746294156,0.036394597932258965,0.017822374572203634,0.2074659227129181,0.07514794897064504
2009-08,0.12638967245053895,0.015742114941039193,0.04091076532898249,0.13129223249480923,0.06029691941920366,0.023359239304585635,0.06062420048428262,0.09606793407436737,0.040108321087768246,0.0675790208069437,0.036105574752725564,0.017587718339754487,0.21036305626216556,0.07357323025283338
2009-09,0.12810283219067045,0.016280213117620415,0.04239500736749973,0.13387485157345064,0.06116699424044799,0.02306283869274211,0.06096807237199165,0.09645243201404327,0.04042608760310242,0.06789608134322213,0.037803294376509124,0.018030147433910085,0.20282844022298072,0.07071270745180934
2009-10,0.12798670940303042,0.01606259300209684,0.04300006695393606,0.13421408874783375,0.0616087949407494,0.02305459007529059,0.06168700824696037,0.09499264055140637,0.04025736625818089,0.06740655889172147,0.03765672208866425,0.018175344266416475,0.20297585338645727,0.070921663187256
2009-11,0.12847178310820437,0.01620951450993806,0.043029980692197954,0.13660662372725785,0.062045660490368845,0.02315417871608754,0.06099745906001149,0.09417069542857813,0.040354175615670965,0.06651300021385467,0.0372984284980537,0.01808256572165072,0.2010318178946649,0.07203411632346093
2009-12,0.12916804642875523,0.01641584559824519,0.043014752685246536,0.13669145240643155,0.06362940195409035,0.02301133940895608,0.06137497998644566,0.09289541348431618,0.04038105763176917,0.06686594013122406,0.03641642880906043,0.01784383250787987,0.19822979373817196,0.07406171522940776
2010-01,0.13008810598703904,0.016709570428181428,0.0437368070288415,0.13325202386287283,0.06378537654597549,0.023231746669707145,0.06395490551078536,0.09720123355024642,0.0404828855671433,0.06828366801407937,0.03603411055506234,0.017911901232071262,0.1917745879631374,0.07355307708485714
2010-02,0.1311077514986402,0.01729916454267268,0.04452488130727332,0.13546018873834167,0.06398682236667895,0.023211990717668506,0.062792864751451,0.09692219926949978,0.04046449494540897,0.06939675611517648,0.036803696913315455,0.018052459386158928,0.1877656320427324,0.07221109740498163
2010-03,0.13290023080070765,0.017268339515668463,0.04398202516476882,0.13292984082855616,0.06496593715408994,0.022830582565907295,0.06177979467596856,0.09413927872157818,0.04096936023419998,0.06945461320199264,0.036348620167014456,0.01808191516862964,0.1924803997414547,0.07186906205946358
2010-04,0.13575739393528993,0.017806983083011256,0.045146164995522535,0.13291614085503156,0.06568440635033358,0.022863721567909726,0.06304689558542334,0.09402066222698695,0.04156042291126193,0.06936790144664795,0.037162607224246774,0.018406447759300174,0.18636666017269404,0.0698935918863403
2010-05,0.1360454830644837,0.018113479753519273,0.046173593369095586,0.1355979449691568,0.06575842830716519,0.022934731000442327,0.06440419507734718,0.09431984775657332,0.04220105699485931,0.06798211170647496,0.03785069961348621,0.018613516853833317,0.1804308825623535,0.06957402897120941
2010-06,0.1349312520731849,0.017344923155301072,0.04478061109287967,0.13026806750898018,0.06408854729950379,0.02212856589903282,0.06315836946434107,0.09322660894955628,0.04147477354432437,0.06554592288544354,0.03602889515598067,0.01779548374653458,0.19652041707694226,0.07270756214799476
2010-07,0.13359811881174316,0.016865044287970244,0.04325503528307198,0.12755515440812512,0.06284656831373726,0.021872692103288325,0.063534176298011,0.09331449027455921,0.040247792005900535,0.06411569802426499,0.03473252493165241,0.017380115348663416,0.2060553810383492,0.0746272088706633
2010-08,0.13382044541255825,0.016886940178422474,0.04318068800235913,0.12387717568498566,0.06330827095181009,0.021880293882641653,0.06346987479508628,0.09517133405156442,0.03888173650406703,0.06329185190793996,0.03428185386201568,0.017317551004148366,0.2117561715772419,0.0728758121851591
2010-09,0.13280387466578486,0.01693017107325816,0.042762622341722435,0.12285237951697121,0.06282524252851986,0.021453669571856307,0.06398854899000819,0.09489470616257123,0.038170035230639866,0.06282807814915246,0.03320313892145788,0.01729326497428865,0.21732815123133292,0.07266611664243611
2010-10,0.13382836311913524,0.016834133060593556,0.0429618197741248,0.12237106204883805,0.06335094217423654,0.021488501354475175,0.06477193388100443,0.09457093652408279,0.03873784293200984,0.0631180086807127,0.03291433888025256,0.017515103828400293,0.21457854869536017,0.07295846504677393
2010-11,0.1341580643599349,0.017250752347651496,0.04354985362398926,0.12470321063722192,0.06409153129804522,0.021572547848906602,0.06483727332670584,0.09398353487396487,0.03885360377502912,0.06305954421371508,0.032254752452181706,0.017507532871909953,0.21138269588931094,0.07279510248143303
2010-12,0.1359574299119703,0.017964259969638362,0.044275850658016105,0.12898874630444646,0.06491069732345675,0.021827111526282156,0.06545430682142162,0.09346279057258271,0.039454481998625175,0.06201707364098492,0.03243503883418661,0.017555699066006836,0.20286142206243316,0.07283509130994878
2011-01,0.13846419673104865,0.018784987403956115,0.046084563897096385,0.13425606105082857,0.06603821759065095,0.022169645442654134,0.06646200427374264,0.09333942851576665,0.040399529070896806,0.06259634078340531,0.03347825727163284,0.018100160190736736,0.1866976360324216,0.07312897174516275
2011-02,0.13583944272751913,0.01908544017513858,0.0468012560369411,0.13818448395813895,0.06654677664862196,0.02249210910045764,0.06729221136607445,0.09445783673483829,0.04003522551131082,0.06279700150075582,0.034335454635162826,0.01832806022856742,0.18256775267659314,0.07123694869987976
2011-03,0.13385516339443265,0.01866973806602272,0.047970119448532286,0.1419626744755141,0.06681166277567491,0.02295306364418889,0.06856727430949507,0.09422237023381261,0.040181164113862036,0.06213839931820443,0.03469402219138534,0.018841892654816467,0.17750327766644963,0.07162917770760896
2011-04,0.13350732451606487,0.018360165010566715,0.047288291308962796,0.1417409672578612,0.06513962866194184,0.02254370138228101,0.06823298957853183,0.09366609914808874,0.03962972752840912,0.062205148225876264,0.033889054735137134,0.01868098071526373,0.18174200389668857,0.07337391803432623
2011-05,0.13463277499939263,0.018565308933951197,0.04721652341843211,0.14034960270554106,0.06590707286171603,0.022459771832030035,0.06886996246542992,0.09344087291656238,0.040058151230184975,0.06320948014095851,0.0334767376464348,0.01873234677981993,0.17886578643579196,0.07421560763375457
2011-06,0.13564665479943938,0.01833229899285955,0.04625520778151139,0.13325028557604424,0.06583260760480597,0.022307662660699164,0.06927758580532192,0.095257490123798,0.040318533315863,0.06441049440686539,0.032656314970069725,0.018365309028105237,0.18378701203444311,0.07430254290017396
2011-07,0.13476972219097946,0.017832286806820016,0.0453080050275174,0.13114006159526015,0.06479746317893305,0.02196087219220513,0.06789586234620293,0.0950736389453588,0.039765734242817194,0.06395258281665991,0.031780082456115424,0.018060895813124717,0.19172828620173568,0.07593450618627008
2011-08,0.13489358398154938,0.017875669519941136,0.045602748906385764,0.13287652964183172,0.06501901329074421,0.022185390905842938,0.06773867257601093,0.0953919629233016,0.0401892754285924,0.06328903683005296,0.03153568704052229,0.018234589795242208,0.18915473374418404,0.0760131054157984
2011-09,0.13367393225564533,0.016063087325813158,0.04090260494438932,0.12118997294213771,0.06134754278420946,0.021401996590511473,0.06258577443185506,0.09404790611529534,0.03886539088836296,0.059235893501746226,0.029058995057819795,0.01700759620264764,0.21899244633966355,0.08562686061990286
2011-10,0.13227092458620185,0.015520730745006468,0.03991229865159315,0.11531469542885937,0.0603897729491868,0.02150599950051027,0.06160825589075653,0.0955156664864172,0.039434314886129015,0.05959505208339587,0.0280757719766872,0.01675834374929757,0.22823259251886638,0.0858655805470924
2011-11,0.13345739140539875,0.016089932289323112,0.0405624799023028,0.11741445206798941,0.06090821979417814,0.021901739683555216,0.06285632251888149,0.09763456265239061,0.04019309128034119,0.06005026765268404,0.02831868966140156,0.01693395241184357,0.22170790913720528,0.08197098954250484
2011-12,0.1316364973430357,0.015825363776506843,0.041236015598153625,0.11860975618940796,0.06028633203917535,0.02181138885675473,0.06184719979421639,0.09796677514938523,0.04037076792339096,0.0594926511205438,0.028132701899036452,0.017011377608726022,0.22276859337011312,0.08300457933155365
2012-01,0.1320631799701675,0.01571929781305607,0.04124962492115964,0.11724987794069774,0.060468718320667955,0.021802083222901794,0.06272571998187092,0.0986552342703918,0.04065365775988928,0.06056162805272321,0.02851531913470412,0.017392379141577465,0.22306218389688007,0.07988109557331231
2012-02,0.1330346076039051,0.01609634277085713,0.042016637255882346,0.118946206254547,0.06163766849170995,0.021673876509931543,0.0636701127610111,0.09734884604576127,0.040583346003238645,0.06152756610742326,0.029057484805715576,0.01753152120761907,0.21887145875794306,0.07800432542445518
2012-03,0.1347240128768603,0.016300148172337704,0.04278094816997273,0.12018477329263781,0.06203537173228253,0.02195250776577241,0.06408071819132993,0.09612864098172594,0.04065428173493934,0.061434236065957236,0.029430981263558975,0.017382581177278065,0.21462028110571124,0.07829051746963589
2012-04,0.1369887365956924,0.016456767921034583,0.042603294554990116,0.11938322231247123,0.06293110471159664,0.022585740125125337,0.06569404697874127,0.09693033341428713,0.041720980326869446,0.06201854008141916,0.030478446846848438,0.017472200667484183,0.20840982466956884,0.07632676079387109
2012-05,0.13836269140922877,0.01611266788088379,0.04205647509103723,0.11422517557212677,0.06338071542266953,0.022653550087387866,0.06548984050012534,0.09683136559444258,0.0420632486448069,0.06250187041076963,0.03066952699092936,0.01742293632121766,0.21257904040959708,0.0756508956647776
2012-06,0.13651917103762973,0.015592544409109661,0.040732349933345395,0.1090565201612364,0.06157191344190939,0.022263176002362176,0.06681039474942908,0.09803318586568038,0.04203328474368819,0.06273904329957507,0.029615579603608222,0.017458647062549352,0.22278660362106364,0.07478758606881322
2012-07,0.1348210247655145,0.01518195371956213,0.03938716155333403,0.10570477422308798,0.06000692074477592,0.022049636763297135,0.06812090066079658,0.09918507516418412,0.04192712260148561,0.06299552621544881,0.02915659973736498,0.0174585585717473,0.22873226982508751,0.07527247545431365
2012-08,0.13310954049720675,0.01497906009217874,0.03905788166807386,0.10611037306580676,0.05993394966664465,0.022087204528153607,0.06923679866206892,0.0995844797591162,0.04199019768794594,0.06393526647279277,0.029329358407922237,0.01778259092453538,0.22823726644493972,0.07462603212261473
2012-09,0.13358374088237676,0.015170720919247399,0.03982157922852279,0.10843066547227677,0.060883522914858164,0.022449850856587485,0.07093190085381226,0.09871243797008838,0.04209691889864746,0.06385530878110209,0.029560397251064463,0.017779485124976433,0.22188567796723427,0.07483779287920525
2012-10,0.13391905403528534,0.015279830629522203,0.03989518476406071,0.11003766847340808,0.061283824111890296,0.022324824823844312,0.07181172515807813,0.0972515424488219,0.04236598875623498,0.06482009340113082,0.029931724999115346,0.017754981665227484,0.2173964837335844,0.07592707299979609
2012-11,0.13325918497106615,0.015331881944157109,0.039638298134529286,0.10936079368384474,0.06093393811605001,0.021821583210132153,0.07194908856699943,0.09863144499456776,0.04223036285232703,0.06567957244544254,0.030352016551414788,0.01787236966939537,0.21691523322942835,0.07602423163064519
2012-12,0.134516657727127,0.015618992592189795,0.04017348523329903,0.10814318159292308,0.06135152710393812,0.021318450429381568,0.07057582745788826,0.09517827235392641,0.042185551805035096,0.06501544480733899,0.030048784401209196,0.01757105113840159,0.22264564948729298,0.07565712387004891
2013-01,0.13531940014967703,0.015881725162991404,0.04088324885076605,0.10868397943139403,0.06218651840132126,0.021390875912944973,0.07122699997867048,0.09547328159025477,0.042166157519865216,0.06551118157597154,0.03047216102280428,0.0177770703874151,0.21901304705944388,0.07401435295648015
2013-02,0.13657555677993702,0.016422317214908142,0.04186874273488563,0.11042472521651867,0.06358768094078436,0.02136055735606665,0.07238416424146912,0.0960777449261939,0.0423889240215632,0.06666910070283445,0.031183406560022962,0.01820018673708145,0.21043796064857687,0.0724189319191576
2013-03,0.13632551425345318,0.016428682649549248,0.04207074917330959,0.1108501308939538,0.06420406486180132,0.021454263722591148,0.07290293104193739,0.09735656644712684,0.04265247447826229,0.0671616808944103,0.03163206257420806,0.018633529549360418,0.20724552766855042,0.07108182179148614
2013-04,0.13677301146641554,0.016593542039177823,0.04210025097568458,0.10952535139375522,0.06402226743824234,0.021507899707050932,0.07395214032756756,0.09862125312084195,0.042992432246958256,0.06791923733772644,0.03187483921401207,0.0188642950675651,0.20568627193453176,0.06956720773047033
2013-05,0.1364234783115821,0.016737818677672708,0.04138215497355104,0.10503189683499158,0.06331173792411822,0.02141647979857013,0.07506518378734907,0.10079633613650056,0.0433079853447155,0.06920882840434707,0.03173493077414646,0.018931901387794416,0.2097087925764599,0.06694247506820121
2013-06,0.13808135775983965,0.017446093128536327,0.04232848388220646,0.10722494483561708,0.06458955548952289,0.021757305661770154,0.07615100129402574,0.09953679063895006,0.043987278945986925,0.06967261325990652,0.03261980794812546,0.019277154801932966,0.20313977196987576,0.06418784038370413
2013-07,0.13990691474048328,0.017985424755486392,0.043226221575925344,0.10926297406753793,0.06515361239464004,0.02210627421521381,0.07608888833967878,0.09774626091838104,0.044901100763022575,0.07101911463472375,0.03372041238960648,0.01945320865594815,0.19632827009100506,0.06310132245834742
2013-08,0.13975008200081815,0.01867799667293271,0.04398859486814237,0.10957847754549405,0.06558717914740403,0.022367962188362504,0.07783741494962981,0.09966533557844451,0.04575927394645679,0.0722433129302366,0.03460883128771073,0.019769389755909153,0.18865210847999603,0.06151404064846261
2013-09,0.1398056117645046,0.01875000050911701,0.04459862951196209,0.11013744782399687,0.06660095611368548,0.022545886056697297,0.07762073723692964,0.09945093473889528,0.04564162587214799,0.07297778167972623,0.03462339691511618,0.01963306978931735,0.18482226479973668,0.06279165718816729
2013-10,0.13981832781881212,0.019055186819964254,0.045481673703231064,0.11155350955762577,0.06690225234014963,0.022648873587302915,0.07791818635938545,0.09754934790429588,0.04587265485216865,0.07389299900099149,0.03454454390119214,0.019742475474352827,0.18274997846048602,0.062269990220041975
2013-11,0.1383240350221622,0.018973086093058544,0.04553302559746622,0.1108966806924242,0.06707436552352704,0.022664113262229023,0.07877924273483547,0.09781826678707974,0.04586927562225263,0.07381968366720262,0.03442792177210342,0.019942014120543788,0.1850748861862497,0.06080340291886551
2013-12,0.13871456474597874,0.01900859461488344,0.046132545200849806,0.11094462920710456,0.06788879726042607,0.023019026626253516,0.07880431565576568,0.09732946361826356,0.0467681455258207,0.07439111945980556,0.03491015031089149,0.02039990171849876,0.18200179446325557,0.05968695159220275
2014-01,0.13934821334993458,0.019282088925859094,0.04691403883200513,0.11117345783153242,0.06826469379486932,0.023484267901905442,0.07954097711756829,0.09609907738651459,0.04707192931078444,0.07545260588129811,0.03569311427036376,0.02070337545581591,0.1786304205216516,0.05834173941989736
2014-02,0.1384011148171161,0.019169923171238817,0.04718170951516503,0.1101279078985326,0.06763866137128022,0.023557843232101503,0.07980544540087763,0.09701463978497155,0.046330187456637154,0.07705803610726775,0.03581878813105661,0.020639105526773796,0.1788608482907927,0.058395789296188494
2014-03,0.13616464453931232,0.018934842755056885,0.04674729170526859,0.10884636211962898,0.06708712024346286,0.02353778230625137,0.07924290629346703,0.09995541402947435,0.04546307448391194,0.07841349542251914,0.03502581660083037,0.020280347094666522,0.1811223107948223,0.05917859161132721
2014-04,0.13755470519841015,0.01908943079388645,0.04669443086155005,0.10918619126650762,0.06782617873271622,0.023496208725225023,0.07877506921670764,0.09985407604841906,0.0457371525951752,0.07792331760375876,0.03533709448887755,0.020472733442933527,0.17877015780862734,0.05928325321720542
2014-05,0.1367893473139569,0.019166465147168757,0.046619781495433874,0.1113956072705039,0.06768584607683947,0.023398436946532222,0.07818358646167085,0.10220278024973517,0.04504235756028268,0.07539722542710106,0.034781301937233125,0.020590037387106366,0.1799718439085032,0.0587753828179322
2014-06,0.136713776589604,0.019070563539033844,0.046363932374908934,0.11177448902523208,0.06724867259924057,0.023406239853117027,0.07878094675614652,0.10152679996153305,0.044434184742496254,0.07499418837827158,0.03435085279856107,0.02069693378316995,0.18226881654400717,0.058369603054678025
2014-07,0.13676611779315054,0.01931603923297282,0.0465778783946687,0.11233679308671997,0.06695557920791778,0.023699020654309774,0.07864150873374172,0.10252265460600163,0.04452025278131576,0.07554591329485623,0.0347276131588787,0.020847941586341682,0.17989022343831781,0.057652464030807093
2014-08,0.1364953198369916,0.019261607497430614,0.04609539451123249,0.11214527262356046,0.06657421349535587,0.023768817061163898,0.07983254287269075,0.10199589829672509,0.04429884218427975,0.07611602224440701,0.034629383268778624,0.020762693790290585,0.18014892657409806,0.057875065742995245
2014-09,0.1367109464994878,0.019078066453956023,0.04570883503638169,0.11043676851136056,0.06679308360055175,0.023860992503296406,0.07901058879363186,0.10086590000705171,0.04446256065862246,0.07712035940105734,0.03442076625357645,0.020706676406645308,0.18350962527457573,0.05731483059980468
2014-10,0.13738243933310354,0.019102223069221866,0.04593792640170335,0.10774885877286228,0.06736450183894936,0.02421681642095954,0.0792608264906197,0.10146973509812439,0.0450332663399793,0.07861264263163333,0.03509558169122831,0.021009426632995157,0.18158352369141725,0.0561822315872025
2014-11,0.13909602560581846,0.01846340403611944,0.044967691824074264,0.10032531738393687,0.06633579945953401,0.023931871669939722,0.07792100906177091,0.10335280212119104,0.04504625326309556,0.07914432666984993,0.03488151266716366,0.02080471350683399,0.18950251830374112,0.056226754426931105
2014-12,0.13963017609713532,0.0188371814026382,0.04580160999051009,0.09835316779112975,0.06705157004736349,0.024279147064097385,0.07777485903902895,0.1044325437460896,0.045883779935635326,0.08034618396398428,0.03548885408945935,0.021336845957749234,0.1863103878849582,0.05447369299022083
2015-01,0.14105967463658986,0.01868914852878705,0.045597823827674466,0.0919279362331359,0.0674346183718234,0.024237789570838168,0.07768440567806374,0.10497264270294764,0.04671938424861241,0.08179073996074017,0.035732285647276464,0.02113404964369938,0.1884441112828997,0.05457538966691158
2015-02,0.14058431423776954,0.018413133097131378,0.04460664131166686,0.08964487482590337,0.06640745736142116,0.023810715814293924,0.0764812467642353,0.10619808422395523,0.04676184283708148,0.08186714317117931,0.034561857462729495,0.020745522683193546,0.194599526922215,0.05531763928722456
2015-03,0.14086790084126088,0.018788405786704678,0.045195827294533954,0.0920269926386102,0.06703812896288874,0.024098345712059856,0.07802475578542212,0.10336733209897435,0.04754745447800005,0.08172766343414291,0.03493486415978623,0.020967361535006817,0.19108638915689466,0.05432857811571465
2015-04,0.14099845632755642,0.01891522866983455,0.04546187598390674,0.08943468032767432,0.06714386931865546,0.024335555218805517,0.07933422821940828,0.10044555803940362,0.04846232742165136,0.08446689643431575,0.03563116190121905,0.021091604478303425,0.19096460300638854,0.05331395465287711
2015-05,0.14104180506577244,0.01885628460896877,0.045018903095557256,0.09111622427351704,0.0662540786090061,0.024248788174603502,0.07886246287442467,0.10090077651797828,0.047961417272719194,0.08366457055688387,0.035401030678395375,0.021008879637986234,0.19209908998003494,0.05356568865415231
2015-06,0.1424459998869193,0.019004769804818137,0.045469143862299215,0.09110946737709132,0.06649699430834358,0.024576926799559373,0.07957868846548886,0.10058408580035516,0.048178067800266296,0.08454962573705134,0.03612525354508894,0.021185904356740125,0.1868087123033849,0.053886359952593256
2015-07,0.1428828806397829,0.019153998546525997,0.04569707348660348,0.08949219368203915,0.066880704482693,0.02473543379067787,0.08080234679186399,0.09810091365169779,0.048600761058482225,0.08681572242512976,0.03711385590355601,0.021141916667184506,0.18470869256853026,0.05387350630523329
2015-08,0.14412674155820437,0.01895212272329412,0.04490794438655353,0.0849131447321356,0.0657197101328581,0.02486682730334406,0.0814175374500086,0.09811144211246957,0.04947177817643247,0.08805575713850358,0.03751193699698227,0.021217553660488407,0.18755489591259178,0.053172607716133594
2015-09,0.1475286552929388,0.018723445360188783,0.04438623777636485,0.08058148079301114,0.06357257798559161,0.024689094231081333,0.07880421934762273,0.0995337452326305,0.0497921570528522,0.08721805223881413,0.03730140290927964,0.02109848081339323,0.1936178239543828,0.05315262701184816
2015-10,0.14977860852901553,0.018567385637537053,0.04408188509011044,0.08024552817673444,0.06181832684751541,0.024657293486769274,0.07853724905846735,0.0974572109468384,0.050062600297945986,0.08558400127395678,0.03669094432690675,0.02078289853006146,0.19791175463281313,0.05382431316532801
2015-11,0.15056149725353843,0.018534182975889258,0.043945392145933085,0.0821700806574083,0.06293065426901241,0.024803944836495197,0.07875921481022048,0.09861793111128367,0.049413748712430046,0.08250975848912076,0.036428230534773544,0.02096368220560295,0.1966026173780238,0.05375906462026791
2015-12,0.14945593505906993,0.0188410875193443,0.04464685082372189,0.08365806478753293,0.06451239744899598,0.025501840085678653,0.07998703652822628,0.09490854288934059,0.05003296038955009,0.08490096203226183,0.037396865774398214,0.021332775756000687,0.1926688885328047,0.052155792373074
2016-01,0.152928116060083,0.018780879847958554,0.04444411456719715,0.07941017652260472,0.06515766010302589,0.025626063825911476,0.0790102272314398,0.09206243384839659,0.0508079370375138,0.08541163373766672,0.03737946916693541,0.02122131928320432,0.1954542055103189,0.05230576325774375
2016-02,0.1534777694785465,0.017968427161121434,0.042962078174645174,0.07528407173271436,0.06266897180537774,0.025036092772829175,0.0787073384403831,0.09532150119720338,0.05020375863578508,0.08233236923611602,0.03564083920792573,0.020578651723331277,0.20552912111560256,0.05428900931841854
2016-03,0.15315809887164752,0.017509074303843918,0.04267441933475873,0.07436543555702563,0.06330771035625893,0.024444914778526085,0.07852563992148141,0.09814726361822708,0.0489041158701685,0.07866437311577128,0.03419672911371968,0.020364866035532368,0.20975595560569815,0.055981403517340794
2016-04,0.15478400111956314,0.01797888336476113,0.04353187811767232,0.07602721785179999,0.06394806620950517,0.0246068453436827,0.0794779243038584,0.09904274421184928,0.04929743184608376,0.07831267921182092,0.03445197084428674,0.02081250981238886,0.20243523110728465,0.055292616655442814
2016-05,0.15304326071378102,0.01810739843261505,0.043775147772906316,0.07710556429920351,0.06415578168358083,0.024604680903507935,0.07921914898963954,0.09850597850260066,0.049158416638995714,0.08014948401310733,0.03459043265121359,0.020882220679058535,0.20198461548922284,0.05471786923056713
2016-06,0.15264596938400105,0.018002088259275715,0.043585682907919,0.07820676532929018,0.06383810628023259,0.02435066757041889,0.07884472788795056,0.09925706533588782,0.04882091016892963,0.07941208029272147,0.03483418047124661,0.020731340134006446,0.20211263115332956,0.05535778482479043
2016-07,0.15143140447121164,0.017815274794595846,0.04335200669438504,0.07806237505659466,0.06353195253382042,0.02441641932995817,0.07855986344951688,0.10096241335645217,0.04845939054973985,0.07891400843049276,0.03426696228614144,0.020696705018103445,0.2041337922585484,0.05539743177043938
2016-08,0.15153021195992247,0.01774870064217773,0.04336596574440386,0.07678291721746777,0.063100525012137,0.024422268202244673,0.07927397494543349,0.10168512409790757,0.04851172711373548,0.07948012774901046,0.03376491321758119,0.0208316752964016,0.20376805031876188,0.05573381848281481
2016-09,0.15184819964994897,0.017810710530471903,0.04406554474267348,0.07680781168453711,0.06411572224205729,0.024866610508006474,0.07871498972465897,0.10012084206547056,0.04875044696500206,0.08032823152114375,0.034432354322705895,0.020742088462105037,0.20210953423238287,0.05528691334883575
2016-10,0.15086646181795188,0.017719926305158448,0.04407246198542213,0.07728140787329092,0.06434490481211118,0.02512232275804111,0.07843324137392776,0.10138775169122761,0.04831717440107859,0.0802781764851155,0.03490694141604487,0.02074804875826075,0.20146423893538795,0.055056941386981285
2016-11,0.15105736968191447,0.01774672595728467,0.04434285951973359,0.0796442677539041,0.06478236531539698,0.025492588620082815,0.0784762582917341,0.09996886808919948,0.048462797437789515,0.0792832281788301,0.03549261833549165,0.02092858558129395,0.20024667426482284,0.054074792972521844
2016-12,0.15124747118544032,0.01795413072336332,0.046008918056835046,0.08090939368859595,0.06504349851552228,0.025571511314863984,0.08033355473549933,0.10032359075100884,0.04887821480236271,0.0793544563646145,0.037499464163311465,0.021688511124904608,0.1917152354036748,0.053472049170003
2017-01,0.1497655970509599,0.01874767027463445,0.04706991538141729,0.08394570848465761,0.06573389746602058,0.02581137014281249,0.08320068080083978,0.10120336705894337,0.049551210797839744,0.07841551837636061,0.03916337892185138,0.022395029953194926,0.18326751631757224,0.0517291389728956
2017-02,0.15049749704111753,0.01878201453470462,0.04699829021003375,0.08210551405654021,0.06590418958692294,0.025933066288354782,0.08424017021146793,0.10137561358941286,0.04896463303150169,0.07872750758906703,0.038979105871570476,0.02225792279994864,0.18322397040407135,0.052010504785286286
2017-03,0.15161474218658852,0.018680401381435285,0.04741369291127936,0.07926278922323593,0.06691570600012492,0.026246661949657784,0.08380234560295498,0.1016044308395059,0.04891885030561543,0.07969675062964031,0.03915011211750168,0.022236610880047622,0.18201729021859106,0.05243961575382131
2017-04,0.1521776073869984,0.01869479116015026,0.047491065867993974,0.07700213069113802,0.0674499903671747,0.0265711266035383,0.08351556182721535,0.10278124071188786,0.04876305349116838,0.0809141863975348,0.039123197357564025,0.02234191511868856,0.1806367728111375,0.05253736020780984
2017-05,0.15219864620300555,0.018458853049899707,0.04727435159557461,0.07623213982863768,0.06713665600215589,0.026472280482050407,0.08333280103444259,0.10323088670774684,0.04901227839398129,0.0798205338618297,0.038298263772909236,0.022125142354447846,0.18352308305870615,0.05288408365461264
2017-06,0.1533441582886608,0.01847657517668418,0.047985619592216595,0.07514415199086988,0.0670156585182656,0.02708223265406564,0.08137137593618103,0.103146005711035,0.04984967431314466,0.08037459097038503,0.03848208936642532,0.022218707672519055,0.18332316422528233,0.05218599558426476
2017-07,0.1541423626924622,0.018642192607075985,0.04812898508543678,0.0728778314814451,0.06738083182885436,0.02695346546883064,0.0807013894086863,0.10363879664924984,0.04930258451406495,0.0814081128044659,0.03856387723812225,0.02230917213071464,0.18399677819146812,0.051953619899122984
2017-08,0.1530106382167577,0.01874580196382169,0.04900618604370608,0.07318603800923648,0.0680004240082243,0.02720591386173418,0.080433768528358,0.1030200681861156,0.04897264679001613,0.08315902921291332,0.03947717002273285,0.02247364938808791,0.1817900411768945,0.051518624591401115
2017-09,0.15179697853690283,0.018441815777611614,0.048628459683244266,0.07163440898155854,0.06775864860730076,0.02720268387870007,0.08166253787981258,0.10525650174394696,0.048386948616985934,0.08221327155461383,0.03924978504506457,0.022240832960694335,0.18337372138443747,0.05215340534912606
2017-10,0.15063969168734823,0.01856443744351579,0.04913891947209152,0.07325608340862523,0.06864448576055063,0.02718420746389979,0.079316206114789,0.10506673608172605,0.04848661976830111,0.08434693646104233,0.03911078595565875,0.022278820035429595,0.1819067847683634,0.05205928557865861
2017-11,0.1500762603991326,0.018924739580432386,0.05052727088290127,0.07476135973524037,0.06945318115883835,0.0275830410173968,0.0782555164857419,0.10491116550063243,0.04882326224489881,0.08486882570988957,0.040197237679172215,0.022602888281266168,0.17794160808562737,0.05107364323882959
2017-12,0.14999143695890985,0.01852743923486874,0.050729468321252066,0.07559036397128746,0.06964971740072798,0.0282226215761277,0.07587246116424051,0.10624502929770735,0.04997872198019785,0.08301302008184758,0.04041640816366209,0.022506182476278436,0.17813468949908587,0.05112243987380643
2018-01,0.1507723231138638,0.018679359522367864,0.051204477507414,0.07586420990378412,0.06983624980187274,0.02803237524064621,0.07812015756907607,0.10305886967675028,0.05114396929405658,0.08250828900322911,0.0410246321394257,0.022981164679165167,0.17607864606953572,0.05069527647881266
2018-02,0.15133227027832521,0.018703822881080582,0.052483067915970454,0.07823883754350158,0.07007785376941902,0.028385518847837715,0.0789546053929149,0.0982277104315037,0.05256860258848763,0.08425734412329389,0.0416065165321857,0.023384813697964045,0.17063947667318638,0.051139559324329086
2018-03,0.15241979326871669,0.018504665196430334,0.05326349370062907,0.07451730659436324,0.06886121139976138,0.02898715491157569,0.07958256311287748,0.09784212141440998,0.05387109891835965,0.08567670265672664,0.042473049250098045,0.023257060061317333,0.16859591739381172,0.05214786212092262
2018-04,0.15150879380674886,0.018115934872687315,0.0532136110085838,0.07436548526417547,0.06879505440487961,0.029547307309656337,0.07788045289899558,0.09887852578990812,0.05377656970218207,0.08642443923679655,0.042559806063404655,0.023431034901165996,0.16951650648276942,0.05198647825804641
2018-05,0.15002136719079875,0.018014603631507767,0.05260662093955596,0.07786305538888426,0.06843571528346742,0.0291686706569143,0.07707401686245124,0.10104951417763636,0.053471678460205424,0.08485349954063158,0.04215374956782696,0.023242956686097903,0.16976141999254662,0.052283131621475375
2018-06,0.1454953727854406,0.01790442534932322,0.05271731212810157,0.08170357011749209,0.06801978702139465,0.029870434097681323,0.07552950997058887,0.10230653775828784,0.05477912058567702,0.08612119773057729,0.042808116265408064,0.023512780207888124,0.16784584644605488,0.05138598953608441
2018-07,0.14683956850414395,0.018267127133453034,0.052159152925853075,0.08030525999362076,0.0680643519752078,0.030093647263741957,0.07635435203217507,0.10121650141533564,0.05562090503716189,0.08664950635581896,0.04236267702208672,0.02358910648927988,0.16784686249762543,0.05063098135449563
2018-08,0.14552209770827632,0.018110888610078646,0.05142086746789279,0.07952322590970538,0.06780798271037786,0.030271793712580222,0.07703760153825857,0.10300628384383788,0.055484101938936194,0.08694627085571859,0.04212820108763726,0.02373298446068299,0.1687182853695146,0.05028941478650272
2018-09,0.14384334416176917,0.01813022387967409,0.051493075080086284,0.07780628110414392,0.0682333045108305,0.03054509125579662,0.07786268080413393,0.10313910271142743,0.05636131735500963,0.08793993809884308,0.04243297224015111,0.02393988183327477,0.16861007149572052,0.04966271546913919
2018-10,0.14251464674296285,0.018006284561061008,0.05193987819447741,0.07791322140886807,0.06849286020925269,0.030795381578562733,0.07836509725286882,0.1026469854304242,0.057317508860325724,0.08884256036353498,0.04240469647175775,0.024251665583332645,0.16672922747126734,0.04977998587130378
2018-11,0.14305098440494085,0.017586827224443144,0.050711600154495454,0.07807392608169553,0.06642570203787408,0.030550012718127434,0.07987708714326805,0.10485104068608832,0.056330575335444624,0.08827282455654141,0.04183738432803883,0.023792768169817763,0.16731952498715255,0.05131974217207193
2018-12,0.14496428735258307,0.018054773735593298,0.04989401214499155,0.07402135542178076,0.06804782236468684,0.029756983710564698,0.0809541696122413,0.10563730376174633,0.055813948004808996,0.08775910549468138,0.04176632977772382,0.023463752976391344,0.1684426710233051,0.05142348461890152
2019-01,0.14156723325004913,0.017561604565098275,0.04879637919853109,0.07065102256351025,0.06752106979901153,0.029317781133759508,0.08016300046445203,0.10897281005424586,0.054937579933440644,0.08811871763520708,0.04031608339377286,0.022572313989166575,0.1772616052896292,0.052242798730125974
2019-02,0.14035424593411436,0.017463477667198107,0.04955079847509405,0.07087316872170352,0.06792208463365429,0.02915282141969004,0.08056575904961144,0.10719105332464074,0.05556767920634649,0.08855995592631026,0.040763384246509715,0.022653948422686237,0.1773201427784985,0.052061480193942244
2019-03,0.14075613485802205,0.01757862410166364,0.05064431498080793,0.07091797261762937,0.06871798119137751,0.029649121453194965,0.07971643724041517,0.10831793971031098,0.05509653875395496,0.08842094717930597,0.04098340208176327,0.02306887055786437,0.17451615705693324,0.051615558216756625
2019-04,0.13937611328479776,0.017384024328081372,0.04989194219373265,0.07089274215977424,0.06865679595960057,0.030091530517469142,0.07987742794879629,0.10994162524979872,0.05504466181710097,0.08801382927144438,0.04051023866572838,0.023080800227436676,0.1759642259899485,0.05127404238629047
2019-05,0.1402182757681453,0.017475209320670034,0.05022057268171887,0.0709546665025407,0.06957837724465309,0.03056028948865887,0.08106004426721788,0.1087423527559392,0.05596647481036329,0.08580882876941608,0.04061761630270111,0.023431455933392943,0.17487469121016155,0.05049114494442115
2019-06,0.14100643570656396,0.01709703026607366,0.048949479507506985,0.06808292523206416,0.06797263148049959,0.03030927632042392,0.08220767324067181,0.10963854646618015,0.05578061524262788,0.08489891167801268,0.040936490185087014,0.023370458519491207,0.1789704480894377,0.05077907806535933
2019-07,0.1401032772383537,0.016845900205136485,0.0484697090547618,0.06613872670709355,0.06864896526859814,0.02990016542666466,0.08180160395518768,0.11028541557153305,0.05551122065206343,0.08515185368493262,0.04052006132389148,0.023133816073523248,0.18220003296900988,0.051289251869250284
2019-08,0.14094192169005518,0.016931195118279986,0.048751454508949764,0.06590143432545308,0.0690788424580391,0.030254231502265673,0.0826308800385271,0.10952205271879313,0.05621430120379225,0.08446119350369263,0.04090844992008919,0.023133784666120663,0.1798960631511687,0.051374195194773535
2019-09,0.13999522011087479,0.016359484824244385,0.047435038132861394,0.06207879080053735,0.06921067938910005,0.02974065544883701,0.08184346505523964,0.11014657557864874,0.05518972971830757,0.0836654207748657,0.03980374817256434,0.022264322250411264,0.18944179128972063,0.052825078453786846
2019-10,0.13900712994488018,0.016616773360718685,0.04833316457510982,0.0628729599127705,0.06964439080029625,0.0298015625253243,0.08285380226809447,0.11176848959584514,0.055551553512807,0.08270055281144577,0.04006790842846001,0.022303177661777165,0.18588255919174182,0.05259597541072908
2019-11,0.13961315038180572,0.01673042950284123,0.048422394495941906,0.06143436867256414,0.06913134424040213,0.029976098945615464,0.08288710366731118,0.11234135823381679,0.05551917420406453,0.0827683188531611,0.04019352087860358,0.022250238484096605,0.18631320448527633,0.052419294954499304
2019-12,0.14013663216293648,0.01721192213387339,0.04949172155395664,0.06207183957862495,0.06938823336821756,0.030482699266475524,0.08398140097037311,0.10937086256219841,0.05562701631581387,0.08504546147594907,0.04125413689073317,0.022568592831095996,0.18209915381744968,0.0512703270723021
2020-01,0.14101732830693026,0.017364939555422298,0.049192122016088274,0.06189818142998719,0.06918904426723026,0.030754461235811457,0.08332338062803173,0.10958319226648386,0.055270974996211746,0.08682892815042202,0.04160186638116656,0.022720650549304323,0.17995166371630805,0.05130326650060185
2020-02,0.14215871899704396,0.017447870434441758,0.048962185054020016,0.0607503777857663,0.06837413940292301,0.03115949133525693,0.08289713593212412,0.11154673977187385,0.055235936112326016,0.08700551398587061,0.041314947161834585,0.022679141822166245,0.17900348344854675,0.051464318755805726
2020-03,0.14246810604034454,0.017883945380182377,0.04824950084958054,0.055819160069114866,0.06797243416854043,0.031113151145292534,0.0826784960128904,0.11397095926511834,0.05588805353722965,0.08687561968622032,0.0407864833820945,0.022369389804836437,0.18270886141527223,0.05121583924328286
2020-04,0.13626149676752683,0.016131058181603836,0.043092234450352686,0.04168602765663499,0.06617849251548735,0.03090158622806949,0.07953333217425358,0.10204866553439004,0.056436439834637114,0.08831521803493149,0.03656048076802144,0.02030723427925035,0.22702695979037926,0.05552077378446173
2020-05,0.13575731410711253,0.01623210407715264,0.04228530172267763,0.04178233810553019,0.06613480971548209,0.031195742466205677,0.07837501982794433,0.10007510639119005,0.0577451645185001,0.0909652327099175,0.03561100995705197,0.020002178320286428,0.22778706596120785,0.05605161211974106
2020-06,0.13624166549468944,0.016594764596236194,0.04239148472865508,0.04344734645749294,0.06706337097634488,0.03196958809323552,0.07866281545748711,0.09820479795600877,0.05924639279850419,0.09322544066848684,0.035673610337269755,0.020082475779289823,0.22243435638192738,0.05476189027437215
2020-07,0.13845108091416977,0.017202458593376435,0.04395893207991845,0.043926211116100025,0.06807739664732054,0.03225132299518566,0.07947951591630703,0.09926095553895231,0.060131284439834336,0.09161385719050076,0.036382234080108544,0.020433164665816596,0.2154971020008501,0.053334483821559475
2020-08,0.1402538057377217,0.01838643708386853,0.04357902103569897,0.04094572824445684,0.06934989740257379,0.032502729519761124,0.07875298682604345,0.09777951122728216,0.062090138991349214,0.09347865915230442,0.0352839533149225,0.020287934692296464,0.21383987462721643,0.05346932214450442
2020-09,0.14270689325922187,0.019052076804348898,0.04424115683799238,0.04001040694966808,0.07075159106114942,0.03285564117613116,0.08010499014450417,0.09720546945831686,0.06320939318479464,0.09271972117822487,0.03524910951681821,0.02063332437664348,0.20782326792495515,0.053436958127230684
2020-10,0.14386482866885372,0.02006558603314303,0.0446261363148433,0.03682296645402596,0.07220717949466636,0.03297963631338011,0.08083240359463247,0.09547773771466793,0.06338580411757053,0.0922145568125892,0.03502516997527133,0.02105753777598044,0.20838922888763858,0.05305122784273699
2020-11,0.14327750196061223,0.020660219929412825,0.04545056495594346,0.03513634544718354,0.07253479546039951,0.03353143878522979,0.07893986749913695,0.09943843673291548,0.06401451499071814,0.09210613551667912,0.03546413145389188,0.021425888187215376,0.20498863802479103,0.053031521055870834
2020-12,0.14389631105341302,0.02110907499661203,0.04663973572577048,0.03704510155867369,0.07310822207873544,0.033407521544914054,0.08094282450942111,0.09996740029623342,0.06321894216138224,0.09208400585278884,0.036399266051765036,0.021744904286904586,0.19902309584323544,0.05141359404015072
2021-01,0.14727636005871111,0.02252690199354861,0.0473059235433018,0.03867253353739613,0.07276187271667194,0.0336144641197624,0.08315298250162809,0.09658270346295358,0.06299067603358749,0.09365639863517054,0.03689270534572046,0.02190726482578344,0.19282172059407926,0.04983749263168518
2021-02,0.14707648366067633,0.02422838790972238,0.04781388828438873,0.03990025425628103,0.07328853779831293,0.03370727733843757,0.08277089836292906,0.09680504032946283,0.06340649755927871,0.09630286261837316,0.03756917041800609,0.021853432568391937,0.1863766700625946,0.04890059883314462
2021-03,0.14765415275662408,0.024129243986444088,0.0485492266810161,0.04194317432143163,0.07180882988988153,0.034498928647079596,0.08393088203946368,0.09639956239568936,0.06371989472465305,0.09721773521031205,0.038184055524351765,0.022482400651333508,0.1815679156856779,0.04791399748604165
2021-04,0.14847292423320027,0.023066207528656547,0.05038173860334756,0.045527304625702855,0.0730321978292332,0.03396088068150481,0.08644279423498126,0.09693089970321686,0.06294541402881075,0.09342270620881654,0.04021077139590433,0.023334044683987018,0.17469977394875802,0.04757234229388008
2021-05,0.149084790718462,0.023387566613840734,0.05077097204432234,0.04381360508379288,0.07373410088355804,0.034659403724306766,0.08372654594078008,0.09921708188978376,0.06442536584818298,0.09298921671586376,0.040386893682285124,0.023799951619800558,0.1722088602247781,0.04779564501024293
2021-06,0.14973318181445816,0.02225403291080417,0.050827107426432205,0.04528922966867642,0.07462073027167758,0.03383435381528626,0.08352517327213245,0.09879308709368619,0.06372951807384536,0.09219960777918658,0.04108744137129482,0.023859125685013815,0.17143946605502147,0.04880794476248469
2021-07,0.149483935852453,0.02237046513725109,0.05061997596373802,0.04641880214016067,0.07331439589707357,0.03446100926087156,0.08289821342567352,0.09823058888667323,0.06378177331775435,0.09351682169354078,0.04070364875999428,0.02360768906171541,0.17250946979284074,0.048083210810259784
2021-08,0.14722803692564296,0.022468693275379096,0.05032110757144113,0.044241624575651936,0.07264299724046766,0.03529443696337873,0.08269679528264154,0.09768276294559436,0.06487636080090889,0.09476549553695442,0.0402270577237502,0.02340389032748273,0.17653176911707288,0.04761897171363365
2021-09,0.14556872468744805,0.022675962309479908,0.05057048577826615,0.042978042412235684,0.07282935862933004,0.03573906975352686,0.08204790920010317,0.09952056916265024,0.06363199979859076,0.09596173138174235,0.040618862763695834,0.023377987194376892,0.1771281263173198,0.04735117061123423
2021-10,0.14608376914949597,0.023040925407152076,0.05002130967571918,0.04418824021817582,0.07256299127533747,0.03606857897116452,0.08171777087008078,0.0993571532083465,0.06451057389598518,0.09615716191260013,0.04068825176649287,0.023397204380620727,0.1752454030522534,0.04696066621657543
2021-11,0.14837074706307019,0.024160345852871207,0.050174029904779024,0.047759755374085826,0.07377598020715842,0.03589758272241691,0.07957048349524598,0.10058994557134796,0.06477162564307588,0.09416815278078808,0.041898683878793856,0.0234105349396907,0.1693048668977353,0.04614726566894074
2021-12,0.1488250353685641,0.025726593984514233,0.05076051807627282,0.04718889146352025,0.07559483044668344,0.036486418857964206,0.07639061668401675,0.10066496674376937,0.0661637096980488,0.09445080561414819,0.04164217703654416,0.023239791293864158,0.1670344249308945,0.04583121980119504
2022-01,0.1479817988689399,0.024873621100148666,0.05014924121100351,0.04660132343099913,0.07686901545594706,0.0365869032861659,0.07344500978446783,0.10307101456099264,0.06554270046493156,0.09400059047605343,0.04112971899508819,0.023050820821845237,0.1707954087258469,0.04590283281757
2022-02,0.15217019994075415,0.024984019075985894,0.050266407032829315,0.05041529632536951,0.07709717311030533,0.03541979058321856,0.07440517845291555,0.10423447769340027,0.06320281119089503,0.09121214398617532,0.041863505266458954,0.02290031509209621,0.16509833772563925,0.04673034452395662
2022-03,0.15387079903049258,0.023644726747588087,0.049662125451220965,0.053724530373888475,0.07541892026684668,0.03505326538252321,0.07522420331342226,0.10356611714351141,0.06278263244098559,0.09033787316639193,0.04251925043975467,0.022558496560659377,0.16360246752393373,0.04803459215878099
2022-04,0.1517552715890832,0.0236155575867011,0.0498114871074369,0.05705645820581873,0.07321384408031548,0.034593123034767935,0.07377501242684739,0.10900789137929937,0.0629430609220129,0.09222738240394183,0.0412225645623007,0.02252538382943933,0.15920150411403378,0.04905145875800139
2022-05,0.1533380848342853,0.02466038172039157,0.04923237763806388,0.058518837989647715,0.07471877161739768,0.03449982324234949,0.07301623086084802,0.11276320861089391,0.06266368991028043,0.09236975557305582,0.04100102510092945,0.022770784013569315,0.14972256026431346,0.05072446862397374
2022-06,0.15495918485014748,0.022971818920727572,0.048555934141266036,0.06318851048178366,0.07565140736870524,0.033765963272182946,0.07127855153731091,0.11354012243465413,0.057948912805187665,0.09012365562030915,0.04086479786230477,0.022117596226669464,0.15362558559508901,0.051407958883661994
2022-07,0.15400991354123533,0.022597120860235395,0.04851677002466833,0.06509655043520103,0.07405872929038587,0.03384978728829713,0.07245855308926288,0.11288253903267635,0.058125943062635445,0.09103623312706245,0.04104775892153773,0.02179020262480682,0.15225758209397502,0.05227231660802027
2022-08,0.15378906245869375,0.02318114495809529,0.0477225990296795,0.06012317823115193,0.07325931889072029,0.03412026966535666,0.07236317617342028,0.11253028192463327,0.059194834952831135,0.09304855737511492,0.04107938243896592,0.021702652636358462,0.15725926621241823,0.05062627505256042
2022-09,0.15390760134439424,0.023959151538075377,0.04867447818857403,0.06135506125159175,0.0735354391351466,0.03444166917298073,0.07060352476038681,0.11493948245224557,0.06051505681594579,0.09110505818227047,0.04131699566958972,0.022145652214375568,0.1536560205174849,0.049844808756938544
2022-10,0.1544711566644567,0.024833393771773304,0.04795190417909685,0.06432423328342689,0.0724354731816356,0.03394233118403919,0.06824489650390263,0.11752284557315826,0.0606979258625921,0.09318014408938456,0.04208174297554065,0.02216227125126284,0.14747700618368478,0.05067467529604565
2022-11,0.1564291912657666,0.02319784005875975,0.04900865044125071,0.07013356928939991,0.07159781652560192,0.03415584051529928,0.06740953123807673,0.10809208359233026,0.06148181611112039,0.09657530566814376,0.04329729802414551,0.022656615558197524,0.14376362107710813,0.052200820634799555
2022-12,0.15503584308984897,0.022220994296335676,0.05030722606142383,0.07071324129464021,0.0727463492561677,0.03377542958723029,0.06749436408836651,0.10834336274420024,0.059828378348795626,0.09634111546257143,0.04385739812331429,0.023314081721828545,0.14336062854859108,0.05266158737668574
2023-01,0.15476235036780678,0.02066787365198575,0.050429271787057466,0.06743906470864648,0.07384136197932793,0.033618195278524554,0.06577928493067076,0.10983124087699614,0.05867054462880178,0.09687523405449157,0.04309737816742705,0.023383249133499588,0.14761466460332534,0.053990285831438625
2023-02,0.15281632646317195,0.0197755481118901,0.05115485464521956,0.06806531440995302,0.07380118710093095,0.033468723909465876,0.06836796787101308,0.10896878905753636,0.05909062486620969,0.0958579347543183,0.043292803736410174,0.02366973745120126,0.1470389050262511,0.05463128259642846
2023-03,0.15562679088111234,0.021764995262718516,0.05222151030185691,0.06730432144223118,0.07371951635938415,0.03458703923683148,0.06917935478015898,0.10712263578158755,0.06045361723253807,0.09561269059489645,0.04397883087081117,0.023743153238796638,0.14170732076503287,0.05297822325204358
2023-04,0.15840006707575063,0.021293855280031193,0.05220692487935011,0.06630368872047654,0.07371973930301898,0.03533471758184817,0.06634210174287876,0.10708580956862168,0.06000609100466895,0.09550925833790438,0.041871193764497786,0.02337188356374379,0.1443791994372702,0.05417546973993869
2023-05,0.15759285204652101,0.020614655924938937,0.0508996835018701,0.06652486602858548,0.07369166000616362,0.03551389434495706,0.06615973019397745,0.10781271064743475,0.06009459212524408,0.09613601514714393,0.04102798957628595,0.023439935946675674,0.1455988428624883,0.05489257164771344
2023-06,0.16016121718981627,0.02067245297041445,0.050951373039955936,0.0642022336633692,0.07331436247924095,0.03668529509885657,0.06437398371325784,0.10610534273678776,0.061637060017987605,0.09723733439919023,0.04088480211755275,0.023761999599614503,0.14486317099300175,0.05514937198095414
2023-07,0.16044896157783353,0.022533914315442553,0.05244682479546297,0.06443340413054864,0.07342375754176832,0.03804102647045644,0.06307144280150334,0.10543738002310603,0.06335200972449617,0.0979656365023766,0.041436605048931506,0.024129779013302034,0.13992946330472306,0.05334979475004896
2023-08,0.16007476909330168,0.023259893521479374,0.05308129338885458,0.0650339813288067,0.07409513185012125,0.03838096818949699,0.06329985659367,0.1058188989657794,0.06399832601614706,0.09717301709159444,0.04207685623471009,0.024603990283365174,0.13622213775841438,0.052880879684258864
2023-09,0.1580611568397059,0.02254232265717806,0.05347983088112164,0.06794101099132446,0.0739300555635536,0.03841545576095549,0.06414100545719024,0.10338107247518874,0.06483656439611467,0.0979749301982115,0.04266510879939263,0.02480369347963057,0.13441488311165017,0.05341290938878213
2023-10,0.15701644239247303,0.02310249287235896,0.052730661957562215,0.07071445312148832,0.07317819581596627,0.038745175467637616,0.06438703775601098,0.1036462353745928,0.06515628209991843,0.0983838618718987,0.042850865088393884,0.02460343914333762,0.13194623452771834,0.053538622510642835
2023-11,0.15477659716933553,0.022892051101951718,0.053340207135634636,0.07194013647926269,0.07273810879117698,0.039781484173126325,0.06601328423554614,0.10233593924206359,0.06577569587560501,0.0992088733234106,0.04366849670342658,0.024337120899801324,0.12835478048085058,0.05483722438880833
2023-12,0.15520083047383298,0.022146150475426247,0.05364520025903729,0.06891100152181391,0.0725629519725504,0.04013489711035544,0.06685860448358026,0.10361813429716188,0.06684211830908739,0.097207523686532,0.043940835812686325,0.02462276021718109,0.12957522784281497,0.05473376353793964
2024-01,0.15538847846647594,0.02225396130499687,0.05446780036844287,0.06678384046977696,0.07250242270024707,0.0399762496024248,0.06648852718458603,0.10311794817525279,0.0670003396533415,0.09807670275237339,0.04452228405849411,0.024864089254716,0.13102029437039733,0.05353706163847421
2024-02,0.15337450343934259,0.02141434576331622,0.05409651114958473,0.06610210025822964,0.07246473260542373,0.04060962631437494,0.0672750380547761,0.10118542461352825,0.06740314759801229,0.10072450149762069,0.044929867960031795,0.025193663976984894,0.13119860411074208,0.05402793265803196
2024-03,0.15024985331235038,0.02091931136663729,0.054948491577908196,0.06671338506869572,0.07297858078743652,0.04163614121188412,0.06681589145403731,0.09883878468832576,0.06939013259456685,0.10234407415723963,0.04534256665453954,0.025981874780448284,0.12968319893066216,0.05415771341526834
2024-04,0.14888741305755254,0.02035187802354028,0.05528498234516571,0.06775368118625143,0.07344614067385567,0.04158033856519313,0.06576988754104164,0.10067241495685374,0.06976488671513618,0.10123179907671628,0.0455214210954009,0.02622277919156117,0.12821905276029114,0.055293324811440316
2024-05,0.14868269080201946,0.020076740620305084,0.05569475965206202,0.07055831092631235,0.07276027315468692,0.04140189617099966,0.06508503951995072,0.10373372215063464,0.06962264596075489,0.09908055358336539,0.045529456033587976,0.026205411644089953,0.12379900898446591,0.05776949079676518
2024-06,0.14884458440395426,0.02023771382639832,0.05541582314968281,0.06838225182122112,0.07306892092993733,0.04183307236072727,0.0636264105396177,0.10752434744133864,0.06903042355588342,0.09846066060109943,0.045678428197017604,0.02605041275110205,0.1240878920973789,0.057759058324641135
2024-07,0.1468144655297623,0.02023573115958616,0.055208784428201596,0.06690083483412744,0.07260606077162096,0.043250258133525996,0.06399803204641505,0.10679409276620795,0.06976292940370342,0.10063207478707514,0.04527719146118003,0.025823610810560865,0.125704501918979,0.05699143194905415
2024-08,0.1481461083063596,0.021320766926878124,0.05480097620351761,0.06675829494017736,0.07181144665341367,0.04320732809618731,0.06410245411271584,0.10724651380539098,0.06979952976082271,0.10148840976814093,0.04595717279208785,0.02566994121316273,0.12330499910616867,0.056386058314976645
2024-09,0.14947330742053733,0.02014409172052225,0.05380946642574995,0.06487855386935427,0.0716802526509771,0.0418127609176543,0.06426420845549316,0.10943400724398804,0.06792293429227776,0.10083528192374065,0.04560457254937542,0.025659272491807553,0.1274611374162215,0.05702015262230093
2024-10,0.15014274951471113,0.020465773015126174,0.0534614752415073,0.06259140104436213,0.07176738495955323,0.041378497442785635,0.06467623992399515,0.11111768262664785,0.0686512500839309,0.10046928719676908,0.04552925870566878,0.02574424795445295,0.12695527106639967,0.05704948122408998
2024-11,0.14779628147952387,0.02057040636773891,0.054314295348867565,0.06368532995939837,0.0713278748806743,0.042296779125957674,0.06605533642379233,0.11378954889327068,0.06907361754399827,0.09905180481272823,0.046209068342980594,0.02610942734432658,0.12147738089226556,0.05824284858447721
2024-12,0.14670187509694488,0.022185673529533698,0.05452097981233511,0.06425309243547014,0.07044661072172757,0.042640631950230094,0.06861310627295598,0.1153044868662672,0.07115530767316013,0.09631646553845387,0.04805860915634096,0.0263266895130609,0.11652611740926884,0.05695035402425041
2025-01,0.14836101562390044,0.024024668827857268,0.054298349736877256,0.06205153902911567,0.06992175856977986,0.04370824208248794,0.06851990272574533,0.11403668683374316,0.07400636222362618,0.0957894081259128,0.047910258821688326,0.025993238829136373,0.11503277756108689,0.0563457910090426
2025-02,0.14558415185663573,0.023934711570996647,0.05457477474138492,0.06348751450687026,0.06856344753463788,0.04388671961860198,0.06704385961344228,0.11623140835805545,0.07471951657158261,0.09708065059706754,0.048696990050897726,0.026060137001791064,0.11269248605081852,0.05744363192721746
2025-03,0.14625593805009135,0.022317905314103215,0.053562141026850744,0.06232227536212893,0.06784089254415407,0.04305804121297712,0.06895648512310035,0.11533126919615441,0.07420608763393784,0.09812489299155172,0.04852622623836443,0.026246376030461725,0.1142064561841145,0.05904501309200937
2025-04,0.14926059312402717,0.020322898971188812,0.05247920369089226,0.06297405006403586,0.06776570628646736,0.04115178166082973,0.07016394867673825,0.11542626707606297,0.06996584093587449,0.09804375944851092,0.0470604244856757,0.02595090665531117,0.11843781312993636,0.060996805794449147
2025-05,0.15478939067716863,0.020299576583618386,0.05105874429399014,0.060437580982876396,0.06606807426143994,0.04005297330128635,0.06892534999899798,0.11783122141363965,0.07046831182817674,0.09522995075875332,0.04652223903381581,0.02551110844521649,0.11869159374552768,0.06411388467549231
2025-06,0.1539245639740774,0.02133930154461048,0.052846730646151585,0.05971375048620438,0.06581951191982646,0.041495772013841845,0.06927411965187028,0.11880244414602789,0.07195712750793967,0.09408999315378772,0.04708246525246594,0.02600092174796834,0.11422226361572019,0.06343103433950789
2025-07,0.15250517071150416,0.021172183079159235,0.05361189039595353,0.060506030520502824,0.06528711886691511,0.0425297210812501,0.06926346570821733,0.11836138493401001,0.07212058502070211,0.09430953272941209,0.04714705726778378,0.025961916449712345,0.11391352726716399,0.06331041596771343
2025-08,0.1503798236866325,0.02100499050975986,0.054972416732901826,0.06090058749259966,0.06482639903215776,0.04359227308263542,0.06923560311648393,0.1184620007582426,0.07237277872330655,0.09384632751416802,0.0478407851872525,0.026134443551050653,0.1135997858235724,0.0628317847892364
2025-09,0.15054287231175673,0.02124452904408365,0.05480831096852926,0.060230826804640154,0.06386013990215487,0.04419791289098217,0.06864219738354782,0.12003470311876022,0.07256191657281454,0.09370979791289152,0.04753730206653772,0.025950004603167945,0.11416309892396627,0.06251638749616723
2025-10,0.1499135378419857,0.02186690470531271,0.05516598005791766,0.060633371397565076,0.0630651851630164,0.04463064982578731,0.06856301913863175,0.11969821146189209,0.07296926148392388,0.09515502013807713,0.04796418364654733,0.025452923334988307,0.11172243816870961,0.06319931363564506
2025-11,0.14884613241934436,0.02230222224507995,0.05643269258265521,0.05960639518865856,0.06075948053887842,0.045240868178623266,0.06558956802361875,0.1240059075637212,0.07145165250067274,0.09784424276106525,0.04717059951984838,0.024852033961978104,0.11034360886593671,0.06555459564991908
2025-12,0.1464369962513187,0.022172958468940993,0.056371059851402575,0.06049968784107563,0.05984881305008369,0.04520905378339198,0.06389837737442111,0.12269581934029931,0.07195732971078417,0.10235087008886201,0.046896898862201046,0.02460058333014637,0.11087112184242266,0.06619043020464975
2026-01,0.1482764300200062,0.022679557962490344,0.05716285426534966,0.06002278697931505,0.05935381544954888,0.0450155097284907,0.06412593708509536,0.11940169698865491,0.07171588266016693,0.10367761993734549,0.04784585312882374,0.024607660615559912,0.10882535754366711,0.06728903763548585
2026-02,0.14799370398070405,0.022103193133397404,0.05926974848049772,0.06110382237271976,0.06040816835724904,0.044168583842683816,0.06351413021361371,0.11773871213050209,0.07207560334172354,0.10246082895519013,0.04731723724558054,0.024550672786330826,0.1072666003324579,0.07002899482734931
2026-03,0.14942608353170406,0.021548618987977074,0.05966439324465771,0.06305827187056436,0.06220203760733605,0.04229686762962325,0.06471984882588455,0.11889567077152487,0.06916316718056802,0.10017303923148654,0.04523123907222412,0.024256460791790172,0.10809446374837235,0.07126983750628692
2026-04,0.14549139444654888,0.02116944054566121,0.058425105844147826,0.06788512461103852,0.06014233506986796,0.04216451678893912,0.06577310025950253,0.12430960829400449,0.06878114219270347,0.09885357309763902,0.04387065426323032,0.02410722927486551,0.1082632645595409,0.07076351075231022
2026-05,0.14386450106366155,0.02100807806535725,0.05972606319404913,0.06720440624361373,0.060068552368640046,0.0438919837886952,0.06419344687799351,0.12394020036068033,0.07132584526339449,0.09699926231225502,0.04551585981398595,0.02453216957121521,0.10801133292674311,0.06971829814971543
2026-06,0.14561920177218177,0.02191619976049893,0.060912599766857346,0.06712117914125747,0.05959947151969077,0.04641375810778745,0.06312858209430562,0.1215711266983584,0.07198285956148227,0.09595760724932004,0.04581853490895648,0.024499907037422816,0.10678524581545783,0.06867372656642291
2026-07,0.14469669107548536,0.02193075940236576,0.06415898687329775,0.06570781529349669,0.06001172361520805,0.046748967006163045,0.060813518775791345,0.12038143601049754,0.06967236933838919,0.09866888944016201,0.04714428393587654,0.025014320139092883,0.10901528906410908,0.06603495003006474
2026-08,0.14435106470750914,0.021504357355713603,0.062293000407530726,0.06644352475549489,0.060095491505526795,0.0461676070410252,0.05953080167135332,0.12035739703043609,0.06901560369202313,0.10121847297044644,0.04848774616679813,0.025464049516099495,0.10970830944440232,0.06536257373564082
