,NoDur,Durbl,Manuf,Enrgy,Chems,BusEq,Telcm,Utils,Shops,Hlth,Money,Other,UST10,GOLD
1990-01,0.06045168746076354,0.06044537380406383,0.05513374058225307,0.06981733076472765,0.057407403068989095,0.050057541452096545,0.08256755515675253,0.08667598950671274,0.050403492863238905,0.05980463144761254,0.051716156887876744,0.04915003642689552,0.15847884230548065,0.10789021827253649
1990-02,0.060131985610770676,0.06079960334716986,0.055713389580527094,0.06960166371857261,0.05788081734559583,0.050856853711964425,0.0811784123950229,0.08625702571446012,0.05086218931120533,0.06022492304813944,0.05172165813121694,0.04924728494156181,0.156854890644879,0.10866930249891396
1990-03,0.059717742229500326,0.0612928436095281,0.05577057427183671,0.07071928494376536,0.05761949530227494,0.05147989348901404,0.07956335332558308,0.08640910019289252,0.05087578669427668,0.05996944472886109,0.051493697453521024,0.04930645590498852,0.15603534537526503,0.10974698247869237
1990-04,0.052565615011824884,0.053385281201062194,0.052150938549440896,0.07697446860804134,0.05596153557375137,0.05156040076062681,0.08478746755920458,0.06839519331547136,0.045637384356272515,0.05906987990066455,0.05035283316564291,0.04568909982890409,0.2236476194693051,0.0798222826997873
1990-05,0.05291940244442728,0.053414524265926286,0.052308666093007314,0.07671531046471931,0.05603456824182184,0.05168957841766618,0.08504691802544663,0.06826953129637303,0.04581255354241196,0.05943042410076253,0.05027598019645397,0.045719141847229444,0.22314346699331655,0.07921993407043768
1990-06,0.05289904941008249,0.05340068388416377,0.052350802591665954,0.07672841123080769,0.05596081350742789,0.0514626051711538,0.08490991347995328,0.06836574967464477,0.0457799886870526,0.059158233922021734,0.05027149759264361,0.04573064560243602,0.22326981699178222,0.07971178825416417
1990-07,0.05982094228326325,0.06137084014042722,0.05583925813815672,0.07066752605055418,0.05763315452006691,0.05146888234351369,0.07958194433394176,0.08643999192729906,0.050919401246715644,0.05997178043896411,0.0514660805554383,0.04934160439670896,0.15565627170791863,0.10982232191703153
1990-08,0.05995802061877102,0.06119516569866986,0.05589863704595272,0.07082436289203632,0.05771309436511974,0.05134116127673677,0.07884789314471191,0.08620932129416412,0.05099013793501153,0.06045306917590137,0.05129885169519769,0.04938660700766037,0.15565985623388992,0.11022382161617675
1990-09,0.05918798399303982,0.05777321620480265,0.05461041706904779,0.0760388381575576,0.056354519112823284,0.049210776395781704,0.07605864677823462,0.08703698230635014,0.04934770557121066,0.0601976807830064,0.0502955785216516,0.04836952688432831,0.15631933352791644,0.11919879469424913
1990-10,0.05283641240665155,0.05308126782756539,0.05218522489872967,0.07794563714427996,0.05577771893646486,0.051118235684835096,0.08444565429896535,0.06868855021633248,0.04550112555205162,0.059040386536800576,0.050017688401527295,0.04566428157596193,0.22264789443342664,0.08104992208640756
1990-11,0.053031431816164445,0.05265834064730131,0.0516407218732552,0.0765078933855177,0.05579593495795713,0.05079329895639608,0.08572855101458803,0.06961233990670279,0.04523608964808466,0.05933562971130751,0.04917105090699422,0.04526340490340541,0.22468716956873025,0.08053814270359534
1990-12,0.053082694260733,0.05288098691882591,0.05175502132236948,0.07693155291069498,0.055724235920386195,0.05057111337750439,0.0860193972060523,0.06956229697755661,0.04525023049376479,0.059441581797955924,0.04904745640115777,0.04546663797551,0.22331848193234535,0.08094831250514323
1991-01,0.05294522146212396,0.05324133843993925,0.05151069831599477,0.07823752041824869,0.0554062540064613,0.05026516584102644,0.08638974141272461,0.06988902334117246,0.04512173203472401,0.05917577924265486,0.04864431013751131,0.04545839234197222,0.22184965789215896,0.08186516511328722
1991-02,0.05295832728490078,0.05326088523989216,0.05158867801342927,0.07797434253682023,0.05534821234301299,0.05050115015354156,0.08602615231662322,0.06979320512432088,0.045206972329268486,0.05913592362483374,0.048671550159586255,0.04555506403306368,0.22208255529347973,0.08189698154722705
1991-03,0.052046274501795074,0.05231777909118378,0.050665771825630077,0.07853861062531231,0.05529041951945089,0.04862157995453818,0.08589306764202158,0.07127924683884063,0.044400302184915134,0.05746459647637342,0.04684723696872793,0.04527024002523266,0.22380451942817484,0.08756035491780363
1991-04,0.05189435445678907,0.05202336351723084,0.050645315105457916,0.07824762858575056,0.055294131773279145,0.04863580477001704,0.08595669459135294,0.0712744549448791,0.044277601101967455,0.05720674853191576,0.046755118180401865,0.0452787561809412,0.22479182548488585,0.08771820277513108
1991-05,0.05932205684118595,0.0568352742662614,0.053872644717051964,0.07713515559739992,0.05572873898354368,0.04871540422959948,0.07590877055293947,0.08768196915777325,0.048507486930271085,0.060505549627932066,0.04917845112026845,0.04787915670700885,0.15793851868431963,0.12079082258444468
1991-06,0.05418117212280111,0.04964712528309173,0.04997050521235816,0.08879233465404794,0.05267849109134511,0.04552588360130185,0.08811905364999278,0.0828512786750014,0.04726662052238923,0.05370383095844437,0.05165120636536162,0.04547300024833256,0.17013437929556302,0.12000511831996918
1991-07,0.05412442860223254,0.04988271136675055,0.0500754397398891,0.0886321644927994,0.05281367546964572,0.04549194341128008,0.08792903427806253,0.08271758645936518,0.04734593575984254,0.053622485374050045,0.05170678138984979,0.04553989485967121,0.16976237324206267,0.12035554555449864
1991-08,0.054132649990041436,0.0497926932172185,0.050026733154962116,0.0886384836298048,0.05278705828741925,0.04543486280386606,0.08804250241324024,0.0827059961979503,0.04737573201921926,0.05368521850631226,0.05167873099187289,0.04550423517991924,0.16977170512136305,0.12042339848681072
1991-09,0.054045005335010846,0.05012729062328957,0.05013906789495638,0.08861982139862226,0.052830143378344165,0.04543386043236873,0.08830729326845742,0.0825433186635133,0.047386664278422815,0.0535694847207018,0.05159049417107485,0.04563307512394251,0.16881361181050392,0.12096086890079126
1991-10,0.053900286974493096,0.04996972670615611,0.05009442953424684,0.08867431634646732,0.052730801232814664,0.045420913756934814,0.08813881229318954,0.08266624027220135,0.047312385601859464,0.053595545130721386,0.0515440432218375,0.04553688086690006,0.1696956829493592,0.12071993511281869
1991-11,0.05390507039072436,0.04996727891157614,0.0500933648991792,0.08869515380699701,0.05273004875686255,0.04541422231828201,0.08815308533929568,0.08266831154060258,0.04732531616136012,0.05359211792870455,0.051551842876908484,0.04554217368482012,0.1696298305868289,0.12073218279785831
1991-12,0.05389878461266376,0.04967506436770379,0.05005920106128339,0.08828680439191537,0.05268863748643702,0.045445747189157254,0.0880575241641007,0.08283562954984841,0.04733697614955621,0.05379748684911116,0.05157330599708371,0.04551436876208988,0.1699576907507227,0.12087277866832657
1992-01,0.05935226320417381,0.057113282342885,0.054009200736498175,0.0769488652118254,0.05594164963695814,0.048557569461344006,0.0755315647837316,0.08769970450398204,0.048595004160045426,0.06066200140662015,0.04923003019647543,0.0480149946320131,0.15750117222158416,0.1208426975018636
1992-02,0.059295745702014686,0.05445672112932716,0.052890271678830834,0.07786479369189611,0.05497803169678504,0.04717656808187122,0.07474908493407834,0.09026148923740235,0.04830257739601731,0.060518254747719116,0.048401843007321456,0.047172426135150075,0.1600561901684069,0.12387600239317932
1992-03,0.059311866381733386,0.05510073457632389,0.05308019326695205,0.0776593121186211,0.05516500441486648,0.047379520196206,0.07445859534191909,0.09003169680373856,0.04843331374767205,0.0602326196370811,0.048546155253514606,0.04738833929425971,0.15925091496910726,0.12396173399800474
1992-04,0.0594849679916521,0.05575795929794864,0.05329535241251417,0.07728266187791773,0.055412987582759025,0.04746551359327988,0.07447623134422222,0.09007012073022506,0.04857811308613849,0.059931490100261935,0.04883359805463161,0.047459270407270514,0.15861187609969218,0.12333985742148651
1992-05,0.05945064096210225,0.05598281864219606,0.053265139682783444,0.07757826377397202,0.05554800496695438,0.04726303293423224,0.07481212817813379,0.09010041183842994,0.04843301416045329,0.059685462876022145,0.04881798934156603,0.0473234406333432,0.15871880442652742,0.12302084758328378
1992-06,0.05951295003432424,0.05600559505465036,0.05330229906402359,0.07735121065654339,0.055505118539009954,0.047297921686048794,0.0746949651307083,0.08994663652671611,0.04853884682776888,0.059782686813717206,0.048777977738431705,0.047374010959108336,0.15868128476980234,0.12322849619914701
1992-07,0.059367630820042115,0.056254642850613414,0.053191851826258706,0.0775339331965672,0.055272025614553306,0.04716399352757987,0.07448065898171105,0.09004614541687318,0.04847635437893611,0.05941694064921965,0.048842518531710226,0.04727530203349207,0.15924986338297906,0.12342813878946415
1992-08,0.054012305995513016,0.04950462897321249,0.04993425880731029,0.0882040481701323,0.052608813516417885,0.045223230307458465,0.0876829414586935,0.08326390808614371,0.04738977177400102,0.05370865837430557,0.05151957935729276,0.04545168600018076,0.17008409300476895,0.12141207617456917
1992-09,0.05401097155618843,0.0494290733831853,0.04991727019506119,0.08832929326007334,0.05260215878566054,0.045191932988573706,0.08768494848474821,0.08327371170507168,0.04740589574430345,0.05371066386373024,0.0515011512311212,0.0454241542369782,0.17021499805994286,0.12130377650536175
1992-10,0.04980675618779152,0.04517678788897306,0.044676466159679455,0.07283038805989814,0.050140173572370356,0.04543100654159274,0.0758751245204528,0.08853792193597888,0.04104305922679325,0.05070302873890866,0.04619598840304906,0.04081705492953461,0.19962484915667522,0.14914139467830245
1992-11,0.05184982332868898,0.052119821138450685,0.050665554050007604,0.07828029580232652,0.05533254688867017,0.048563877769028214,0.08577572625064689,0.07129203529520747,0.04423820883666823,0.05702994400258502,0.04666239512047618,0.045352000105860345,0.2251637507693063,0.08767402064207737
1992-12,0.051808155477500735,0.052000138730483765,0.05060638227178016,0.0784891739578157,0.05527774691597685,0.048469258638122965,0.08569641751275832,0.07127713503419002,0.04415093473900503,0.05688584152330515,0.046575807875789556,0.04527449775121204,0.22571322620821732,0.08777528336384241
1993-01,0.051929924003411544,0.051727619032021624,0.05058079365747206,0.07869920215879876,0.05538029735035943,0.04850881030433788,0.08512962966440185,0.07134841995579742,0.04417806207332266,0.056916339353854074,0.04650196290034715,0.045321212274372726,0.22567276767401942,0.0881049595974833
1993-02,0.049718720059551295,0.04507022435309686,0.04469794437650847,0.07264528450599955,0.05025432274091572,0.045543147893579744,0.0758015248556261,0.08879902050502686,0.041312684210530484,0.050330526672857055,0.04655379090535881,0.04102162811582107,0.19901350146229393,0.14923767934283413
1993-03,0.05408016603486138,0.049263557864001856,0.04990936980310266,0.08838460623131546,0.05257031313953448,0.045259882770379206,0.08750770516024553,0.08318369126660785,0.04753880926207395,0.05356458589751811,0.05151311008499629,0.04549899117155302,0.17012664933598098,0.1215985619778292
1993-04,0.05012901301902412,0.044968062825200404,0.04476989659822367,0.07190893810200231,0.05037242284284365,0.04576477564654451,0.07605754123209017,0.08799395076768247,0.0414897645331613,0.05129466331271412,0.04659744482610698,0.04115065120179687,0.19723029304441822,0.1502725820481912
1993-05,0.049899992071533734,0.045019221409262206,0.04476966852654122,0.07202627042862852,0.05035904260713662,0.045711568440806434,0.07605266980177881,0.08811684893114732,0.04137848284133763,0.05124493259884608,0.0465927865614542,0.04113303424268687,0.19719884149049327,0.1504966400483471
1993-06,0.049952871388527796,0.044973490963296156,0.04480203684791484,0.0722172626754638,0.05035781469080774,0.0454959337244864,0.07643154618828277,0.08858350575461021,0.04134910717697738,0.050850812225497435,0.046869988475113165,0.04114580242549971,0.197664216013365,0.14930561145015747
1993-07,0.05001841389354549,0.04495463466471978,0.04480647348827813,0.07223721094582902,0.05043367919674909,0.04547287270138181,0.07621323368311654,0.08851914625905488,0.04138331248799664,0.05092448013114659,0.04689470134728183,0.041140814458331135,0.1975346559082501,0.1494663708343191
1993-08,0.051927063436280355,0.05176370950237239,0.050609541813684544,0.07866545955310109,0.05541784195283693,0.04853868888576841,0.08520691683728807,0.07129629335220157,0.04418060613833777,0.057013256355505935,0.04652487351942468,0.04535151949248241,0.2255137011285462,0.08799052803216967
1993-09,0.05944052639224966,0.05660354640866254,0.053401080944080644,0.07787233675169801,0.05551661411015053,0.04729444731575685,0.07406767569864164,0.09002214488912223,0.048645987684929747,0.059380628854643486,0.04884698805813732,0.04749857528362583,0.15793329879155862,0.12347614881674289
1993-10,0.05946128307300989,0.05661106756033743,0.05340138281087874,0.07787567660263146,0.05550875856530004,0.04730005515609293,0.07413151310603291,0.0900461618220589,0.04863708653145855,0.05941006909734005,0.048861397207083185,0.047511369378256875,0.1579928728214471,0.12325130626807179
1993-11,0.05944987095226909,0.0565864551432606,0.053433913724744604,0.07786821990636444,0.05550890895283283,0.047290546737712214,0.07411809546597403,0.0902863275130089,0.04859642925819697,0.05931957706483461,0.048887739997889416,0.04750431469859853,0.15800328448032083,0.12314631610399279
1993-12,0.054301412506302854,0.049362993751864134,0.050007999142396474,0.08824574538569213,0.05271312137595819,0.045255149284949905,0.0874045247939956,0.08310189591041282,0.04765224599420868,0.05401809916448351,0.05156920375301261,0.04562765443895113,0.1689027094439637,0.12183724505380818
1994-01,0.05433374498696716,0.0494310203918488,0.05009735904100373,0.08794186465438249,0.05280396444718585,0.04528509718917323,0.0871896964264378,0.08311569618840554,0.047610397686843234,0.05401127310247293,0.05160959395673148,0.045706517048104994,0.168739072719629,0.12212470216081381
1994-02,0.05441847855465555,0.04932843945012738,0.05004640334831924,0.08775313342557343,0.052725515793638135,0.04522431863825237,0.08746771124603918,0.08338236472025973,0.04771041922822256,0.053964231280094706,0.051634447384234686,0.0456499687179431,0.16863465127075417,0.12205991694188578
1994-03,0.05438965027502951,0.049506078606185486,0.05027838475671328,0.08817528241565425,0.0531008815789427,0.04541868084980131,0.08709262709442553,0.08289456103652515,0.047944771703973516,0.053815994708647064,0.05173485203909676,0.04572197481539332,0.16782930131862447,0.12209695880098767
1994-04,0.0545675300763526,0.04955046984068591,0.05063486245545405,0.08793614533860711,0.05339752867645695,0.04622318915551315,0.08655363684618958,0.08304697220959978,0.04870619012109912,0.05359370658157799,0.05198225341325067,0.04583298664574126,0.16457302300372642,0.12340150563574534
1994-05,0.05499806203217981,0.04903354393791455,0.05055359597625377,0.0886002502106838,0.05415374505260435,0.04596311334932878,0.08690766241177024,0.08278537052008852,0.04884576704420608,0.05366984277058145,0.05330085234389177,0.04558544964955471,0.16119351625561917,0.12440922844532304
1994-06,0.055000650761983544,0.04893490386846293,0.050549889669067136,0.08885371540107993,0.05424790413747136,0.045978599557454126,0.0870599739467201,0.08231597328991082,0.048781275274536025,0.05389244299729854,0.053412996632012884,0.045577691353751525,0.16076467237030842,0.12462931073994273
1994-07,0.05497339297113132,0.04888806842348442,0.05056144538716999,0.08883664169238815,0.05424952210297368,0.0459601257963088,0.08710444509591574,0.08225670253227464,0.04876375469550903,0.05388992089849946,0.053449174935260746,0.04558420393471991,0.16077701043967424,0.12470559109468979
1994-08,0.05500323168681287,0.04899058222373296,0.0506741189556498,0.08893759553286552,0.0542553554993324,0.04595337765787704,0.08717574885166186,0.08233035814758481,0.048768087316915815,0.05369884418959065,0.05336701070523746,0.04563911184317712,0.1602604900881711,0.12494608730139048
1994-09,0.054953471252678125,0.0491397462338106,0.05066406466371741,0.08923750535661308,0.05408199992345744,0.04572273674320191,0.08717806226158864,0.0821706312139985,0.04888236293683054,0.053376752080807145,0.053382892887545275,0.045692031667975676,0.16026286063132544,0.12525488214645022
1994-10,0.05024518484749914,0.044903614100562504,0.044923166303526586,0.0726280171772141,0.05071257603834673,0.04570950833022277,0.07608199338860157,0.08829672698848166,0.04158732090550973,0.05114250888224683,0.04696517691286132,0.0412042977198512,0.19542455524406865,0.15017535316100725
1994-11,0.05044142372708486,0.04481099658156926,0.04497505404968514,0.07283583025066134,0.05085742038832383,0.045965729045416064,0.07587669405686331,0.0888902670583825,0.041637713704578735,0.051383330679524726,0.0468782615600867,0.04121279688387301,0.19434212933823686,0.1498923526757137
1994-12,0.05068806414588359,0.044723474035220485,0.04496602823294699,0.07316072011986405,0.0507898639774284,0.04640099119752537,0.07563573462900637,0.08913090581251579,0.04180430263105892,0.051609120709957663,0.04689343136949119,0.04124063410436036,0.19366818535241898,0.1492885436823219
1995-01,0.05065608481604438,0.04464979012383127,0.045000767026374455,0.07287671141953786,0.05083609301425164,0.04641196719183949,0.07513244247710486,0.08972656294041995,0.04159762853248582,0.05167676253573061,0.046825934581836225,0.04118748893623758,0.19480271777768138,0.1486190486266245
1995-02,0.05071549455608522,0.04456927605164922,0.04488501073166949,0.07307042084518614,0.050820738561495375,0.04624901221954933,0.07516433931182064,0.08951762874454025,0.04163590278461155,0.05166003904776384,0.04669501629593133,0.04106110881999804,0.19480234899280802,0.1491536630368916
1995-03,0.050718790483080055,0.0450314413364894,0.04499731625574989,0.0732050642265464,0.0510332218885305,0.04631861375892175,0.07503579817982965,0.08904268791047497,0.041647015048065,0.05139687043739883,0.046499573506857156,0.041124505045086586,0.193315966521916,0.150633135401054
1995-04,0.05210728219904747,0.05186618401948225,0.050757202111962524,0.07871124799239007,0.0556899705261645,0.04871466728197142,0.08526481461566016,0.07125882269551279,0.04433485868030215,0.05713361931772583,0.04663881732341585,0.04539912816057115,0.22421408454746158,0.08790930052833223
1995-05,0.05218466702591342,0.05181681199742031,0.050726337328458874,0.07864971879962918,0.05561741824156089,0.04869226854651515,0.085501535908636,0.07122904286280309,0.044435925825316684,0.05718571189031136,0.046676478008007054,0.04542469183134261,0.22388149404519975,0.08797789768888559
1995-06,0.05232053949308546,0.051883440881203384,0.050765657710600584,0.0784233558908284,0.05564234393335288,0.04848672171523374,0.08592714983515007,0.07137018216292655,0.044648000182259596,0.05746555742832252,0.046738809135481785,0.04562351117271942,0.22218435338200845,0.08852037707682728
1995-07,0.05246448563886073,0.05191794509192821,0.050941061235127046,0.07898226388737456,0.0559068096762134,0.04840700368749245,0.08619982761320619,0.07134142629700757,0.044709076692204024,0.05742083502724765,0.04683128649277468,0.045810073257554415,0.22017676049123747,0.0888911449117717
1995-08,0.052488086838909404,0.051851914955235424,0.050819800654118986,0.07913277249907821,0.05589607879510038,0.04815578753378614,0.08586799404543875,0.07148030077077983,0.04465649387949066,0.05739387883713778,0.046817280064185444,0.045724199313956305,0.22069170993622209,0.08902370187656065
1995-09,0.05253325757819636,0.05184899957334812,0.05084286652105928,0.07905160656030626,0.055889486237223854,0.048202447575136455,0.08612038566468982,0.07153392164440224,0.0446436807727649,0.05754265492648348,0.04689382796179112,0.04578941763818906,0.220153313706973,0.08895413363943615
1995-10,0.06010275275119889,0.05714754675608894,0.05384497992187053,0.07758487703049087,0.056027317164081825,0.04748285563885201,0.07370159328498416,0.08969922085032529,0.04909493875269487,0.05975613776410545,0.048825754451905026,0.04767047575227895,0.15462291950881596,0.12443863037230708
1995-11,0.05514111658086772,0.04910247283525008,0.05071583436823649,0.0894167343740168,0.05413338547346589,0.04572730921209686,0.08703927311263038,0.08227953101159781,0.04904259831657507,0.053468305521159075,0.05335661210608926,0.04573854711328878,0.1588781636596225,0.12596011631510326
1995-12,0.05517138839125376,0.049184727803092174,0.05070281059439786,0.08922995212164027,0.05413937217696442,0.04570451189626956,0.08704778460286365,0.082421384171651,0.04904376611805994,0.05349769252192215,0.053441864815835696,0.04576253687614686,0.15868125728310567,0.12597095062679714
1996-01,0.055257703274785644,0.049157820953944574,0.05073390909204805,0.08834378925060707,0.05426447320714458,0.04639118483588751,0.08691926713111729,0.08232295345533955,0.04948967774672754,0.05318543312801417,0.05354211216202122,0.04597663216180976,0.15818637593476106,0.12622866766579194
1996-02,0.0552493371189935,0.049156032277693176,0.05073287585605909,0.08835326764745154,0.054264106711626334,0.04637685221349226,0.08693573270846329,0.08234282334258256,0.04948771405004302,0.05318217514830394,0.0535397077627274,0.045977036580906704,0.1581333576216508,0.12626898096000655
1996-03,0.05496872396111993,0.04891888236877507,0.05058089864811497,0.08824224939418787,0.054112948441674684,0.04554275789132896,0.08711771875471341,0.08290842004049481,0.049286579035978724,0.05275711689246625,0.05308486603350876,0.045911755728483286,0.1605803779638535,0.12598670484529986
1996-04,0.06022826276472825,0.05701374444874331,0.05377737391022926,0.07736182997382601,0.05602145886179486,0.04736234632325068,0.07367214334341748,0.09009509014322784,0.04909410905316343,0.05984265763642385,0.048880766215622484,0.04766510323898744,0.15451065664662234,0.12447445743996267
1996-05,0.05517666202224408,0.04938942852913089,0.05082549324426283,0.08881082647838741,0.054665817595808325,0.04548690888391905,0.08604641164690813,0.08241856760793059,0.04997560013224342,0.05282724434255578,0.053346706442804065,0.0463417681019561,0.1587995553350146,0.1258890096368347
1996-06,0.050659952812254126,0.04513523267866657,0.04493311425344321,0.07286727900468042,0.05098212626784599,0.04596060579025263,0.07518948962654151,0.09010657734786515,0.04183160299887283,0.05118281672371975,0.04653914711264257,0.04118088374772311,0.19127576785343295,0.1521554037820591
1996-07,0.050875803607018835,0.04515415982581355,0.04501014131160393,0.07290590546425368,0.05103118612760738,0.045932331831692735,0.07507874276957678,0.09021699737812178,0.04190978913028262,0.051359137615390016,0.04661208614629586,0.04121462238099291,0.1908288383848693,0.15187025802648046
1996-08,0.05095214702438122,0.04457783813655444,0.04496822536861825,0.07356772750779735,0.050779670585618795,0.04524531326586712,0.07373863579517567,0.09160832837960278,0.041501603200269674,0.05091987691118532,0.04668925749896928,0.04081936471262046,0.19333302191449353,0.15129898969884611
1996-09,0.05106467060844195,0.04446171992298004,0.0449167671773367,0.07401306805116348,0.050690892855655076,0.045080754082655466,0.07423448786300242,0.09181662167504388,0.04142758414827139,0.05085798862188589,0.04649167156948584,0.040885732040306266,0.1923997819868093,0.1516582593969624
1996-10,0.051053003991762984,0.04445875481019518,0.04488322006730247,0.07392749324968786,0.0506440698079741,0.04502588258570015,0.07429959611993159,0.09183640847432431,0.04139906135958332,0.05082023873188564,0.0464651987990114,0.04086980927763448,0.19250944374306875,0.1518078189819378
1996-11,0.05127573108742264,0.04438138866579271,0.044904529051266774,0.07341150297529635,0.050409773630117394,0.04489689182914151,0.07474433059292616,0.09198974288704842,0.04162961204593278,0.05083455298831413,0.046326047762790534,0.04098336867064285,0.19099995229865394,0.15321257551465395
1996-12,0.051204576427288734,0.04435736713036913,0.04490005677115795,0.0733554652386534,0.05034988940888283,0.04482731853983257,0.07530274700171755,0.09140147593394453,0.041993504628427346,0.05091822963637952,0.04608555130245969,0.04114162413624577,0.18934698332012218,0.15481521052451885
1997-01,0.051232618688606714,0.04438993416524704,0.04494462121013392,0.07351715456390223,0.050361074367091516,0.044944297408662674,0.07538249526280477,0.09135581285169285,0.04198421595583338,0.050925285694856916,0.04613923287202672,0.041156805502563204,0.18912868194134155,0.15453776951523646
1997-02,0.0526299833681182,0.05192402656725938,0.051045091020656005,0.07910754554086691,0.055919618167938084,0.04824849616039137,0.08554625081159645,0.07162481641128857,0.04490705705771198,0.057438845081047324,0.04672013882730432,0.046008482749862585,0.21951616042510042,0.08936348781085833
1997-03,0.052558149830695,0.05198145301146242,0.0510635120836497,0.07935511270977177,0.05586875469732664,0.04833440088908468,0.08540709230207125,0.07174256192066737,0.044936054860228836,0.05728169088611671,0.04660847126705882,0.04603795493763288,0.21927496854469275,0.08954982205954116
1997-04,0.05113903885570243,0.04431181654585151,0.044850892011770255,0.07328320345683977,0.05029386924459759,0.04483357447742024,0.07508583777240996,0.09126037211485193,0.042055465159874586,0.05078769992628517,0.04606606418836753,0.0411374112559056,0.18955002124303105,0.15534473374709237
1997-05,0.055188368286611555,0.049295385272740876,0.050832717193747975,0.08909700039150921,0.05467484678684955,0.04521121717146932,0.08565705639111039,0.08249898234317549,0.049995908329246226,0.0526969698480804,0.05335387566624924,0.04633273551107993,0.15886470608066416,0.12630023072746555
1997-06,0.060233279591546396,0.05716238985381327,0.053852086472702766,0.07758621500488688,0.05598985936881305,0.0472851799410873,0.07339405331463941,0.09004477445309184,0.04932920806508754,0.059624495369766786,0.04883403048548378,0.047838716193589585,0.1538297912823712,0.12499592060312027
1997-07,0.06028538381796222,0.05719206924103893,0.05353558035988668,0.07742397793609805,0.05594133078426157,0.04750981993198275,0.07238693586199552,0.0905988286328904,0.04930127227261339,0.058990116946550084,0.048485289115913426,0.047947577936368405,0.15405080967033125,0.12635100749210723
1997-08,0.05517014930731533,0.049553872484371125,0.05032706357595422,0.0866199497054971,0.0544251730394536,0.04406577806903925,0.08463453672943119,0.08370746967452809,0.05052758047679339,0.052143926704067124,0.05311677137358781,0.04664754471493837,0.16020049756113666,0.12885968658388688
1997-09,0.05511684539121948,0.04960359990218212,0.0503065113617504,0.08671110966070154,0.05438859726071079,0.04411865660965646,0.08466975874639895,0.0836914095604913,0.05055280429113442,0.052067297036036346,0.05313373096348292,0.046671886131807,0.16008832426406064,0.12887946882036772
1997-10,0.05529664884579305,0.04951490881586345,0.05049315676247927,0.08622822801013325,0.05469465742704188,0.04421936200392065,0.0845717336607678,0.08356217294002921,0.050509449977547874,0.052099105532470484,0.053110064790526205,0.04664509687365562,0.1600019706800384,0.12905344367973287
1997-11,0.05542996028328787,0.04953496835213063,0.05065569926222129,0.08626885545914115,0.05490211607307562,0.04441713299974406,0.08387839801831594,0.08363591445833538,0.05068470365856636,0.05203407247544109,0.053079400489585274,0.046669105353017645,0.15972766751958806,0.12908200559754962
1997-12,0.05556283883192281,0.04908734380584757,0.05035270091259052,0.08555532585014233,0.05503301392659406,0.044056279734708284,0.0849299967232202,0.08441701327709455,0.05107955315753672,0.052130797946383936,0.052872498937216426,0.04644104954600379,0.16115428741021337,0.1273272999405255
1998-01,0.055555201671618516,0.049094517079954644,0.050366409114140843,0.08564160540461731,0.05502995181669802,0.04408016180388717,0.08485530800080987,0.08434259480696445,0.05110156994760208,0.05213035076637834,0.05286161242147124,0.04645166200578456,0.1610708102400292,0.12741824492004364
1998-02,0.055493438554102235,0.049064352046573424,0.05033422763449008,0.08524053958352523,0.05492820619705048,0.04409170714439691,0.08504927308217215,0.08438203509190725,0.05108042519001636,0.0521968680767598,0.05275055254135587,0.046473329102751745,0.161467786993759,0.1274472587611395
1998-03,0.05617021211689018,0.0484427078870374,0.05012744407973421,0.08521791922087238,0.05462616010442181,0.043447533308480835,0.08507205164387566,0.08556072372963451,0.05047095671044347,0.051900810094728904,0.05242368752029339,0.046347665841364405,0.1635649653762475,0.1266271623659754
1998-04,0.056043688908847165,0.04773390810173942,0.050211923039828396,0.08449445488442639,0.05469592895687773,0.04399382485924276,0.08355267548977194,0.08522719970862282,0.05008436911175011,0.051880699453961926,0.05214345781225453,0.046395127972524666,0.16623722974983537,0.1273055119503167
1998-05,0.06056901356194791,0.05699939176349928,0.05322743752947215,0.07721191250737712,0.05555395043806033,0.04689503839514662,0.07251732496490482,0.09070619883788628,0.049198329384041346,0.05871668885803827,0.0482542348054176,0.04801306661621566,0.15388674382317305,0.12825066851481964
1998-06,0.06053859296816681,0.05741309631935979,0.053215469579061744,0.0774684169525332,0.055761284081506095,0.04707849164237051,0.07226961782584307,0.09016419559714334,0.04932804399757411,0.05887213292827839,0.048243239776182154,0.04795058051451095,0.1540416293085274,0.12765520850894213
1998-07,0.05641790152664512,0.047805605935403325,0.050171516821829035,0.08417515471548155,0.05463392962547446,0.043901410869136306,0.08361439472737672,0.08548347282842648,0.05031583512506283,0.05202663123288726,0.05201747827816046,0.04636947005596614,0.1667717007007975,0.12629549755735286
1998-08,0.05646639815828174,0.047813420650163904,0.05019774710735566,0.08445988774845724,0.05479496920607052,0.04370833469332708,0.08337294453256118,0.0857578467346298,0.05025303743761224,0.051920963888983394,0.051916030160443286,0.04634679799787994,0.16672718283721757,0.1262644388470166
1998-09,0.05568312722594395,0.047337339444225975,0.04931610818261432,0.08215729545059533,0.05359765573963681,0.044499858255297835,0.08159083566195367,0.08681980459590219,0.05007202376399206,0.05210079017665661,0.04985186097760323,0.04548334168589233,0.17537897135656214,0.12611098748312344
1998-10,0.060509669403702,0.057309885018942165,0.05275398027528743,0.07675414663872117,0.05549328744297545,0.04698500091563536,0.07221156813821564,0.09101408542318014,0.049493856727577806,0.05902160586836446,0.04796400239989653,0.04763706209877348,0.15561632415853482,0.1272355254901937
1998-11,0.06041030907495988,0.05753774826940882,0.05275904201131492,0.07673977382893737,0.05544197409598529,0.04711117717266222,0.07204949630076182,0.09076136166220057,0.04961284869528846,0.059179714711611556,0.04808153215253028,0.0477958736993214,0.15534751087977747,0.12717163744523963
1998-12,0.05916775959580935,0.0554014711642201,0.05135585655528301,0.07849445100313253,0.054839895839881095,0.044903308066928625,0.07034547365526357,0.09314020105629128,0.04833525329224035,0.057895855685342425,0.0467256093258511,0.046752590475102745,0.16374645781149502,0.12889581647315881
1999-01,0.05929710547101245,0.055461483267272134,0.05145924559722662,0.0786806264821856,0.05504165653736418,0.04467236708237571,0.06996161974673488,0.09324216080874564,0.048243185502432714,0.05786474488321507,0.04674191576837059,0.046788940857798014,0.16351589045317483,0.1290290575420914
1999-02,0.05954460551744694,0.05518533474014282,0.0513082349691248,0.07897615229723814,0.05523396033956396,0.04420201006702685,0.06886495917914286,0.09386148657334042,0.0481059191425222,0.05797343922970106,0.0467023902507917,0.04658059225661942,0.1640500540530922,0.1294108613842466
1999-03,0.051245093446253595,0.04435983029457027,0.04467596989190593,0.07320181404607205,0.05016676884803288,0.04470583751844406,0.07297265528880417,0.09120937671478162,0.04217242524155947,0.050183043234589664,0.04522357025515603,0.04109276586942164,0.19325235000942625,0.15553849934098243
1999-04,0.051254534737550275,0.04437352960001139,0.04464248960346438,0.07294501851247545,0.05010716021558958,0.0447273803921839,0.07301856261042075,0.09120103935722508,0.042111772362834046,0.05010509150168153,0.04512202333989073,0.041082071585738254,0.1936323019633384,0.15567702421759622
1999-05,0.05193023807836258,0.04419197779692114,0.04435673592042328,0.0707222968887998,0.04959938147493004,0.0444356938127658,0.07234611145025112,0.09205314412880354,0.042271342173046504,0.050708548289876094,0.045151531596319926,0.04096990715580933,0.19402037514803708,0.15724271608565377
1999-06,0.05193022765559315,0.04419672647999262,0.04435751624514488,0.07070730690200577,0.04959741557446134,0.04444707259820247,0.07234646298309941,0.0920054115594674,0.042285689745275155,0.05073374329071812,0.04516680679448979,0.0409768891959963,0.19394959283242788,0.1572991381431257
1999-07,0.05220735698844779,0.04421940489518705,0.044685378741612464,0.07071175066151537,0.04972957116978945,0.04519538333313145,0.07303387838870852,0.09367501511415768,0.042851674322289694,0.050822828118017555,0.0452452485637925,0.041194896048234744,0.1914247986817476,0.15500281497336804
1999-08,0.05228417303415561,0.04422319015319256,0.04460550839426778,0.0707704929884151,0.04980140667763318,0.044888575894867305,0.07277721608253698,0.0941590284029486,0.04275761259965943,0.05068408718189011,0.045223729594259875,0.0412582878379718,0.19103285075477194,0.15553384040342966
1999-09,0.0519875666852573,0.04401048682318549,0.044797369554007725,0.0720591138086565,0.05047363409046395,0.04496758580316,0.07132916022798765,0.09439532309837095,0.04237399217650963,0.05063820984785114,0.04479719476321272,0.04102294659901518,0.19127512933879154,0.15587228718353013
1999-10,0.05177416582271637,0.04389126976670509,0.044835247892236016,0.07176658597248627,0.0502478769494919,0.04536859082602107,0.07117839308796434,0.09415243266420785,0.04236237019307013,0.05073287817974084,0.04458054504473825,0.041021840851689466,0.19166321619362542,0.15642458655530692
1999-11,0.05195535649689503,0.04402318803187635,0.04499156751903683,0.07246664843734635,0.05042249094212265,0.045585826675856214,0.0709095508419936,0.09464968437090723,0.04229820002465078,0.05076267353525316,0.04463691988543449,0.04117074161266592,0.19250112627970994,0.15362602534625155
1999-12,0.05196871066480714,0.04400964809043426,0.04486372561279238,0.07219884039730576,0.050131986292326236,0.044716693243968784,0.06966774010530628,0.09596333334572407,0.04225502475559044,0.050465729320578794,0.04402533704105848,0.040970545155142965,0.19238710835015876,0.1563755776248055
2000-01,0.05197626498087408,0.0440791609514246,0.04515788529030574,0.07232981965663732,0.05031631785567496,0.045406005369395604,0.07017969910135537,0.09516310236540432,0.04250072407344533,0.05029816076317603,0.043929062316710024,0.041266141342549294,0.19158028400142416,0.15581737193162334
2000-02,0.051985469827742874,0.04413143493883432,0.04518270017053492,0.07236742293529151,0.05034407643648978,0.045475807682652185,0.07009661157409977,0.09539116635553314,0.04250455908458468,0.050387648597716654,0.04389704078898603,0.04131925442269036,0.1910715894950887,0.15584521768975512
2000-03,0.051439425734075124,0.04386683375088531,0.044853703066828655,0.07156319758065233,0.04940647259208794,0.0461603862227865,0.06999732481471627,0.09530864267910691,0.042162504502417125,0.050688503446613395,0.04364537374385374,0.04128282194198301,0.1924340888569493,0.15719072106704432
2000-04,0.0514462846843092,0.04389900135925824,0.04490520871388893,0.07168099584942662,0.04931155467425214,0.04628352486818254,0.0700752333720689,0.09522160279580713,0.04220152345928775,0.05069265205162887,0.043704096301779106,0.04131310952639577,0.1922859190113667,0.15697929333234814
2000-05,0.05133977472225531,0.04334378001344463,0.044702173380449246,0.07197658974571225,0.04882243909547233,0.04773412699784315,0.07168252103547915,0.09331450239567946,0.0420087708183166,0.050669966060430185,0.04356509256113433,0.04167228623463986,0.1907622470206634,0.15840572991848023
2000-06,0.05181847711863174,0.0434244281151855,0.044842229262792105,0.07314078055803246,0.0489138704726716,0.047339268601537754,0.07020857345705814,0.09510499086197018,0.0419649771563445,0.05126363350798721,0.043725433146860455,0.04196155508080729,0.18830483763732095,0.15798694502280006
2000-07,0.05269958699267332,0.05164608621727049,0.05092677485129983,0.07925281534851861,0.05585799328897165,0.047905969035762094,0.08345775653947446,0.07235622954090669,0.04521475577754408,0.05727571834008331,0.04621202612932708,0.046030907005985965,0.22096516017454662,0.0901982207576357
2000-08,0.05274890453418777,0.051711839918487996,0.051041798176105165,0.07880164497139842,0.055791871600807834,0.04796042364393758,0.0831413534307091,0.07244013986201378,0.04535549851674071,0.05748461879581167,0.046287590861509055,0.04608247408582617,0.2210775994621756,0.09007424214028933
2000-09,0.052768745675600075,0.05170893901813076,0.05106231400405963,0.07875151920321334,0.05581833279872599,0.04800944762903377,0.08335052368707763,0.07237045754052468,0.0454098068305409,0.05754171414802477,0.046279683522720556,0.04608030937535295,0.22070621608088584,0.09014199048610899
2000-10,0.05266841571656475,0.05165316530759024,0.05104555766961996,0.07903571393686167,0.05568974979235568,0.04798119558243187,0.08297033514348626,0.07282884343287202,0.045445196627445505,0.05755703419325238,0.046369907146801254,0.04607678849805101,0.22063197087688918,0.09004612607577815
2000-11,0.053416486721457386,0.051367593683000944,0.05063160157932416,0.0793180936074761,0.05648549124068313,0.04689745619298625,0.08221047573504471,0.072996729479923,0.0450071429273527,0.058266873352879715,0.04624734145250299,0.0457540781545246,0.22160882888074315,0.08979180699210094
2000-12,0.05365699251205965,0.051366627826494225,0.05070105839063943,0.0792758918483026,0.05669605352640491,0.0466985997804334,0.08169820021863691,0.07315442032223897,0.04512407894026808,0.05838195763933698,0.04627738595102494,0.0457324450321097,0.2215733922400919,0.08966289577195831
2001-01,0.05374699841105172,0.05110083489142269,0.05078053254958211,0.0790889993589619,0.05677721787402383,0.04624489288245876,0.08087782024446645,0.0733110312774194,0.04513171807288599,0.058372363451165095,0.04635168486118286,0.045622119240570115,0.22292244323097116,0.08967134365383785
2001-02,0.05375456266111613,0.05128478552394849,0.050827756056516155,0.07904659182988506,0.056761610941454155,0.046257578840840495,0.08124145187978331,0.07309852741529153,0.04520489399679412,0.05824148985820003,0.046396584643589166,0.0456101540974418,0.22269386586110265,0.08958014639403696
2001-03,0.0538146181936208,0.05139435994626386,0.05081922479799145,0.07919350673602457,0.05677247811489226,0.04611553056089082,0.0809697296405385,0.07332522901705626,0.045238643098790506,0.05824850797846504,0.04637968974959311,0.04563918997672505,0.22260993241894295,0.08947935977020477
2001-04,0.053520054116160704,0.05191852560386599,0.05077638737805194,0.07977174094006913,0.05641996557809191,0.04424536927732258,0.07833787208385483,0.07399771135370675,0.04514263905547686,0.05706063001323683,0.04591485484622184,0.045102879898823986,0.22800988367655803,0.08978148617855872
2001-05,0.059377023807951894,0.05503409982554831,0.05163359858683492,0.07849074781188799,0.055502754089267345,0.044181693926276425,0.06882797373029634,0.09294409946995547,0.04842023051057506,0.05890409503446099,0.046758597269806405,0.04679053186978607,0.16242225474640237,0.13071229932095033
2001-06,0.05930028826646912,0.055234223137722666,0.05118534864115901,0.07801982215986909,0.05529777035602391,0.043369320484272236,0.0688189412338282,0.09295849650210833,0.048222287274804196,0.05855720919760792,0.04661176103556367,0.04616663327573033,0.16698745278496793,0.1292704456498734
2001-07,0.05923707085804612,0.055361985910388455,0.0510622735940486,0.07773789566274648,0.05546032485716975,0.043078569640127566,0.06797736420392007,0.09191631609946291,0.04825730152790639,0.05909681792630112,0.046931248531357904,0.046221166551244475,0.16836203759492493,0.1292996270423552
2001-08,0.059570359769280844,0.05614564862616877,0.05080675193786083,0.07626784500086485,0.05556518649052627,0.042848912432118455,0.06828754562927018,0.09127699544477369,0.04844114236574634,0.05868455191296635,0.04717307710016956,0.046132702815375105,0.16929029358310554,0.1295089868917733
2001-09,0.05964279517784119,0.05582680356681201,0.05090058118010251,0.07611582831446245,0.05574207643939675,0.042576719550974106,0.06772438152377551,0.09060856901204493,0.04843132603990106,0.05887992620838333,0.04716106627113041,0.045801013645959135,0.17070119250708682,0.1298877205621298
2001-10,0.061406847955893865,0.05208364933187619,0.04916445999071776,0.07409433970884458,0.05616816556877388,0.04042067364189209,0.06564520560356994,0.08999433290741309,0.047180159041927516,0.05915875756678596,0.04637063296495667,0.04450296404241229,0.17846808824623062,0.13534172342870543
2001-11,0.061493273553328044,0.052162452016397715,0.049215959321936294,0.07397536423096475,0.0561755187020998,0.04035029861146561,0.06575639176275254,0.09006558230956045,0.04712675319553423,0.05907164469221975,0.046348283072855594,0.04452346321087001,0.17829801112693056,0.13543700419308463
2001-12,0.06141019997075499,0.052053761611038,0.04905894012147349,0.07420338604096266,0.05596454622491063,0.04006480503383913,0.06591140167218816,0.09018635186668279,0.04707413805095455,0.059080819718030135,0.04626781430509704,0.044392083213099495,0.17858815002784406,0.13574360214312486
2002-01,0.06143691433149521,0.05213481761801147,0.049158495150422546,0.07422630599083721,0.05600365569639105,0.04011472818269805,0.06599296297184981,0.09014839675239007,0.04714249435932493,0.059096274433535094,0.04631915910829818,0.04443701270180699,0.17798794242401483,0.13580084027892458
2002-02,0.06145397065505165,0.052123032869540405,0.049161078325159,0.0742224675548664,0.0559366890286687,0.040102858982162135,0.06592685892397165,0.09019838523080988,0.04717429733559411,0.05901253182269588,0.046345149093496255,0.04444947945419409,0.17795353704862815,0.13593966367516155
2002-03,0.061614172708258814,0.052215888288762356,0.04932232503943707,0.07423699715698742,0.056120357299642584,0.039835460849590824,0.0652879295455998,0.08972434351602444,0.04724780708639674,0.05893509292956543,0.04624431465201532,0.04440648920844644,0.17820046702413586,0.13660835469513696
2002-04,0.05464599330832147,0.045676409373161295,0.04775275866824452,0.08270672278760201,0.052325885951252496,0.04303322499804362,0.07836645000483275,0.08838138400504708,0.04893951805716734,0.05213292569737619,0.047912125538071046,0.04417776779295207,0.18500928063763836,0.12893955318028977
2002-05,0.05498156502822761,0.04577473020048904,0.04779820104744459,0.08257769680486145,0.052420691425675424,0.04259337814050772,0.07678020628091196,0.08898707371343847,0.04898605352240787,0.051730709804627024,0.04800058140736625,0.04389639398185653,0.18553512960322685,0.12993758903895916
2002-06,0.05521143770320291,0.0460620518724336,0.04791391950107884,0.08230009731362192,0.052600362587374216,0.0422621204485828,0.07588596814038183,0.08798147157330634,0.04897053493247765,0.05129322338399112,0.04808731968472535,0.04375793073172821,0.18638730563515632,0.13128625649193887
2002-07,0.05538886534112556,0.045465571552748066,0.04769801205409536,0.08204568797299444,0.05290650689615436,0.04148056333567423,0.072790611810247,0.08391447086539422,0.0488748945182598,0.05037737241017582,0.047963145520073754,0.04362353813534813,0.19361984447529926,0.13385091511240998
2002-08,0.0541599687218916,0.044690064025040575,0.04805414350736697,0.07917192389482519,0.05362515940547783,0.04154826061484582,0.06599084789971323,0.0757482679020753,0.048005517764017104,0.048916959312037774,0.04812069513953784,0.04414802524208042,0.21352907016579953,0.13429109640529083
2002-09,0.054170601258230366,0.044711830704709854,0.048089056536731324,0.07921067338668075,0.053628841593702806,0.04156867996168724,0.0660451643855975,0.07574419155687478,0.04803367733607535,0.04889410255774751,0.04813278038525364,0.04415271659061108,0.2132878586372277,0.13432982510887004
2002-10,0.06140917768028594,0.051246094952988666,0.048867190759537396,0.07225054295019659,0.055954629631667835,0.0399722512401412,0.06409857058342362,0.08628630767830654,0.047395038610185625,0.05875054341629776,0.045942539933902245,0.04414848175360728,0.18564763543362753,0.13803099537583174
2002-11,0.05355889193557893,0.051562697768849634,0.05054471478982593,0.07914635053667644,0.056456121129151826,0.043726931398863175,0.07697666604956567,0.07320653568872362,0.045139961264212984,0.05679777946219744,0.045896950603211896,0.04501114905285632,0.23181722410924555,0.09015802621104056
2002-12,0.05396038746086594,0.05145236468187814,0.0503502574050298,0.07977139077267857,0.05676621915109663,0.04270368378614706,0.07460583548231779,0.07266739610069786,0.0454063712906193,0.056750828933454504,0.045812470471502706,0.04497864890468805,0.2342764758746964,0.09049766968432722
2003-01,0.053937086455102944,0.05148125075157585,0.05034524068580597,0.07984428568147313,0.05678071421420713,0.04268904343207533,0.07455762684965234,0.07273186897552295,0.04536029610488473,0.0566994449880148,0.04578747517509788,0.04496562142678705,0.2342542373900765,0.09056580786972346
2003-02,0.05392752263697791,0.051498948719434216,0.0503341664836814,0.07970370811094096,0.056745854726864144,0.042702617054847666,0.07454419866699115,0.07283308046402229,0.045310566882092174,0.0566998541814447,0.04579293737289383,0.04493896759563965,0.23416900964640192,0.09079856745776796
2003-03,0.053495785462068284,0.05099372967648248,0.0501099759994905,0.08036589465947709,0.0565639344975558,0.04271762591731194,0.07183462858796624,0.07108145143636588,0.045223303034169576,0.056439829003837705,0.04538042570478109,0.04456551826759836,0.2399051960639598,0.09132270168893543
2003-04,0.05340343204074531,0.0508439266428501,0.050087871472513035,0.08053862644739815,0.056607606222105644,0.04279351819228375,0.07168732364012838,0.07116418373407112,0.04529867042818786,0.05651973516217098,0.04539048090113811,0.04467700925924333,0.2400263718370229,0.0909612440201414
2003-05,0.05345728309359548,0.05042019134842666,0.05000737646312457,0.08080432117034338,0.05628287866541616,0.04273869374418229,0.07131762904131356,0.07069470228797009,0.04504354865045334,0.0563661470333695,0.0451601111139146,0.04438181021807047,0.24180087954011517,0.09152442762970478
2003-06,0.053837672568268984,0.050635939114832176,0.05046933851929509,0.08129906690095265,0.057181586339967665,0.04268111338927616,0.07056015306909824,0.07039430407400707,0.04559343000630413,0.056896261470456164,0.045630630418962995,0.044817603340534515,0.23934442485795404,0.09065847593009013
2003-07,0.05369709950367768,0.05050222806743474,0.050412552696097894,0.08093533957200635,0.057819777147938255,0.04273676953543471,0.070067220429868,0.06972554765692103,0.04575423078931153,0.0567822395094494,0.04578939965288308,0.04487528112246975,0.23919702389440434,0.0917052904221033
2003-08,0.0617212259910507,0.05042759205788398,0.04880908605171674,0.0731577306757651,0.05632297669569131,0.03998363813873337,0.06484273421441226,0.08346593575392042,0.04741262286223912,0.05951093241552829,0.046158954239079675,0.04405986061908775,0.1858950699155279,0.13823164036936333
2003-09,0.05380432787447242,0.04443503072465203,0.04771260461112975,0.07881969614848873,0.05373571883775711,0.0410157198226282,0.06535784468108999,0.07339939248792272,0.04826818176928415,0.04864180123434072,0.04772796936400159,0.043785776683763294,0.21771485984219974,0.1355810759182696
2003-10,0.054084496097500843,0.044429704522295395,0.04792434687834519,0.07902294939713579,0.054042801268289496,0.04074769570297522,0.06595112687716079,0.07310678744317586,0.0484820127913974,0.048847768625835813,0.04799881878246326,0.043743593761518026,0.21752535728146538,0.1340925405704415
2003-11,0.05404490111902327,0.04442690046358874,0.04790803467413401,0.07900525193913323,0.054034796294277834,0.04073219692487519,0.06600668719371283,0.07306055323508795,0.048454435044418355,0.048894632839482914,0.047959663649769314,0.04375491455370375,0.21762029389681045,0.1340967381719821
2003-12,0.05400030137564411,0.04441788927107767,0.04784368670769125,0.07912523227493949,0.054037394571563,0.04072670739775463,0.0660355767358627,0.07310873943084208,0.04845559497131633,0.04890422276007948,0.04795924411080062,0.04375117477654631,0.2177258822595681,0.13390835335631426
2004-01,0.05418359585243308,0.04406029851030834,0.04781170328568059,0.07779659354889583,0.054049327347951065,0.04110939374308974,0.06602047700371448,0.07292011513948873,0.04925592607007482,0.0490063135851519,0.04824504261998659,0.04384654603802575,0.21904530265990077,0.13264936459529839
2004-02,0.05474111616972835,0.043822256991709746,0.0478993557553576,0.07696606446346806,0.05452725465635543,0.04089151041655255,0.06509197351391334,0.07294785644780148,0.049703260985863945,0.04902895176906896,0.04832483696960882,0.04392358535627077,0.21952387285420058,0.13260810365010037
2004-03,0.05479802271364584,0.04376938677907619,0.04787753683134763,0.07699940070336471,0.054570286372165766,0.04085136407003272,0.06501107300591628,0.07297634455769442,0.04977109358159659,0.04906599701103097,0.048370855035822516,0.043915386628276355,0.21954124532687933,0.13248200738315066
2004-04,0.05475532985626627,0.043671711132627314,0.047793890069071296,0.0770805439639007,0.054511624797871625,0.040735740352943604,0.06481774923498393,0.07300695504027811,0.04978118933382271,0.04890546788533038,0.04833300214339515,0.04385555747930729,0.22024985714910628,0.1325013815610954
2004-05,0.054934691986947476,0.04384157393674304,0.04795461646498208,0.07738041857755443,0.05471682349044998,0.04082718996601491,0.06495316281415543,0.07303051007637265,0.04986322931531863,0.04907669748197175,0.048354593257935785,0.043970705628908174,0.2184900825944282,0.1326057044082174
2004-06,0.05533270403714726,0.0440356324047982,0.04824775068262849,0.0785582426890402,0.055363644570173565,0.04104876647157853,0.06481005809757791,0.07316009118289143,0.050024904999786665,0.04980777455455331,0.04858988545332345,0.04439197967981209,0.2151763780014179,0.13145218717527102
2004-07,0.05222843894709231,0.04362643023091834,0.044956953266925184,0.07276352156887943,0.049997436418007885,0.0456666747825445,0.06739404139501104,0.09170909672678895,0.04253614395985481,0.05100036440139686,0.0437573944013702,0.0417627009172081,0.1930322111013687,0.15956859188263361
2004-08,0.052112094342449615,0.04354787677271118,0.044933211300791503,0.07296800486907623,0.04994154532035074,0.04546737946925762,0.06720574073946667,0.09183253452668083,0.0424147962389436,0.05077342503527232,0.043678046015832306,0.0417519435427904,0.19376546563880603,0.1596079361875709
2004-09,0.051924757557667886,0.043458553350255134,0.04485754419112189,0.07273119789999957,0.0499296804987146,0.04527702255389097,0.06725124459561065,0.09213399821556938,0.04234745010198459,0.05063744720392786,0.043677269391577914,0.04168061238711406,0.19454881490712725,0.15954440714543822
2004-10,0.05226911950683887,0.043523702749611884,0.04489042750432055,0.07193894444945541,0.04999015922376854,0.045391286313591565,0.06735743173720637,0.09201464804987315,0.042374728185322216,0.05064285730935964,0.0437204618679638,0.04166566320317577,0.19420398176193027,0.16001658813758185
2004-11,0.05232928125724247,0.043606719039834804,0.04494614536263847,0.07178419534002763,0.05006094644822275,0.045353268919185445,0.0673153844728052,0.09187881609769946,0.04236963762952069,0.05085220692348644,0.04379125310737415,0.04167124329993627,0.19422397579900377,0.1598169263030224
2004-12,0.05411758439336967,0.051018916738479324,0.05101426247492433,0.08057489869420113,0.05830712916635362,0.04331330667378949,0.07052817031329531,0.06962281002632732,0.04641065057570414,0.05733890464659845,0.046390315570078985,0.045224543796896596,0.23445707491449272,0.09168143201548874
2005-01,0.054069391791783876,0.05097991836115849,0.050984581322323225,0.08064462413155467,0.05821764226166853,0.04327191727949195,0.07042631652831705,0.06961930609515911,0.04645683795381927,0.05728535232152594,0.04636364783539477,0.04517865459538796,0.23478294484330936,0.09171886467910582
2005-02,0.0542260410759502,0.0508880621373536,0.05091703004040509,0.08078175121256535,0.05827486386550503,0.04315457267483426,0.07038571089806107,0.06973968008821592,0.046542745073900556,0.05730498600328433,0.04638919163479158,0.0451774803935425,0.23504759813860307,0.09117028676298737
2005-03,0.054270625107334866,0.05103746161454154,0.05089422495530878,0.07987738493657902,0.05828957964971527,0.04324082173145099,0.07060407076713397,0.06958959039581203,0.046604143518211946,0.05741359619494165,0.04648260002374073,0.0452461004254715,0.23505596721211836,0.09139383346763942
2005-04,0.05429170000257503,0.05092145187222008,0.0509989717807708,0.08044391031108199,0.058410672520442256,0.043259621612203904,0.07065052108579212,0.06970524466354819,0.046667823637065904,0.057479588056019285,0.046457581962608456,0.045288705078195,0.2338483040948044,0.09157590332267257
2005-05,0.05186973347656636,0.04327634677113102,0.04478845630030736,0.07236724752191465,0.05011672955766794,0.045098106968558815,0.06726944265866484,0.09002556359312287,0.04200662919641303,0.05145140006346655,0.043756007631766666,0.04154934426913732,0.19796677607072774,0.15845821592055484
2005-06,0.05424159442152064,0.0502667549687227,0.05081579774875778,0.0799205946652966,0.05824303474840026,0.043180125683589046,0.07058908853807555,0.06990213082365537,0.04656451841812289,0.057823812786936726,0.046290562015214226,0.04524008033354778,0.2355585441842782,0.09136336066388207
2005-07,0.054439185931237484,0.05016538856787568,0.050891077718902916,0.07929746688595019,0.05852171114868902,0.043179950855515556,0.07067462824855515,0.06977950314015638,0.04654022976209852,0.05804136597708172,0.0463719584396274,0.045347409622434526,0.23528999090138816,0.0914601328004872
2005-08,0.06189892592160284,0.05049728878058866,0.04900292018981399,0.07311999625146454,0.05660418979550493,0.03994894451203482,0.06471557601240303,0.08340008674729159,0.04767917922792736,0.05966240790378574,0.04627787749956991,0.04419595430568049,0.18453010438848946,0.13846654846384265
2005-09,0.06190235771525247,0.05048356953573191,0.04901610809977562,0.07316049845695853,0.056593774249030546,0.03995010813981786,0.0647266438684422,0.08340066261370542,0.047663755031270724,0.05966872722477825,0.04627142398207557,0.04419281882898499,0.18439883293866322,0.13857071931551285
2005-10,0.05191148840174431,0.043269245780313874,0.04478630101405983,0.07214156549081065,0.05013716664592111,0.04513617829652698,0.06727383442853177,0.09003466147140748,0.042007439911030925,0.05149766141816969,0.043779029129311316,0.04156378755907158,0.19798023865841546,0.158481401794685
2005-11,0.054482761993483037,0.050136482591434245,0.050912277806603685,0.07915877191236975,0.05856096510008126,0.043199552002166706,0.07066522871953446,0.06970977008796235,0.04656620678998725,0.05804241609280129,0.046411999180058616,0.04538796283028694,0.23521084583881285,0.09155475905441744
2005-12,0.05450426386133964,0.0501323106691405,0.05084764992991452,0.07926657991831773,0.05847004539902941,0.043109131021831934,0.07057274691246493,0.06984510796042857,0.04647810459942428,0.058055302386239065,0.04629245562823293,0.045327761525386166,0.2355758664266282,0.09152267376162206
2006-01,0.05244129861561089,0.043083456150029495,0.04497553739603815,0.0707116494728522,0.050480631192919956,0.045333025966297194,0.0668838003033089,0.08881716802657409,0.04245343791206376,0.05141266862166322,0.04432073725098513,0.042019694108613254,0.19658041537155427,0.1604864796114895
2006-02,0.05275321794591415,0.04312792720347029,0.045033193417931223,0.07023473601140102,0.05070378166326149,0.04552043066723547,0.06719116171608502,0.08884331668375517,0.04273078204342802,0.05151106972910552,0.04455765670645524,0.042213555422232624,0.1971183645171549,0.15846080627256973
2006-03,0.05276366248990567,0.04318145792228713,0.04510564924872631,0.07012147053012778,0.05075886658528386,0.04550530629878496,0.06730983751991908,0.08880069176711719,0.04277560410982967,0.05152623158533138,0.04458111080700973,0.04224140912599388,0.19681078199580307,0.15851792001388032
2006-04,0.05276420056192926,0.04318056900360099,0.04510651753541719,0.07012108406069377,0.05075779318236426,0.04551086854517722,0.0673132446056759,0.08880848025434669,0.042774924224782365,0.05152608572971292,0.04458318915915074,0.042242563876009366,0.1967639797525294,0.15854649950860988
2006-05,0.05289012738849127,0.04315293827473992,0.04493371485147022,0.06956180282489917,0.05086192009325384,0.04555922480638361,0.06740715102664925,0.0892175670078812,0.0428255422771551,0.05187212410898178,0.0446207296713482,0.042193400756886226,0.19826725873650328,0.15663649817535705
2006-06,0.055553384050026446,0.04379343298476231,0.04806683549651149,0.07801954279282386,0.055370336012565705,0.04098817413969984,0.06505988398393692,0.07282052488513355,0.050061781112703325,0.04999951433115908,0.04870601420837761,0.04438233983680422,0.21626070226376493,0.13091753390173075
2006-07,0.05287871373539992,0.043156503863748245,0.044947823185262956,0.06970412874241835,0.0509046242097461,0.04579749156495167,0.06752620875120792,0.08939741743908101,0.042902251521944414,0.05206499399379939,0.04468471901224883,0.04227441072003367,0.19898860091941206,0.15477211234074556
2006-08,0.052828735887926824,0.043265616257742105,0.04519519554204586,0.06916119792412305,0.05101480029230197,0.04612771815941312,0.06768168561416557,0.08903184700139195,0.04312231921995092,0.05215523317092487,0.04479614303864455,0.04249658982448415,0.19925062563592985,0.15387229243095507
2006-09,0.052814316265965694,0.04326087221559856,0.04539205209195771,0.06914290504024224,0.051015459766134516,0.046125261317360694,0.06756128237775438,0.08880010542228252,0.04322324228945203,0.05210129593737367,0.04486626276284989,0.042670475775394234,0.19861390441936003,0.15441256431827372
2006-10,0.05463682555189287,0.05021791232403642,0.050770645696066805,0.07913555641135465,0.058484887443568424,0.04312078433408523,0.07075552511822919,0.06985333176365849,0.04657286618836985,0.058145328758543516,0.04637037307638305,0.04540790168511216,0.23572242970998708,0.0908056319387122
2006-11,0.06212522786828858,0.050559432062234295,0.049027310127022175,0.07280963319116159,0.05669478869465588,0.03997567111878686,0.0648359383919266,0.08342663962291626,0.04781979074982902,0.05978096619289805,0.046367468739485385,0.044303292677348775,0.18432722114073452,0.13794661942271216
2006-12,0.06233959391559412,0.0506103782491612,0.04913655325324894,0.0724033870152511,0.056751611155547436,0.04005661864950112,0.06496492999332347,0.08339252310295404,0.04816119897240946,0.06023372771761146,0.046581231514368,0.04440319146914143,0.18455580247603307,0.1364092525158552
2007-01,0.062306155798565875,0.050717545784232834,0.049119545833241005,0.07226134820499032,0.05678169350783666,0.04008482761431238,0.06486361748735496,0.08327505974096865,0.04818697509156783,0.060283643013825716,0.04656368628461207,0.04437948606692858,0.18466627789452447,0.13651013767703854
2007-02,0.06240155991267199,0.05079557361700873,0.0491556938632084,0.0718732953397741,0.0568685774866565,0.040122344558655376,0.06502699491870578,0.08323766871053925,0.048268562283922095,0.06044066205943885,0.04663335238276152,0.04445461769379647,0.18410056354606322,0.13662053362679788
2007-03,0.06263190463603756,0.05077905320749365,0.049039439108673435,0.0718497351197364,0.056874087951553874,0.04024843328749145,0.0651792486438583,0.08279040686722886,0.04830089437727808,0.060636345646051734,0.046742571431889174,0.044552801249873784,0.1846054882978189,0.13576959017501478
2007-04,0.05608357983636428,0.04409119965337855,0.04786157783503136,0.07708931768032849,0.05540889543822049,0.041050354218875894,0.0659840621742422,0.07418915595904445,0.05036650011325401,0.050484713179127456,0.04892532091463446,0.04469525373308737,0.21849576516032176,0.12527430410408916
2007-05,0.06256754556512754,0.050510481449223245,0.04909341972356189,0.07168658260456762,0.05687113074759186,0.04021932220505374,0.06510256255447906,0.08321975834367272,0.048212398152254095,0.06028347348856782,0.04658120092882585,0.044493747874394314,0.18593073729164467,0.13522763907103566
2007-06,0.05591260047167418,0.04414947071914167,0.04784490615795845,0.07595917071074701,0.055606729534170035,0.04108246992624503,0.06590099697406512,0.07340443353826999,0.05038082935552142,0.05025623435944256,0.04908871348262334,0.044813472867417825,0.22133076026757578,0.1242692116351475
2007-07,0.056045261219364255,0.04428173448246694,0.04805142387680672,0.07652153903851422,0.05575174457191675,0.04122027027415345,0.06611716435976416,0.07306279128766953,0.050518068678498,0.05025102138983247,0.04913760920064832,0.04497121577472137,0.21981582300306698,0.12425433284257677
2007-08,0.05285654145109236,0.0432585668321008,0.04538927160307531,0.06889613502351596,0.05104678733732546,0.04620792534824104,0.06759192716325058,0.08867729977082628,0.043273798596585006,0.052120280527611085,0.04491376131772131,0.04271139344451648,0.19872842811045766,0.15432788347368073
2007-09,0.05272940239513998,0.042767150464957486,0.045052654018284254,0.06752135027509037,0.051230804495151994,0.04608117362062468,0.06631546361753066,0.08789922338510933,0.043028575520693016,0.05194308240471376,0.04451579507074917,0.04267551327995029,0.20436696537495788,0.1538728460770472
2007-10,0.05473313358334898,0.05009794526241171,0.050659901549404515,0.07881138813451136,0.05847378900341211,0.04308232809414592,0.07050628708787869,0.0696595612606636,0.04656885015508128,0.05814860670453677,0.04637867496972483,0.04537585163290771,0.23664936581413012,0.09085431674784217
2007-11,0.054732918443637764,0.05011288931294004,0.050617654852137456,0.07868954937458289,0.05832079073995897,0.042980115904254865,0.070599373238784,0.06959340135826579,0.046671985754532984,0.058172790928194044,0.046482702326226547,0.045356401846478295,0.23718391135895758,0.0904855145610488
2007-12,0.05467381152935783,0.049563460663985634,0.05027554584000007,0.07800800795331171,0.058253514746788,0.04291079664330065,0.06941621185991888,0.06970885967301808,0.046397816493411084,0.05793347472063204,0.045824359296601544,0.04509171589552783,0.2406439198122112,0.09129850487193572
2008-01,0.05466782180343642,0.04957936436090145,0.05027781589440277,0.07797671390343586,0.058242110320386335,0.042915100641750366,0.06942910682353151,0.06969949174365574,0.046406375822926,0.057944757466792,0.04583824036633979,0.045106809260465786,0.24060378441158048,0.09131250718039541
2008-02,0.054344397759743014,0.048832438731853056,0.04955939504693862,0.0769651662421065,0.057624849361318405,0.04237109187016463,0.0681025373428749,0.06872832304920849,0.04598338970587358,0.057678618880000136,0.04532536628879995,0.04465405199228224,0.24619291974819643,0.0936374539806403
2008-03,0.05427718182846234,0.048897076987925864,0.04963458815283578,0.07697985054239755,0.05767588904188705,0.042285099682704046,0.06803464533115487,0.06851629012887021,0.04608333226710237,0.057546383828403345,0.04530059335918605,0.04472175856330483,0.2462225943743539,0.09382471591141175
2008-04,0.05422531267017354,0.04865252602808792,0.04952597099172655,0.07704918759235721,0.057662080679361266,0.04228748563956954,0.06768534878929319,0.06814143959808722,0.045980364989969394,0.057309172342530974,0.044903457414633696,0.04461240959363757,0.24777604174988646,0.09418920192068549
2008-05,0.05421996178183995,0.04864166840833682,0.04942551500145913,0.07667512167706118,0.05751589647142985,0.04221948248090523,0.06756433522396998,0.06791523576325116,0.04591649823578169,0.05731855889606966,0.04487315306654733,0.04461585267845272,0.24849551995927446,0.0946032003556209
2008-06,0.05422985856220142,0.04862273772423598,0.0494022449307484,0.07659518842710424,0.057536219868139234,0.042191815093067374,0.067481558251027,0.06787835952705658,0.045910217405354954,0.05733669436076955,0.044883350709121805,0.0446267788388909,0.24865321509513294,0.09465176120714969
2008-07,0.05441529917504479,0.04825172132349251,0.049374057124870266,0.07731307941334191,0.05791980010633493,0.04246650763142639,0.06707688162731655,0.06855936239129048,0.04608673927210723,0.05760329355537031,0.04430752772756194,0.044572913213472065,0.24715862227425273,0.09489419516411783
2008-08,0.054469034450395484,0.047201802209738165,0.04880379440934852,0.07524458626749383,0.05782710646420966,0.04240987656297203,0.06602389082552014,0.06797153348193533,0.04600412191969858,0.05893221187738047,0.04379715950834395,0.044342385469280654,0.2501123004635598,0.09686019609012345
2008-09,0.05457108152107715,0.04728343931494442,0.048843720495586974,0.07491522362685282,0.057916544661524245,0.042488395154101764,0.06608803261358218,0.06780070004300565,0.04609959724764762,0.059062795840949416,0.043897592351736334,0.044393091824570984,0.2502441232350197,0.09639566206940077
2008-10,0.05467559768891607,0.047424553586432876,0.048303405382304335,0.07373294398496133,0.057772606550103696,0.042091964296484444,0.06564369422524981,0.06690010845666308,0.04638764690349881,0.05870430237731315,0.044082615350535946,0.044334061888929396,0.2536807875843188,0.09626571172428827
2008-11,0.056490789505918036,0.04399319422690673,0.04624914548545192,0.06702005775220146,0.056448381319618025,0.043686417401601535,0.062024624569388745,0.06510616498698815,0.047335421387439444,0.06064369090675897,0.045149964660135745,0.044973181258816344,0.25809969285208234,0.10277927368669254
2008-12,0.05602377750659469,0.04243971604331219,0.04545239502225591,0.06764289005172427,0.0560202196691349,0.043156797993298114,0.061637287632127134,0.06568524408188423,0.04692650759778213,0.060333477630531394,0.04377937326996768,0.044236769251655324,0.26578604552751944,0.10087949872221257
2009-01,0.06270230907418127,0.04935786417785002,0.04842913924796223,0.07032389316603803,0.05682622227494223,0.040302364685511446,0.0639993788997166,0.08220555963017966,0.0483548863689524,0.0606327719231988,0.04631203463870661,0.04450633062702016,0.1893716652151097,0.13667558007063071
2009-02,0.062722373278763,0.049348856843310085,0.048459336916788845,0.07034611309047596,0.05680147454624378,0.040324232489116714,0.06397449868745858,0.08229204285394395,0.04835560059584714,0.060693244730073634,0.04621261767142973,0.04447285092584033,0.18910342582860584,0.13689333154210243
2009-03,0.06252001121187219,0.04833050461239563,0.047616366215121574,0.0691979180637761,0.05591005062746576,0.041109965162055055,0.0629872240877832,0.08187215775247894,0.04880169658489406,0.06184986058965396,0.04532133649990361,0.04382765566700229,0.18541612466516488,0.14523912826043275
2009-04,0.0628356902909729,0.04794100240673264,0.04700359989022446,0.06815602004723237,0.0559139258235893,0.041742330416942086,0.06411246998291639,0.07820225226731195,0.04978313258305053,0.06078124601088539,0.04531023764710214,0.043928449683846044,0.18925380513274584,0.145035837816448
2009-05,0.06309544110900116,0.04295065421350105,0.04513373451694571,0.06839042636167955,0.05499373284643262,0.04139388233066192,0.06239554624450109,0.07759688624747191,0.04931491179497552,0.06256090077081151,0.04279857843069105,0.04288091942091898,0.19591920672879087,0.15057517898361694
2009-06,0.06258387819189475,0.04240026568378793,0.04454791876741404,0.06756369995160572,0.05446901541163128,0.041470600122998455,0.06216729522795266,0.07712671145353338,0.04960435832620848,0.06238152620911036,0.04209658480918734,0.042710298274925784,0.2018663983198489,0.14901144924990087
2009-07,0.06250455154736462,0.04236363301041507,0.04450870781194524,0.06752586013630071,0.05445265006206247,0.041402424707199424,0.062168976443304734,0.07695558504082727,0.0495947870110574,0.06231205808568806,0.04208377825961678,0.042704971042783126,0.2025189593801921,0.14890305746124313
2009-08,0.06250646386752767,0.042361723769744425,0.04451604001570793,0.06755076959105503,0.05445147787958449,0.04140180710796431,0.06217370785978908,0.07695335264244695,0.049602471278674294,0.06230922482346123,0.042087811807145666,0.04270923393611693,0.20244271150157928,0.14893320391920264
2009-09,0.06280619265357666,0.04143248206329555,0.043951060425928924,0.06711325226581753,0.05436758420803273,0.04155003969709645,0.061991893222393395,0.07688802078456579,0.0494926183290502,0.06223542255179791,0.0411917895970342,0.04210544921589949,0.20562962602625431,0.1492445689592568
2009-10,0.06294786763437431,0.04165013794101441,0.04391423571000808,0.06713670343731082,0.05439023666065186,0.04160898249435894,0.0618470644429563,0.0773161869049267,0.04962880485985702,0.062429513095789,0.04129490459281268,0.042119645720365445,0.20540591926274548,0.14830979724282892
2009-11,0.056319665932429305,0.04282116376224784,0.04702149544989017,0.0747994007581327,0.05543485070821733,0.04133850200082445,0.06480154529936089,0.07226729365565922,0.05062184936087965,0.050859220510043296,0.04822434340491374,0.044689545970003436,0.2245647575427212,0.12623636564467672
2009-12,0.05643188497142122,0.042714877910669774,0.04710121650697109,0.07495479510596277,0.055288410958704015,0.04139513163836772,0.06479069076517065,0.07253178657616789,0.050654495362925364,0.050897879459129554,0.04846576331483083,0.044779142491843116,0.2253163838967238,0.1246775410411122
2010-01,0.053345702736044,0.04158286177153527,0.04431277758142528,0.06561399649264467,0.05104124228064988,0.0461497951893798,0.06526972419967589,0.08620153567216408,0.043654400214922034,0.05277066598368257,0.04416694708050361,0.0426083766806968,0.20941902984770097,0.1538629442689752
2010-02,0.05335209475074196,0.04161841782251678,0.0443289233837028,0.06562837396110259,0.05104768121601172,0.04616125358066998,0.06526042934456944,0.08621384408742877,0.04366086888134762,0.05278774092361482,0.04418859668737775,0.04262526632109848,0.20928364176095618,0.15384286727886115
2010-03,0.0535653826277441,0.04182910999214605,0.04430582165508258,0.06512034594625007,0.051365654119422705,0.04602946665971668,0.06494449067534407,0.0853058081690282,0.04395320503707668,0.05286965933362791,0.04415786078331825,0.04288107173815157,0.21071459131415068,0.15295753194894052
2010-04,0.05336397386237823,0.04093834729169976,0.04389888956201264,0.06538968376754448,0.05126699922520681,0.04584192151727532,0.06420062455071875,0.0852227893477038,0.04368123600998758,0.05299448254669141,0.043713369400027874,0.04245367846387914,0.2137465399050249,0.1532874645498494
2010-05,0.05344574726274572,0.04064340682101006,0.043703654853634664,0.06508649735988528,0.051310076167852936,0.04575350332396656,0.06378717877525106,0.08508577425215813,0.043480268881620286,0.05331220607162084,0.04349938628596548,0.04229168509988427,0.21584395458068661,0.152756660263718
2010-06,0.053014107465961295,0.040317266089875625,0.04330352763614592,0.06378515097596278,0.05086753791355295,0.0452938635094831,0.06307155643027246,0.0840701654087812,0.04327348767445046,0.052574310855957415,0.04290591039083854,0.04198479915141399,0.22153598519976023,0.15400233129754404
2010-07,0.05291000824368545,0.04012996730768963,0.043050389006065524,0.06337597701485834,0.05070163304917343,0.0451511995909566,0.06302743119991196,0.08391107928844876,0.04307597496850753,0.052314280413985205,0.0426166185743235,0.041841398194687206,0.2236305261454237,0.15426351700228305
2010-08,0.05296531071974363,0.04012723823039704,0.04306200472067931,0.06327018780998567,0.05075240407318628,0.0451438212965547,0.0630252674155636,0.08410986694966006,0.04299505054890147,0.05228878539904706,0.04258084717729338,0.041824136130071334,0.22406707678818086,0.15378800274073556
2010-09,0.05299920391750939,0.040163541091106945,0.04316079527155054,0.06331918859758813,0.05083085664564568,0.04536738426125045,0.06298977240290525,0.08417238447316419,0.043133691155447886,0.05237763919909526,0.042840607973666636,0.04190677954963137,0.22272840407912775,0.15400975138231052
2010-10,0.06287801893519576,0.04158688209952226,0.043882135817691466,0.0668036721248244,0.05434032918229277,0.041590736800014336,0.0617817756030769,0.07733280236489,0.049589916798003696,0.06250376029291006,0.041298293617123505,0.0421559370350014,0.20646431416327454,0.14779142516617877
2010-11,0.0630674970492606,0.041315865715048236,0.043884092678250095,0.06636705603380255,0.05433285791687298,0.04159948313127874,0.06183587143397101,0.07764918280973943,0.049654456627320674,0.0626090490010197,0.04166111968272013,0.04228943840077944,0.20731948649889945,0.14641454302103699
2010-12,0.056371736284351215,0.04250444324368298,0.046928551219567106,0.07492704471574815,0.05524717308379626,0.04129826277827373,0.0643045279324535,0.07201364293991225,0.050581230619340924,0.05073455664432899,0.04848103367074661,0.044717494022991945,0.22749634551043785,0.12439395733436859
2011-01,0.05623353908586229,0.0422906722831828,0.046724822194906986,0.0744670080326588,0.05514764406246926,0.04122395010600487,0.06415532336109436,0.07193431180483803,0.05042581654183795,0.050640460540746446,0.04827951201196234,0.04457237002787935,0.22990391381017664,0.12400065613637981
2011-02,0.05630598482476434,0.04224708019180131,0.04667875643905561,0.07424494287477687,0.05512321607716212,0.04117708904609146,0.06409996545767908,0.07186247059633448,0.0504598198790482,0.05062057729813796,0.048191991580636355,0.04453707585807852,0.23026415504787467,0.12418687482855904
2011-03,0.05630748040105785,0.04238418398806048,0.04658836432587264,0.07389752136548161,0.05510083128141588,0.04114702555740187,0.0639843259678787,0.07184183158540572,0.05045398236953868,0.05065039721175324,0.04816953720051793,0.04449740714126351,0.23091573089375445,0.12406138071059744
2011-04,0.05294871214071856,0.04016320771100716,0.04315503666529653,0.06333225366060083,0.050742399967429935,0.04535006973754062,0.06277459004371261,0.08431838325783529,0.04293794466950857,0.05235662951708531,0.043003281665267,0.04180255985405547,0.22397578529053125,0.15313914581941088
2011-05,0.05273783794738356,0.04011424028022048,0.04319646618904616,0.0633686471609003,0.050600162568659963,0.045476947757466725,0.062608752794872,0.08423916130684356,0.04283336731608524,0.05214260694273265,0.04315061073304701,0.0418691625775939,0.22513318384460423,0.15252885258054416
2011-06,0.05272497013988714,0.040195384971787824,0.04332081756272448,0.06381195949980785,0.05063553838239407,0.04555185070292016,0.0626294270391265,0.08404109344674211,0.042823791667328796,0.052068977084500506,0.04331009342604829,0.04199003828818688,0.22428105010441393,0.1526150076841314
2011-07,0.05684782763892311,0.042230111102905796,0.04561766307062222,0.06819572552403164,0.05696459335604075,0.04366060951542847,0.061709067646392515,0.06662702531667872,0.04726920773063029,0.061293967090886935,0.04416959861077466,0.04458056437814657,0.2596918839382963,0.10114215508024209
2011-08,0.05681827589627468,0.04221415888924539,0.045585736776940236,0.06800868280030066,0.056938691452053054,0.043595675091954306,0.06168739199639641,0.06659476660182338,0.04722015916790405,0.06135847329652677,0.04421204032250708,0.0445659561161051,0.2601425818910283,0.1010574097009407
2011-09,0.056242872381343456,0.0409572970786373,0.044370554186666265,0.06560400917290694,0.055832775093275104,0.04303478707399994,0.060030892909989766,0.06561657627653895,0.04658794547216911,0.059738542138712575,0.043152426882664706,0.043662886686578146,0.27136925275913326,0.10379918188738448
2011-10,0.05623091775389214,0.04090977562767036,0.04433968833279407,0.06550841858856339,0.05580590159866164,0.043037824944367385,0.0599982639150519,0.06562818879560318,0.046604640839532384,0.05974023062971901,0.043101735246487714,0.04362905423008474,0.27172996005850697,0.10373539943906504
2011-11,0.056234131016530076,0.040908691503200194,0.04434114232990055,0.0655083419013657,0.05580906719906946,0.04303843666340631,0.05999868535643183,0.06562779713113835,0.0466062100351638,0.05974443513466461,0.043104033528814194,0.04363115872529971,0.27170465975034336,0.10374320972467192
2011-12,0.05628942488033837,0.040979728377313555,0.04428880967593211,0.06541023918899819,0.05586719417567187,0.04306274187444981,0.06007737330886616,0.06563203122877316,0.04660605115851041,0.059805173153088746,0.04314668298291379,0.0436543399971464,0.2715717535155828,0.10360845648241454
2012-01,0.05267294903290246,0.03979521909017766,0.04301372778469488,0.0631894874524315,0.05040368903403771,0.045237648731591085,0.06202040707033099,0.08371561490447696,0.042685059513001236,0.05183556977558714,0.04293921142196294,0.04177118089129792,0.2276631750812521,0.1530570602162553
2012-02,0.05282545529453146,0.03922128576672696,0.04280655594387846,0.06302435951937269,0.05016169612244066,0.04518336399612409,0.06170498539003992,0.08426825202649042,0.04269960131734169,0.05156634547806902,0.042594880379308274,0.04151975754754225,0.22893195229952693,0.15349150891860716
2012-03,0.05626521932623082,0.042110096101990895,0.04637937558068301,0.07356968144065265,0.05491016473976269,0.04101596673833514,0.06370276985259937,0.07175174065531056,0.050350143683793334,0.050468317266948844,0.04796108160394089,0.044364035296496684,0.23261648540449167,0.12453492230876345
2012-04,0.0563368959633175,0.04213288721693468,0.046385855211102195,0.07357264701453513,0.05496854178869224,0.04108839542706936,0.06380837153911652,0.07181650747091423,0.0504361894584949,0.05050946188958142,0.04806699805997575,0.044383598047846,0.23212648131032707,0.12436716960209304
2012-05,0.056408833483075224,0.04200572333965355,0.0463355651042443,0.07312482167383656,0.05503466500628428,0.04111841191332732,0.06376038809582876,0.07180096437725961,0.050496421832221326,0.050556400564499435,0.04810698799387156,0.04438376455138353,0.23268614904242582,0.1241809030220887
2012-06,0.05638546589405285,0.041530157111370355,0.04606529671299017,0.07235354195106011,0.054738913401827016,0.040897498378924424,0.06408365548474991,0.07202575141745876,0.0504943877047426,0.05062036584783925,0.04760858325107425,0.044353629634545866,0.2357221141136769,0.12312063909568738
2012-07,0.056311074814913945,0.04134899882228293,0.045883688174056345,0.07206703138783462,0.05457455475329478,0.04082821156789018,0.06422359472012339,0.07211696608296132,0.05047282395415127,0.05062448394196429,0.04748911398957245,0.04434386116940011,0.23646385451143428,0.12325174211012002
2012-08,0.0630326170799056,0.041004367159137835,0.043673641127733843,0.06576173108105288,0.054158011122050674,0.04147237548930291,0.06158319169397665,0.07765413095768404,0.04955578337936323,0.06254156690972397,0.041488655230499785,0.04217967747353417,0.20921374346051022,0.1466805078355241
2012-09,0.06303022834079888,0.04097525487372541,0.04362331012117482,0.06563211575927273,0.054103052530578816,0.041420095093885716,0.061438654681103246,0.07771100508133143,0.049554847916942556,0.06254856309941347,0.04145977698670687,0.04218386378413709,0.209792755294964,0.146526476435965
2012-10,0.06326160965298927,0.04087344825619235,0.04369699382294172,0.06563418344563668,0.05415952797619236,0.041464472798317734,0.0613467015630138,0.07811984504249903,0.04954631786752845,0.06240709811878624,0.04135785186701154,0.04217345283436089,0.21086467937916786,0.1450938173753621
2012-11,0.05632178858407515,0.04157664925109911,0.045983609276129545,0.07177658554231188,0.0545875516436647,0.04090009013086295,0.06401664673897199,0.07205422200022665,0.05048942072183647,0.050499980621295106,0.04752534385927917,0.044356809372450005,0.23661622110644226,0.12329508115135505
2012-12,0.05624344596924645,0.04196880725725467,0.04618250861465898,0.0713412333496938,0.0546467853385014,0.04078782378305823,0.06359676080470213,0.0712988235391483,0.05048376069988029,0.050366193941457894,0.047470876112478654,0.04435701176052155,0.2381090189347189,0.12314694989467867
2013-01,0.05623786157067322,0.04192429807225086,0.046131955564953184,0.07130763409976278,0.05461825270364147,0.04077020357748228,0.06356319316763649,0.07128531495382083,0.05048955791192399,0.0503410633911313,0.04743547165894462,0.044338849875135825,0.23833716170574792,0.1232191817468951
2013-02,0.056182242120384765,0.041559608182839804,0.04591200551290457,0.07097238809957408,0.05436667354796266,0.040765350783828216,0.06331112437309418,0.07111270271644296,0.05042399668481682,0.05012855121510174,0.04715948768734331,0.044090589772396376,0.24064348599720262,0.12337179330610809
2013-03,0.05615831534849191,0.04157419046637264,0.0458927762358937,0.07093081618361462,0.054334510245228236,0.04075868365795797,0.06328544692684707,0.07107248417165177,0.05040719471606898,0.0500942907624987,0.04713666742964304,0.04406049370676404,0.2408056654876382,0.12348846466132918
2013-04,0.05610318116075389,0.04156496641329897,0.045888396170791594,0.07094805843153405,0.054348466729731905,0.040771697485667314,0.06316551913937211,0.07090486777350093,0.050368409525121595,0.050033712292591764,0.04711199023040899,0.04404476458138235,0.24099737369193652,0.12374859637390809
2013-05,0.05612520224292108,0.0415655604743801,0.04588578214250441,0.07092171402359104,0.05435095195492929,0.040766656027619474,0.06319593649665411,0.07094982215520258,0.050382510223163805,0.050057549598442476,0.047110703793118464,0.044043837340982064,0.2410253933194314,0.1236183802070597
2013-06,0.05606458269111826,0.0412958431049177,0.04575388323766829,0.07065309558733954,0.05421544238023777,0.04064623080552929,0.0630614317475827,0.07104538208869324,0.05026881849583993,0.049990718901719446,0.04692241997718457,0.04392152623985708,0.24195301739388625,0.12420760734842587
2013-07,0.05633220804410354,0.04195649679853768,0.04621341002163928,0.07101697352029107,0.05448715891511101,0.04109370523011679,0.06311268410114619,0.07082908277309945,0.05076084882850851,0.050491812249093986,0.04764584468538846,0.04433738766802831,0.23825952889669028,0.12346285826824557
2013-08,0.056296159942188825,0.04185692309403151,0.046145063321689904,0.07095369488373326,0.054445898609805074,0.04106671676915079,0.0629913075909063,0.07068825292746657,0.05068918736380217,0.05040759944823324,0.04756544469252797,0.044296962859108245,0.23892926098687767,0.12366752751047855
2013-09,0.0562708634449465,0.04189139027334332,0.046179797871179554,0.07093576038356239,0.05446417282933009,0.04108265510472386,0.06297293498348741,0.07067103635552206,0.050685330162976466,0.050411509441100046,0.04757763776937369,0.04431411887181678,0.23868200724083743,0.12386078526780038
2013-10,0.052863207220907725,0.038875987084659766,0.04264509801222549,0.06281859220362408,0.05013268594156454,0.04487684664958651,0.06163109551396249,0.08492457891206132,0.04269044908699065,0.051662394009925255,0.042372989457827345,0.04157534094905094,0.23086031209421487,0.15207042286339909
2013-11,0.056269108059909825,0.04191537615189122,0.04619800229064922,0.07096007212689973,0.05446713955544932,0.041091285028051254,0.06297294521254325,0.07064586993904307,0.050697231032785124,0.05042014933050428,0.04758402183706954,0.04432472243473967,0.23855295234160037,0.12390112465886415
2013-12,0.056207772510617274,0.04192477859048838,0.04613423575144937,0.07089353074058578,0.05440255860073685,0.04106003973024104,0.0629530306379619,0.07064452252904133,0.05061550812068478,0.05037414677102441,0.0475398390662996,0.044266109709549036,0.23888567209619685,0.12409825514512335
2014-01,0.05626380481101783,0.0420213195925174,0.04626451464682865,0.07094782901402225,0.05446499973794701,0.041189546849855915,0.06304895674245042,0.07058335014474015,0.05067769458753714,0.050487122220032675,0.04770211143329076,0.04438026605400866,0.23823351000582982,0.12373497415992125
2014-02,0.056270862600158504,0.042025163743821335,0.04626627662632096,0.07095289775055913,0.054472372674107046,0.04119127467013696,0.06305114281461897,0.07058444776775409,0.05068579172350433,0.05048398132995786,0.04770619240345457,0.04438241592872699,0.2382029455928559,0.12372423437402325
2014-03,0.05626994146544762,0.04202047098179101,0.04627273424446304,0.07095060311458673,0.054478142034793044,0.04117939372501346,0.06304232198765339,0.07058914462220135,0.05068240663496702,0.0504706208359825,0.04770389161178569,0.04438575263683795,0.23823305676094333,0.12372151934353381
2014-04,0.05288963367891906,0.03890395533233418,0.042648079187575565,0.0628227979975424,0.050099084964153696,0.044910519183911306,0.06156380771248641,0.08488284189953987,0.04267472816418278,0.05165199302439291,0.04240773556741296,0.04154894092322599,0.2303240754157302,0.15267180694859267
2014-05,0.05295970056607019,0.038905794434817786,0.04267028769719687,0.06305198725046222,0.05013518982334027,0.04487570022960407,0.06156153437956703,0.08523519378667628,0.0426535264926777,0.0515585389015384,0.04235792011156369,0.04155981398614283,0.23024260162464827,0.1522322107156944
2014-06,0.05294336226534054,0.0389185105612228,0.04267809933636268,0.06302474101956537,0.05014082477634358,0.0448864801032184,0.06154015881353506,0.08525951600151338,0.04266948431027668,0.05156085152625838,0.04238134210179947,0.04155945658363754,0.23007778296482553,0.15235938963610046
2014-07,0.05287660288602868,0.03883393064563059,0.04263852805824102,0.06289904454101226,0.05014356044608795,0.04479320721612748,0.061527903354188666,0.08496921079665885,0.04262695611325161,0.05144917778506628,0.04230060172490347,0.041524785887603555,0.23068482551974517,0.1527316650254545
2014-08,0.05289075375108767,0.03882877631338553,0.04266349840712041,0.06292232651428822,0.05015879875716253,0.04478555815937944,0.06149172173180524,0.08501882091204417,0.04263125158083631,0.05143433876438544,0.04230541561296117,0.041526536603378905,0.23065031169126637,0.15269189120089854
2014-09,0.05288172252701068,0.03883653397553299,0.04263501200737724,0.0627089827463889,0.05020372701121654,0.04485208370207045,0.06134668427801471,0.0847915667470636,0.042690672527794744,0.051537749941490636,0.042298883992112804,0.04157468120462547,0.23135719501785848,0.15228450432144267
2014-10,0.05300748171912685,0.03885989952577939,0.042704864073969305,0.06259524846755687,0.05031612466417741,0.044944455574010896,0.06143521257096902,0.08500663834116534,0.0427972652404602,0.05173082390590002,0.0424260639464107,0.0416591522131805,0.2308173983260771,0.1516993714312164
2014-11,0.05314728255525946,0.03855607451358265,0.042522197381554105,0.06120921831985991,0.05016024108745813,0.04479628161833935,0.06099834474967252,0.08536484086385956,0.042853167323864225,0.05179092464897558,0.04238128635454483,0.04164698346125779,0.23366386613641685,0.150909290985355
2014-12,0.05618751776958851,0.04195817365153522,0.04629579965661571,0.070769578378123,0.05439802326763186,0.04120710623485576,0.06311489701975978,0.07059397735452651,0.05064477317868182,0.05052426822807782,0.04764786189463483,0.044341755070250614,0.2390607852345803,0.12325548306113818
2015-01,0.056172659592166566,0.0419588702793676,0.04628396674936701,0.070474277441264,0.054402514894409885,0.04121988028946899,0.0630875916096958,0.07059528393612509,0.0506960685074855,0.050551282930582794,0.047672840562024775,0.04433872647341424,0.23913869520363465,0.12340734153099311
2015-02,0.056164557438462485,0.04195327357844624,0.046276683907391376,0.07046241876494101,0.0543937599908904,0.04121401786790887,0.06307673251254213,0.07059207829019355,0.05069518379680269,0.05054332173406731,0.04766332241836508,0.04433273285978967,0.23920769262603128,0.12342422421416803
2015-03,0.05616688250301082,0.041889546715590184,0.04623941965848991,0.07024654137362539,0.05436620251886511,0.04117120332505034,0.06296547211238164,0.07075464830896944,0.050626651496481725,0.05055102184083345,0.04763125924631557,0.04430314993740138,0.23952789155237644,0.12356010941060849
2015-04,0.05615876395432695,0.042007055238700915,0.046343139335502784,0.06979042732223761,0.05441236963820393,0.04131963085433692,0.063193513395162,0.07037605588445864,0.050857867411522976,0.050917286275354585,0.047876266158340036,0.044435203324781354,0.2392857603972118,0.12302666080985945
2015-05,0.06332304297562692,0.04088509358751092,0.04368683639683289,0.0654056291689224,0.05413254880262853,0.041376493958734564,0.06131364248539231,0.07821062864886123,0.0495898489580891,0.06261359108184411,0.04142685628685555,0.04220964014284485,0.21053002116762265,0.14529612633823416
2015-06,0.0634543848899993,0.04093352929361744,0.043772060459270706,0.06540052321541133,0.054192186165878356,0.04147721756848429,0.06145240208585652,0.07827007826173006,0.04964420937193296,0.06276533259957032,0.041594583398905385,0.04230138469286106,0.20929546070517094,0.1454466472913113
2015-07,0.0635160585357233,0.04100916185570125,0.04386515096139827,0.06515132512685547,0.05430219459741142,0.04156564668023661,0.06171919615630339,0.07793464114585592,0.04975738382836304,0.06320508912398959,0.041890369209710517,0.04236313508171571,0.208459653238114,0.1452609944586215
2015-08,0.0638782908577686,0.04084937148605013,0.043813866191024634,0.06451678819793263,0.0542260964124457,0.0416254608376667,0.06196462168041227,0.07813993489561921,0.050014097243708935,0.0636020959657232,0.04204416063146608,0.042426480855253905,0.20895152517309906,0.14394720957182902
2015-09,0.06415944886070099,0.040772580423503776,0.043761666853407245,0.06349720971399342,0.05381927051326787,0.041622626645476384,0.06140275534656965,0.07843003310190684,0.05009318761943428,0.06334773018595931,0.04205395820485452,0.04250236263220238,0.21085471444747622,0.1436824554512473
2015-10,0.06408039353587022,0.040846514534402474,0.043756531237468255,0.06316892377703741,0.053377467125064075,0.04177655191254522,0.06124797836237742,0.07757271617912741,0.05016870631929341,0.06269528740998519,0.041988605550115424,0.04259430387637428,0.21224231784136482,0.1444837023389743
2015-11,0.06389458137623431,0.04099033679915263,0.04387383922421977,0.06258926796728467,0.05315724141000393,0.04177028465570135,0.061181387071817486,0.07722070118980558,0.05039448579656045,0.06335443735638276,0.04212626920706798,0.042615271216503936,0.21254271867409472,0.14428917805517033
2015-12,0.06393150266631084,0.041050391861119494,0.04398265783925015,0.06284936753479947,0.05335885517509858,0.041919222911565406,0.06137143373878666,0.07698864317665365,0.05049437955593473,0.06369142472607597,0.04228034991997543,0.04271507782804033,0.21195278134194778,0.14341391172444137
2016-01,0.05636219917198851,0.040941589770184986,0.04428294809987684,0.06502497919940516,0.055826966425484376,0.04308598845510163,0.060015389555007605,0.06551544614872973,0.046681285224243106,0.05991349766996757,0.04316845834135677,0.043691195832431654,0.27237712447344864,0.10311293163277348
2016-02,0.05640921981572111,0.040555202690373146,0.044031758571936246,0.06385563188122016,0.05533850961517699,0.042875828260520575,0.05997092189448424,0.06602143587276496,0.04656847417339724,0.05926125855507332,0.042731502367881154,0.043427532037107974,0.2752850608091613,0.10366766345518157
2016-03,0.05647223400966656,0.04067342846759374,0.04408615678824759,0.06400930581570727,0.05530424408980901,0.04299844766418895,0.06001118244215321,0.06586608981063131,0.0467290494647391,0.059602689467414406,0.04293635578621151,0.04351252425522552,0.2745717730510644,0.10322651888734749
2016-04,0.05299341727860236,0.038310276234106905,0.04225142370495207,0.06093533117502061,0.049839104558483414,0.04465490593989923,0.06089626926771421,0.08440219548074303,0.042672347639203974,0.05150357223187939,0.04222389553314389,0.04140544086150046,0.23550933954576506,0.15240248054898545
2016-05,0.05305664123518301,0.038276190070836706,0.042219853766707276,0.06065626401153287,0.049803390236928216,0.04469461256066693,0.06093037877921407,0.08445238787605384,0.04268315891231873,0.051194828179882766,0.04221051326442009,0.04142098216894327,0.23553758633655236,0.15286321260075972
2016-06,0.05307187968646906,0.0382629957064617,0.04221488637417143,0.060712436404984554,0.04979968693802796,0.044663916416692435,0.06091880681508349,0.08451294087543683,0.04268085043925554,0.051179123827222214,0.0422294201062475,0.041405682601173444,0.23543627086955846,0.15291110293921534
2016-07,0.05309282182598357,0.03833641420027558,0.042254242361543244,0.060727991605553935,0.04983128431240234,0.04467635617677125,0.060962592743910006,0.08425299761147843,0.04271348597743375,0.05121898894573845,0.042331310101523155,0.041444495372561035,0.23511288271856412,0.15304413604626096
2016-08,0.053109941168193626,0.03845314839341279,0.04234371810638442,0.06120736738238526,0.05003131358026995,0.04475087757203805,0.06079624436263703,0.08388350953660528,0.04273894700180787,0.05114565241347672,0.04263756953523503,0.04145821487893682,0.23520007654133937,0.1522434195272777
2016-09,0.05309910346188871,0.03849054315235122,0.04238140973831311,0.0612009713197711,0.05007379298420111,0.044817675215815554,0.060765958987706335,0.08380334154534307,0.04275897016003489,0.051168799429607593,0.04269581451615528,0.04147557224188217,0.23502371879066716,0.15224432845626262
2016-10,0.0530412369377916,0.038546287278000524,0.04242078937589211,0.06124944669708838,0.050148475942752326,0.04496761715829651,0.06070636500705784,0.08402067058569794,0.04275722233420631,0.05118331944390306,0.04286302921615366,0.041569186681929,0.23452452474827806,0.1520018285929527
2016-11,0.0531997917855288,0.03871565349675788,0.042609636443832866,0.06193672327322475,0.050388871719058204,0.045254588651566036,0.060797575814264926,0.08368996395150333,0.04294837184492904,0.051163659462070896,0.04319184025900277,0.041826494654649805,0.23364550116376456,0.15063132747984612
2016-12,0.05324302926024635,0.03887529130705923,0.0428776180022348,0.06209444235647951,0.050474165176711015,0.04532558980051243,0.06106153355534515,0.08381302102684104,0.043068752451761456,0.051236380725820534,0.043629257997819505,0.04212789984415594,0.23171587414455436,0.15045714435045873
2017-01,0.053210660924313515,0.03875830793635963,0.04279862690349176,0.061852664567724015,0.050408111110071895,0.045302191773700276,0.060842910156092715,0.08367255484329451,0.043002270341052425,0.051219004091243116,0.043482580342666326,0.042045893323283026,0.23250666497045935,0.15089755871624744
2017-02,0.05320128300702288,0.038738757440501544,0.04281398533212595,0.0620194602352343,0.05040152213843115,0.045281565499523516,0.0607873401944096,0.08367231556015813,0.04304252525815098,0.0512120150815905,0.04350528265926032,0.042065677708083275,0.23250305380455816,0.15075521608094986
2017-03,0.053148131482737206,0.03876407289476313,0.042774161477212684,0.06239656515516132,0.050294714935708085,0.04519652523005516,0.06086115847878196,0.08361518130766465,0.04304253633689265,0.05113050661164308,0.04347993822988608,0.04207728047753214,0.23278528988216912,0.1504339374997927
2017-04,0.05315819892846035,0.038765863184547986,0.042778398938443055,0.06238197212581521,0.05030280275832928,0.04520585984696529,0.060866245903225,0.08364601050883123,0.043044398270955055,0.0511424322148676,0.04348342153980687,0.0420812069585845,0.2327046884602588,0.15043850036090983
2017-05,0.05316561627453435,0.038775498834768836,0.04278481780838995,0.06240623612109207,0.05030812922455244,0.04521077563257357,0.06088101008732704,0.08364293077974994,0.04303693655381567,0.05115982746857181,0.043505945986953454,0.04208807840486052,0.23260380610916856,0.1504303907136418
2017-06,0.05319872276446937,0.03881194984358762,0.04284885001994097,0.06232270691307602,0.050315780505777244,0.04533348416002196,0.06075335364283729,0.08365304199034783,0.043116431073472905,0.05119744909400304,0.0435400534158021,0.04213045804354557,0.23253323000669285,0.1502444885264252
2017-07,0.05316610627417751,0.03876063970493753,0.04283954393310567,0.06258441426926416,0.05028490720591748,0.04536914029795659,0.06083225235249706,0.08357868150100671,0.0431653456272623,0.05111763539261166,0.04353401398047269,0.04211391070937969,0.23232742362742356,0.15032598512398754
2017-08,0.053154398490043116,0.03883632391177786,0.04296408083353327,0.06263403977028724,0.050379199129494685,0.045452708468676085,0.06082126349977582,0.08353317140227885,0.04317457250952973,0.05129983330459802,0.04370436214803045,0.04219693464631967,0.2317676867692484,0.15008142511640687
2017-09,0.05623164589846299,0.04203893746603464,0.046429797277793526,0.0692975286759987,0.05440163843377196,0.04142641508007366,0.06320153989526416,0.07023406813986469,0.051066413746831046,0.0509670189836958,0.04808813434178696,0.04453365811762871,0.23938788057006988,0.12269532337272322
2017-10,0.05634262791407007,0.042003525594925414,0.04641469747477318,0.06912601243144822,0.05437898519067991,0.041431323352314225,0.06343504449902992,0.07028987532833322,0.051078165002866195,0.05087463901649511,0.04812428906091914,0.044525589116562986,0.23948408168284915,0.12249114433473336
2017-11,0.05634521742013218,0.04200072146484924,0.04641021270385068,0.06912034055988908,0.054377803697950144,0.041428237688977895,0.06344284383836964,0.07029021753068707,0.05107925135765402,0.05087192604570206,0.04812016854871834,0.04452413499599186,0.23948923163925748,0.12249969250797035
2017-12,0.05634380950918748,0.04194645726837006,0.0464214161824522,0.06917289198011144,0.05438413930468637,0.041484968864925025,0.06333187236589946,0.07034499625546509,0.051152329982369876,0.0508164741021521,0.04813642893244585,0.044516340927988694,0.239416786579489,0.12253108774445727
2018-01,0.05315957977464954,0.03883970683039108,0.042967700928193776,0.06266246120500493,0.050374213128149534,0.045470472620198314,0.06079340012732577,0.08354840046627902,0.04317095115243004,0.05129484453427391,0.04371014451776878,0.04219795299239599,0.23171510269651746,0.15009506902642192
2018-02,0.05624028721036269,0.04196877755774851,0.04635238862772844,0.0690317596564459,0.054367229491268904,0.041553955950783525,0.06297941734490858,0.07066995204143674,0.050949022789810075,0.050825126945213545,0.048042295821806975,0.04443387547455043,0.23995468612137807,0.12263122496655764
2018-03,0.05320518850859284,0.038794710429456966,0.042770918092567146,0.06182813687619179,0.05038725336954208,0.04536041162944553,0.060670293503418946,0.08490396347534891,0.04285932937578854,0.051045221910525844,0.04358135646985044,0.042015147454347666,0.23368030052702032,0.14889776837790286
2018-04,0.05315632918909513,0.03872322122948304,0.042770310297584976,0.06178470882783234,0.050392504946942224,0.04550773754253649,0.060461603625812384,0.08503208884746923,0.04287332863779912,0.05109452863406323,0.04360377758528669,0.042091456929321314,0.23377472902601149,0.1487336746807623
2018-05,0.05309325990020764,0.03871837560359718,0.0427099595167869,0.06220451390446586,0.05036080503354873,0.04542654362504948,0.060351989335593825,0.085270309422992,0.04286834114007211,0.05098103901420251,0.043553851954130945,0.042072166554146036,0.2336484016629025,0.14874044333230435
2018-06,0.052971010186271456,0.038733439710458784,0.04271614790630963,0.06252539982927013,0.05034587730211693,0.045546367798490583,0.06023537321617882,0.08538120228384938,0.04297011078265126,0.051049357246048234,0.043616389546916,0.04214072176945949,0.23329059849931613,0.1484780039226633
2018-07,0.05289094918065938,0.038659414647916474,0.04274733843900487,0.06261050726661291,0.050326354780845475,0.045518217507674985,0.0601548940962637,0.08544261379253024,0.04289628546726937,0.05099815790677156,0.043655560526967896,0.04213495004788025,0.23320383042906334,0.14876092591053947
2018-08,0.05289762095058967,0.03865801902134042,0.042748915473237815,0.06261333285073194,0.050329759045800566,0.04552450583346273,0.06016601093678452,0.08547220745034796,0.04289966172358109,0.051004281238786746,0.04365899187356017,0.04213808222703686,0.23313802699635733,0.14875058437838212
2018-09,0.056330329719981614,0.04017949114612709,0.04384941246783908,0.06318380204061899,0.055160861753459516,0.04287045654769889,0.05959838206406329,0.06563126694741395,0.04665262118413182,0.05966760818444444,0.042891110345569014,0.04325402327980624,0.27798519088638096,0.10274544343246526
2018-10,0.05633663201999091,0.04017853419743782,0.04386547972548079,0.06319534531821656,0.05517559677708486,0.042884980848315414,0.059623106375102305,0.06563887424834886,0.046676600323336155,0.05969685557732861,0.042899023486782505,0.04326812141279954,0.27782225047211256,0.10273859921766315
2018-11,0.05652731908565542,0.04005712447349895,0.0437807883656878,0.06321395693172699,0.05493968720902139,0.04289475774196338,0.0600395896081868,0.06603295153107201,0.04660084322000972,0.0597016267508219,0.042890730563325374,0.04317950614296558,0.27688910352161955,0.10325201485444498
2018-12,0.052914220688073346,0.0386521186591771,0.04273293684905781,0.06257619506438981,0.05031892085729945,0.04551471780962753,0.06021468672693602,0.08555642943207209,0.04288944197848784,0.0509980559204554,0.04365709086328649,0.042128812366220125,0.2329845931020902,0.14886177968282685
2019-01,0.06429112201788471,0.04097699639077633,0.0439750009596205,0.0618152487879001,0.053464983762979826,0.042043861269969035,0.06117485065091549,0.07667930035078217,0.050712730652788876,0.06378661803918005,0.04237237926465729,0.042734476844505785,0.21246661648696388,0.14350581452107572
2019-02,0.06445597534708522,0.04098456978755983,0.043948448116022436,0.06183445791292623,0.05348457174355088,0.04206916536840418,0.06118978001138463,0.0768693703828984,0.05069717407753723,0.06381851112531887,0.04234413768684059,0.04271159280399118,0.21229540579076367,0.14329683984571678
2019-03,0.06429852984246982,0.041043663738646256,0.043662767339554466,0.06177711184141532,0.05331030192244416,0.04185026572449302,0.06142626363866553,0.0762860832715202,0.05092384870408401,0.06377188494547642,0.04232694424978403,0.04257750712587803,0.213459921989869,0.14328490566569968
2019-04,0.06430498977921173,0.041041707324748974,0.043662477357884935,0.06178080769176901,0.05331396391058671,0.04185541243472783,0.06143225521521989,0.07630135461797155,0.05092809172575082,0.06377888069432695,0.04232661641999225,0.04257887967516007,0.21342041759959715,0.14327414555305212
2019-05,0.0642501870308164,0.04104513127028837,0.04364045409213752,0.06174489864206852,0.053244075830903605,0.04179418920776666,0.06131696017854031,0.07634934061132184,0.0508427619756379,0.0639336835319735,0.042318402222564236,0.04252892639857736,0.2134702586143339,0.14352073039306984
2019-06,0.06432344538539173,0.0408450479284124,0.043487919703724065,0.061191718116781334,0.053050543516467694,0.041720364510330545,0.06150703232092229,0.07651402325953212,0.050798706666670974,0.06378908799986838,0.042409009083580994,0.04254255966866425,0.21436456521469743,0.14345597662495585
2019-07,0.06453991399261781,0.040965674524542944,0.04360252371150527,0.061588531579379595,0.053048794406677806,0.04184689546593064,0.061635317199297976,0.07653989913834419,0.050910133902200165,0.06383779929634906,0.04251080493447694,0.04263610817598035,0.21350808640617497,0.14282951726652224
2019-08,0.05628670944305909,0.041978828795460256,0.046689919912581694,0.0671848862596726,0.05404475048072395,0.042110008249340934,0.06316905199796921,0.0707721509317123,0.051547355869676806,0.05120886942398375,0.0486055604449711,0.044659211941048015,0.2372454087815698,0.12449728746823052
2019-09,0.05602445447469055,0.04175610594489153,0.046445417556420336,0.0663842094401361,0.0539573736081815,0.041966604505905405,0.06289016837106066,0.07059393480436776,0.05129864110603154,0.0509753488490849,0.04833217383263839,0.044413674403992125,0.23955382659585372,0.12540806650674538
2019-10,0.056091177044316536,0.04168397886238363,0.04631368434323202,0.06619776437498359,0.053919431754087956,0.041972803621330164,0.06274844284281532,0.07035256195065588,0.051246272387027766,0.05107549025114686,0.04830044377272219,0.04443934231944018,0.24038070694876268,0.12527789952709528
2019-11,0.05612381086947311,0.0417566956960248,0.04634990917729544,0.06591996782889065,0.05387320064741966,0.04204326660909604,0.06274071354135942,0.07042477846321914,0.051247050617791036,0.05108837889433485,0.04833925542395458,0.04446345006839634,0.2403600977428665,0.1252694244198785
2019-12,0.056155853313384345,0.04155048746427619,0.04622946355770141,0.06578569918377525,0.0538834559866486,0.04192830318596901,0.0626396330817633,0.07070703301764784,0.05126493081989866,0.05089463026997482,0.04815137817246129,0.04436692749249052,0.24099203730632535,0.12545016714768348
2020-01,0.05213494415083221,0.0384498708160299,0.04229838567305446,0.06097084994721213,0.04998347655726317,0.045180613166904304,0.05954120616235341,0.08581096586127872,0.04258494545514796,0.05068219797981402,0.04306415676097175,0.04174767762049143,0.2380904256944218,0.14946028415422483
2020-02,0.05222709924389529,0.038321349327515755,0.04244999298868631,0.0614198618076402,0.05025451518555073,0.04498137943035477,0.05980816595250968,0.08538981079185302,0.04265264549473813,0.050818924094226,0.04319796378066717,0.04175999053602878,0.23819892128509063,0.14851938008124352
2020-03,0.05224668826979124,0.0383158145670621,0.04246803262362847,0.061486901120844026,0.05027077015778313,0.04499432696461239,0.059832326111249105,0.08539344207989592,0.04266035536506362,0.05083710364622176,0.043216733933712226,0.041773160633285254,0.2379705225535705,0.1485338219732801
2020-04,0.05126319799217203,0.03690488112937219,0.040615449620940165,0.04936467418343614,0.05036934292477597,0.04473817306840369,0.057376884829947655,0.07394891832432203,0.04397654934175044,0.0514153245877463,0.041040090104087094,0.04090614776286902,0.26931153946521386,0.1487688266649635
2020-05,0.056418637787786205,0.040060149070158854,0.043590648404352096,0.06205706361927749,0.054976102314139054,0.042767284266163726,0.059973971788644706,0.0657787585795787,0.046533674790291364,0.0595572576754624,0.04275465215857715,0.043056602944062286,0.2791813008436518,0.10329389575785405
2020-06,0.06431704534208113,0.0407471648486502,0.04346871708428693,0.06057423541766818,0.053000356503999146,0.04172814698704781,0.06135302176386176,0.0761570207797406,0.05075288360326597,0.06378729577406797,0.0423034625059298,0.04256048189265295,0.21665825570683128,0.14259191178991631
2020-07,0.06410414754916158,0.040104773778009827,0.042926160491353206,0.06007825556246301,0.05285726483339536,0.04161916924799616,0.06114709837179334,0.07570044725952728,0.050551636811962626,0.06438080483899754,0.04203202072225098,0.04232138779208239,0.21921114167196995,0.1429656910690367
2020-08,0.06430047737737932,0.039327866938446275,0.04314364679608891,0.06118420711166679,0.05283996763238676,0.04161031829210399,0.061467317128352454,0.07613518137785233,0.05033417404749156,0.06425750234052678,0.042373067065588986,0.04240173685632534,0.21908517751199158,0.141539359523799
2020-09,0.0642056344342895,0.03877980091915982,0.04308751097441036,0.06178335719042359,0.052672049268835,0.041511322684187425,0.06114701512376211,0.07639186667403997,0.05016427849185334,0.06467343885040538,0.04245764820837142,0.04219915947553502,0.2213907651848133,0.13953615251991383
2020-10,0.06438270419195072,0.0391997244010655,0.04322457994217364,0.06080120529738056,0.052950975732691447,0.04157748501739445,0.06134463857510305,0.07629435526856627,0.050210527858890915,0.06468921226282197,0.04247648622470649,0.04242321408229182,0.22133081391183937,0.13909407723312367
2020-11,0.06441375705890029,0.039230300346566216,0.043260636202554645,0.06068770986463104,0.05297617894722386,0.041605177533997985,0.061314485515630804,0.0764892578519754,0.05024325290842141,0.06472308928965738,0.04250161093042851,0.04244501759128324,0.22106483352220044,0.13904469243652895
2020-12,0.05597227655814769,0.041174832576055434,0.046029205151793366,0.06444761929216729,0.05383237968068171,0.04186743449785731,0.062449473351412266,0.070190789016791,0.05119823797003602,0.05080564172515694,0.04788995234198369,0.044230000285868626,0.24457298868846328,0.12533916886358532
2021-01,0.05583758516695647,0.039695578394626584,0.04603399193586678,0.06253252241187582,0.05432027664797617,0.04189457652194365,0.06186350741581407,0.07151846948533426,0.05157382055139967,0.05071838278397912,0.04778642642566267,0.04423239326328741,0.24609433739864217,0.1258981315966352
2021-02,0.05143804157185811,0.03666484886688097,0.04097106422213187,0.049202533517003336,0.050504233648794465,0.04462335617117168,0.057789456896121597,0.07479443848523458,0.0436318043286044,0.050884150060089124,0.041503266342299866,0.04123917212190518,0.2691332693554443,0.14762036441246054
2021-03,0.051465503587397356,0.03667516542001042,0.04100145127585869,0.04930321039413812,0.05049469794643462,0.04467270557841402,0.05783430245586197,0.07481113271238378,0.0436566911445074,0.05091982748602479,0.04153682904484236,0.041287964652176656,0.26881821671616013,0.14752230158578977
2021-04,0.051737309644027014,0.03654426715378071,0.04126618408975267,0.049898089048743065,0.050742849048268424,0.044641004650742076,0.05822502178146474,0.0750729522777615,0.0437483518533973,0.05091201878332325,0.04186608396085688,0.0414859895632464,0.26682585919427815,0.14703401895035778
2021-05,0.0515762414176654,0.03643864169285134,0.04120137563194519,0.05042947988685718,0.05059575858879173,0.0443918130698761,0.05865854343877661,0.0743326333390552,0.043439442540243345,0.0509311197684953,0.04183369140721588,0.04136545344198112,0.26805052457399237,0.14675528120225326
2021-06,0.051572187962195995,0.03662030566675317,0.041223213629525704,0.050263211347153114,0.050562177394041556,0.044531462376201404,0.058707239032485224,0.07441316556751917,0.04348928030753545,0.05099976175003932,0.0417834160551589,0.04137956143806583,0.2680884333632715,0.14636658411005382
2021-07,0.051584592421978104,0.03661575032623049,0.041233336378480916,0.05023207254740773,0.05058813915306001,0.04451786608613997,0.058731120599937736,0.07443899867066543,0.04349447705847216,0.050993850185806634,0.0417985946372002,0.041391937051677465,0.26794143017138344,0.1464378347115597
2021-08,0.05158804028910677,0.03662213037138008,0.04123754440314297,0.050222412173135035,0.05059287811751342,0.04453141364706284,0.05873815860472958,0.07444682280328532,0.04350456722901991,0.05100411439808263,0.041802027298476985,0.041395446301618094,0.2678806370950413,0.14643380726840505
2021-09,0.05159234511781416,0.03663052998912754,0.041245035121483635,0.05021021567712317,0.050602012704170585,0.04454396515341396,0.058742208829229405,0.07447607124393178,0.043504296263721,0.051018459563086524,0.041811716679829816,0.041399579969068574,0.2677998031671733,0.14642376052082656
2021-10,0.051599715511196693,0.03676010503989395,0.04121168486326573,0.0504195638754515,0.05059842895798544,0.04461194438451373,0.05870489837321528,0.07444142532464303,0.04358999907860732,0.051025745273466455,0.04184375970559629,0.04146005529823198,0.2673661173798754,0.1463665569340572
2021-11,0.05164002783691842,0.0368333323131789,0.041240963387204656,0.05053559384376381,0.05064514132375112,0.044644244437551016,0.058717159720822906,0.07449496760607201,0.043627935024971504,0.05104763932799001,0.0418979513813239,0.04150126324378599,0.2667665834423707,0.146407197110295
2021-12,0.05171635360352398,0.036171465911354755,0.04121074979279695,0.05070077124919548,0.05044367460239778,0.04448684512642639,0.05932713955897028,0.07456405579431047,0.0434756486395917,0.051110870595137865,0.04199544955915169,0.0415883463860393,0.26704148158653057,0.1461671475945729
2022-01,0.05175784941544093,0.03600769520406409,0.04117989551884844,0.05059749948627658,0.05061012300425286,0.04450426149279399,0.05901604750755726,0.07489886240011477,0.043467562364902325,0.05111383231820421,0.04194142861601072,0.04154506437058121,0.26765244795292215,0.14570743034803046
2022-02,0.05199323523771051,0.036069663229939986,0.04122743567258828,0.05115236122574565,0.050687053182215246,0.04437873692612566,0.05916544408040186,0.07505493458135461,0.04340112583174517,0.05104744442590793,0.04206060731540012,0.041561916480047846,0.26617055989678945,0.14602948191402765
2022-03,0.0521569874029467,0.03575932350351869,0.04117728772372939,0.051856688854593304,0.05055782543159892,0.04428531232053374,0.05929947734314371,0.07492413624393085,0.04343107367963125,0.05100800485162186,0.04221076859832714,0.0415030025848784,0.2651391831242243,0.14669092833732184
2022-04,0.05218205071970778,0.03577298583817412,0.041192920940727795,0.0518492678272357,0.0505847484559572,0.044307209465534764,0.05932924548701227,0.07492877901313919,0.043447737862160336,0.05102504846382557,0.0422340617767426,0.04151832298402697,0.26494623081072083,0.14668139035503497
2022-05,0.05256814830989586,0.035967157219871045,0.04123943019993241,0.05203313404993759,0.05086804110431277,0.04434137830474449,0.059438893207650854,0.07560998395203523,0.04358576890134681,0.051259235322437154,0.042283900889400663,0.04155632903677323,0.26235816933416817,0.14689043016749373
2022-06,0.053313514843564114,0.03504682520321104,0.041316042035061125,0.054171568238071524,0.0515191135040642,0.043938654218350595,0.05896126985760943,0.07582311894919293,0.042724142695152206,0.051115582289874645,0.042412590344383376,0.04128060609609676,0.2635986325994981,0.1447783391258699
2022-07,0.05676933887918105,0.039395264794279475,0.04363992724304479,0.06118454926054659,0.05497504436214571,0.04238161900789164,0.06003707045368256,0.0663925056204741,0.04628903755786402,0.05934139134590343,0.04279775047039502,0.042958939158535214,0.2806141321141874,0.10322342973186888
2022-08,0.05677632048062261,0.03948817769848407,0.043617381666486,0.0608409814217031,0.05495167438342199,0.04242158687247057,0.060045984361471606,0.06639040057961704,0.04634529837745701,0.05944482260719742,0.04280896743377527,0.04295577293327154,0.2810234597531935,0.1028891714308282
2022-09,0.05681399720934594,0.03892794550485322,0.04338088346709765,0.06010633695207602,0.05494284424076935,0.042252183269483615,0.060527652244788635,0.06581245203143525,0.04602193526255265,0.059879799867157316,0.04277039084364263,0.042768801488119144,0.28269506592135896,0.10309971169731959
2022-10,0.05754140407269499,0.03983089506528979,0.043665928607099336,0.06148140802783453,0.055204732291766076,0.0424226474756838,0.06044359244554674,0.06696076617827129,0.04652471015889701,0.06087887898889566,0.043541445800409424,0.04323409209489499,0.2749552858556548,0.10331421293706146
2022-11,0.05799288053208237,0.03927483435783584,0.04404448312343419,0.06328932715195418,0.055246336074201624,0.0426024603435703,0.06052974923750637,0.06604546901595226,0.04682126097518362,0.06163513966366564,0.04400364022350493,0.043556571108020754,0.2712169843365117,0.10374086385657635
2022-12,0.05786193613690886,0.03994318112391613,0.04366733001531778,0.06287247864387947,0.054889606609262905,0.04283483017677273,0.06043661502542637,0.06587818553875646,0.047230101699959365,0.06146520405713885,0.04388159862898995,0.04344888585038224,0.27186213607044657,0.10372791042284224
2023-01,0.06463985988976204,0.038873379290596165,0.04307643773938864,0.05990014784090484,0.05300581405470949,0.0416759879717543,0.06097016765577083,0.07639428397366385,0.05045542190467534,0.06488036138698887,0.0423907254869807,0.042364624862722855,0.22151882225215516,0.13985396568992692
2023-02,0.06481798233183353,0.03904350197290316,0.043064951804876676,0.05989009928886008,0.05306430115030899,0.041717617979520685,0.060763955646682834,0.07653860515211208,0.05046830921467003,0.06501745777339123,0.04239850958262737,0.042333079256790196,0.22142288445829186,0.1394587443871314
2023-03,0.06484972940555846,0.03921844088760511,0.04310470464566669,0.05990324962116959,0.05308182018152199,0.041784971419307586,0.06081521938869032,0.07653834188753644,0.050518034994313475,0.06503235184895595,0.04244257782206579,0.042374724677992026,0.22094054711082675,0.13939528610878985
2023-04,0.0648008462291001,0.038997195409910396,0.04306820170599064,0.05944074417470407,0.05299481446921971,0.04204839189181662,0.06008934636088909,0.07627229394024741,0.05031232818052842,0.06476921790485791,0.04199863232603756,0.04231935372152158,0.22236641265983575,0.14052222102534065
2023-05,0.06476844732710833,0.0394476254424336,0.04337787612586099,0.05936672523923118,0.053047974447068574,0.04206582963842477,0.06018478200367918,0.0760554124538089,0.050324072752492295,0.06455408332892944,0.04226338413126257,0.04244789114834179,0.22206277747577086,0.14003311848558742
2023-06,0.06496046664432527,0.03946601703606165,0.043417152546596643,0.058888840084653477,0.05302759865406774,0.042407586270887004,0.05988692306938693,0.07586014634545828,0.050603754591224646,0.06472711991197795,0.04229520483015951,0.04264114885920329,0.22170189972812754,0.14011614142787032
2023-07,0.0650321158103401,0.03925562625273323,0.043389591454050976,0.05887909612131062,0.05305796916424728,0.042345865478235455,0.05996097525376693,0.0759032464847399,0.05057660956112207,0.06474446321520562,0.04228341608229051,0.04261165896311372,0.22170634734816802,0.1402530188106756
2023-08,0.05629723603413459,0.038899513563623284,0.04608542743658634,0.06257412214351438,0.054431570046567346,0.0419510143177422,0.062094862388952086,0.07151540771287661,0.05161966843321724,0.05074206703040667,0.04784703587659518,0.04429421151956444,0.24600550060650178,0.12564236288971795
2023-09,0.05632277895984005,0.0385393110558137,0.04622182593126785,0.06342584723099061,0.054489341266715494,0.04197875072084482,0.06232145118656281,0.07126060038708071,0.05186837774111426,0.05095057026560221,0.048032348639785775,0.04439089444256666,0.244455049762862,0.1257428524089531
2023-10,0.05617668266407111,0.038791278824090974,0.04606855144694132,0.06401766520998278,0.05435412610587246,0.042065219899044715,0.06233371060112988,0.07125773098937616,0.05189201172263888,0.05095684055644783,0.04807169797592221,0.044390524713458224,0.24352168592590073,0.12610227336512272
2023-11,0.055880342741822596,0.03871156492071553,0.04634919776113771,0.06416685458170832,0.05430564183165777,0.0426511751897755,0.06303538926883819,0.07094669824566154,0.05208739450085972,0.05116901375975473,0.04854844083099743,0.04452004820768477,0.2395598637491076,0.1280683744102786
2023-12,0.06501981544200178,0.03913124465469768,0.043363316755223986,0.058877369039404985,0.0530130962707965,0.042340968233746945,0.05996054199166642,0.07575010811204017,0.05054065975270065,0.06483053072129077,0.04224308198336741,0.04254076330444559,0.22201965776699134,0.1403688459716258
2024-01,0.05608388541272765,0.039174059331876926,0.046372476419553416,0.06521339318321712,0.05451531163199668,0.04261454475605627,0.06295705734302454,0.07084538515796203,0.05194201037338288,0.0516451919447193,0.04854873592021858,0.04447299877979677,0.2379909588535543,0.12762399089191348
2024-02,0.056087774219391845,0.039137678350049276,0.04637371788611703,0.06520850302615383,0.054524760333986955,0.04264482518776991,0.06298312938677084,0.0708360373399726,0.051960125623510364,0.051686395938376054,0.048569456363643335,0.044476655635734344,0.2378768475889959,0.12763409311952773
2024-03,0.05611644044165033,0.03918776246494555,0.04634828301381621,0.06519585098232877,0.054518916823555516,0.042605298754269834,0.063012301650862,0.07087972638293057,0.05191494330714207,0.05166799074569005,0.048565302360275384,0.044451504032072514,0.23792540856505104,0.12761027047541024
2024-04,0.056315435482327175,0.03961889370898916,0.046361282064236335,0.06481964193233278,0.0545261187058239,0.04270790549100946,0.06342779650859755,0.07046549177322954,0.05187352163880973,0.05190559407582166,0.048586903062330114,0.04445483013901673,0.2388807793545328,0.12605580606294306
2024-05,0.05629874848216129,0.0395852241090242,0.0463747110918082,0.06497035774093905,0.0544875006477077,0.04268419534316711,0.06337785684345164,0.07061719576319582,0.05186004236117512,0.05183809513851318,0.04858382715932198,0.0444591753518845,0.23825867383791377,0.12660439612973642
2024-06,0.05628884913762568,0.03957353012667197,0.04638816401291808,0.06517169196097845,0.05447115184011746,0.042651367994074554,0.06352371461683141,0.07031933733827743,0.05190398971294942,0.05186988494568929,0.048583948267808055,0.04449354031051868,0.23821289750139663,0.12654793223414293
2024-07,0.053494511308980607,0.03509844588326025,0.041445542795119625,0.054839161682900005,0.05140199000051546,0.04412570131133417,0.05937543803801686,0.07546892812099604,0.04301998385096393,0.051580457607998745,0.04267110272529564,0.041325068376809,0.26101342693824076,0.14514024135956888
2024-08,0.056245263535754375,0.03954351864482387,0.04638958246023201,0.06510429096616635,0.05446314463531998,0.04271747981922939,0.06352802841795023,0.07028417836555544,0.0519241693086298,0.05189757922948348,0.04855655817699802,0.04448630064578152,0.23838937268360272,0.1264705331104728
2024-09,0.05621371687058257,0.03975474162711743,0.04646513771994989,0.06527838075153476,0.05448983855481399,0.04284179020194238,0.06356008392001991,0.0701923412884651,0.05205438188165249,0.051948061851284054,0.048613217864905446,0.04451972153123976,0.23770591207213787,0.12636267386435437
2024-10,0.06544946783577173,0.039135264459392194,0.04331176594863112,0.05979800300907115,0.053323999744418704,0.04258121709863026,0.06034608310919842,0.07609097002880806,0.05078496147801465,0.06478170660161925,0.04220963468241876,0.04255457955049934,0.21879158204159255,0.1408407644119337
2024-11,0.06549058272485794,0.03913891812386141,0.043291709632241146,0.0597526199485619,0.05333903458952859,0.042548457282571985,0.06028638780885779,0.0759907914004627,0.05077384902555146,0.06481681568569114,0.04218180223786228,0.0425365601014826,0.21922451490375325,0.14062795653471566
2024-12,0.06555232314791341,0.03896888665318502,0.043304940261461776,0.05971879881031746,0.053381744098867326,0.042544193662126355,0.06017725025444368,0.07594634761539643,0.05072664871686006,0.06491713745747162,0.04212047434558131,0.04252379367455199,0.21941643738439393,0.14070102391742964
2025-01,0.06552488392464739,0.0393493902584131,0.04327371814701449,0.05951843488256502,0.053331333633516984,0.04262465544009468,0.060161302826303956,0.07584474962445842,0.050865632507251395,0.06484292593179597,0.042114126761860944,0.04251177422976772,0.21932955309433086,0.1407075187379791
2025-02,0.0563003221497039,0.03954024397680268,0.04662464324457176,0.06604127664632306,0.05456754611540909,0.0430149109843581,0.06349221238944655,0.06992529957303219,0.0519722673586287,0.052126944783997674,0.04870085491517749,0.04452464016466378,0.2375436931905446,0.1256251445073404
2025-03,0.056264294898619706,0.0400659724847147,0.046795935812738026,0.06629087480748005,0.05470921947068052,0.04319268434509335,0.06320082992156771,0.07009644493647435,0.052048332265879876,0.052075651323924055,0.04876290065870649,0.04454688308977455,0.23724666962760402,0.12470330635674264
2025-04,0.05656626878254657,0.03907076840873225,0.04660414274609457,0.06645290353646009,0.0547059001684476,0.04272007623779152,0.06340422629489066,0.06995417792515493,0.05132643015663663,0.052036761205948516,0.048379802508104766,0.044447630422078895,0.23866905724633353,0.12566185436077942
2025-05,0.06534771724550495,0.03928854806153878,0.043308710112531325,0.059717714580931565,0.053190584179045236,0.04261980754436388,0.059964510326169854,0.07607594090678718,0.05090729332279045,0.06495228032140243,0.042229041537979434,0.04255137963175816,0.2184714478236456,0.1413750244055512
2025-06,0.06562137705345271,0.0385795946534635,0.04294740323316661,0.059919438023651087,0.05335903713798779,0.042157089409190426,0.059902869232513964,0.07578044223765355,0.05068197614608642,0.06523721597827493,0.042143931324546344,0.04238399117469054,0.22043449011309443,0.1408511442822276
2025-07,0.0656712285511547,0.038617893745934516,0.04292915563875905,0.05986025917882619,0.053394667961899546,0.042102097568449695,0.0599120833520873,0.07579694116529599,0.05069003538369957,0.06523083669753242,0.042150290980904975,0.0423993936716003,0.22038812627341253,0.14085698983044312
2025-08,0.0657039381575578,0.038660129707087564,0.04287624282158649,0.05982438684181036,0.053414800729040236,0.042048043434536525,0.05991162265272311,0.07576520412104179,0.05068140267032709,0.0652329951234411,0.04212129669045882,0.042399070931453155,0.22040293407237554,0.14095793204656046
2025-09,0.06569960189627543,0.03866684180365941,0.042871959252129055,0.05981242536869451,0.053400640266505664,0.04205610292858885,0.05990110930758583,0.07578312096786767,0.05067954719218742,0.06523154610476417,0.04211649864594843,0.042395708355778605,0.22043063675489694,0.14095426115511822
2025-10,0.05367644798702565,0.03449910973914132,0.041567283816586593,0.05494541793278366,0.05164213173490598,0.044145969551979636,0.05938581806733298,0.0756058344183078,0.043090198967989685,0.051656620766843596,0.04257553814696385,0.041342576749662525,0.2609653020020606,0.14490175011841608
2025-11,0.057973971550385146,0.03988227913986863,0.04368147997802508,0.0630036166940999,0.05496346520231188,0.04285709668757715,0.06046545211989743,0.06584330345558083,0.047258587421042615,0.06154612128659513,0.043898299117484774,0.043476388631031856,0.27146958230850743,0.10368035640759214
2025-12,0.05746579643659655,0.03712904732506344,0.04280661585975225,0.0603353051257197,0.05302608070790387,0.04217030520898334,0.059810685775910984,0.07003464233265688,0.04694027300260918,0.05703870350296213,0.04320908793921914,0.04220922172426939,0.2636530322868959,0.12417120277145714
2026-01,0.057943534742463096,0.03987444088977994,0.04369038331273069,0.06306479799431183,0.054931477292318426,0.04286905693708107,0.06040348682499258,0.0658262912276208,0.04728376663637711,0.06173665749636521,0.04389315259320606,0.0434567185693315,0.27135188097576823,0.10367435450765358
2026-02,0.05792832801294864,0.04003694611547299,0.043449941301118115,0.06285237870780648,0.0548049818143992,0.0429796861083212,0.060454424614295274,0.06596312155332291,0.04724348152075574,0.0618131978152472,0.043958573360623185,0.043523916443829094,0.2721880308663236,0.10280299176553617
2026-03,0.056750610939613595,0.03918212582041743,0.046172809889998924,0.06532195433324411,0.05429086221728226,0.04240084859656318,0.06293676118806221,0.07001206212332996,0.05132789786378743,0.05153548092983388,0.04826828720259194,0.04445381783966337,0.23899566430622418,0.12835081674938753
2026-04,0.056405447427912286,0.03898417655735524,0.04594880755100992,0.06704488155603634,0.05388561201113308,0.04238793489141722,0.06312222148440849,0.0708168902710743,0.05125983882721592,0.051376600300084445,0.04785574196170936,0.044469201745758025,0.2388106194790066,0.1276320259358788
2026-05,0.05389206177440585,0.03439215990748246,0.04147844904446666,0.055285379541235906,0.052048099858878226,0.044190814726036046,0.06002644471265412,0.07525367648126292,0.043390787855019604,0.0515883873105758,0.0428107087267442,0.04158702959420806,0.2612807619339985,0.14277523853303165
2026-06,0.053915507718257004,0.03441422324880936,0.041486058949752914,0.05529487574098982,0.05205609129618919,0.04421672932716443,0.06003453138196136,0.07527077302361201,0.043407599988892695,0.051588531236634955,0.042835320596642544,0.04159077632213113,0.26112729269159585,0.1427616884773668
2026-07,0.054026738822282885,0.0344454108460863,0.041971432140494716,0.055120627780034105,0.052205513007955326,0.04433397946358748,0.05974683162181932,0.07530759327611765,0.04331489001990814,0.05197493234677322,0.04309217199051167,0.04176112560817734,0.26151713529488774,0.14118161778136434
2026-08,0.05412656207257559,0.03440174742250985,0.041948607302492724,0.05519185364866451,0.052257456299932344,0.044326357981575866,0.05970413126905289,0.07541888285922033,0.04334382736933454,0.052159545556456265,0.04320338434163791,0.04181123128670388,0.2611916673320823,0.14091474525776104
