,NoDur,Durbl,Manuf,Enrgy,Chems,BusEq,Telcm,Utils,Shops,Hlth,Money,Other,UST10,GOLD
1990-01,0.11581492189686086,0.05047715771732266,0.03389019685022205,0.04746007996804834,0.03951959905262946,0.022454741284037766,0.22102587100442259,0.12754467484989257,0.05348720861558329,0.05555539573303562,0.037917186341146145,0.04059911235330317,0.11401803114732405,0.04023582318617147
1990-02,0.05296915856963308,0.021780444169134574,0.03449741918046728,0.1508395776143875,0.04534773749750992,0.018989026364828597,0.13040129094011998,0.06394913904830779,0.029112690998763274,0.04034955749503049,0.043259905398866295,0.04772172907210638,0.13520783978174225,0.1855744838691028
1990-03,0.050003342307573515,0.022760789830421076,0.03424441065975237,0.16642043449385646,0.04331707539013527,0.020336482959134258,0.11116692382706123,0.06540116590805803,0.028878678671074264,0.03876296350556893,0.04082611600842461,0.047210120523918465,0.13380767007677413,0.19686382583824738
1990-04,0.05122239241000744,0.02362551594440761,0.03599190428831988,0.17068243394940466,0.04402576829746825,0.02074167835537718,0.11943080665573994,0.06272167917686773,0.029978136543852833,0.03692213449196496,0.040386510329715075,0.04884781133495443,0.1250707986188963,0.19035242960302365
1990-05,0.11770590682326756,0.053657829732762286,0.03542599731349435,0.046916915062261325,0.04023484818463591,0.02399335805157926,0.21603736551150385,0.12753136105117013,0.05904899326624518,0.057577909738382005,0.03474543070804274,0.04048028159537053,0.10747657821160451,0.039167224749680415
1990-06,0.11825389260168641,0.053606928347081424,0.035407459820887964,0.04682247681499583,0.04147243386502901,0.025531398435183594,0.21698209988528103,0.12318188399592196,0.05997191622759416,0.06117634131937851,0.035167297884571666,0.04090596106721433,0.10451523672400637,0.03700467301116773
1990-07,0.1215634033214062,0.05294922632781857,0.036372326141553064,0.04502210193373924,0.042528913467336574,0.026546919920038624,0.2081005921293456,0.11877104784046659,0.06275603275678682,0.06565744003684347,0.036531136189928766,0.04118917598480992,0.1080300287831001,0.033981655166826275
1990-08,0.05769852321381877,0.022428236773769643,0.03701754866586798,0.17030844217535607,0.04506891870423678,0.020671289545799654,0.12091755875884778,0.05909779052879014,0.03170123078214236,0.04187757126575824,0.03809739952962192,0.04972446331816092,0.12206121106804765,0.18332981566978204
1990-09,0.051911381383775185,0.02112937460106891,0.03429973927968446,0.18994315684492916,0.040570553957389795,0.019956968619125378,0.09426741056376077,0.06300315054339198,0.02866085949021142,0.04176014940607227,0.034339162053807396,0.042927099894238194,0.13723820923090047,0.19999278413164487
1990-10,0.05238333936675881,0.020790944422836476,0.03294328407198322,0.19440400983022763,0.03843643642214278,0.02024293166175125,0.08878792831480842,0.06424037134034336,0.027534934637258708,0.04365808870689917,0.03236523930672949,0.04021384371860915,0.14629880594464653,0.19769984225500503
1990-11,0.054648583830238295,0.020001395793695847,0.03053464596343075,0.16753417982582172,0.03906940485055388,0.019696739764316247,0.10089027103323014,0.07251698826838834,0.026783580279279313,0.046389637569218156,0.02871357892144633,0.03753554460613776,0.16089055707901673,0.19479489221522653
1990-12,0.05536570354409112,0.018760316332751412,0.029797687131040685,0.16485111092650995,0.03994165286484838,0.020120795774093196,0.10082506910696236,0.0739525223061037,0.02682206640683514,0.046161252242748294,0.029530444544022524,0.036323822890767535,0.16457313883185914,0.19297441709736657
1991-01,0.05811401420172057,0.017001203395656785,0.03036125657001821,0.15832974226647337,0.041751136938335515,0.02002910904043982,0.10170806853739899,0.07302375209002127,0.027177083520076917,0.04778895600570584,0.030975727072442134,0.0368336089647473,0.16496921082933977,0.19193713056762343
1991-02,0.058319127669826366,0.016418937524095373,0.030641858576734245,0.15379403460692792,0.04059085162370133,0.021113999498515935,0.09526240671380216,0.07100324746772345,0.02770061688725999,0.04694526295695496,0.030730472753297024,0.03816097047198089,0.16731589833889915,0.20200231491028117
1991-03,0.1376483347063373,0.0457243755177217,0.03583795026217635,0.04813087306955322,0.04345760026274495,0.025240437512327903,0.16682040648827393,0.12438390911117224,0.06446183875034296,0.08094614556598015,0.03226244168317859,0.04092247582878615,0.1179535270529017,0.03620968418850295
1991-04,0.14218503959058174,0.0506565278840241,0.03648082222617105,0.050535790324464466,0.04365634622128651,0.02539560045818592,0.15750859149978183,0.11977865285813616,0.06747639674596757,0.08636621894644546,0.03389188727001147,0.0409967947369086,0.10934874815005927,0.035722583087975816
1991-05,0.09595446747318649,0.053126710137987955,0.05248355753572511,0.10536733745136029,0.06175143943837212,0.03129801472655595,0.17099837745725746,0.11144750560630565,0.05525573936029374,0.05674571494593316,0.06019057584074687,0.03614601395831531,0.0747841663274939,0.034450379740466185
1991-06,0.09645583462119313,0.0556974517992784,0.05350416184525526,0.10571247335677837,0.06491604598767384,0.029767828371279004,0.16008511906326578,0.11197814860483146,0.056188503877194616,0.05795467834048756,0.060712991889755374,0.03707803910798783,0.0756178404645576,0.03433088267046177
1991-07,0.09478216280358302,0.06197374137932978,0.056414683208444935,0.10271984970564348,0.06913693433868323,0.029207750403213047,0.15520380100309045,0.10788146920718415,0.05825751571019326,0.05597021376220241,0.06202853011436053,0.03813717425792419,0.07311146110006345,0.035174713006084005
1991-08,0.09511815529081245,0.05952294209182364,0.05499785485954679,0.10192288079939472,0.06812031402960837,0.028521321208578986,0.1599110493213251,0.10790449062275775,0.05874902629231843,0.05744434700911031,0.061036763152465624,0.03718460531507091,0.07406267019601302,0.035503579811173955
1991-09,0.09719131426191814,0.0545248131390478,0.053666938062651354,0.10109769530146738,0.06761851107052651,0.02889307986552986,0.15547313509777036,0.1112524049132203,0.058958837572326284,0.05914415364850836,0.06310926266213612,0.036170738298917725,0.0785112406799522,0.03438787542602763
1991-10,0.09490497194377188,0.052341733366400654,0.05301446523713548,0.10194460585216455,0.06611600366561834,0.028709387751754425,0.15515699757402102,0.11545741386497614,0.0578603615271348,0.06007289573199167,0.06296628774700054,0.035142942175051706,0.08290563541565983,0.033406298147318825
1991-11,0.09224426359979576,0.05127518678244678,0.05222427082551347,0.10345522309158725,0.06498229764627123,0.028133425480537787,0.15563811627680366,0.12096858784096168,0.05563772758149537,0.060583482138357896,0.06275922633085261,0.035482491483372694,0.08341642021941884,0.03319928070258508
1991-12,0.13788720710587607,0.04641388476426391,0.03638606058902465,0.04939017019551991,0.04450356799254761,0.024858805090747498,0.1492894637084648,0.12195050162389062,0.07232874284987782,0.09159404471224727,0.03748333274659723,0.03927441013052319,0.11367451461809792,0.03496529387232153
1992-01,0.14104709569929563,0.04232241778020779,0.035303775039035076,0.043372194919597866,0.04452437581949017,0.02496070627608517,0.1415681287237486,0.12301097909839834,0.07221634130725095,0.09575743569690201,0.03771201348576314,0.038843256193233665,0.122653951565142,0.036707328395849496
1992-02,0.1424722872069392,0.04567426531655752,0.03758569280387602,0.041657227208487115,0.04678146165787842,0.02703599872794928,0.14251591961333585,0.11443351655959419,0.07410439544511789,0.09630806414471703,0.039658780210764126,0.04091961331124379,0.11699766337568837,0.03385511441785104
1992-03,0.14825330138635848,0.054770811527523396,0.03966282560074064,0.03987922426693239,0.04956125414309667,0.028587538130572097,0.13238462311704532,0.1105659147218354,0.07989121255504232,0.0877693461774936,0.04108526342317771,0.04440323985227531,0.11032767372881287,0.03285777136909396
1992-04,0.1498301341608705,0.06075275380679001,0.04056197606573974,0.03876411335699679,0.050953742237472094,0.028671105258467822,0.12917283169112495,0.1105042011863152,0.08122082145092582,0.08121310205443628,0.042539005995009295,0.044186835925073234,0.1093227993932256,0.03230657741755279
1992-05,0.14666866663340314,0.06496424619165017,0.03987873341153598,0.04121348937508482,0.053080794582153104,0.02629236741722198,0.13835801576427714,0.11235553956543141,0.07560518362976992,0.07397742422833072,0.04183655387066201,0.041362425062994236,0.11265645260911938,0.031750107658366056
1992-06,0.14327778900479732,0.06487929329178459,0.039359261258200086,0.04365908914960618,0.05450901170337004,0.025804402519721357,0.14265428806209773,0.11770526338484143,0.0711292745824318,0.07061863051710325,0.0429465982560578,0.040367664019043535,0.11244659155590297,0.030642842695041923
1992-07,0.14104482970142893,0.06988213072631486,0.03793129721937895,0.045525227928667665,0.05117947502615595,0.0244175043312111,0.13941934645973955,0.12328640526299486,0.07049059417678775,0.06442445446844665,0.04360641012379925,0.039031445332716554,0.11890598576111083,0.03085489348124718
1992-08,0.05612385221703102,0.02042827674768582,0.026653063784924835,0.0776064818809984,0.03392498161240704,0.02079637593614631,0.15119319239636048,0.06131389530049314,0.019328285799242336,0.03944367319384862,0.02310950980028732,0.020092067250766916,0.1275989291356747,0.32238741494413303
1992-09,0.05706784510950299,0.01926425357142653,0.026526678806949217,0.08184155048225082,0.03428887400912983,0.02034833752410997,0.1533326580833201,0.06385917642415126,0.019960268819818525,0.04038768922713811,0.023084467793509755,0.01966285494649328,0.13686441248959105,0.3035109327126083
1992-10,0.05858290345338693,0.018431095139979002,0.026435861046934957,0.08230068670064598,0.033279709553190595,0.02106130849518006,0.15064129717271227,0.06286064951586146,0.020330921089634767,0.03780525318684238,0.022381496836017624,0.01991796213272424,0.14201795389472838,0.30395290178216133
1992-11,0.0566295199137665,0.017706518898720835,0.026039965484942314,0.08021647527193304,0.033368470274396614,0.020975761210476083,0.15289260662371762,0.0629074170681536,0.021360088332958466,0.03477130358997729,0.023880334089185398,0.020480214525303703,0.13921313850495964,0.30955818621150893
1992-12,0.059318616938608085,0.018130318445489648,0.02640857727385393,0.07457162978012338,0.0340710891300457,0.02160328717321719,0.16453666332970812,0.06079140513877347,0.022337231735588645,0.03745368513731811,0.02473180411354268,0.021105092538226417,0.12632668779690967,0.30861391146859485
1993-01,0.09190143419338015,0.049360393967377535,0.05179212214398687,0.0942878061130836,0.06454341824155402,0.02875149241769323,0.15496767641628104,0.12479035717226122,0.056949608336970325,0.06030998586791005,0.06599309478367846,0.03536771782166164,0.0883518468306736,0.032633045693488495
1993-02,0.05860050355823553,0.019540696131629863,0.0269023812850212,0.07296129499815995,0.03340348359378044,0.021663854050467224,0.17417797955913494,0.06097854483087708,0.022339067032521788,0.03673826904807021,0.025934282552688405,0.02118492990120648,0.12595288178813396,0.299621831670073
1993-03,0.05561751244658025,0.020135212923108676,0.02688738064071388,0.07891669533552116,0.03326904184159307,0.020731079398807726,0.173957437916752,0.0667875804674968,0.021737546156326403,0.03142419701545541,0.026340893409447858,0.020852982707630013,0.1326145988670031,0.2907278408735636
1993-04,0.053836843634938784,0.02045370171223757,0.027262045992351977,0.08154092377827331,0.03316097399576745,0.02117975167939804,0.17425713119052735,0.0700053197182439,0.021743475739055836,0.028677552616948074,0.027128933084914625,0.020626091105474576,0.13948530678582766,0.28064194896604094
1993-05,0.04473997779829637,0.021442406619609788,0.027383327230903486,0.08508730550478164,0.03286142790883684,0.02046655496985227,0.17168541486561173,0.07240260000145149,0.01990415982668944,0.0280083033217846,0.02705160471953129,0.020414178181190866,0.1419371000161202,0.2866156390353402
1993-06,0.04373686798808984,0.021171530077012394,0.026902049432337965,0.08303157617783608,0.03259162951847517,0.021206959900663656,0.17021124110475142,0.06778785344590293,0.019612246597372845,0.02997575018505337,0.02491399801447421,0.01999733309213678,0.1357042963334788,0.30315666813241443
1993-07,0.13059206351267597,0.06501410673854244,0.036814232744047,0.04340544858298448,0.047199166867633084,0.024081918572833184,0.15132036000501228,0.1311319120133393,0.06854561716187685,0.0597567022398126,0.04598470338947327,0.03771434604776015,0.12766415570375964,0.03077526642024989
1993-08,0.12457898428401898,0.06608676220922578,0.03644375981205334,0.04062484700647124,0.04596572309718723,0.022849195124347167,0.15819771637323682,0.13647224950903106,0.06600039139169414,0.05372334053154184,0.04897380652377771,0.03669023086033062,0.13069388014229866,0.0326991131347855
1993-09,0.11997936818309492,0.06560547495855822,0.037344755380933035,0.04227391981673314,0.04483515586328608,0.023697103418045616,0.15718478603560543,0.14030279410157712,0.06773125090965187,0.04956905684149023,0.050174904865568665,0.03777963375617237,0.1325061977691274,0.031015598100156066
1993-10,0.11699051066440531,0.06472936579382582,0.03698630569870473,0.04274210270389733,0.0439480598219125,0.02420936625293048,0.15959032160028988,0.13832601495955607,0.06444038198331156,0.050575615674645205,0.050598623564821595,0.03797282290945146,0.13950482152686078,0.029385686845387272
1993-11,0.08157529520598676,0.05371195433890451,0.05212997131620476,0.09391594365540112,0.059558469812328145,0.029763012874133195,0.16887693061969072,0.12780347446216608,0.05409560789342049,0.050112282548185075,0.06868661909103363,0.035739461570890835,0.09273369723858797,0.03129727937306678
1993-12,0.08859936172078596,0.059798522961905486,0.05561795866343525,0.09079210435485707,0.0647948977351987,0.030948174097653113,0.1630451884593892,0.11415665275023588,0.05818609005825056,0.05426791568310286,0.0643976791737209,0.03661367217073978,0.08667132558015718,0.032110456590568125
1994-01,0.09090131173589201,0.06220653864187958,0.05826063373164831,0.08517761279710068,0.06751393687357796,0.031361091491268825,0.15714432013427782,0.11505916437871627,0.057083737039100545,0.054129731290619175,0.06548283714150345,0.037550705787246695,0.08575818220457548,0.03237019675259308
1994-02,0.08969320962864272,0.06558815516879136,0.060627507041009006,0.08802836305439812,0.07080160666674694,0.03239721565951557,0.15091371373709242,0.10931975537323331,0.05516764668900692,0.05537403679023056,0.06591706918019348,0.03890143092111011,0.08470635776868438,0.03256393232134511
1994-03,0.08874333982167022,0.0675242936982962,0.06301597626811971,0.09100768824482978,0.07505481155746355,0.033545621449622656,0.1459231919253429,0.10354872296185325,0.05711871230744385,0.05370145570297708,0.0664561851625712,0.03906037126919465,0.08253878388592882,0.03276084574468602
1994-04,0.08976511873044295,0.06730380793369452,0.06485674263116818,0.09085113254537092,0.07658685649478358,0.036394785719143175,0.14171817911137152,0.10372498747775574,0.06140132920419776,0.05187461787232382,0.06713911894258086,0.038777986736376176,0.07634308878529808,0.03326224781549283
1994-05,0.09100338844798671,0.0630402681122966,0.062343653718936305,0.09430023624367588,0.07893161065647315,0.03488310823706514,0.14492409815698612,0.1021982693421657,0.060646099420930105,0.051384988926874015,0.07237616130204005,0.03658448798861413,0.0732820587221548,0.03410157072380116
1994-06,0.09094685649895563,0.06057960198247423,0.06206844231741821,0.09762455743621876,0.08132261012271809,0.035121273920006336,0.14900129276017213,0.09269745247816887,0.0588227768816305,0.05473359520084453,0.07459508661644743,0.036244201454513535,0.07139409303539322,0.03484815929503849
1994-07,0.08953271053989953,0.05813135664572334,0.06289143768981395,0.09629833972715611,0.08180508628987528,0.03453266218585058,0.1532587879057585,0.09053114469638698,0.057693615674191526,0.054865657236671424,0.0767666354316511,0.03630453730267412,0.07242823885942443,0.03495978981492325
1994-08,0.042377062841865064,0.0222205545561,0.027992876573698873,0.08220378685965878,0.033001439011068626,0.022432338388549897,0.17079824094677662,0.06413205759381785,0.019492456844753155,0.028958835145344548,0.025673217503560403,0.0203730362679748,0.13351322730959184,0.3068308701572396
1994-09,0.043736438415651155,0.02140571255994416,0.02826421991677882,0.08031952192056864,0.03466934460198568,0.02391549334007195,0.1731442008044233,0.06631886759831837,0.01901070299777022,0.031174027055377168,0.025817598455930707,0.020010674650406998,0.13230938216548532,0.2999038155172875
1994-10,0.045227380440029226,0.02068835375960257,0.02886646753429827,0.07878852540576184,0.03557902520203374,0.025160383773564072,0.17291890717734365,0.0590188253593751,0.019398258737023603,0.03307227448390429,0.025301217859446865,0.019974839598285842,0.12566737073281725,0.3103381699365138
1994-11,0.0466322261107016,0.01977015252293243,0.028677870625090952,0.08089822589359331,0.03622937437028745,0.026482548268438853,0.17243026049384969,0.06245501172959812,0.01934837961899698,0.03457919826801182,0.024197575996543087,0.01958179381834317,0.12018392696270908,0.30853345532090354
1994-12,0.04842833688335735,0.018938419312979002,0.027932981033262087,0.08420542746053568,0.03494182030963751,0.02873778859260446,0.17200180198330628,0.06326568614199762,0.01984653868429896,0.035771580639781704,0.02380050279097419,0.019257482165924367,0.1177357964472366,0.305135837554104
1995-01,0.04798941136917649,0.018319966705396228,0.027876714013460743,0.08192896839792974,0.03500145313099687,0.02838827674264046,0.1667083323092698,0.0676887622795693,0.0184647217091535,0.03623543259207868,0.023182935570745928,0.018654568710265138,0.12534033043082662,0.3042201260384905
1995-02,0.04747316955978915,0.01826781763983481,0.028538860988319394,0.0802466848941035,0.03492228337754951,0.02920761648187536,0.17026091570139668,0.06890775165020192,0.017894501163566136,0.0361655566678491,0.02376530092971825,0.01904997718877698,0.123279228197931,0.3020203355590882
1995-03,0.061501912861763056,0.01476097626119941,0.03144585038853391,0.16533668803129264,0.04242856197041128,0.021410683469290686,0.0981086275940418,0.06728057999873718,0.027653656856887913,0.04655660747243114,0.036021365026845734,0.03904659103158393,0.15370315106465984,0.19474474797232147
1995-04,0.06261931597861349,0.014184729335123492,0.03181511311727101,0.17118813583595252,0.0433849797909809,0.02265170103192955,0.09446258771379298,0.06083793307776109,0.026850648840160578,0.04802189883697517,0.03539542131232375,0.039289315857791024,0.16021912409391606,0.18907909517740842
1995-05,0.06212832355841348,0.014204764200320701,0.03237228695312673,0.17526597655434503,0.0448185729366157,0.022719664072800422,0.09192092669955965,0.06127465789524198,0.02601777815158212,0.04773071540043924,0.03533552847716296,0.039675745180054414,0.15946891165738583,0.1870661482629517
1995-06,0.06167546860379355,0.013745417182512838,0.032503446999186045,0.18525851105507468,0.04550446235872762,0.024304265792996542,0.08812464078905766,0.0604766633366504,0.024478872879064813,0.045283480131275575,0.03561598449571483,0.03795746886249,0.16918393117162517,0.17588738634183046
1995-07,0.06222835421505883,0.01309109795539665,0.03128897786515254,0.1786085309808737,0.04371078016822465,0.024628509798566973,0.08827820532246523,0.06194313106690781,0.02426557251170368,0.04672316151851979,0.03569112831510612,0.03687386162328123,0.1806632627377769,0.1720054259209659
1995-08,0.12868603771656306,0.06632659699700916,0.038478163676771926,0.04164681986860803,0.047663709831864125,0.027177738001330547,0.15528548409048926,0.12052017524971467,0.06816304366382128,0.0566726137561828,0.05062839697509088,0.03855208076397032,0.13231035445477596,0.027888784953807977
1995-09,0.12780055977677862,0.06394401033550476,0.03838276541517088,0.04075733036539634,0.04680141574180185,0.02791689000299017,0.1624477473020817,0.11948653772279651,0.06593184399624803,0.060072834732965756,0.05265442721010695,0.03955626019750979,0.12606728847646337,0.028180088724185298
1995-10,0.09048445428037322,0.05647933685329942,0.0645691780163952,0.09541032999835274,0.0819024488706674,0.037264852210455376,0.15220350334756994,0.09097084688966282,0.056174080962885196,0.05552075439261855,0.07599531413947339,0.03643771471849003,0.07216498568850367,0.03442219963125331
1995-11,0.09349746537788584,0.0524107244918535,0.061097170737373474,0.09218397890070111,0.07905760796375226,0.03539790661082477,0.15506071424643658,0.09832755820021745,0.053123220946020754,0.058185817967102496,0.0774979275120441,0.03478482572638478,0.07467780782729473,0.0346972734921082
1995-12,0.09347001984675059,0.05145380820659988,0.06173431544391571,0.09340829682240934,0.07942860902742106,0.03583500799060699,0.155636679365772,0.09694486175757808,0.05334822237429426,0.05793791346230846,0.07651727499247586,0.03476538132417353,0.07511387555598165,0.03440573382971258
1996-01,0.092753823177894,0.05173844383169683,0.06203726694393228,0.09498971737833735,0.07887074443905966,0.033917116803747226,0.15517807369217104,0.09788873724377707,0.051557235234034895,0.05929335929628535,0.07618800951503009,0.03462864737722881,0.0764543860277543,0.034504439039051066
1996-02,0.0911139020161842,0.051377356524138405,0.06159508323435126,0.09393872172725538,0.07983209085126731,0.031835654020231224,0.15887563932552337,0.10122703440045952,0.04955209478135415,0.05988025255053517,0.07455178404687841,0.034306919071319365,0.07671811815188471,0.0351953492986176
1996-03,0.12593582311864576,0.06187445214582563,0.038127620061476325,0.04102712990969483,0.04767943912942424,0.027610326507927413,0.1636817859612284,0.1201563661821728,0.06252770529358001,0.06244005640464995,0.055124786626155255,0.03879866762042505,0.12692831982932537,0.02808752120946899
1996-04,0.04973455791515073,0.017173183948761443,0.0290806098886384,0.08081247472604522,0.03573194336570663,0.030203967799910584,0.17354977281105774,0.07197281692847902,0.01785860428369751,0.039786286232621204,0.026021465043644422,0.019213257783487633,0.12732394459009858,0.28153711468270104
1996-05,0.04778878684554003,0.01799552208703525,0.029720594297292704,0.08782352511526473,0.03590107558847772,0.03219336778993532,0.17513968590138054,0.06768192631201406,0.01827212247401694,0.03910066684215376,0.025695786114234703,0.020086606432730015,0.12048346520701,0.2821168689929144
1996-06,0.05042040386468681,0.018454964081180115,0.030643785809581835,0.08832087499239467,0.03548875651255251,0.03539774297815528,0.1778717244346486,0.06803730092719566,0.01932968174292078,0.03887852281005886,0.025380974049846496,0.02050721864758098,0.11281614981916555,0.2784518993300317
1996-07,0.055073932893439315,0.018075398966571555,0.031259258669845975,0.08930379090523335,0.03560338502664805,0.03421346697221485,0.17876042675769008,0.06856884669966211,0.019830915650372826,0.041478769265676944,0.025959296839366455,0.020312388683270226,0.10889509541590844,0.27266502725409986
1996-08,0.05452605417112782,0.01674700694048914,0.030473854924130125,0.09367595977681596,0.033971077859904206,0.03069833981845679,0.16609483213592788,0.07441201786275538,0.018608429610275444,0.03930100678391464,0.0261001436500647,0.01891888349533971,0.11925814843389937,0.27721424453689886
1996-09,0.054037204515452346,0.016416733948188884,0.030588922984860552,0.09030444899228654,0.03431268370945572,0.031481196385602685,0.16465677569353515,0.07288610776752746,0.018342564396114744,0.03975125147513971,0.027003009195283888,0.017896104597567578,0.1198020642175392,0.28252093212144547
1996-10,0.05495883635860992,0.015906166665638502,0.031858300230613396,0.09666827598352051,0.0362590102327891,0.033847609293139944,0.15845114242513966,0.07214756051872735,0.018796924281710807,0.0415049268524249,0.0278559678537354,0.017958698944803845,0.11339426372953622,0.2803923166296105
1996-11,0.05447968471829309,0.015915525892787125,0.03215470996907807,0.10120146490260475,0.03791939173872662,0.03464699690678048,0.15896412133730328,0.07217780310168764,0.018045385886055504,0.041885769577490156,0.028883538470837977,0.01753937663009526,0.11576892721313783,0.2704173036551221
1996-12,0.06522988269238891,0.012544686190474663,0.03397975275326891,0.1870370327922431,0.045884003579721624,0.02769614327037182,0.0933138634122285,0.058141381293669,0.02433224192999581,0.0508128499591118,0.038463538204922695,0.03891965774508366,0.16304456829225925,0.16060039788426034
1997-01,0.06521316249885803,0.012743368367229658,0.03474730187129881,0.19780440040783112,0.045301095228197835,0.029959869420145793,0.09626039618838733,0.05624340975950278,0.023599024029551673,0.05018016638114467,0.0395413581878678,0.03830451620790278,0.1579788380548667,0.1521230933972151
1997-02,0.06805909740568247,0.013479273816309516,0.03684138114874103,0.2104544812649521,0.04695438187024039,0.031142612998992552,0.10186096527528034,0.05712343532401111,0.02250573748212688,0.05266531949195669,0.040744486007376256,0.0383613321638789,0.14219371066212955,0.13761378508832206
1997-03,0.09232915713061221,0.052645214857354204,0.06401270541929885,0.09540986363979882,0.0818589589084152,0.03485894654294706,0.14739613137735633,0.09680359301670773,0.050703573192034126,0.0614313810019863,0.07833944564029854,0.03525822721460124,0.07381927384850435,0.03513352821008508
1997-04,0.0947250864361569,0.053052285771396306,0.06528911376452455,0.09716924571691231,0.08480650376051313,0.03307517845980285,0.13665138869257484,0.09595482520305727,0.05415497611032329,0.06111871920593609,0.08016030855354878,0.035738307605172055,0.07181133900212958,0.0362927217179522
1997-05,0.13622811789395414,0.06864766964128045,0.04147146076935275,0.04456596474796456,0.054002648870390656,0.02787055781514728,0.13682922807168194,0.110900264932352,0.07121314628696455,0.06384618190958902,0.060091537030928455,0.04189188963108175,0.11567473571103119,0.026766596688281085
1997-06,0.0975397243231436,0.055494309341721476,0.0668329366093275,0.10089821234002815,0.08598134979610166,0.03443975415409127,0.12913015500647224,0.0932546653153875,0.05480815215440716,0.05958000845905678,0.07735335796532344,0.03578253777049866,0.07293647022971118,0.03596836653472945
1997-07,0.09589144973608739,0.05546787650919558,0.06753752485100226,0.09964887248031656,0.08537714392922427,0.034435726688427024,0.12983134027333912,0.09190789427154988,0.05508637652452351,0.060321053243174654,0.07792581736797517,0.03620819432655588,0.07432353267057669,0.03603719712805221
1997-08,0.09391346510749186,0.05550363914810725,0.06873171152652642,0.0983732467544999,0.08678242109620585,0.036415987729186985,0.12574298120409866,0.09190902798338138,0.055684311589828187,0.06071726199099645,0.07822205274724234,0.03635938028349793,0.07634756022263625,0.03529695261630046
1997-09,0.09049935661450595,0.0576890268983257,0.06780044094729756,0.101272849454737,0.0846401724463224,0.03807893157928401,0.1283542864688135,0.0915410463306338,0.05655297701474029,0.05730202658632303,0.07910616299209726,0.03689004030383857,0.0749657322712304,0.035306950091850614
1997-10,0.08864588622443763,0.058583499394956474,0.06602950346415956,0.10370671369959432,0.08085826414317442,0.03761907596340131,0.1298113970862755,0.09302572562763374,0.05713958793700783,0.05710709417718751,0.07986086660009019,0.03739133836473747,0.0749406992352319,0.035280348082112126
1997-11,0.08742554148174615,0.05852795828569983,0.06439183035361579,0.102941456275334,0.07835679881873793,0.03640382664150543,0.13566716712035073,0.09323848099936058,0.05580493918162404,0.05781874259106907,0.080689102672414,0.03756229486846478,0.07603205500826923,0.03513980570180841
1997-12,0.087874639765536,0.05475734911899397,0.06076732777176136,0.09856507970027234,0.07800404855756365,0.034473333643032816,0.14314186579603866,0.09788520829072278,0.057671593314275064,0.05798142418165804,0.07788043234448494,0.03608562960595229,0.08048969008085624,0.03442237782885174
1998-01,0.08824417731321318,0.05403777847181804,0.05916865052010411,0.09121503784670214,0.07763197560974486,0.03327372444690369,0.14706082306543383,0.10312178127152527,0.05633811287749272,0.057769609302001174,0.07902149210702375,0.03626380473263619,0.08251146953054402,0.03434156290485709
1998-02,0.08759151038116092,0.0535050062098764,0.05850076580294367,0.08532547912356653,0.07513707479053441,0.03333675669178562,0.15374676656220926,0.10485393720540291,0.05609705887020205,0.05931463755038679,0.07649220833958699,0.03633686340314831,0.08552386875182472,0.034238066317371404
1998-03,0.08632865787219596,0.05462975931222598,0.05947776891032683,0.08464647890550228,0.0761467319901726,0.03440055033915897,0.15265179901376252,0.10248936593521157,0.05716606010449582,0.059790447828867124,0.07721770246966513,0.037007651064916165,0.0838532353157578,0.034193790937741
1998-04,0.08590368494787419,0.055684112973085294,0.059606282285137764,0.08473944231658481,0.07581056511075072,0.0342103311448617,0.15102750119507882,0.10258839950575416,0.05783237676681388,0.05962353960743879,0.0771857774272595,0.03768885292284098,0.0835910773000434,0.03450805649647596
1998-05,0.12905643967921696,0.06935854633780911,0.04287869331792293,0.044517708138076345,0.05477623727704068,0.02974755353548597,0.13913373157138004,0.11053080479778625,0.07096934624612335,0.06499265389916781,0.06173011042874306,0.04280694929857277,0.11361429225235165,0.02588693322032302
1998-06,0.0843589776258389,0.056376003094421895,0.06020208234200665,0.0854917122554686,0.07719473870882566,0.03478205409056126,0.15063855977297091,0.10123978227306059,0.05756330323270961,0.05948356887061597,0.07829301593274836,0.037869606123934876,0.08223978649984585,0.034266809176990855
1998-07,0.08609530881003168,0.05733061670250564,0.056515443049625885,0.08033964498101606,0.07566197279854311,0.033906283090034774,0.15074544867717035,0.10551217567708762,0.059793087943008895,0.06022415540036394,0.07764645832964348,0.03668353685364947,0.08544104890113219,0.03410481878618698
1998-08,0.08557580023673245,0.05726729744545884,0.05632908630784974,0.07755515144115346,0.07262578565306439,0.035727363381431246,0.15455362500547784,0.10164946865397505,0.060913100352041644,0.06165033972868392,0.07953500703393927,0.03705969950327434,0.0853892297898025,0.03416904546711525
1998-09,0.1274917496437016,0.07450888994276622,0.04145125982725343,0.04481750382511331,0.0553405546535877,0.031207485199149322,0.13326877119137426,0.10574390763408585,0.07398854401430081,0.06728534143279612,0.05968598836870031,0.040935222298799194,0.11909863010161915,0.025176151866752726
1998-10,0.11506555696815453,0.06469468536236528,0.03538509000479928,0.04868713741913133,0.048461073789801135,0.029965389269910558,0.13957260103304617,0.12401688785371187,0.06866431637705633,0.07230842571879717,0.0497813034995814,0.03578909024006632,0.14247697065817538,0.02513147180540312
1998-11,0.11775187175376592,0.06017732953949957,0.03553300095503992,0.04931473558420862,0.04959906573600287,0.02858514678125361,0.14316961633505812,0.1294516825086994,0.06489080676771875,0.06872773762967502,0.04744708889072408,0.033688929526914664,0.1459177320988221,0.02574525589261714
1998-12,0.11816141190858008,0.062140695733641636,0.037941471591197234,0.048534987891585675,0.05171812363714297,0.030758051661419546,0.1421082597526623,0.12325823489100159,0.06665827284660775,0.07030494724737435,0.04938541627843072,0.035822752554584475,0.13738975838773201,0.025817615618039698
1999-01,0.07230732320331294,0.01284162993604684,0.03460868978425151,0.1838075266762567,0.04695847020151187,0.03136869926895619,0.1271925384820048,0.055297028899670746,0.023482075364868907,0.06265770924151852,0.04557940008664218,0.03626355697203367,0.15061043453054587,0.11702491735237937
1999-02,0.055647046821874366,0.01671388235929814,0.03202488886148591,0.09746565906084706,0.03754145299402279,0.039079603873774085,0.18097620027309663,0.07707700756690251,0.018044953959681566,0.04477765128581439,0.03153036920916941,0.01666652561660544,0.12338299531464787,0.22907176280277997
1999-03,0.05269629279858465,0.016829471422935574,0.033329460503367936,0.09272586468692273,0.039468615110017556,0.03983838307159588,0.18433645707011057,0.06696373283350424,0.01919603091960888,0.049538281710652644,0.0323927156948845,0.017237264623830875,0.11872462184837544,0.23672280770560855
1999-04,0.051756308933060526,0.016435904671328175,0.034037379735398623,0.10135221635436717,0.0409652851631991,0.038774510724662654,0.18582306868939402,0.0663656093090176,0.020034064541752786,0.05172677207564436,0.03511725651410618,0.017273494562489337,0.11041177452371069,0.2299263542018688
1999-05,0.048637959359262746,0.017391646124111912,0.03636031048898259,0.11212787194891005,0.04443600421005263,0.04071843926140368,0.18746143673648477,0.06431331994853537,0.020101476746853968,0.04887851195858547,0.0359648098755335,0.018191777908203255,0.10911952108171911,0.21629691435136103
1999-06,0.05125947737629292,0.01813562566631567,0.03839335951979381,0.11760044598850088,0.047369101320642294,0.04016443660409275,0.18955494468354722,0.07507486537750398,0.019536701745055295,0.0442770942528128,0.03550142998353898,0.01886943932377447,0.10153263402716703,0.20273044413096197
1999-07,0.052129872495568656,0.017992895906971708,0.03941594137128557,0.1169586547872289,0.046947810325256426,0.0439298984274632,0.19356462093887286,0.0825363395487379,0.021159461305627934,0.043815058565026065,0.03521556092821172,0.019217924574246256,0.09718723247742667,0.18992872834807614
1999-08,0.05139138918708257,0.018286687586266923,0.041316008855576944,0.11546230112259533,0.0462112025848696,0.04923471928924366,0.19589334318322474,0.07681369247438259,0.022308270237425976,0.04638043886065051,0.036041760561276996,0.018993689526049632,0.0997932293842617,0.18187326714709262
1999-09,0.04853884489313451,0.017535307029160566,0.041599579627446856,0.12718085738107848,0.04940220717165808,0.048929680728063155,0.17881702338092392,0.07785047908428464,0.020758126251915972,0.045573095427623694,0.03323576594607223,0.017985664505300616,0.10218850681555347,0.19040486175778384
1999-10,0.045550233696484754,0.01693916541895514,0.04199279786544292,0.12214859073291286,0.04607960470409406,0.05451811063059664,0.17271307210977996,0.07581644410222065,0.02063324950131948,0.04690845993142522,0.03086565447019641,0.017949332489887396,0.10640659544188322,0.2014786889048013
1999-11,0.04317236169297812,0.016669489505955728,0.04023572094825605,0.10789719835087648,0.044044285833351605,0.05132274157291278,0.1741323739768623,0.07130675145507452,0.021394450855989355,0.04714686742361197,0.030539035454582534,0.01754052637728989,0.1039687405720597,0.23062945598019896
1999-12,0.043705766660737465,0.01704805630780713,0.04147373863846463,0.10893410426993061,0.04604328802629782,0.056069934637913994,0.1833811867178756,0.06756525147761652,0.02194696432305166,0.0488294135190742,0.03369786812368292,0.018480640580664322,0.1041984316350095,0.2086253550818737
2000-01,0.042785165810849894,0.017612065892518083,0.04519910755035556,0.10886199947289044,0.04774683978215384,0.06618584553708586,0.1876816195286667,0.060075446300516526,0.024097628813043316,0.04497839602410818,0.03172265940459677,0.020910044197451894,0.10339486836403453,0.19874831332172843
2000-02,0.04236382665117349,0.0181457042913392,0.04579544240118051,0.11151064669827804,0.04831844849507635,0.0697980341019394,0.18119915994758604,0.06375802854932953,0.023662935046683566,0.047707884267310464,0.030013401640076563,0.0217155523196496,0.09605598865513232,0.1999549469352449
2000-03,0.0384539410162237,0.017579711996779455,0.04234019957340212,0.10186432994756406,0.04007594257233418,0.07674226954191013,0.17484247596861519,0.06419122592858557,0.022306009178569623,0.05044593974842731,0.02864421842466266,0.021747369163797204,0.10481612568301045,0.21595024125611834
2000-04,0.03748542419426685,0.01819304297285429,0.04392215258815922,0.10729495071042774,0.033648547418012945,0.08343151324922336,0.17672174397149967,0.061261234393509854,0.023119802038205996,0.04843162205282809,0.030359172476664396,0.022257295679629703,0.11310619470445493,0.20076730355026282
2000-05,0.03779351422587869,0.0181699682751584,0.04666954452550122,0.11441208721111899,0.035132048845089345,0.07601817955797742,0.17926080778096834,0.06506197496829767,0.02262378096771268,0.04959270607141846,0.030771523705422504,0.019831859943658683,0.10660574088823752,0.19805626303356022
2000-06,0.061974411031789356,0.013560664871376487,0.03911626794199158,0.185642528636805,0.042330673751548475,0.04275852046567462,0.15508171774237875,0.04803366285131985,0.02465123415232057,0.06195277802376378,0.04513165442703782,0.039618236384773284,0.13022345581927983,0.10992419389994056
2000-07,0.06363754602420324,0.012611537237439142,0.03752484411858196,0.16698283654750407,0.03767082649133178,0.04803849480944001,0.14869503799161116,0.050028551885413254,0.023753942472184635,0.06496000959606592,0.04684379608738178,0.04043392814859199,0.14886431606492326,0.10995433252532785
2000-08,0.06697554532200245,0.012042297670308701,0.03949787790857717,0.15016665189103925,0.036106401335883484,0.04998442276776462,0.1433515871184362,0.050238179865139516,0.02543276865302785,0.07323630820315126,0.04953686734429079,0.04145094723508794,0.15150486374474262,0.11047528094054834
2000-09,0.06983748815174015,0.012038860301009074,0.039952368083972505,0.17482818832208508,0.03587515929052332,0.04813549520383416,0.10701822019732465,0.059130719461105534,0.02216979416814805,0.069362763504618,0.056551298940476266,0.042869837047893544,0.15698660901032724,0.10524319831694245
2000-10,0.06307183579852325,0.011943649336135207,0.039060101829837025,0.1889297754566108,0.03273752639720121,0.04607831631605678,0.08971715829409148,0.07207954964818476,0.02300127803884035,0.06845858950111122,0.05993930210429362,0.042328258316010815,0.15924099250984,0.10341366645326355
2000-11,0.07145549251197861,0.012067499813476622,0.035242276394618924,0.1857561524389673,0.038450094618471556,0.03526537710740769,0.08136996310230789,0.07384706151033271,0.021226809394546783,0.07611821152613787,0.056605730999071416,0.03822298456611916,0.17098458164366317,0.1033877643729003
2000-12,0.08002424074673212,0.01207003818077147,0.03624091171383859,0.18113644881685373,0.04242651106141304,0.030928794963346894,0.06877584060631792,0.07737935614135243,0.022820030981684936,0.07969658981313402,0.05708470370319923,0.037241478644892814,0.17310835773761943,0.1010666968888435
2001-01,0.08135640172839231,0.011898959289607386,0.03820719579940748,0.1631339428250646,0.0449047937358512,0.024967314920523166,0.05636456747537636,0.0821246555818876,0.024108802273066887,0.07821169297877448,0.05875469971467159,0.035274700257026385,0.19885178353067873,0.10184048988967176
2001-02,0.08567043360291757,0.012292018323540262,0.03867037049203041,0.17011896598051002,0.04259793652873699,0.023528948066102794,0.06744426080339065,0.06765688839818985,0.024545743925268582,0.0690695803988582,0.0632289860911666,0.03345278994395656,0.20193954047621715,0.0997835369691143
2001-03,0.11289412990564095,0.06056830651368785,0.038599369005823427,0.049032532781767744,0.04661559617465953,0.03407355917918346,0.13706100972976867,0.12411523444495753,0.07091732387261562,0.07443501576735559,0.0507754175258582,0.03594548629025208,0.1400403003446233,0.02492671846380602
2001-04,0.11257117121287803,0.06529619270800657,0.03843048155280824,0.05265034973923806,0.04552932833807033,0.0255730303794081,0.11552977402969011,0.13850077266869656,0.07137562554352493,0.06675107197584204,0.04859059180815733,0.03314713568909537,0.16055529562130216,0.025499178733282175
2001-05,0.10622251802861386,0.06584086497523772,0.03823486181313908,0.05435815021528728,0.043901035864228034,0.02516964609868317,0.11382855400412877,0.1509688288765655,0.0726397370585005,0.06658191402455597,0.04946140878197071,0.034967877571906,0.15244260358965497,0.025381999097528498
2001-06,0.10797208117054288,0.06616806442958507,0.03959037346485863,0.05468793133315145,0.044785624695946824,0.026316970393671243,0.11434811913194494,0.15021050206620018,0.0742978466665756,0.06774984629585762,0.05017636311504989,0.03657295892550609,0.14215075802698715,0.024972560284122456
2001-07,0.10862850069167357,0.06842688287292308,0.03858120850058593,0.054179614041683165,0.045836828980413816,0.025050678977040202,0.10407011441467037,0.1403148228292075,0.07571628328021371,0.07312034292049359,0.05288835835775458,0.036681308278342185,0.15153683959505693,0.024968216259941486
2001-08,0.11103678090335896,0.07492261605396358,0.036667687427867204,0.04834522149353246,0.0461247730232006,0.024321724989100863,0.10633534681347556,0.13183309416625102,0.07703239337498348,0.068511958584508,0.0540590364237448,0.03568797123012623,0.15911717311503737,0.026004222400849847
2001-09,0.11467781043919785,0.0715991213851823,0.03727383427604208,0.04810409002921588,0.04786536021121242,0.022784067795432166,0.09815087930986215,0.12505175080624492,0.07785041208970814,0.0716433699874072,0.05399533208104862,0.032655113745436504,0.17190507574505015,0.026443782098959617
2001-10,0.13191701284709237,0.05213344595227508,0.031049624880159624,0.04653296011125317,0.04911294432037416,0.018416391224597102,0.08634789603769952,0.1272028792821512,0.06727160044810543,0.0744903319119615,0.0484141959765846,0.027985544188927524,0.20766448566043638,0.031460687158382385
2001-11,0.12866731157937428,0.050658844755815335,0.03024784277840313,0.047940522201699004,0.04928567963548934,0.01917312130234545,0.08272732165843093,0.12578647031418486,0.06976709880903302,0.07749722779758252,0.049218102153191064,0.027684654114566762,0.2106380186388957,0.03070778426098877
2001-12,0.13297001716887638,0.053056825705078234,0.032100547546736274,0.04503133945553169,0.05272052855313254,0.0213598205321994,0.07844737569435586,0.12091606874578778,0.07205951412874771,0.0775602686639999,0.05083709097817881,0.029198806085800506,0.20459519764392173,0.029146599097653315
2002-01,0.13505691285479926,0.056498088755711856,0.034580001514696465,0.0452907256919517,0.05421087832155361,0.022419939360747716,0.08178993885953059,0.11688419099655506,0.07625880798061503,0.07821661104139083,0.0525074309012145,0.03018803566873329,0.1870051139656345,0.029093324086865737
2002-02,0.13709604710497358,0.05621822360548074,0.034445121610175,0.04528683646164532,0.05176764354632322,0.022121888101339165,0.07914357193232699,0.11919103350154053,0.07829326657810405,0.07425693268710772,0.05335004649471823,0.030279168994259247,0.18906165576940293,0.02948856361260347
2002-03,0.0860073223900379,0.05509955769813194,0.05484127638236181,0.07789488043071727,0.06785541359611919,0.0363399527410055,0.13845017132296114,0.11250971452958014,0.06317864133955292,0.06645746553224224,0.07265670676237265,0.03364975590325654,0.10019672052691692,0.03486242084474407
2002-04,0.08504594510713465,0.05628491613103566,0.0560794006300677,0.07963642329995729,0.06831094381927279,0.036323635895215936,0.13669892503319875,0.11388472602176268,0.0624118951356998,0.06510707870476987,0.07275757521110232,0.03480186608072285,0.09739260627904564,0.0352640626510141
2002-05,0.09049517468021306,0.057782553168225066,0.057043394237958185,0.08007066496236408,0.07020285241150377,0.03387719050768726,0.12018294790524646,0.12098355188653821,0.06355307488522476,0.06259003992940193,0.0748893656824493,0.03302203406387989,0.09976675516279784,0.03554040051651016
2002-06,0.0948139445423425,0.060715672495815165,0.0585369498449472,0.07968456270683667,0.07274248584439562,0.03234422732843485,0.11440946754665209,0.11540266072495488,0.06412927019793829,0.06005702640658329,0.07684397568309485,0.03212694924277485,0.1022207552993713,0.03597205213585858
2002-07,0.10075452392330543,0.059349503367823984,0.058657302178661656,0.08165990606881557,0.07662046674128167,0.030417108146257248,0.10419477731180939,0.10319852855684962,0.06553539403834771,0.05826006451446893,0.07896139195140957,0.031425537534635464,0.11418703712857262,0.036778458537760995
2002-08,0.09984419379879851,0.05817322588419947,0.06058678272539118,0.08065958235917009,0.08211076761995334,0.03015390051614893,0.08626320529235339,0.0851497934593807,0.06448583188899815,0.05616017734421317,0.08349950762627409,0.031370672994090465,0.14452126642601495,0.037021092065013535
2002-09,0.08830515059357082,0.014116871970214839,0.0373991688979681,0.1662442377350621,0.04462196440269779,0.01838538666740358,0.04612408130037094,0.07064501553112712,0.0255981562079518,0.0631452012857818,0.059848420048985995,0.032780711204056664,0.22813103800762746,0.10465459614718094
2002-10,0.08283940799508628,0.013785780549516728,0.03434423322879435,0.1533751442001973,0.04420347533840009,0.016778067811321424,0.04616221725118908,0.06016210559432896,0.026313981077719543,0.05970943144224959,0.05492243595432752,0.029940930155056545,0.2666430506182087,0.110819738783604
2002-11,0.08151552586878498,0.01320243934495608,0.03326192800064435,0.1556059808283298,0.04470636656800554,0.017497844365716997,0.05366257117590169,0.05108277065184222,0.026071044028327547,0.06359168346537092,0.053833115753243434,0.028832671784315686,0.2658403880900024,0.11129567007455823
2002-12,0.08131589497779873,0.012251195730750522,0.034109685865564954,0.1572014890997924,0.042856272690157945,0.019545316216840244,0.06286101786050222,0.05229210563491482,0.02445167089675152,0.06564295227106927,0.056935555922267754,0.028976845093625487,0.2529005400286381,0.10865945771132599
2003-01,0.07891630723805033,0.012608308525046564,0.033827692723976975,0.16304409234389408,0.04330941523318325,0.019021005136092055,0.06065019693884367,0.05488599303047028,0.023182584066656874,0.06210532681416322,0.05511807387165162,0.028598797693343336,0.25227771049729253,0.11245449588733539
2003-02,0.07810347803138575,0.01276029063811469,0.03341294589342342,0.1539450219723366,0.04208365765583106,0.0190869004990314,0.06023509631467224,0.058370491940064315,0.022074109367569292,0.061927253161278686,0.05547008005481783,0.027899836402011362,0.252160117195618,0.12247072087384553
2003-03,0.07054757695467194,0.012676092511845732,0.032006117944037196,0.15531025299558263,0.04080932964974833,0.019179977400922837,0.04940885664266228,0.051812197319257486,0.02194841966560683,0.05880353586361176,0.05027370611798712,0.026123428446854738,0.2830321560389055,0.12806835244830556
2003-04,0.06644899581149852,0.011911249303730173,0.031403692682299776,0.16001331823202822,0.04147438298497484,0.019837338321984616,0.04690775030813275,0.053321385487768325,0.022979159022650634,0.06053553443396845,0.05014035145565635,0.027880843690288308,0.28870283166525795,0.11844316659976117
2003-05,0.06759226100021486,0.011903557568368741,0.031372319112056464,0.1632491180313231,0.043976131928136715,0.01894798360260705,0.04774842468342629,0.055798402693264436,0.023769837375598072,0.06319994702578377,0.054565784530735434,0.029794168777720554,0.2761858156133794,0.11189624805738517
2003-06,0.1466153382024416,0.05707265214281182,0.03569095349504787,0.045581807805361085,0.05665214031996644,0.018788445818984957,0.059209364978038664,0.10145710571693503,0.08075868958809336,0.07109651352940285,0.05093414933520195,0.028997371631249103,0.2149573037470023,0.03218816368946297
2003-07,0.14564572362690745,0.05739407513777552,0.036580097405062295,0.04620889094230925,0.055106903191669096,0.01908254307085831,0.06043373034563374,0.10426053217787014,0.07955425298611966,0.07144578339612054,0.05115510201181299,0.02970366502946832,0.21160958001623054,0.03181912066216223
2003-08,0.09996100793080331,0.05550631767490232,0.05666164975914081,0.07788304174858378,0.08385629995464579,0.029570201628585535,0.08179570933035316,0.08562128875868616,0.06254847807481463,0.06012457336893904,0.08450985570245544,0.031739120511731174,0.15336918600323166,0.03685326955312729
2003-09,0.09865962760537662,0.059110345893667836,0.059988379941511384,0.08046582766329724,0.08640941689851535,0.02994761673565848,0.08015499653597957,0.08466878714764457,0.06522530514602015,0.05866403528347966,0.08485172138432721,0.032487632757568295,0.14202371210767809,0.0373425948992756
2003-10,0.09934920440850473,0.05991724486430832,0.059989588470864226,0.07965133028005111,0.08654169600253843,0.030589841621454714,0.07881935378405484,0.08606834725078581,0.06516469967213621,0.058558307922089416,0.08509554641257969,0.032735544600327876,0.14064702070909496,0.036872274001209654
2003-11,0.10077044259765265,0.05965959670919711,0.06044851406074015,0.07968760957024035,0.0864304647579119,0.03098816183349976,0.07687515603163834,0.08704966175005904,0.0659621605636813,0.05651731290232448,0.0864426194460515,0.03255813667296852,0.13972230425668783,0.03688785884734724
2003-12,0.10339015187711416,0.060016502919454616,0.06275093969850892,0.07715907094060766,0.08667275373108269,0.031108982470599282,0.07618537171528013,0.08547400427536038,0.06614765090472104,0.05621179472818067,0.0867250791298379,0.03264859399152444,0.1386182273382241,0.03689087627950422
2004-01,0.10342594795992671,0.06173385446650367,0.06373181967014212,0.07929943724837273,0.08771252350786206,0.030477603910275868,0.07656650440682736,0.08639616198799267,0.0630958586396057,0.05620462538826618,0.08608734087200545,0.03283180306898413,0.13590304908535325,0.03653346978788219
2004-02,0.10132341647142377,0.06282343206534463,0.06405904113703104,0.0801975805009222,0.08629800101885919,0.031125124093211075,0.07882392910579426,0.086715141292387,0.06192729840036845,0.05636570929356493,0.08642271499759993,0.03306592486848042,0.13432366509481258,0.03652902166020069
2004-03,0.10288146278612946,0.06001294580397858,0.06251351106319755,0.08031661549914583,0.08707848064535895,0.03032523898471503,0.0762537353798438,0.08722175762743148,0.06341166349819088,0.05708612849872294,0.08717143785130224,0.032806499454757665,0.1365251575523957,0.03639536535482998
2004-04,0.1033482349310262,0.058144743731649164,0.06099027845689263,0.0817976666132232,0.08649127887418238,0.02899851399681702,0.07389277952069583,0.08923348999927234,0.0640895835793719,0.05469869697554609,0.08710821530390686,0.03206915564763768,0.1429781877778649,0.03615917459191381
2004-05,0.04260064587282036,0.016430244738880752,0.04903820522966436,0.14621923081576943,0.03627724367607067,0.06228543647187181,0.11363097044504,0.07234220318726821,0.02035679800589463,0.05368885276942054,0.03192905729855225,0.018438112822878536,0.10480836060432047,0.2319546380615481
2004-06,0.043679250012341075,0.016651885493204416,0.049149690981394004,0.15580526270883363,0.03819265193021621,0.061890836934902584,0.10902098913063824,0.0713521407710849,0.020628124668441883,0.05667262330390821,0.032195981063262887,0.01900608500841314,0.10116210540979324,0.22459237258356554
2004-07,0.042890433247982904,0.017127842241454968,0.051469566868757886,0.15978255883360554,0.03886711911569898,0.06262951931199727,0.10612155483736592,0.07318734805819907,0.020678580237742175,0.05507576968210005,0.03212384810267835,0.019287344456682017,0.09745420362464033,0.22330431138109466
2004-08,0.04099972906312774,0.01651858989927182,0.05090046947123273,0.16816725798062418,0.03809582287848262,0.057182615418177325,0.10095617143370159,0.07555525284757571,0.019429526230716896,0.050346822852519575,0.031099585340331994,0.01918977580243953,0.1053760591229046,0.22618232165889374
2004-09,0.03852512979011519,0.01583157458451426,0.0492920421404678,0.16267397147043441,0.03795406562143499,0.05339343984939813,0.10341268575854466,0.07984369690914854,0.01878440277296091,0.048363250272668856,0.03131303696736325,0.018448109764887005,0.11328820385868903,0.22887639023937306
2004-10,0.06789989408075264,0.012162737265798092,0.032448194279974384,0.17108868598815422,0.04307518193827443,0.019000525612036384,0.04884603043294375,0.059064542677139724,0.023117217305100673,0.06134115518412332,0.0551816607822081,0.03021397815954015,0.2669543638436017,0.10960583245035241
2004-11,0.0653027954245493,0.011812543306435897,0.03184575167675497,0.1798782975172609,0.04158522226057374,0.019895008267376196,0.050513819586961495,0.06109619396133072,0.023378481933228883,0.054558894822321055,0.052751243064516194,0.030450703135231863,0.2650525237376245,0.11187852130583421
2004-12,0.06963419391598896,0.011766366342312875,0.032872661362064244,0.18211929240569202,0.041905091716917225,0.020080399464766994,0.05082572464353378,0.06471117068203645,0.024216380463947883,0.05287015410670034,0.054355656371814665,0.0313127249379171,0.2506932561986232,0.11263692738768441
2005-01,0.07222746035545405,0.011786696173572777,0.033493134739948464,0.18101725619551834,0.043771806909065195,0.020274002832951686,0.05220820518168495,0.06476543503680529,0.023578129565866898,0.05448484887253553,0.055975867549749106,0.03244121570737982,0.24338551840026793,0.11059042247919984
2005-02,0.07384515965311142,0.0118206213157518,0.032661530515300456,0.17960911579022876,0.04412947070529414,0.019530148689815667,0.05177783774563828,0.0661440203287343,0.024299234178328848,0.05445992903856159,0.055465912226342326,0.032301344043265665,0.24883913056737184,0.10511654520225476
2005-03,0.07168649001331345,0.012202968575457131,0.034020262659183856,0.19456007765232286,0.04485355264919626,0.01954126094497376,0.04945070907775542,0.06920643696019246,0.02467906937989611,0.052825948593514936,0.05311917019464694,0.03228650917999143,0.2417958849402956,0.09977165917925968
2005-04,0.03762912095667912,0.015811983175229003,0.049722764693594164,0.17190982338090666,0.03827156210274988,0.05224129736067943,0.10149276356298702,0.08263478124354771,0.019179029341328546,0.047782833115726946,0.03149781736079493,0.019208115903673717,0.11299669216109429,0.21962141564100854
2005-05,0.06967870965729758,0.012116370020257953,0.03531630028012415,0.20666699965889707,0.046342380836149666,0.01993516583952446,0.04972316632685007,0.07065900037825965,0.025563007515822127,0.0536952196728597,0.050765304422106056,0.032928966421350736,0.2237293757138396,0.10288003325666105
2005-06,0.15042188247339108,0.0606861709727929,0.040301181821067546,0.047093734501338136,0.05779779129946508,0.020464533607190635,0.06073442163375074,0.10347518590832229,0.0872331571867312,0.0731196635878267,0.055018706345168276,0.03126576500397329,0.18013156034715486,0.03225624531182728
2005-07,0.14698063120395113,0.062158820121469484,0.04013238833948766,0.04977632989705873,0.05540958355315826,0.020366497846327023,0.06029347906198055,0.10734716765533936,0.08913876831355101,0.07099226405829814,0.05508987791061149,0.030907527428076745,0.17963708082172733,0.03176958378896327
2005-08,0.07161969309539606,0.011873556311076991,0.03472627020931008,0.19541393006706678,0.044851026677288845,0.020267448905404075,0.048390145435681556,0.07278640111012653,0.025850829556641565,0.05557166230023713,0.05266842513458506,0.032663057883194443,0.2333246729306424,0.0999928803833485
2005-09,0.0709396121881979,0.0119528954848473,0.03566400178204183,0.2011436466375082,0.04432712072116776,0.020588342754740658,0.04911714551115654,0.07215716481399775,0.02537153434710166,0.055616285492139275,0.05125746040388679,0.032458658095606704,0.22691497991144577,0.10249115185616192
2005-10,0.06811014929690402,0.012229737894294818,0.035783704228081914,0.2072925742614394,0.042402778424505815,0.021098192241509717,0.04744129929679788,0.07521233318929058,0.024540258971633436,0.05462018019671538,0.04958423567966135,0.032158682131444176,0.2260020037932242,0.10352387039449742
2005-11,0.07162698986897811,0.011676538540339787,0.036450940075817756,0.18907606270559593,0.04366654623053684,0.02185410478757355,0.046683687711545435,0.07249570931308706,0.025697221967019783,0.054033845500334264,0.052949166596629016,0.03381113592531222,0.2247749759730484,0.11520307480418158
2005-12,0.03743479656388747,0.014150234897910093,0.047528637552640626,0.16269690533547845,0.03700893581446725,0.05099653157333043,0.09894584776815105,0.08693384594452225,0.01914242428966675,0.05056955402177995,0.031034633096901482,0.019262739297877925,0.12227494328452986,0.22201997055885647
2006-01,0.0367412151115903,0.014168105789772307,0.048731443214923585,0.16073216067003482,0.03723109441531493,0.05032683063882998,0.09615221028032007,0.08790728751695208,0.019086254475073314,0.0499430056455463,0.030896149144353003,0.01943180247577252,0.1213581707462636,0.2272942698752531
2006-02,0.03602034347259086,0.014596933828974045,0.04883855936626375,0.16060099178708667,0.03689525819588803,0.049449383302693765,0.09345165256264797,0.08771886838317074,0.0188424411713803,0.04994852599221518,0.030517240218524918,0.01954170908028648,0.1210889176514043,0.23248917498687313
2006-03,0.035727129138130725,0.014833485819514913,0.0513047764164811,0.15501332494250922,0.037746499740043245,0.04883312145040105,0.09843073000540059,0.08575583212219344,0.019119808326898666,0.04994449364163479,0.03061829519513815,0.019561451887736968,0.11681669050288283,0.23629436081103444
2006-04,0.10409798182396025,0.05822671788695841,0.06409163524240677,0.08742958047976669,0.08949163488260393,0.02935036158109329,0.0736031302087345,0.08998695570669836,0.06421604559489104,0.054990569374859403,0.08536425948392425,0.033273537997009786,0.129439110377082,0.03643847936001135
2006-05,0.03670019540983316,0.014890886230984252,0.053331966385679976,0.15327766914322752,0.03782464034621209,0.04933555594925582,0.10122644328290646,0.08319143116127328,0.019565413375577503,0.04971341348780576,0.031085027617223704,0.020057073523900196,0.1119691214545196,0.23783116263160065
2006-06,0.037145276818209026,0.015084892548439328,0.05267224189693039,0.14603381378291608,0.037400395406765825,0.04589539098482649,0.1003372199342286,0.08331073375120115,0.01916299196272656,0.047862135955695606,0.030560092057600186,0.019745831145619355,0.10864874877792613,0.2561402349769153
2006-07,0.03907646023034255,0.015103347703108385,0.050982779366920784,0.14456497280728403,0.03738489157486802,0.04578282014253803,0.1114881669619746,0.09405822855701174,0.01938965233354041,0.0504489691133389,0.031104544148963596,0.01971186712795735,0.11491469481087638,0.2259886051212753
2006-08,0.040019781320242094,0.015406985143026155,0.048310530462314094,0.147355070400443,0.03728389891205818,0.04316291318622088,0.10754434680852984,0.09673612746086473,0.019027774897260714,0.05006372571298483,0.031005388013186152,0.019390273529918428,0.11602340817553267,0.22866977597741833
2006-09,0.14534217260773435,0.06350950817773456,0.04104504611124654,0.052243308143669474,0.05446990581367373,0.020347557841244934,0.06055972208067876,0.11399798830519188,0.09126728947920913,0.07048936028907567,0.05643467818755277,0.030900853576034594,0.1674180378981802,0.03197457148877352
2006-10,0.14106308909845094,0.06471808457722794,0.04138268669446203,0.04652819291277819,0.05599070516573981,0.021806125520910775,0.06309440578645076,0.10948695944598193,0.09350736498347909,0.07119300834253238,0.05719281118783173,0.03186283879871514,0.17113375571013528,0.031039971775304064
2006-11,0.13646336755687688,0.06613185788958564,0.04275319141426039,0.046805217298660357,0.05684205141727504,0.022269851094811107,0.06483145669086963,0.11078303253538552,0.0940731571914036,0.07112238435498287,0.05756119754643576,0.032854908043706374,0.16724643663491318,0.030261890330833634
2006-12,0.13928929832890288,0.06695226003190154,0.04271115556925907,0.04793439356633738,0.05735126410836882,0.021795662685667114,0.06457384352677448,0.11294466276640969,0.09278761253649465,0.06909772671011369,0.05683282530100327,0.0325904326604364,0.16505024310653782,0.030088619101793123
2007-01,0.14063470574745046,0.06416422027755822,0.043153567845766315,0.04956060678641231,0.0568551118166459,0.021542676399460836,0.06619980663762366,0.11555987437393074,0.09141960217978136,0.06789045069204143,0.05725026378517854,0.03304617330601557,0.16287283333156616,0.029850106820568597
2007-02,0.1416764936849057,0.06571031441401189,0.04347348796426282,0.04551183445155777,0.058083137377712896,0.02201296655591326,0.06831200973694956,0.11193720664019882,0.09308138125961564,0.0701507198208396,0.05793214975630131,0.03389033755264914,0.15755423241214114,0.030673728372940547
2007-03,0.14017198133335432,0.0665834915481894,0.04471335780719034,0.045828418581622656,0.05866635971609943,0.02142300660949365,0.06732811020819174,0.11645027794995984,0.09401267602537117,0.06884090980630557,0.05720426976289591,0.0334622433320011,0.15432087826991614,0.030994019049408787
2007-04,0.1398432068308368,0.06328115284448838,0.04478216568481709,0.045801476785858525,0.05826864440003386,0.02109782924201295,0.06667725373989816,0.12305633946601674,0.09203284243265493,0.06542960202811691,0.054458437576035156,0.03249316240253319,0.16229649155330297,0.030481395013394384
2007-05,0.1046079145024711,0.05923453532728962,0.06684592451551322,0.09065173177438837,0.09016580211587073,0.028886616897308613,0.07486884762230527,0.09053919343542025,0.06378176730496916,0.05279605520459076,0.08597346682621301,0.033368625529088244,0.12163590670615497,0.036643612238416584
2007-06,0.04058549320832453,0.015767085938556833,0.04742080001151653,0.14609826980836543,0.03777671761779342,0.04378943896096895,0.11178664952714033,0.10093186563150017,0.018866824432631834,0.05078268656336993,0.03096230092505278,0.018989450396227427,0.11764324771582634,0.21859916926272546
2007-07,0.04143473802263854,0.016424718772866467,0.04952543581984112,0.15521908730704567,0.03875851733891324,0.045114766212554884,0.11430038179411427,0.09270255491102491,0.01944294489643676,0.04983053375976183,0.031054974073232634,0.019743847724499563,0.11097482453507912,0.21547267483199095
2007-08,0.04082392756623568,0.01666568296379612,0.05058509351745099,0.1577182406346502,0.03945226757711966,0.04590870038855773,0.11305352357708498,0.0910736983655582,0.01904289874166253,0.04851015328189908,0.029524667496970074,0.020169921325059365,0.1131391749735579,0.21433204959039762
2007-09,0.07177061831167776,0.011455321091689985,0.038717792475682945,0.19026841862783064,0.04572075088740652,0.022394959702351898,0.04869197339732208,0.07077376977461419,0.02620869751591933,0.05305790652713973,0.05535966277476392,0.03521348542247306,0.2135775436589039,0.1167890998322241
2007-10,0.07037868945439517,0.011549335455021828,0.03893091534497862,0.19342772567367775,0.04661574075220934,0.022800818392814677,0.04825263109115638,0.07035695392783498,0.025777963624487765,0.053078624665991295,0.05358217372783686,0.035232906265888986,0.2122092036961743,0.11780631792753186
2007-11,0.07060754098757102,0.011633007003163161,0.039694151953195,0.19544436151551434,0.048228591502644295,0.023371383751771873,0.04758395829535434,0.07109727109866756,0.025395726898583024,0.05305851810862084,0.052609251740228555,0.03590703606370433,0.20600632966870672,0.11936287141227492
2007-12,0.06970244834982398,0.011234580427790844,0.03739491628348333,0.17866220870464788,0.0483067225422471,0.023438267513789173,0.04234026666695698,0.07378451390606229,0.024687164363374165,0.05192127918058434,0.04527744610479882,0.034200948742850075,0.23108444617446153,0.12796479103912956
2008-01,0.0707525321955004,0.011329746834232074,0.03782582962732695,0.18199222312620106,0.05009298341733933,0.023531118780353154,0.04216718652366608,0.07507938270808637,0.024765947376779566,0.051507902005364786,0.044124804174187036,0.0333777502028651,0.22957430434174914,0.12387828868634874
2008-02,0.06680650530096034,0.01116008029206162,0.034441323763431834,0.1645054583173392,0.046924442207236405,0.022229384948793503,0.03908117838670617,0.0703813535256024,0.02396365321576654,0.050508072043956055,0.04083448093392585,0.03135358145496146,0.25904445331923975,0.13876603229001877
2008-03,0.06488975724491897,0.011287086841729467,0.03521291786698921,0.16590222210470293,0.047484156680038386,0.02122541355420268,0.03815110966045535,0.0669228982662671,0.02475880868470417,0.04822589624236475,0.040203403966031566,0.032120932077714416,0.26041835122875157,0.14319704558112947
2008-04,0.06347839818431698,0.01121698438023092,0.034473730474557845,0.16320168479617828,0.04746375200220532,0.021496754788773796,0.036909358605728255,0.06375848537464204,0.02455372843197963,0.046339271870620806,0.03608221528495374,0.03139175495068815,0.27299265722033744,0.14664122363478682
2008-05,0.06391829832882578,0.011183968515399946,0.03592135728524487,0.17417229740026072,0.049764194531071775,0.02193703437412078,0.03762706757536329,0.06695971895544542,0.025240615977758365,0.04625253153911119,0.036672035186518695,0.031505399409630874,0.26127456555755224,0.13757091536369612
2008-06,0.06348167471919866,0.011262443387382132,0.03720321903338113,0.1861861856298456,0.04883388749737052,0.022632352211446594,0.03987490310708404,0.06914460358160543,0.025412883398116433,0.04531975636624395,0.03624912312960056,0.031119467984026573,0.24909962507297959,0.1341798748817188
2008-07,0.06305161756026786,0.011273398828623112,0.03666531933342477,0.1890158070224562,0.05031775266222377,0.02357832756358274,0.038808250285703345,0.07231894521420118,0.026161531349487715,0.04632312532661457,0.03264594490413276,0.03062016702512276,0.24351677177295733,0.13570304115120208
2008-08,0.06259129371530926,0.010675566694027574,0.03425729890907747,0.16306976949227123,0.04983860206074697,0.023556719504146666,0.03685140077469367,0.06987918365365475,0.02614984561371124,0.05180989853735872,0.030635699056313692,0.029669571255475556,0.26229367664325914,0.148721474089954
2008-09,0.06729815770373587,0.01013089048649553,0.034470119839876065,0.15279438369717904,0.05202136239874729,0.02380669583183051,0.03656687706853317,0.06621278277731396,0.027031746218388292,0.055073114812682525,0.03207797261822628,0.03003825657341621,0.27371298111806447,0.13876465885551087
2008-10,0.0678370906580895,0.010153788687947479,0.031594601842834844,0.13960882305926411,0.05092090830787396,0.02222372906371101,0.035162613131463925,0.06160932903682903,0.027897416854653485,0.05314632321718203,0.03269718223132495,0.029346273912808734,0.29704646247935135,0.14075545751666557
2008-11,0.14711727128519037,0.05759063056695218,0.042822683859698375,0.046340080113314835,0.05837370556226831,0.021036439889254237,0.062226405623819904,0.12133905055298522,0.09348331493690006,0.06829157422540998,0.049802306144557204,0.031538394642050056,0.16822544555560628,0.031812697041993
2008-12,0.13957104702867953,0.04139987092129875,0.03716884263170978,0.051092475725562546,0.05651190102457441,0.020051100226713033,0.06111943821712796,0.13505850949717255,0.08839112982128965,0.0691080946779751,0.038570976016821266,0.028317064501303408,0.2027361871018458,0.030903362607926376
2009-01,0.13635849304142825,0.041296233252538124,0.03617588167319395,0.049063437548142456,0.050796780482358146,0.019086674205589783,0.06271719884691233,0.13073340045150228,0.09034950645863482,0.06701152618368494,0.03633721207139866,0.027272774893214006,0.22129611026008747,0.031504770631314856
2009-02,0.13837159017597925,0.040739895142217805,0.03731825547373785,0.05035690203330106,0.04958930423124228,0.019502192392379096,0.06110137252692117,0.13702573876594315,0.08978266441163182,0.06994282400194259,0.031219213865790553,0.025938341684805577,0.21557246600958258,0.03353923928452522
2009-03,0.1388768629779118,0.03682143818639008,0.03350132541587876,0.04940374124129221,0.0451999095152584,0.02106369714599872,0.056433167927841414,0.137208378900072,0.09554051464951668,0.07825091756494457,0.02699804931816681,0.023395446227012645,0.21460998630819988,0.04269656462151614
2009-04,0.14242576888228614,0.03551212257320629,0.030532089750744954,0.046702850372480516,0.04449314141530631,0.022355793132047934,0.06105213203146127,0.105896930297438,0.10570921362031936,0.07160041915660612,0.026252254615819117,0.022967198725303603,0.24021644126474676,0.04428364416223362
2009-05,0.1464573302147795,0.036814525748702843,0.032894476344949096,0.04678147329802236,0.0468163422136197,0.023446635622951552,0.0635447466894717,0.10646022102299371,0.11035090460603661,0.0712337093292445,0.028473762959372685,0.02474835632111223,0.22127783474472856,0.040699680884015044
2009-06,0.15363033361152983,0.03861379035593099,0.034906022318043406,0.04840448013746827,0.04899057049243108,0.023311729377519227,0.06441719947904971,0.10861643963268429,0.11019775817022966,0.07221571078017472,0.030154280999582905,0.025329793152756446,0.20109881526998422,0.040113076222615146
2009-07,0.15893413892020025,0.039872130506295296,0.03622115751848648,0.049417558140342176,0.049527352629167735,0.024705311462159627,0.06354959391306704,0.11490869082085453,0.10971507980601428,0.07448926297208668,0.0302244352641882,0.02543889860528417,0.18194249084195682,0.04105389859989677
2009-08,0.15876275526880793,0.040831221154105465,0.035260507457359924,0.04580733009862197,0.05075395341898188,0.025328218022723614,0.06297657335299181,0.11623039637207108,0.10603743172893641,0.07653956913855531,0.030034150128286245,0.025309136805062585,0.1853208710380943,0.04080788601540147
2009-09,0.10845946814938297,0.056381168919396915,0.06591830870953394,0.09139489514572689,0.09109318723408234,0.029582018047802604,0.07258488283382192,0.08881147948909009,0.0641262183920071,0.05472602570264694,0.07951742710503437,0.03234543890969258,0.12816098591841865,0.03689849544336276
2009-10,0.10881198357289461,0.055733623421134026,0.0671996551354834,0.0914436408567534,0.09222933624496664,0.029494186158291316,0.07341966640461581,0.08738828324652782,0.06396818065691497,0.0542008754757698,0.07965525244096824,0.032600568632875304,0.12725187378228361,0.036602873970521206
2009-11,0.040253577862833644,0.014569351718101288,0.045371752640014966,0.1400112751506512,0.03969793995901655,0.046058090137470774,0.09511729747148946,0.08404695055827872,0.018230370623705416,0.048408940759473246,0.025462017105448886,0.0188539239047008,0.1394453811191174,0.24447313098969772
2009-12,0.039968655927088384,0.015127635964362349,0.045160387241602463,0.13765040429646652,0.04086722710919067,0.045709280741578,0.09533999199962095,0.08168460056939386,0.018250104147837003,0.04843767061992285,0.024554437283067672,0.018667067740204744,0.13633398577458009,0.2522485505850845
2010-01,0.04050157657718681,0.015634257404931465,0.04629478592278338,0.1321624634662081,0.04098681629410439,0.046177395161363134,0.10107970850057961,0.08780197908027865,0.018366709970645847,0.049939980177258834,0.024202914357337298,0.018787848496477414,0.1303066188374828,0.24775694575336232
2010-02,0.04037122198838832,0.016592497916506924,0.047934950639127054,0.1372653829521616,0.040990586754008934,0.04664814342164805,0.09919016254579446,0.08737835484195915,0.01804918730781703,0.051153401173682576,0.024891753850717846,0.01893569497396012,0.12492067411787455,0.2456779875163534
2010-03,0.040818982000633254,0.016418743956566124,0.047334347644630854,0.1346117254708451,0.04209460738875671,0.045990427183879204,0.09766239617783158,0.0827394210468768,0.018152290409304026,0.051400426016899176,0.02414595557537664,0.018917268927560675,0.12953878031622257,0.25017462788461714
2010-04,0.04122761964031391,0.017255201088712455,0.049662606571338044,0.1370418103005357,0.04244050590191978,0.04665331087939772,0.1021501844443092,0.0824555905742243,0.018129516997646197,0.05116232165805037,0.024783980097569207,0.019333102144329796,0.12155717848492684,0.24614707121672652
2010-05,0.040801794120896476,0.017982565145184613,0.051324488217531904,0.13946620255768308,0.042252233957436255,0.0470384783396037,0.1051264871681211,0.08239640322188002,0.018563619028708477,0.04938181564805597,0.025586616352431445,0.019877443293940974,0.1159111736244452,0.24429067932408088
2010-06,0.03859085287889379,0.01679564286421489,0.047953577846735665,0.12501568280100894,0.039784871626157146,0.04455147348696275,0.10002610439159819,0.07841059074579922,0.017771389635753178,0.04551850821939089,0.023195896688352445,0.01861385880937116,0.13533261437567048,0.2684389356300913
2010-07,0.03796164811883432,0.0161641486027564,0.04470165273331728,0.11773826292483726,0.038502888950842085,0.043343260056563096,0.09931382968500621,0.07785270771892944,0.01716379786061588,0.043727110814882446,0.02193025115392209,0.01809018939945061,0.14801001589988852,0.27550023608015445
2010-08,0.11044907826965687,0.056810906763561125,0.06754352544085969,0.09194766965440766,0.09379120835786889,0.029339580350935618,0.07284283654496648,0.08670049358341242,0.06395580525928286,0.052936839929686536,0.0779647981087087,0.0321273787922578,0.12644777178715083,0.03714210715724442
2010-09,0.159311087662586,0.04307322434602637,0.036841849506025814,0.04515348212067944,0.051876139501164216,0.025131303680225904,0.06413886631576195,0.1157014280352001,0.10681857719195155,0.07571689077724868,0.030995825434989854,0.02655663666806565,0.1788473393836513,0.03983734937642302
2010-10,0.1604144332893216,0.04254352757171785,0.03698219426162492,0.04485385976635542,0.05241123714981215,0.025176818499263866,0.06514660618339196,0.1148069616104184,0.10861446084901509,0.07612089062960448,0.030538317166843337,0.02699307019245539,0.17493142325689623,0.040466199573279495
2010-11,0.16135360205640562,0.04363484777510642,0.03757036492836422,0.04584196916075978,0.053201878463479776,0.025310265785323742,0.06530151453301351,0.11405901154887117,0.10954782191382144,0.07620173274861075,0.029684504788819163,0.027010455996265365,0.17075270466580164,0.04052932563535752
2010-12,0.11142200135645408,0.05725423870201762,0.06749127409720278,0.092454345639496,0.09412115108343544,0.028569751062287378,0.07404204617435202,0.08681004175139051,0.06299016207591684,0.05249243227989483,0.07475223031282562,0.03193915308375968,0.12886271438469696,0.03679845799627009
2011-01,0.11059881202816789,0.05913779441681704,0.0694332958374568,0.09513951653917209,0.09380743283031243,0.029244352574649853,0.07432836748225488,0.085596704145247,0.06381510367958561,0.0524285197409691,0.0759016534175143,0.03319169085736756,0.11913909116598226,0.038237665284503015
2011-02,0.039242877910957805,0.016518713781431153,0.04575910432982663,0.11715854244177311,0.03980335345195302,0.04346335456644478,0.10149042879895309,0.08205967503662114,0.01649710415702461,0.043317241334941074,0.02163447263181359,0.01805318632852189,0.15232900365256402,0.262672941577174
2011-03,0.039816486703418474,0.01609871748542127,0.047566857142355735,0.12189725775103663,0.04059923090041882,0.04406856407673022,0.10316800006609551,0.08250748697767583,0.01709893166778395,0.043104703458803524,0.022419119700143694,0.018992918012505817,0.1475642096544303,0.2550975164031802
2011-04,0.04073401286367505,0.01567043397237701,0.04629013011281915,0.12145588301285869,0.03939578804277656,0.04199471051932402,0.10105203167245802,0.08211906668977338,0.017044000254143047,0.043404778591810265,0.02179042537407409,0.0186842364829713,0.15378680236855888,0.2565777000423805
2011-05,0.041913919670906866,0.015870297209740484,0.04627107199986245,0.12067220223526237,0.04022858390222268,0.04136825907934835,0.10236800105818444,0.0822895362319557,0.017393976946944393,0.04457771475532409,0.021429735772605416,0.018626971324148575,0.1500546600582222,0.25693506975527197
2011-06,0.0651858929378941,0.009575097974024012,0.026347081606445475,0.10225548610556587,0.043913803419618626,0.023051537281095904,0.030979286733103448,0.05426771561515602,0.02747650183597049,0.05324192607936242,0.03016421416967226,0.027381540795563868,0.3304600546028667,0.17569986084366085
2011-07,0.06385065922962516,0.00953714613719687,0.02580527432703041,0.09778148092314333,0.04282867012142473,0.022657016867977133,0.030584078851187208,0.05391179524960291,0.027107683829216054,0.0522784300617992,0.029057353842711263,0.026700786086113506,0.3431350679238787,0.17476455654909342
2011-08,0.06456513418094514,0.009548558183892077,0.026126561155961854,0.10048792942364931,0.04325077301509554,0.022945182478598114,0.030585844537498595,0.054321452795174134,0.02755013521890559,0.051850593344871757,0.028807806390130003,0.026979310917611295,0.33820877050877257,0.17477194784889405
2011-09,0.06224470243233166,0.009774273054801145,0.024262689145149674,0.08492625753237913,0.04089859283501382,0.02315102774585574,0.02980485161992485,0.05394467817123458,0.027640765347003715,0.04781621785066294,0.027055260940439516,0.02580547772261765,0.3499999999999999,0.19267520560258566
2011-10,0.06280330983729565,0.009766716716332394,0.024242011701984274,0.08124458032298337,0.04101498789760235,0.02370398097446596,0.03022189754032775,0.0559266349690418,0.028772495560137022,0.04910514682613453,0.026506947575439848,0.02565683140722728,0.35,0.19103445867102772
2011-11,0.06373142891622505,0.009731093331213215,0.02417375801261269,0.0838085227680293,0.04104431093979201,0.023794085834621084,0.030112386959300484,0.057076933930120664,0.02895657376148426,0.0492800019632699,0.02634540782126504,0.025591969986266533,0.35,0.18635352577579983
2011-12,0.04230027908777848,0.01500124800262825,0.043795090379113874,0.10944784837479754,0.039467320671206584,0.04042518926777958,0.10093379062304424,0.08538173423482587,0.017493838100449514,0.0451187519165683,0.01997832510810151,0.01764627993955977,0.16179888437591858,0.26121141991822794
2012-01,0.10858702923432825,0.05763056981938847,0.06930783420847336,0.09659060454492828,0.09342295685559647,0.02951540172049306,0.07464540112131829,0.08778862847273107,0.06321259370629576,0.05233042485921877,0.07557949286218348,0.033188635559052264,0.12020642029509651,0.03799400674089593
2012-02,0.10624991334150641,0.059256561753111774,0.0701809417546103,0.09614992637387437,0.09400284611488645,0.02984609691644336,0.07523692919350052,0.08557121247661593,0.06288525959840789,0.05274301659618509,0.07674736861424918,0.03418349411855817,0.11885715892454558,0.038089274223504964
2012-03,0.10605828645576822,0.060530812329395355,0.07144519675622421,0.09598932735358164,0.094278848472758,0.030459973097095472,0.07539194746198839,0.0837581203006545,0.06296050530508275,0.052317542141511575,0.07799846744051978,0.03423456891522675,0.11618387544956162,0.03839252852063154
2012-04,0.10638817457572367,0.05986141318780835,0.06972755901588659,0.09427842519114753,0.09414202888547023,0.03164840659840365,0.07696285150790913,0.08411640454145114,0.06433468483447666,0.05254682891543827,0.07979194533291967,0.03434208219845612,0.11353684422785805,0.03832235098705103
2012-05,0.10862969828528546,0.057615799110138775,0.0685252381623033,0.08923846834910154,0.09542177169444813,0.03176700171896137,0.07683892043694841,0.08435561292570484,0.06520914908698357,0.053207287921701624,0.08053893361173105,0.034106291010353264,0.11669680275294701,0.03784902493339168
2012-06,0.11128969367501935,0.05366594188002542,0.06600101844883974,0.08568324812962129,0.09318527579411737,0.0306447277909403,0.08054201163264316,0.08772806589467383,0.06595650168218807,0.05435150528664994,0.07617626022436613,0.0336988514263145,0.12479201683491474,0.03628488129968602
2012-07,0.16341335874604226,0.043956693444929064,0.03758022150495663,0.04672671794601129,0.053423806812723185,0.02580618476329038,0.06652955025474608,0.11403734003074967,0.1122065179954806,0.07406242364017208,0.02933312839283964,0.027037412419585495,0.16427073716879415,0.04161590687967939
2012-08,0.1623366423326332,0.0413303564167611,0.03702461038564858,0.048161880722083564,0.05362117845295467,0.025520167889225925,0.06849497322368277,0.11559349697711115,0.11037371251398033,0.07606663349296629,0.029400554846165026,0.027211025305080513,0.1636446104330473,0.04122015700865964
2012-09,0.16331450214863577,0.04208427920542487,0.038080893365090074,0.049751002584121566,0.0549184841461142,0.02611951974875158,0.07120279568395473,0.11352936846262407,0.11092813023437598,0.07579550322806258,0.029668776356156897,0.02712997883944044,0.15608456675048968,0.041392199246757376
2012-10,0.11216803819423925,0.051209444318970135,0.06332896996549289,0.08362457751305732,0.09120401393279345,0.030047630596235123,0.08430991448067633,0.09003779544161848,0.06640542570270803,0.055240478291081564,0.07517974507643721,0.033460521991346776,0.12786909582875813,0.03591434866658526
2012-11,0.11136734469147633,0.0511971567937681,0.06258660663913272,0.08301475464300277,0.09021844646808846,0.02903818549242796,0.08445769699614995,0.09188079362631142,0.06596768405991052,0.056172277989812176,0.07649807420938556,0.03371829465694673,0.12771762684020876,0.03616505689337853
2012-12,0.11155808928571742,0.05409979884594836,0.06435094397815337,0.08107572919371363,0.09135684837380127,0.028439441777583434,0.08196398457601066,0.08661717331578894,0.06620727784520614,0.05553621558255701,0.0760616636364504,0.03352331657895348,0.13315514790785957,0.03605436910225638
2013-01,0.11041289321811243,0.05476431487934269,0.06520795544889343,0.08108824497307456,0.09166260329382196,0.028745869259296692,0.08215073398491787,0.08644102117286936,0.06561471919510063,0.05565415037704701,0.0764199908293097,0.03416985767438463,0.13162562425791663,0.036042021435912314
2013-02,0.10849354150723772,0.05603662744286502,0.06603664519687859,0.081531027944977,0.09199758333098965,0.029034367119573842,0.08240751634486189,0.08619891486553966,0.06531631633890836,0.05603107306695037,0.07693945512641628,0.0353748189936732,0.12803486284958365,0.036567249871544756
2013-03,0.10805890466895125,0.054684399041361374,0.06580220925568753,0.08215598368987624,0.0921429330675891,0.02907572991330302,0.08266801193596353,0.08755672012040902,0.0652820644112425,0.056312516685965285,0.07691933516861607,0.0360512717387616,0.1268117591179313,0.03647816118434231
2013-04,0.10802789156413183,0.05439913187562484,0.06538449024677065,0.0812222704894259,0.09105256583975509,0.02916021711536223,0.08356956183948783,0.0887782353559935,0.06550177688335329,0.05678833996729886,0.07655757297111303,0.036377791508088175,0.12684565247213114,0.0363345018714638
2013-05,0.10877882412753824,0.05325390142998408,0.06344866650554278,0.07824358897852636,0.08926589113065708,0.028800007058828198,0.08505084356727967,0.09171069738921911,0.06571985223488137,0.0581108644997805,0.0745687110977345,0.035950471779437984,0.13128465597413325,0.03581302422645672
2013-06,0.10697310512034132,0.05484135226951112,0.06414730019937981,0.079147465361616,0.08930125104411558,0.029693415271603362,0.08499218030311953,0.08941403346373651,0.06608091828647478,0.0578256245805207,0.07530046680419789,0.036965657360212074,0.12911214457591588,0.03620508535925555
2013-07,0.10598988668435384,0.05727838488158742,0.06535447191482437,0.07999541721881703,0.08878711173537777,0.030638376052029855,0.08364820824614022,0.08596112130448781,0.06735292894796281,0.05884924061430214,0.07817984196198173,0.03772395970544964,0.1242232300941753,0.03601782063851006
2013-08,0.04470485556248916,0.0148612021908556,0.045329838696222584,0.1117337404154681,0.04092937149622721,0.04046462651217237,0.1123116198449459,0.08993772483329504,0.01791841061607699,0.04901648914686095,0.02105298995423792,0.018216934542862925,0.15779954742436914,0.23572264876391616
2013-09,0.10418222975146008,0.05824918860217322,0.06575712638924605,0.0800134168754646,0.08801634613304252,0.03111277386071564,0.0845158688043873,0.08713304848982402,0.06783315672790782,0.059357550148477746,0.07853568941724436,0.03816633435269979,0.12087854403614069,0.036248726411216195
2013-10,0.10315463975549473,0.05938372274543589,0.06703405141744455,0.0807177630845708,0.08801705514948831,0.03141300131151529,0.08449654803911091,0.08493371499465058,0.06806414611079915,0.05986039131233317,0.07809455098019707,0.038574057523281705,0.1199234964735643,0.036332861102113326
2013-11,0.10208522849869885,0.05863670677877992,0.06696061510036222,0.08039021239813164,0.08803557851833778,0.03141621057551719,0.08526029799023821,0.08523249829465886,0.06793174922367638,0.05972433944578567,0.07739753878471016,0.03886464738046796,0.12171001225539692,0.03635436475523814
2013-12,0.1021066873322529,0.05754950817389389,0.06729364106206304,0.0806361302492779,0.08832779684611616,0.03182612800304998,0.08482556869076084,0.08478542159316173,0.06873788447691613,0.059937716124699364,0.0772957587785868,0.03943929810192139,0.12075887429802733,0.036479586269272515
2014-01,0.10141683671253403,0.05793743302616335,0.06803062229783553,0.08047416350243887,0.08790286044869847,0.032649920594594255,0.08504008957194878,0.083128047153935,0.0686966336577884,0.06049600828294994,0.0784079987390532,0.040077098084943336,0.11931879605330725,0.036423491873809596
2014-02,0.04354870369645724,0.015242973646907422,0.04670843298613971,0.11066048323726863,0.041657733803154,0.04174529931458726,0.11091911544943428,0.08790198455560597,0.017789490500864615,0.049799815473717264,0.021193446589676396,0.018381792249792746,0.15133334368523924,0.24311738481115533
2014-03,0.04178659849983412,0.01521024629019938,0.045491029897170174,0.10584237072825561,0.0407818156446791,0.0417782873836528,0.10729346344357754,0.09170256570936944,0.017378107831532093,0.05075730166587932,0.02053391156553365,0.01814270684096353,0.15573779390465803,0.2475638005946953
2014-04,0.0426345618972165,0.01529775313722127,0.04557919202891214,0.10737344532961564,0.04151596389380941,0.04155339259214085,0.10721888456058089,0.09205737821115928,0.017426062747328552,0.0503685919192221,0.020758874982737003,0.018262321075623176,0.15154819672754696,0.2484053808968863
2014-05,0.043763500668473086,0.015421682284077115,0.04571892454674798,0.1126705259975215,0.04201826608966077,0.04075326635011218,0.10605440259264316,0.09774264730169417,0.017360766269249154,0.04831352852356847,0.020441848335122886,0.01844864585200509,0.1542002480421115,0.23709174714701287
2014-06,0.04461297237732125,0.015328988508270738,0.045455410145476514,0.11390321054134586,0.04193054737137699,0.04054308955884439,0.10774358620654544,0.09737754883310142,0.017213317823292825,0.0483236693319125,0.020198366782849562,0.0186595506834734,0.15837103835605051,0.2303387034801387
2014-07,0.0452093405223599,0.015599566216274468,0.0461003460618716,0.11633035640568139,0.041841030286010064,0.041273264642386204,0.10855839628794564,0.10005545551135984,0.017261902313659438,0.04924678181590352,0.02060508785337421,0.018764520678799877,0.15464269313915321,0.22451125826522061
2014-08,0.04471479088981637,0.01565365020255924,0.04509070764889758,0.11485057314727666,0.0412934588428763,0.041554711030950646,0.11075537892541225,0.09855928839436695,0.01715969491698269,0.04965979267352236,0.020568231709841327,0.018759225201028924,0.1553884558672394,0.22599204054922914
2014-09,0.04448444598597525,0.015311242604475517,0.044548756794613356,0.1122596794422653,0.04148161645760813,0.042256677316626474,0.10942892570235689,0.09659745376928758,0.01709277252670508,0.05084104496901236,0.020208748293752105,0.018632611386312992,0.16091238255605453,0.22594364219495439
2014-10,0.10060885404254406,0.05777367584887534,0.06844683380885212,0.0794675771257817,0.08713937192526747,0.032903380435415346,0.08536186788814494,0.08435717265202755,0.06739443482741511,0.06176717385486957,0.07886830645855816,0.04012705814042309,0.11937240723187262,0.03641188575995301
2014-11,0.10332228947556658,0.05545402637719942,0.06699543036886199,0.07273704637327874,0.0861063562622017,0.0325168918114925,0.08404770001572343,0.08701180520299345,0.06799663949699443,0.06281396353321787,0.07906435571402443,0.0398593654296517,0.12576673772860109,0.03630739221019269
2014-12,0.10251904883524532,0.055498681754188595,0.06727378390723489,0.0716498819114471,0.08585467366676099,0.033044339549107404,0.08327814819469322,0.08747556233390368,0.06840632139504536,0.06308065708005192,0.07881030760140932,0.04064505105785643,0.1257210746260736,0.03674246808698218
2015-01,0.10279231147471078,0.05550685162348609,0.06694313148907832,0.06635042562437779,0.08629790724912521,0.03316455670588013,0.08298635042008017,0.08764831724062354,0.06990817222152672,0.06400622065873542,0.07976433135032816,0.04050670196242586,0.12734946806666214,0.0367752539129598
2015-02,0.10400548872668572,0.05517118044176191,0.0659730036238969,0.06477196856176914,0.08592098586942225,0.032470752677034156,0.0823678626152728,0.08935279356872866,0.07077729354291273,0.06459330484964766,0.07760310884910403,0.03975196453238043,0.13060079723727916,0.03663949490410462
2015-03,0.16013195795182425,0.044210834226121966,0.03890942731552093,0.04876238751630691,0.05603470245170575,0.02654606509404776,0.07295093389644391,0.11041408903203064,0.11314237107672215,0.08058857801195028,0.031134647520152478,0.028270939395800523,0.148078348620914,0.04082471789045841
2015-04,0.1564968895122828,0.04486316069842602,0.0394206779652762,0.046245483443342124,0.05610062347106351,0.027303212757100254,0.07499716925309267,0.10275587389070895,0.11592670019750288,0.08546261683429286,0.032475294133762066,0.028886271183879233,0.14914979886361454,0.039916227795656005
2015-05,0.1591820827445818,0.044198242011969244,0.03881186335196396,0.0480848983746391,0.05501854180289207,0.026968147987931564,0.0745997624426357,0.10438727835204516,0.11385287196149188,0.08462841385761498,0.0320637915693579,0.02845278321110996,0.1497828572631722,0.03996846506859438
2015-06,0.1610813749233221,0.044663668387257216,0.03943979555635185,0.04799577336944916,0.055221514755067945,0.027603640028479755,0.07559913192611337,0.10314200697452108,0.1138949707482157,0.08598213696680501,0.03320147112787661,0.02885742579487739,0.14284421661756277,0.04047287282409989
2015-07,0.15978704437752944,0.04531382367538513,0.03981359363161219,0.04638846940821893,0.055727508513594384,0.028029036916551647,0.07759107881783289,0.09715718752898382,0.11482585015887449,0.09016990423061035,0.034925924953380975,0.028867021573537856,0.14070725336582313,0.04069630284806481
2015-08,0.15986951494094936,0.04334371796067618,0.03868890181566329,0.04280227856345863,0.05409312852857079,0.028344656193996193,0.07826458719112328,0.0970664329047509,0.11492252031241824,0.09211033734482478,0.03569091184415884,0.029001632535667343,0.14557350121689341,0.0402278786468488
2015-09,0.16444750765628532,0.0427785760655224,0.03798688970722088,0.03891159180509401,0.05069326809234309,0.028277376515030466,0.0727898350275438,0.09931175787232792,0.11545380876717205,0.08936547975556011,0.035525630854814805,0.029099132226200718,0.15449610700133568,0.04086303865354883
2015-10,0.16713401789620005,0.04357491083356699,0.037621388703258395,0.03810780078595187,0.04780860867758617,0.02867303129381469,0.07216337354623817,0.09400573057721055,0.11874490120931508,0.0849633432483985,0.034734299316917246,0.028934023129998994,0.16141533821354118,0.04211923256800216
2015-11,0.06530507475936471,0.009463774710920875,0.024804837788973938,0.08260347435652882,0.04103231747351859,0.023826130720379063,0.03036597008666315,0.057808817046916094,0.029834548688940032,0.051608330056308785,0.026951986354519068,0.02615387377834717,0.35,0.18024086417861984
2015-12,0.06563255069057324,0.00922157257036575,0.024982024212928836,0.08575536890881914,0.04235714341826825,0.024312835027781334,0.0305170148482658,0.0551549804191984,0.03002920536242333,0.05399774194275405,0.02761379265555846,0.026277326487089102,0.35,0.17414844345597436
2016-01,0.06817971849539307,0.00927774288220688,0.025032435147602266,0.07968201321221496,0.04327815718435088,0.024706476294398476,0.030277029158651547,0.053483144449383124,0.03094671209606727,0.05479181517254728,0.02782293227610852,0.026317854852688758,0.35000000000000003,0.176203968778387
2016-02,0.06835650459614596,0.00944568072067466,0.024775425256589798,0.07336549908803588,0.041760252317669895,0.02466772279893812,0.03134021091238467,0.056948741464808925,0.03125173421455749,0.05245867327428261,0.026848844447711337,0.02596245590091631,0.35,0.18281825500728444
2016-03,0.04677324524490178,0.014641679240189318,0.045040689520716604,0.10322305014115393,0.04217285510132054,0.04372362566083124,0.11380411469863312,0.09954974936921475,0.017510512464191098,0.05375140825210045,0.020671145532056144,0.018604359872927287,0.16119460237958694,0.21933896252217677
2016-04,0.047315282405448675,0.01548182059872021,0.0467950146349884,0.10662630705881677,0.04283797574307479,0.04433539473044943,0.11662233965489872,0.10102872387709542,0.017637331939970424,0.05342474864338885,0.020939841163046122,0.019370312241804424,0.15215355754003482,0.21543134976826295
2016-05,0.04712160548137974,0.01565627753021217,0.047445651022637814,0.10960172616288842,0.04329933133491858,0.04414692570577913,0.11660307520584598,0.10084724146927962,0.017663727171999943,0.056059600527781236,0.021192583829575423,0.019428873392534168,0.15172015404256095,0.20921322712260668
2016-06,0.047446649830087936,0.015487509107138003,0.046841132952697866,0.11164470604881832,0.04300120318198183,0.042836273654219784,0.1145039871235008,0.10226959516833921,0.017659065321392768,0.055169251648439374,0.021619909788448664,0.019169557759238943,0.15239943599594166,0.20995172241975493
2016-07,0.047562051966827654,0.01525779604647547,0.046351569168806714,0.11058951063879666,0.04286197795939973,0.0427418715629624,0.11325119904883774,0.10584499950916336,0.017710316465406044,0.05483028313395682,0.02118835616122536,0.019180819008834234,0.15616690500470948,0.20646234432459812
2016-08,0.047947757312968665,0.015238946273586263,0.04645460433193928,0.10741118872890189,0.04250554654615938,0.042648898137275994,0.11474236499188603,0.10724873533944398,0.017887034754121293,0.05560073903568038,0.020792623672297034,0.019465514650788895,0.1559199999757968,0.20613604624915394
2016-09,0.04711786825882746,0.015379996247289978,0.04804633374008109,0.10816392737450621,0.04348387174487957,0.04467522326104663,0.11368133461104012,0.10369679329291724,0.017745841813621925,0.05635375583183242,0.021463544577118562,0.0193344301952348,0.15281387534005544,0.2080432037115485
2016-10,0.046040206567531716,0.015357193937130519,0.04793772114278756,0.10887457703298614,0.04362684219741389,0.04582397184494323,0.11196452048383612,0.10563705396782377,0.017454664690560083,0.0559485837439972,0.0220985465175487,0.019501999574672163,0.15200040830502096,0.2077337099937479
2016-11,0.046259566459445976,0.015458164161169526,0.048744203026696915,0.11643010800196975,0.044388485493489324,0.04749528158880945,0.11236902966669512,0.10257983183156563,0.017601213952461073,0.054818655343511165,0.022926591761582273,0.01993210529191027,0.15038140415513615,0.20061535926555743
2016-12,0.045562441410865955,0.01582443933201742,0.05224653299765318,0.1197178359370132,0.0443661162808083,0.047913735282870004,0.11732956152862156,0.1024199008479154,0.017665987526901617,0.05442641814073771,0.025561310655079415,0.02139763375389906,0.1376688233324153,0.19789926297320193
2017-01,0.04570820335883611,0.01709974102113568,0.05455498012647788,0.1279221751655035,0.04542125841760629,0.048229109185629816,0.125382530413017,0.10488556044985484,0.01822664038604436,0.05363528295979392,0.027910854235128155,0.022518920790005077,0.12707126469510197,0.1814334787958653
2017-02,0.045935497983663615,0.017253290443311368,0.05437174590937433,0.12241307171492873,0.04556955448352529,0.04870691301535599,0.127989854120237,0.10510194632983609,0.017877344883949865,0.05393577315906117,0.027711605170717198,0.022344983136246038,0.1272982482608826,0.1834901713889108
2017-03,0.04660572109742031,0.017014378218966814,0.055493910419499394,0.11544471329941408,0.04683919956239538,0.049842356797538706,0.12779415504722544,0.10608620548503819,0.01777405627334332,0.055240667657311344,0.02791486449426949,0.022235020473274383,0.12533903361546708,0.18637571755883606
2017-04,0.04795796592425302,0.01689409832160716,0.05592085495539296,0.10969220621097148,0.047886883161305294,0.05071923311110229,0.1279684807393918,0.10964071343999086,0.01779646158123996,0.05738326638258813,0.027974784225146637,0.022280976130417074,0.12352521647758745,0.18435885933900592
2017-05,0.04763674400215717,0.01651379393188124,0.05541058768607652,0.10754945221085346,0.04735592272902383,0.05048090179479276,0.12735322741533556,0.11043241341936698,0.017899105981762916,0.05582709203019049,0.02685045941281545,0.021908284054259475,0.12723242475703217,0.187549590574452
2017-06,0.04813113210256063,0.01641211570192781,0.057787479530461025,0.1062218025261317,0.04733949590369487,0.053476245279631934,0.12345213662265007,0.11145159341451577,0.01821930714311208,0.05683091526274974,0.026982893981977094,0.02198233484197649,0.12585856057344147,0.18585398711516934
2017-07,0.10362868838432313,0.05580932948204056,0.06679484408957137,0.06445410064890358,0.08571202399595734,0.03346519338100371,0.08343400680469802,0.08623927397722281,0.07184594424122641,0.06381815253572617,0.07858457348829512,0.040567886777818335,0.12889812263200548,0.03674785956120778
2017-08,0.10174578532090477,0.05601000487297713,0.06794873618238391,0.0646670296055745,0.0861279008293463,0.03389394155257355,0.08265834628052299,0.0852715110405317,0.07083068368373273,0.06503030522072963,0.08042452463313678,0.04095598666543691,0.12764699310054695,0.03678825101160238
2017-09,0.10134109963112625,0.05533268799527278,0.06770511508161477,0.0631693848243599,0.08630727012393574,0.0338666188149147,0.08436056608524546,0.0873864447862955,0.07018440535556417,0.06444540478401427,0.08056101608479953,0.04054585326286283,0.12804238832020085,0.03675174484979336
2017-10,0.09995223193183517,0.05607890199713157,0.06850708548076484,0.06435963818818485,0.08747549147151314,0.033914388475760344,0.08163681242091961,0.08696956017665625,0.07040474879853739,0.06575710076800306,0.08050016336015067,0.040798404390979835,0.12689568339972668,0.03674978913983667
2017-11,0.048397926767432146,0.01665133131791244,0.05919958404740738,0.10179478603804831,0.04816731989470728,0.05358214312831681,0.12249200323351182,0.11388423266320288,0.017653723544899403,0.05887501327219459,0.027249797971961812,0.022085973580686313,0.12499443853404045,0.18497172600567838
2017-12,0.09816728237395217,0.05670373797129777,0.06993592179615774,0.06562800535147756,0.08765954959923015,0.03461157922453587,0.07952706175652328,0.08641597751011462,0.07056068398520572,0.06543886319443355,0.08198584282752842,0.04142799477010025,0.12507419551615728,0.03686330412328543
2018-01,0.04878939951824812,0.01586366893544806,0.060013735341968154,0.10454924746960359,0.04859594175940951,0.055921663142315975,0.1160154455532442,0.11685259939418552,0.018554425053728466,0.056656197396694453,0.02762749991715135,0.0218769057345162,0.12452717884268551,0.18415609194080076
2018-02,0.04845335711718096,0.016043430193007843,0.062477213450432535,0.10930935496785507,0.048606120174415485,0.0572518992589895,0.11756887554060148,0.10594732724055644,0.0194954794880645,0.05834943720970912,0.028335189760446473,0.022726652659756087,0.11802378497313747,0.1874118779658471
2018-03,0.04815713960394403,0.015753844454174357,0.06423841497136855,0.09694447036683304,0.04665734828955894,0.06046335690728333,0.11860749857148942,0.10346520305707382,0.020286275619583374,0.05979156447210692,0.02944045734785704,0.022607071553050105,0.1145190575557101,0.19906829722996702
2018-04,0.04733869660461354,0.015175906533475158,0.06401974778492954,0.09643457274301591,0.04652124915354032,0.06310736639271633,0.11288709863535026,0.10550898122028549,0.02021796433831953,0.060648268804368174,0.02957921081722633,0.023078505134449645,0.11622744513044529,0.19925498670726438
2018-05,0.046190298597290194,0.015176986784793841,0.06177209753404274,0.10408439563346923,0.045843173819948596,0.06094807469409934,0.1087591897139854,0.1091385740747421,0.02011994334749125,0.05807254397381055,0.029036823077970442,0.02286704370145466,0.1175019310440758,0.20048892400282592
2018-06,0.04323805720438159,0.015169964729714727,0.061523588880172966,0.11288820601758386,0.04505537890195582,0.06387233816765618,0.10324361768875423,0.11074689574698,0.021019390629952044,0.05915086187090451,0.029889941189111875,0.02357138707200395,0.11560282808061759,0.19502754382021043
2018-07,0.0445274060419013,0.015482363453374868,0.0612848350400556,0.11166735702960373,0.045397819961414836,0.06534949333014234,0.10748631224860036,0.11043228491355357,0.02149961728259175,0.06059274570320943,0.029264933085496932,0.023419779790643833,0.11386039875157847,0.18973465336783288
2018-08,0.06708817167885758,0.009381536313139727,0.025304854743061062,0.07259599195702182,0.042730901234481505,0.024751325740389858,0.0314001547738722,0.05927159100878685,0.030789747958927742,0.05008683660696396,0.02632870556618572,0.02630406971669414,0.35,0.183966112701618
2018-09,0.06747884558508917,0.009172673653939253,0.02539523170455899,0.07111675145350417,0.04341224500807048,0.02492431031807351,0.03193190965932726,0.05992298144975265,0.031603052195097465,0.05152843855970481,0.026582053951291523,0.026384915362493842,0.35000000000000003,0.1805465910990969
2018-10,0.06711163537820615,0.008929986001067156,0.025632499177102985,0.07123401369514602,0.043606104665228615,0.02500771310162012,0.03214367254969632,0.05955384917918375,0.032308845986761967,0.05242754198493383,0.026424969429226633,0.026587734104343275,0.3499999999999999,0.1790314347474832
2018-11,0.16955189852219177,0.042573848554218106,0.038221862671281005,0.03914203210581677,0.0494893836267277,0.029668130961214543,0.07280403055818387,0.09721902291430545,0.11967444177167456,0.08132081278023119,0.03495074447966846,0.029582278296051742,0.15453065078732972,0.04127086197110517
2018-12,0.1704142894643352,0.04476420934754268,0.03717136530009629,0.035680674762924094,0.0517852800026251,0.028481208817120497,0.07436180656600436,0.09815026580612295,0.11542401389730048,0.07976862591971537,0.03499089742660614,0.029134852950442228,0.1574755334062124,0.04239697633295225
2019-01,0.1594235099841985,0.04446324634522457,0.03550901805820501,0.031892729476735354,0.05072575663178764,0.027939075031044563,0.07289206382441582,0.10431969002110449,0.11420134226621559,0.07992440611773091,0.032794581109978085,0.027557637955621172,0.17443259695286936,0.04392434622486899
2019-02,0.15601974804459953,0.04495432327040743,0.03623411945699699,0.03162059131867951,0.050937809347443165,0.027699760447136144,0.07348260191488815,0.10061979963556428,0.1184122108960878,0.08035509531390611,0.033300784495371084,0.027884485949097537,0.17461381152735167,0.04386485838247062
2019-03,0.1580267410595617,0.04497589987959886,0.037460261465983476,0.031750901875222046,0.05199932837078396,0.028306000212472385,0.07247384431006766,0.10262586099039105,0.1169114525066225,0.08059329298320493,0.03353800979910417,0.028489848808270685,0.16971098660094316,0.043137571137773445
2019-04,0.15635925836885894,0.04325767596041664,0.03665745212584151,0.03208173865184127,0.05225289875680797,0.02898228098561811,0.07303779786399205,0.10620281226861567,0.11592907515396098,0.08049112530541241,0.03292396242652984,0.028318725096236563,0.17114906066548147,0.04235613637038661
2019-05,0.15680581849931288,0.04334648819854855,0.03715497167398112,0.03244073652867702,0.05354993802073345,0.029812433246822163,0.0748159863569831,0.1039669629586431,0.11797799034518897,0.07664622726106958,0.03315328635139701,0.029078377821080272,0.16959013844249707,0.04166064429506592
2019-06,0.09775940070997456,0.055838221892967686,0.06975948817296532,0.06510814750722424,0.08705210256962641,0.03467651765695405,0.08159193577760623,0.08464917661884656,0.07231068045584377,0.06504860391091982,0.08230671458892248,0.042141062186519855,0.12472577760637556,0.03703217034525348
2019-07,0.09780820868321076,0.055520362989897744,0.06956696008543534,0.06337404897321879,0.08854066144691941,0.034183472104765675,0.08157481799034604,0.08522966461479754,0.07242266013037817,0.06543270492689086,0.08230977854922704,0.04181355004395524,0.12555910410680526,0.036664005354152054
2019-08,0.09785352282151485,0.055894151263338875,0.06988274211264955,0.0630695755004839,0.08889697854994014,0.034569337413322396,0.08202981134689673,0.08444891174417109,0.0730931434309822,0.06475429388601307,0.08297129736339813,0.041899947406961145,0.12414756429046125,0.03648872286986676
2019-09,0.09843070674311423,0.054767146659339655,0.06855836141620225,0.05875390001693552,0.09103701615440038,0.03391315657347254,0.082119867416667,0.08554444082698796,0.07249291760811331,0.06480503866307599,0.08186764919204036,0.04026898795436213,0.13079295493598922,0.036647855839299553
2019-10,0.09739360243446957,0.055126622018590844,0.0694277125735879,0.059404432423792196,0.09108887795980226,0.033996713772941466,0.08270827718817834,0.08651501594448688,0.07263835810618481,0.06387932766147383,0.08181564966894746,0.04025913450046984,0.1290633575181751,0.03668291822889955
2019-11,0.0453987006430899,0.01479313715363815,0.05927180369825394,0.10493837623360361,0.045924255635086626,0.06501555873438683,0.11166981040097126,0.11809554750911586,0.021872013319397147,0.061583467541306794,0.029003112670854272,0.023199408233372618,0.11730017440736819,0.1819346338195547
2019-12,0.06652811594330221,0.0089448585787086,0.025026084874729737,0.06869522019342457,0.04207588988814664,0.02494475765422655,0.03356139516561351,0.06138896686194313,0.03165346722631151,0.05146177338317506,0.026119217945451547,0.02593749488548376,0.35000000000000003,0.1836627573994832
2020-01,0.04537516721090778,0.01576764975817468,0.0618953275955151,0.1073941059677265,0.046081862510729765,0.067590632940196,0.11469016925998284,0.11226446051768056,0.021780571028170784,0.0648252048733273,0.03054671521663179,0.02391267726826793,0.11186056325450397,0.176014892598185
2020-02,0.04515074121228228,0.01608009664440045,0.061438086318045225,0.10423624154565712,0.04485170717611256,0.06959727593301064,0.11352324295914364,0.11520806126554789,0.021543232167591304,0.06460851371399674,0.030084174305544772,0.02398416417568126,0.11048001675472957,0.1792144458282565
2020-03,0.06763520382962175,0.008943958543097067,0.024652417059599238,0.0675187884853669,0.0417751037490591,0.025113667240970906,0.03306189810226248,0.0618423768675061,0.031331080738401566,0.05317840982628341,0.02622183236283686,0.025879880683728554,0.3499999999999999,0.18284538251126609
2020-04,0.15479147165414908,0.04135979278619032,0.03486225747365087,0.028089157161399623,0.05098483910085145,0.029688639271649362,0.0761326311886714,0.10344834934673816,0.11622109888835698,0.07498976500027105,0.03321858332835764,0.028627205285105036,0.18402150370133322,0.043564705813275775
2020-05,0.15413331856331788,0.041411954346341526,0.033985487675693586,0.028358002830164715,0.05108478725821529,0.030088631968752926,0.07456067018801268,0.10063867442735533,0.1189732204279727,0.07808640695359821,0.03199046048166801,0.02796269398755522,0.18413360348259017,0.04459208740876189
2020-06,0.15295196625752663,0.04306860243783498,0.03400121699421072,0.029898967153471713,0.051746985458692094,0.03109941123141502,0.07461547948693589,0.09697964356009563,0.12350338630138138,0.08006737133306897,0.03205404240814146,0.02843067243940137,0.17802380452680963,0.0435584504110145
2020-07,0.1537058359771611,0.044576650197512724,0.03551832887256032,0.03058395979243971,0.05264639872655161,0.03154090058735632,0.07526301135178627,0.09783047321452785,0.12430109375609724,0.07749715721690195,0.03292912091844795,0.029295113740500554,0.17150395683523179,0.04280799881292466
2020-08,0.150837509986144,0.04738172073565619,0.03533179167455414,0.028229405165894002,0.053871998576469404,0.032317292089199194,0.07361624224364804,0.09475865380073702,0.12653844414614693,0.0787253942083705,0.03192423811381352,0.029793145634945676,0.17144878098982708,0.045225382634594226
2020-09,0.15131408205069935,0.048820137734385025,0.036008766368575036,0.027718690764569582,0.05496778864062992,0.03284117508508749,0.07471255836146147,0.09356449445867926,0.12749168811572414,0.07724406002234227,0.032014062572309494,0.03067332091325281,0.16641078674299845,0.04621838816928582
2020-10,0.09746446478234957,0.05680059577832643,0.06892223804559627,0.05472190500744545,0.09054952638109462,0.03482280670005263,0.0824796998302115,0.08540644586800107,0.07355936612308146,0.06460638863443238,0.08100447789490106,0.04029462325087405,0.1326182689582113,0.036749192745422224
2020-11,0.09723846336500358,0.05764513290262896,0.06974389200907409,0.051920096670823764,0.09046474767353033,0.03543832704648661,0.08026674558597786,0.088791119461965,0.07407959399447227,0.06453877169010437,0.08100266502457586,0.040713405360025955,0.13136182560280785,0.03679521361252343
2020-12,0.043538605405493015,0.01721893969640927,0.06110014262093891,0.08404582104962716,0.044380594399476433,0.07432549303105469,0.11712278993482582,0.11919073739841214,0.02131909630312427,0.06543059830205873,0.028076187424057503,0.02291948932867955,0.11215223284756087,0.18917927225828163
2021-01,0.0447204549589776,0.019829452037657517,0.06315250528017503,0.08978257404668383,0.043913575526450054,0.07595675116421984,0.12269206910646954,0.11234458510523211,0.0210373216430036,0.0670594209143661,0.0289043259631232,0.023471842076181117,0.10550609567658269,0.1816290265008777
2021-02,0.043530986425527926,0.02302852125174955,0.0641774131984549,0.09509072219182295,0.04398454919052877,0.07649646632359727,0.12048187917978571,0.11167615869532678,0.021035649812490034,0.06938997807670413,0.029934496667916116,0.023609139439474926,0.0994037768219393,0.17816026272468166
2021-03,0.04408490343624607,0.02305480581633844,0.06511945826369023,0.10202565350685358,0.04248096523357633,0.07834534485981456,0.12101658571233406,0.10950733988669271,0.021652132987390466,0.06988665136701626,0.031162038398371724,0.02527623913396466,0.09731616995393585,0.1690717114437751
2021-04,0.046436563077840866,0.02122205767168375,0.06827113315430297,0.11204286902133834,0.04450183129913452,0.07261507406482706,0.12448529405857597,0.10980274121248448,0.02213273061875519,0.06508932868501642,0.034746271766924054,0.02702690749381715,0.0938355823627592,0.1577916155125401
2021-05,0.04754393885370291,0.0213887639247527,0.07039568006221177,0.10609664127418286,0.045487472001498074,0.0756364295965915,0.12067642718823576,0.11567589843973325,0.02297619365030527,0.06564313728743462,0.034962644353029475,0.02754561927857128,0.08924201055184608,0.15672914353790462
2021-06,0.04800834377284013,0.0197414448244488,0.06977863008956361,0.11016579217773527,0.04643698697110241,0.0714119037124854,0.11854337625396552,0.11394900853461892,0.022790422189609784,0.06435707611810824,0.036140104568209784,0.027773594381224075,0.0899551577558017,0.16094815865028628
2021-07,0.04759953009158408,0.020077888260380518,0.06904739599795469,0.11471686581637687,0.04497135442370287,0.07377019058613768,0.11630463513961842,0.11237476459429686,0.0228619887131782,0.06568675238011369,0.03560189445179357,0.027444358908232193,0.09185046799172324,0.15769191264490717
2021-08,0.04696275668759068,0.01999147601439992,0.06971208710688688,0.10638281169752827,0.044547754429764067,0.07846047069402126,0.11880914164387671,0.11326643620174277,0.023464940524520094,0.06846554372248484,0.0348635319819701,0.02673377254209002,0.09372665925393499,0.15461261749918945
2021-09,0.04676914761394637,0.02027599987020912,0.07063711551260173,0.10014390433031527,0.045080063314041366,0.08015830493961028,0.11760445148785514,0.11822633128546862,0.022881405650576246,0.07065410915622551,0.0356271213577811,0.026560782647886402,0.0943111887609248,0.15107007407255807
2021-10,0.04612873211068309,0.021040481367161478,0.06865477956152545,0.10607047671034159,0.044382884046055414,0.0818117095658076,0.11560728145702487,0.11665103998359655,0.023234558199443218,0.0700590831266089,0.03565399630174183,0.026815224464628203,0.09270844051760585,0.151181312587776
2021-11,0.045487523230363834,0.023286146467794585,0.06812916283667288,0.11964485626751212,0.04488308757078815,0.0810214926605759,0.10741137840852348,0.116905706832072,0.023011572888867356,0.06572214548777461,0.037521005485064596,0.02734354878897938,0.08837865455053756,0.15125371852447367
2021-12,0.04522141966184866,0.025744151509169394,0.070342954680566,0.11935676670736045,0.04654587048594255,0.08445366106468503,0.10095552520446781,0.11784714885010648,0.02353205536918867,0.06615288932932112,0.03711124219528599,0.026973813683537934,0.08476679686744902,0.15099570439107102
2022-01,0.0457623294547317,0.024068313137281076,0.0694974586452018,0.11722732284923397,0.04864498468958246,0.08563776418629503,0.09427049813952165,0.1257289510079303,0.02329229304577149,0.06672732098380757,0.03632042084535753,0.02627152551170748,0.0873424118431685,0.14920840566040927
2022-02,0.048218405881199446,0.02438522005924145,0.0677938330940746,0.12849830919479954,0.04864801486984864,0.07726906216262706,0.094278216302073,0.1253298492166087,0.02234584959957471,0.06223448674836583,0.03751528005465872,0.026159101456494967,0.0853243593285925,0.1520000120318407
2022-03,0.04897289132850156,0.02221909963756552,0.06438325454210157,0.13875653106761354,0.04646627474017729,0.07344584731480831,0.0939985960368631,0.12055947148326561,0.022422914839872302,0.06031663066687685,0.03844898852605552,0.02558379130770214,0.08638838745141998,0.15803732105717655
2022-04,0.04695738295768839,0.022453608972273234,0.06271323032042425,0.1443896204646338,0.04378298123287782,0.06971683562766336,0.08806845225324136,0.12680231707177722,0.022739955101601875,0.06081798264941866,0.036271939844018136,0.02597861927040111,0.08623458519035801,0.1630724890436228
2022-05,0.05066847847637891,0.023769574803746276,0.06046604883614961,0.14350971486352787,0.046156287210198606,0.06669039019473437,0.08574895514694354,0.13457720955670893,0.023498036466172663,0.06198428930928733,0.03592945603329725,0.02587327763532597,0.07997567074543896,0.16115261072208972
2022-06,0.06281405043184897,0.009844649200804748,0.023463262810016195,0.04962221231882193,0.04180077967827472,0.02656893358901746,0.03249844673282376,0.05626688282329866,0.03283080070014803,0.05352320943345622,0.024788320424757534,0.025170043196168664,0.35000000000000003,0.2108084086605631
2022-07,0.061717513447465816,0.009691371803530333,0.023406450836919054,0.05115508690234498,0.04053171230629794,0.026548971622153493,0.03308969675990521,0.05560079892868382,0.03279075827094176,0.053691537068136536,0.024870871853708086,0.024682688514553477,0.35,0.21222254168535956
2022-08,0.06314276952915278,0.010039226199213167,0.02320178685787295,0.047427801747963266,0.040644004746555974,0.027092018613269438,0.033403361676192046,0.05645222942891455,0.03405244429976796,0.05637906457491883,0.025156541414084306,0.024722335708380522,0.35,0.20828641520371421
2022-09,0.0635644660810488,0.01011346751102709,0.02322737156616433,0.048370174180952276,0.04033781996756492,0.026869903310153077,0.03154086197895174,0.057656262897126054,0.03463678527478317,0.05475844398989131,0.024746526623596915,0.024774345386226,0.35,0.20940357123251435
2022-10,0.06321682485850805,0.01035852640514922,0.022529643811214327,0.050682765749839195,0.03906155252665284,0.02589261465439422,0.029909977698956345,0.05879090425470221,0.03427375381899539,0.055420443685709225,0.02497045561377008,0.024398194728938734,0.3499999999999999,0.21049434219317015
2022-11,0.15347204789723048,0.052565737414010126,0.03720132415920293,0.02707523587499579,0.05691585381488381,0.03334292542976098,0.0737177423857131,0.09208954071665756,0.12470455740711456,0.0769785792471676,0.032870949296767996,0.03210601505449923,0.1609581016545792,0.04600138964741661
2022-12,0.1578999215374748,0.04881057292364262,0.038394912863139584,0.027350848113950367,0.05847494764113276,0.03261957885881355,0.074471764972485,0.09371266544673625,0.12252249449674693,0.07818873075393311,0.03330560085436791,0.03261515340681857,0.1565959099319199,0.04503689819883868
2023-01,0.16122369404935913,0.04214047189050164,0.03870848025187647,0.02532324547866343,0.06036309563964339,0.03227643305858784,0.07131794528345305,0.09699338639533434,0.11892908032164769,0.07994122169588329,0.0324063685323726,0.032454838267226956,0.1615081598404858,0.04641357929496459
2023-02,0.15838420067938655,0.03952117529916204,0.03942012580968035,0.02519197180907385,0.06021408449827143,0.03198798293646267,0.07595517661818567,0.09545534954332713,0.12282013493401761,0.07835498911653405,0.032429224685670804,0.033144588582176455,0.16005682907191812,0.04706416641613331
2023-03,0.15568105982182734,0.04456369464757491,0.04071266590380332,0.024980109238846616,0.05950949299801234,0.03417932126703466,0.07720093002147538,0.09089065608910846,0.12577879231847247,0.07642329991279247,0.03352595203192758,0.03426665260373211,0.15558740145166566,0.046699971693726985
2023-04,0.15963328614494057,0.04375520063916788,0.04064752202582455,0.02387554600548174,0.05931900401348048,0.035731605195904195,0.07096930410438353,0.08981491938440454,0.12497299192576088,0.07548143121197941,0.030690940647437468,0.033849668830367836,0.16218903165640478,0.04906954821446205
2023-05,0.16090362625453983,0.04111312028164505,0.03926180943072243,0.02419594113955871,0.05957331213888893,0.03583205865619542,0.07075603744003972,0.0914470177091659,0.12516958833355213,0.0768725118069474,0.02979010712333373,0.03359272252623658,0.1618613827654963,0.0496307643936779
2023-06,0.16096251197370193,0.04142783012434889,0.039337561467149305,0.023097374268415908,0.0586911694686097,0.03796576788174351,0.06667073667570983,0.08781760697783328,0.1283404868069865,0.07764501275528903,0.02984348286168783,0.03467814802561521,0.1624548931867782,0.05106741752613107
2023-07,0.097291353933799,0.05715992251254258,0.07100675815315959,0.05631002682306723,0.09001875577597246,0.03594715116282255,0.07894303051767954,0.08899153214210734,0.07272356089889574,0.06439675024499934,0.08246964883409175,0.04172566536092487,0.12579237001882546,0.03722347362111244
2023-08,0.09638574727110749,0.058240705412204156,0.07132184773986791,0.05679280845351807,0.09007717743722644,0.036296122972922874,0.07879196850658653,0.08893459175042714,0.07296495922703829,0.06367148584735444,0.08284019659046366,0.042419886250115516,0.12394417485031743,0.037318327690850216
2023-09,0.09598213336169772,0.05472257186570004,0.07203298193094258,0.05995160281554821,0.08998461761869042,0.036273837623277495,0.08007722288782186,0.08664631144614278,0.07437008060326095,0.06470895367109576,0.0840938251011916,0.04253897145686367,0.12126904167495346,0.03734784794281339
2023-10,0.094340714273643,0.056902228630636376,0.07053097490753721,0.06268987844882641,0.08851576378253953,0.0366259374703865,0.08048923858468382,0.08659090779374938,0.07462174699049223,0.06483125074511438,0.084763143146974,0.04233802113822256,0.11923653362318754,0.0375236604640072
2023-11,0.1547123124436733,0.04591607576166027,0.04110907994435713,0.023670704851006225,0.05838294556945072,0.04054506713214384,0.06492042151431374,0.08558459860367283,0.1338575143022832,0.07762081445883592,0.03086285406234115,0.03626471834257123,0.15651035211252007,0.05004254090117038
2023-12,0.09154943350402654,0.05611888429783016,0.07160510908723276,0.06339772304021436,0.08741792233082839,0.03794917965312142,0.08359540756661485,0.08459977065818258,0.07540163906688094,0.06543313727743474,0.08754170988217287,0.04206530976001295,0.11523210874140878,0.038092665134038646
2024-01,0.09147258197430783,0.056278622327168216,0.07194845399789945,0.06224508807242091,0.08739852067661645,0.037971248594289034,0.08334112700216662,0.08437678211533176,0.07549090875012832,0.0656357118294564,0.08781993721851668,0.042474210329160114,0.11552063582838776,0.03802617128415058
2024-02,0.09140823140870401,0.05299627222511873,0.07162372743688258,0.06170731216801132,0.08769381467134908,0.03861288204487025,0.08441313495112684,0.0831762471182555,0.07632376434218308,0.06761831552649945,0.08867800813704482,0.04279037464655514,0.1149109458620627,0.03804696946133657
2024-03,0.0901364199367436,0.05089815177307523,0.07256410285070879,0.06232223494068055,0.08816792683679492,0.0395715748800737,0.083598761565086,0.0814338451866502,0.07835417600222527,0.06869027646541608,0.08893242060970048,0.0437967352404556,0.11341320240822517,0.03812017130416449
2024-04,0.09012331104670174,0.049607547662129145,0.07328639651281209,0.06285271758513554,0.08906712583106477,0.03949174848325973,0.08278104337880765,0.08242756029869372,0.07901779551112068,0.06839388805915525,0.08972805933812687,0.04402829561839193,0.11125512131931611,0.03793938935528487
2024-05,0.0519215718893818,0.02103005817483489,0.058405040029322626,0.16100660895032368,0.047149145380106755,0.06350918318552479,0.0785342170267565,0.12964837733966283,0.02199955310502848,0.059769869195137756,0.03617332338081848,0.02529548395413247,0.08392259238991745,0.16163497599905147
2024-06,0.09029792047094298,0.04901358596026281,0.07431826378740429,0.06514012184836847,0.0886367316237316,0.039181067811337206,0.08194536898968974,0.08523334418547303,0.07914019845762923,0.06705881760605818,0.09069046644714801,0.043960197881293954,0.10630071698897892,0.03908319794168158
2024-07,0.08860688670270718,0.0493171953248683,0.07407204481162566,0.06357235641263163,0.08802616788897748,0.04064714521050428,0.08259832778679635,0.08448866107626161,0.08010699498271523,0.06841582632051785,0.08996569244288585,0.04370664150466764,0.10794742277743628,0.03852863675740462
2024-08,0.08819670961453056,0.05105841980871945,0.07348774341807862,0.0634141171316033,0.08690180061964305,0.04066975936072171,0.08276597726882816,0.08436735013045203,0.07984639041905348,0.06839058948581554,0.09132850542125905,0.04389432165326934,0.1071332711575536,0.03854504451047216
2024-09,0.15260687211720425,0.04316118871764713,0.041412095596991876,0.022467240802272283,0.058009077873292736,0.04115072123515472,0.06559336214498242,0.08775320880283621,0.13476193241102966,0.0755565160982926,0.03138049814941185,0.03700685000587601,0.15802845509694421,0.05111198094806417
2024-10,0.1509027649697004,0.04380982281598971,0.04105902021246288,0.02177848597097425,0.05799919483334655,0.04057043961887936,0.06605395572348458,0.08943762265123889,0.13413050936915372,0.07488951817936904,0.031486187886428554,0.03727845388019153,0.15834893490463475,0.05225508898414617
2024-11,0.14836460663053339,0.044183465379057076,0.042035938027435306,0.022141766691349495,0.05755324137598588,0.04189798078636811,0.06835694730928127,0.09307741233773413,0.13720113845992807,0.07340261041818162,0.032080781308362435,0.038015684796688085,0.14802692082151359,0.053661505657581605
2024-12,0.14254662334669096,0.04804115347780029,0.04221921648881366,0.02269837272621382,0.056284619246797805,0.042497252398768996,0.07200845480210664,0.09427792914531072,0.14130217239826348,0.06943068181499021,0.03397752025849431,0.03891883292366611,0.1427047829101223,0.05309238806196062
2025-01,0.08993038195849398,0.048324078864971906,0.07278206812163976,0.061599125144042005,0.08735039740161377,0.039556178950543516,0.08385292343410355,0.08674550287637714,0.07891577981205183,0.06827966807072665,0.09185173698992088,0.043886954892012095,0.1085040979991907,0.03842110548431231
2025-02,0.0878413983894596,0.04818539322159918,0.07330741331993124,0.06311601260735662,0.08525061381791252,0.03967039110238874,0.08172391484170853,0.08853419055923167,0.07984417608173996,0.06929407883255469,0.09407367181795863,0.04409543195239295,0.10602216589629113,0.039041147559474576
2025-03,0.08938376974119969,0.04449982972907517,0.07265617077835901,0.062142850153622774,0.08519070876478402,0.03900325050638117,0.0838716412259883,0.0886217144208251,0.08022723218554648,0.07045984584357518,0.09482150215894448,0.04426113995783304,0.10554263928214137,0.0393177052517243
2025-04,0.1388603105425578,0.0519638267655945,0.04160327028498221,0.02199687797473148,0.05499427863384037,0.04371591628304269,0.0714701588587627,0.09104060596250999,0.14419948600131718,0.06787707728820785,0.033868828103165986,0.03871616014193065,0.144914612540988,0.05477859061836853
2025-05,0.1427156726803886,0.05321808546453937,0.03954883020382432,0.020495697234770686,0.052264046205858145,0.04191170855237444,0.06882575051096108,0.09223793525918224,0.14378118428377804,0.06294897157325119,0.0332115958214631,0.03840632989214791,0.14911786188572723,0.06131633043173368
2025-06,0.1392131048643419,0.054839167233950034,0.04106224954352673,0.020625080650195242,0.05215432203238693,0.04341948988798659,0.06917436893933991,0.09281905488806316,0.14435619862128307,0.06198171837925774,0.03386586996696056,0.0394590995845684,0.14524111093474912,0.06178916447339065
2025-07,0.1381971485638632,0.05428289509287101,0.04181600609395683,0.020887011197102776,0.05157424764322433,0.04477162427277866,0.06924999829545324,0.09253574883834868,0.14590228821703152,0.06225835045550901,0.03386896290580675,0.03931931930395867,0.1439451048758336,0.06139129424426186
2025-08,0.0618146999371275,0.009638335249683203,0.022871266425102038,0.05486574284524253,0.037016602512424265,0.026111661881809845,0.028889653278471674,0.05290210879841966,0.03443932592392338,0.05610955471874775,0.02550232165674087,0.024855343708621132,0.35,0.21498338306368617
2025-09,0.052183393160409555,0.021444597778714845,0.05808414594419783,0.15207509090902396,0.046678369278574876,0.0651059820245447,0.07679110326366152,0.13903272821672463,0.021825134869332765,0.058986492830574284,0.03658237111355657,0.02499384346302902,0.08282291452084926,0.16339383262680632
2025-10,0.061501621825321665,0.009875863667420638,0.02271183537188302,0.05426169661280891,0.036246398506208685,0.026592072776302374,0.028484548381526052,0.05349472291307473,0.034438109878561635,0.05593318514284136,0.025281186588272633,0.024673823360634155,0.35000000000000003,0.21650493497514414
2025-11,0.059584543411269786,0.010309772516938598,0.023131716164265178,0.05266410756182261,0.034472735608834675,0.026832924435582002,0.027030050376708213,0.054726241945064244,0.033176991160527164,0.05696168385587011,0.024608808201246064,0.0240125363557838,0.35,0.22248788840608763
2025-12,0.05850701873856095,0.010349299492860089,0.023247959332216968,0.053439592165378746,0.03398823329242213,0.02688177984033545,0.02650550796417374,0.054135788336668135,0.033559376324080126,0.060479100478349375,0.024553015819054096,0.023758830653632514,0.35,0.22059449756226773
2026-01,0.13612659255160534,0.05389119058693423,0.04335419543773382,0.021014556378062158,0.050643349159851504,0.04631781481715644,0.06871063052193746,0.0931167107294574,0.14728337704234168,0.06274481204263824,0.03449426309989342,0.03931104195544203,0.14198539162400536,0.061006074052940854
2026-02,0.09379280342451982,0.039120266779501756,0.07278660135119322,0.0630748186214057,0.08608659319189815,0.03704060552089471,0.08655789696658411,0.09002654873248092,0.07536921136294343,0.07197247823374318,0.09305009665708482,0.0436891158341908,0.10734112368887178,0.04009183963468782
2026-03,0.05008846055164125,0.022653259764465902,0.05857255471101546,0.1527341562143986,0.04547766791525237,0.06517675630104679,0.0755366515812078,0.13533047627574746,0.021465295987933623,0.05931076524662314,0.036551979941425755,0.02463677757983587,0.0823195714891268,0.17014562644027914
2026-04,0.047722767202670935,0.022119557469032998,0.05500727801193333,0.16382483214538193,0.04292215986068284,0.0631125000269884,0.07605321472260011,0.14112054929090717,0.021594793323383762,0.05716270309095813,0.03457182409050118,0.024643602395189677,0.08526886399788793,0.1648753543718816
2026-05,0.047238741820184615,0.021759928169367913,0.057255408912632796,0.16295115745782773,0.04288722703180938,0.06727636796949517,0.07346853926704507,0.14178074762850992,0.02276060690723022,0.05593772985506072,0.036589369212207824,0.025149225853730143,0.08386180861207111,0.16108314130282728
2026-06,0.048845274149453694,0.023171029723362293,0.05933397814214857,0.16227681016014744,0.042696739566854644,0.07269081402114634,0.07187369482104415,0.13849833409376955,0.023376906070379098,0.05562577111962872,0.037171367610751654,0.02511407676759394,0.08264043803205143,0.15668476572166845
2026-07,0.049659629694933205,0.023170462890745105,0.06573462155017226,0.1585124781930098,0.0436631525567526,0.0744515822392669,0.06816038018460892,0.13894111795064384,0.02266857808061966,0.05929033841890587,0.03935117328882216,0.025912915198554008,0.08446214533984264,0.14602142441312319
2026-08,0.05129248363405768,0.022198960964054694,0.06349180146612592,0.16048888713215384,0.04413152934515609,0.07303546982641276,0.06603805682708544,0.14134328810711422,0.02286622586604895,0.06288496520341869,0.04143046071164832,0.02633470978844665,0.08380094532254187,0.14066221580573499
