,NoDur,Durbl,Manuf,Enrgy,Chems,BusEq,Telcm,Utils,Shops,Hlth,Money,Other,UST10,GOLD
1990-01,0.05417207434355819,0.05190960802945518,0.05076962541996716,0.07617854927923776,0.05457609301740112,0.048778508199657386,0.08413909430931954,0.0788454431023598,0.04598314667712768,0.05671831960817661,0.0504338139444399,0.04527367468977236,0.19520546725460575,0.10701658212492147
1990-02,0.05411987359363657,0.052049794555354086,0.05095027501277851,0.07608058929043852,0.05473640808334209,0.049047435914789196,0.08364109414602183,0.07882517639129816,0.046150019448881606,0.056857126407533376,0.05044039416953847,0.04532692053284195,0.1945628979279981,0.10721199452554757
1990-03,0.05401842690781229,0.05220080940111511,0.05097477818586827,0.07649049465748578,0.05466452515394366,0.04924789194387642,0.08301828866957928,0.0789433039639623,0.04617792566391359,0.05677830941561902,0.050360022769339,0.045352383275443955,0.1942910312710046,0.1074818087210367
1990-04,0.05401509828804226,0.05218550591404757,0.050962739440693225,0.07649700886808627,0.05465920073852992,0.04923449435987308,0.08300368211164423,0.07895284133519832,0.04616863873435176,0.05678192029413684,0.05035945417232866,0.04534793778726606,0.19430589111542312,0.10752558684037868
1990-05,0.054201658010956236,0.052184347348399045,0.05104505162162483,0.07641070433702839,0.05470996087689414,0.049293528167243784,0.08311738078890754,0.07884128174616203,0.046256709668254556,0.05696084696301597,0.05031813538470033,0.04538582574434371,0.1940998143487482,0.1071747549937211
1990-06,0.05419061002673169,0.05218863852598043,0.051057019461037106,0.07638655656935078,0.05467209961498372,0.049212419122558,0.08307065301899273,0.07889205629780709,0.0462363715233581,0.05685264831827814,0.05031218319347862,0.04537662345721898,0.19417679750713765,0.10737532336308683
1990-07,0.0541543598241609,0.05221194276166076,0.051045637041594025,0.07646606347959942,0.05465952328926887,0.0491882572980042,0.08314113022325549,0.07894385094009469,0.04619535706474175,0.056764517826005126,0.050294355300090715,0.04537672022056235,0.19388323671547894,0.10767504801548292
1990-08,0.05418023943981255,0.05217925468579395,0.05105582353105966,0.07651602819410386,0.05467524035156562,0.04915751462431293,0.08290809121919643,0.07890154239769066,0.04621118013131379,0.05687264362705323,0.05024436641339987,0.04538512830128056,0.19395676768049855,0.10775617940291851
1990-09,0.05396872380481286,0.0513421019279415,0.05068257198521344,0.0784959142872289,0.05421950412103898,0.048430597476539994,0.08152137295984703,0.07929594052059497,0.04575384700937159,0.0567514188803431,0.049802386887508876,0.045075789749864405,0.19430159421329427,0.11035823617640017
1990-10,0.05408754450493044,0.05114919774636011,0.050549394637981325,0.0789443677079582,0.054028006045420296,0.04839346983778954,0.08119656617384216,0.07939565275856542,0.045594422958924685,0.05695601907241558,0.049589065874457265,0.044960350114156444,0.19487352104836164,0.1102824215188369
1990-11,0.05418272850943217,0.05094729301986106,0.05031736427416521,0.07830195320736347,0.054054402033988626,0.04825199313692914,0.08172554413157505,0.07994326436367831,0.04548193928757331,0.05710279053779457,0.04920698465186954,0.044802449768050374,0.19564755387170654,0.11003373920601257
1990-12,0.05419974321205952,0.05104920449742368,0.050361971651489666,0.07846790638814206,0.05401470330318321,0.04817127062365774,0.08182371843472784,0.07989985963983719,0.045479007377270286,0.05713384982821461,0.049149544629808146,0.0448744932709197,0.1951811081495893,0.11019361899367705
1991-01,0.054123534569679624,0.05121328111958505,0.050256344927382166,0.07898405188688669,0.05386251863980173,0.0480514166897141,0.08197208221995748,0.0800424679002159,0.045409763159134524,0.05700856229382019,0.048965659427869915,0.04484782436864519,0.19464903578688628,0.11061345701042129
1991-02,0.05412660953128348,0.051208945086137665,0.0502866271382965,0.07887856559822091,0.05384247866158023,0.04814319246102181,0.0818106248729473,0.07997431531407852,0.045448851156476046,0.05699178124805068,0.04897586073419602,0.04489341464183902,0.19473168862657986,0.11068704492929188
1991-03,0.05360083415329353,0.05087150500576706,0.04984452546861878,0.07897590046770885,0.053741442945041684,0.04734195972260788,0.08183044677948773,0.08057406713792678,0.045013126132473345,0.05621211806569552,0.04806763493540121,0.04468880899851558,0.19565334045504273,0.11358428973241942
1991-04,0.05352042881042566,0.05073692838283297,0.04983440970126041,0.07882352460090962,0.05374008437734388,0.04735150594625231,0.08187524036085467,0.08059312345694425,0.044946937250366845,0.05608398042647218,0.04801865418835568,0.044686265999134014,0.19613052324969174,0.11365839324915585
1991-05,0.05351032108243299,0.05077668290914841,0.04984408348377836,0.07882688856093358,0.05374115900158878,0.04736831475026188,0.08186507956039432,0.08058453673608658,0.04489500783648048,0.05605064453986584,0.0479775382453889,0.04470749783542594,0.19611135588830778,0.11374088956990627
1991-06,0.05350358185898096,0.05083705024958006,0.049867026302254834,0.07880281163729866,0.053801839358123674,0.047315787421507,0.08171072896526274,0.08058061142444986,0.044909334399162386,0.05607324114924371,0.04798771300779735,0.04473801809818435,0.19616043965231172,0.11371181647584269
1991-07,0.05349458711724252,0.05089954508564213,0.04989389837332293,0.07876563647201497,0.05383666616966424,0.04731068584190945,0.08168215034822113,0.08055550791325772,0.04492637219861678,0.05605480246792669,0.048001104308764225,0.04475288464128716,0.19606539380817192,0.11376076525395819
1991-08,0.05349961001891224,0.050885079841213966,0.04988639263518656,0.07875950826749241,0.05383325355479975,0.04730077849786458,0.08171263994773256,0.08055755777866186,0.04493279474714469,0.05607265526074018,0.04799756543176395,0.04474456015903107,0.19606835305617432,0.11374925080328185
1991-09,0.05346631567726527,0.0510014163140368,0.04992393940520837,0.07876218230187397,0.05384921344391873,0.047299705990378194,0.08178539958837407,0.08049246915869557,0.044936469421404106,0.05603039262753337,0.0479667338104103,0.04479007344306718,0.19570873148732001,0.11398695733051412
1991-10,0.0534359213352097,0.050966596110066445,0.04991379151915311,0.0787655272039673,0.053826778718187814,0.047296325506823486,0.08175580055046908,0.0805274120598022,0.0449195146065703,0.05603821519150304,0.04795968190911037,0.04476999586424517,0.19594071101707958,0.11388372840781243
1991-11,0.053443228859306614,0.050970219920914765,0.04991680520814704,0.07876387668856767,0.053830980603810676,0.04729835665343274,0.0817614394354156,0.08051905380525871,0.044925410624269524,0.056038344644401814,0.04796174624093181,0.04476902515836128,0.19592429629761354,0.11387721585956813
1991-12,0.05344481985204994,0.05090416303967751,0.04991104430798978,0.07866972536636119,0.053821347649600865,0.047308471803374746,0.0817510564333865,0.0805623132634572,0.0449270430152411,0.05609200746932777,0.04796860068755573,0.044760022766551624,0.19601620194592506,0.11386318239950108
1992-01,0.053454641753684244,0.050893391009343855,0.04990640419802913,0.0786331943065353,0.05382053574839317,0.047305800105591884,0.08174564952485706,0.08056868117083239,0.04492992805525119,0.056102849003408485,0.0479677448391596,0.04475924498181985,0.19605216169886347,0.11385977360423018
1992-02,0.05347789045475003,0.050077393914009644,0.04956740532440944,0.07897626700629025,0.05349785377546557,0.04679479438246173,0.08145510580811326,0.08135492709247588,0.0448365422261389,0.056093536681900966,0.047692470538207486,0.044487865450264424,0.19685423866275184,0.11483370868276048
1992-03,0.05348718238245221,0.050294389858508454,0.04963466474237334,0.0789067997983953,0.05356849479308497,0.04687743969916783,0.08131417728460101,0.08130960458622694,0.044886998518094,0.05600537576527154,0.047744902211248844,0.044566020133295976,0.1965427545365327,0.11486119569074686
1992-04,0.05354498726781424,0.050525812747820455,0.04971201208132376,0.07877341845571967,0.05365786615478868,0.046919909826887665,0.08126144570235705,0.0813569405758518,0.044948309280396274,0.05591010538368441,0.04784130053934379,0.04460143470927214,0.19627711428275046,0.1146693429919895
1992-05,0.05352609364852559,0.05058745492672312,0.04969818763346948,0.07887120342231754,0.053691165477679326,0.04685475614711377,0.0813530457977645,0.08136098090832133,0.044905007673681184,0.055828330468504314,0.047825812121095934,0.044559345401998365,0.1963697142519883,0.11456890212081716
1992-06,0.05355238437382197,0.0505898894730887,0.049713875842074914,0.07876096465744077,0.05367526342683745,0.04687063492776648,0.08131675398070592,0.08130219542961022,0.04494609470325485,0.055873571636577586,0.04781479687260402,0.04458005247658726,0.19634925931861183,0.11465426288101807
1992-07,0.053501003436732295,0.05066625592410173,0.04967539129813437,0.0788355290237322,0.05359501226131053,0.04682294082272275,0.08118781173005604,0.0813292522897085,0.04492372241939052,0.05574553405255522,0.047822261926203334,0.0445460277749266,0.19666988802330562,0.11467936901712046
1992-08,0.053510554334355274,0.05078990033633266,0.049745161554166376,0.0789844837692957,0.053686416542067406,0.046888708675597114,0.0811104362529769,0.0812766047579095,0.044967095799729205,0.05573946279222135,0.04782368079282952,0.044610392607163325,0.19623741427143887,0.11462968751391665
1992-09,0.05351089015057194,0.05077979801145397,0.04974327807728302,0.07899697741723409,0.0536860513467578,0.04688481194522742,0.08111098820044636,0.08127963306270743,0.04496886028444801,0.055740667685302746,0.04782125377768923,0.04460655243777556,0.19626354018685327,0.11460669741624918
1992-10,0.05351795557257056,0.05076725513110478,0.049744052284241676,0.07899785796540028,0.053676419077318224,0.04689849492385348,0.08109106205468039,0.08126670455376016,0.04497614067758385,0.055714930117019675,0.047813461914575715,0.04461244579012461,0.1963244479315916,0.11459877200617503
1992-11,0.05347759875003538,0.05073237214130802,0.04975949114540565,0.07889938781147922,0.05372293703212318,0.046940655372781026,0.08113168711709413,0.08130868726221145,0.045096148991914074,0.055575949601077604,0.04796428368915576,0.04469957409499296,0.196069107668361,0.11462211932206065
1992-12,0.053455173286730176,0.050678703830154034,0.04972874908012346,0.0789983581489984,0.05369249962376862,0.04689409886006309,0.08109780652220912,0.08131274408070038,0.045048495064999104,0.05550094190956074,0.04791791791040998,0.04465704213454974,0.19632611046958176,0.11469135907815144
1993-01,0.053508434818362226,0.05056544273149285,0.04971295345140565,0.07908459393909444,0.05373015215142727,0.04690996084182024,0.0808585826684795,0.08135150588426202,0.045051602388838055,0.055498937264568726,0.047871327364950034,0.04466489284220514,0.1963606443013986,0.11483096935169515
1993-02,0.053508883696954126,0.05056813655741233,0.0497145100746402,0.07908493579625943,0.053730546563204806,0.04691219435098464,0.08086194309082557,0.08135317253272933,0.04505246250948052,0.05549797724574831,0.047873468672918765,0.04466651659133529,0.19634617061951765,0.11482908169798907
1993-03,0.053600682216830335,0.0505425343848795,0.04973133284477176,0.07891098651600238,0.05375512398691726,0.046965068362155374,0.08091064544678858,0.08123360065104433,0.0450933496907033,0.05572011219024143,0.047882381153970956,0.044696522931796386,0.19600681457023278,0.11495084505366579
1993-04,0.05366205741842414,0.050549732084275004,0.04973973108410208,0.07884740444725796,0.05378403038272555,0.04696440631153027,0.0808604456956704,0.08120078121121545,0.04511579654422395,0.05586442337392621,0.0478833276105344,0.04472968642389165,0.1957611922690081,0.11503698514321481
1993-05,0.0534963613503944,0.05059301520433257,0.04974469177069394,0.07894009062248769,0.053777364217652404,0.04692951521067732,0.08087094641638545,0.08125102676966874,0.04503397036984177,0.05583496545306861,0.047880186234213126,0.04471662685151626,0.19578030763496948,0.1151509318940983
1993-06,0.053507314353594515,0.050585795365067326,0.049748766402873054,0.07897458425211049,0.05377494065607117,0.046891082688202135,0.08093192079333579,0.08132316545534614,0.04502906410005619,0.055752695819227704,0.0479265576866598,0.04471988790631997,0.19587704578449347,0.1149571787366423
1993-07,0.05351349519583933,0.05058528284560687,0.049749872770242766,0.07897613976982278,0.053781638801273506,0.04688995166755644,0.08091250055626349,0.0813226038583493,0.04503291487997356,0.05575935168160596,0.047928543639000336,0.04472066291242261,0.1958700115440818,0.11495702987796128
1993-08,0.05352431432632955,0.05058223057793499,0.049753979743556685,0.0790131824677716,0.053789395340741855,0.04690219030671937,0.08089786244336997,0.08131071324135428,0.04504032808546899,0.055785587966420906,0.04791754828758644,0.04472723392778604,0.19583769404570342,0.11491773923925584
1993-09,0.053531167928348486,0.05058369562454492,0.04975082016616941,0.07899584737725546,0.05379586400794154,0.046896435334353184,0.0808996890637693,0.08130008017304946,0.04503552216704892,0.05580408820146107,0.04791461519130615,0.04472302843183705,0.19580939398441122,0.11495975234850375
1993-10,0.05353177948754142,0.05058425308806643,0.04975136476171955,0.07899629760869824,0.0537963488988005,0.04689698856464888,0.08090050849858665,0.08130077798132543,0.045035896692980734,0.05580472074749457,0.047915332473376405,0.044723629343833546,0.19580304236424076,0.11495905948868693
1993-11,0.05352719082573606,0.050572159043582574,0.04976392596936196,0.0789927383050811,0.05379656900426569,0.04689096929093939,0.08090815868708148,0.08137320917047235,0.04501784033170273,0.055775716400969004,0.04793168688741538,0.04472076939534,0.195801290389596,0.1149277762984565
1993-12,0.05364617663235082,0.050749106392874985,0.04986067369229163,0.0788479929659238,0.05393109564530403,0.04696701010549933,0.08079463692284418,0.08113285373296432,0.04511502141062768,0.055931092628387635,0.04787056978821984,0.0447694568401178,0.19522034329476967,0.11516396994782425
1994-01,0.05365547843399544,0.05076779248512795,0.049880766134562986,0.07878677923557179,0.053950130850497706,0.04697627143845941,0.08076011358693745,0.08113845674238536,0.045108397325792436,0.05593041425354377,0.04787809340773577,0.04478104984425451,0.19518920720200258,0.11519704905913285
1994-02,0.053678958790114195,0.05072809453311742,0.04985986332375461,0.07873086389484454,0.05392038381119662,0.04695152403930699,0.08083353211290673,0.08121693961871061,0.04513651084722775,0.05591256287700103,0.047880854519921114,0.04476192285383479,0.19518172443063456,0.11520626434742877
1994-03,0.053685550187106766,0.05078992090012334,0.049933045832257376,0.07883268031616615,0.05403386434149578,0.047017182710300295,0.08077520460616153,0.08111827317673323,0.04519975788099666,0.055877063632238474,0.047917402716383645,0.04478400139712303,0.19488577205411176,0.11515028024880185
1994-04,0.05377677546843301,0.05082951453621165,0.05006199781983469,0.07880825209155602,0.05414856297686132,0.047276734126423504,0.08072429425637935,0.08122862061536591,0.045417198231355364,0.055833906557587,0.04801891686236507,0.04483378843150698,0.1936549993228966,0.11538643870322353
1994-05,0.053970694863525424,0.05071095915181408,0.050095391840907576,0.07904065218515748,0.05441782626496813,0.04724028643103973,0.08097005183113516,0.0812801787738375,0.04552028386012428,0.05589071074354096,0.048426730281709476,0.044799949349274636,0.19214695104927476,0.11548933337369063
1994-06,0.053979970652515384,0.0506856242697386,0.05010064895006284,0.07910670731089524,0.054453840021804124,0.047252127481507686,0.0810259747831093,0.08115529715169698,0.045507375772424495,0.05596998134811875,0.04846184562278875,0.04479992556453123,0.19198370894463976,0.11551697212616692
1994-07,0.053974698235345064,0.05067456297834954,0.05010469487022001,0.07909737836654815,0.05445568766052022,0.04724893828071063,0.081036982436495,0.08114141841678171,0.045503093195643794,0.05597119353076804,0.0484692357645973,0.04480104933840099,0.19200083521657726,0.11552023170904208
1994-08,0.05399987456900323,0.050716910677245125,0.050150210543432,0.07912378188748724,0.05447072086076665,0.04725914257072236,0.08108448275429112,0.08118596522450268,0.0455146834490675,0.05592216516443301,0.048466027407898564,0.04482112917880627,0.19177064313439443,0.11551426257794978
1994-09,0.05397935866693672,0.05076242560212698,0.0501433913755237,0.07920818056168939,0.054415437737437206,0.047182390855544654,0.08107537600614019,0.08112686662880453,0.045543668577947956,0.0558141186308331,0.04846488953482145,0.04483765297632197,0.19179977058476314,0.11564647226110893
1994-10,0.05399459409229078,0.05075658705621892,0.05015383047572217,0.07920045908675831,0.0544276529789721,0.047200753837819055,0.08106849444636363,0.08107929363625893,0.0455539738320168,0.05584033732445466,0.04846559378348144,0.044841806638421064,0.1917329781871065,0.11568364462411548
1994-11,0.05406203950229719,0.05070001676105629,0.05016550632581534,0.0792773607332872,0.05447563629805804,0.047288201719621975,0.08100377703083131,0.08124591669683291,0.045564794682512386,0.05593352794019346,0.04842847053284272,0.04483457533793365,0.19135285760950882,0.11566731882920867
1994-12,0.05414206425087671,0.050640771673188215,0.050145405468253225,0.0793937478405156,0.05443467977479912,0.04743128535221615,0.08092610212587074,0.08130336252398691,0.04561776345428693,0.056012129491055586,0.0484256377315064,0.044831675276584916,0.19111845521051846,0.11557691982634119
1995-01,0.05412111220084088,0.05060266758674676,0.05016019712443509,0.07928154235408136,0.054446824967871864,0.04742559384648146,0.08073386004798085,0.08147268660869496,0.045530855193455844,0.05603423057068125,0.04839579936461007,0.044802605137639,0.1915439080875246,0.11544811690895602
1995-02,0.054141618139653534,0.05059048037410463,0.05013595603148285,0.07933097304559059,0.05444895737245494,0.04739533475759463,0.08073527615630169,0.08144468556571362,0.04554744512324103,0.056032645528992744,0.04836980266416234,0.044777475581672575,0.19155362573732646,0.11549572392170847
1995-03,0.05415445064542634,0.05074517327953213,0.05017450673061499,0.07936131638635756,0.05451981899565286,0.04742419645213275,0.08067450165860143,0.0813748517604223,0.04555697041143271,0.05596273400502367,0.048321817277083526,0.04480366854268989,0.19119747362865566,0.11572852022637427
1995-04,0.05414880803059958,0.0507951443537778,0.05017628073411885,0.07928874915448453,0.05451196259658226,0.04738449091696175,0.08075187266172011,0.08156217932668865,0.0455914532073533,0.05594372524775545,0.048346861519309434,0.04480784055936099,0.19093034693665045,0.11576028475463694
1995-05,0.054187542997258926,0.050779845746699,0.05016116487974354,0.0792547770146415,0.054476353298937005,0.047375877957581566,0.08086078047689792,0.08154222421679734,0.04563721247350751,0.055964978026114054,0.04835917976219169,0.044810182993452144,0.1908451057085421,0.11574477444763565
1995-06,0.05423660019087667,0.050805438121484796,0.05016490473689494,0.07913182727931635,0.05447594619276326,0.04728248866978367,0.08102169323567032,0.08160326787888943,0.045708259219812926,0.056070495806308907,0.04837043061656716,0.044880660757251285,0.19021941822572058,0.11602856906865987
1995-07,0.054296707988181044,0.05082816052109619,0.05023961696064095,0.0793819681590893,0.05458340250757115,0.047235705449247725,0.08112675323553134,0.08155636123970579,0.04573561488464849,0.05603358637917644,0.04839459070339088,0.04494558874782431,0.18945712461428987,0.1161848186096065
1995-08,0.05430888715980814,0.05079910979558772,0.05017526776397655,0.0794469807605012,0.05457680792442963,0.047112893291049236,0.08097492721485028,0.08165468826492217,0.04569065116115844,0.05601813356344615,0.04838653426165231,0.044898033334112145,0.18969397329116944,0.11626311221333659
1995-09,0.05431900484353386,0.05079216486887289,0.05017868901124833,0.07942217361245088,0.054573815743431994,0.04712667296327827,0.08103855920010468,0.08166615632879153,0.045687386961868914,0.05605886832010389,0.04841076002877956,0.044913811569111534,0.18956144263037158,0.11625049391805199
1995-10,0.054344703985439426,0.050858788638798724,0.05026386583609243,0.07943508595076298,0.054575134819854494,0.04717772875931041,0.08080894086913143,0.08170071362924636,0.04578153101027589,0.05601912387602029,0.048310825483749244,0.044974804268885636,0.18923589129374765,0.1165128615786852
1995-11,0.05436703409345574,0.05081909587587858,0.05023975249227153,0.07939007617510845,0.054558748429351926,0.04715108509726678,0.08082380353123683,0.08178660926632839,0.04575597231487365,0.056055120102690426,0.048322194682965135,0.04495413422149065,0.18928281424267,0.11649355947441188
1995-12,0.054369203370486695,0.050839897987337436,0.05023164083072937,0.079347364355701,0.054555285610514426,0.04714065684215378,0.08081716281000097,0.08181913741967885,0.04575415480507588,0.0560614365516236,0.048336945243669015,0.04495973870857256,0.1892380592195304,0.11652931624492598
1996-01,0.054383365984013686,0.05082106982103536,0.05022908938241133,0.07914455566159588,0.054579410259114,0.04733332081735409,0.08077418825712997,0.0817741045681901,0.04586253514329825,0.05595549865379772,0.048358256582089316,0.045015392528450535,0.1890749123223776,0.11669430001914208
1996-02,0.0543821706058756,0.0508209156943288,0.0502288086833026,0.0791426805284092,0.05458038104247656,0.04732976752568182,0.08077633073851444,0.08177806715194537,0.0458607215833143,0.05595654139844704,0.048357121722389186,0.0450150330022897,0.1890730205474583,0.11669843977556686
1996-03,0.05427903971277037,0.050727616805045554,0.05016616369884745,0.07911810409280134,0.05451082797258159,0.04706851133475086,0.08077902963711026,0.08189420780528543,0.04580309500534533,0.05579960886317415,0.04823538330938874,0.04499323422605836,0.18992015325149264,0.11670502428534792
1996-04,0.05436422437605302,0.050888730475046835,0.05025509779463291,0.07926083217114173,0.05469781127489102,0.047067513886475516,0.0805393657706142,0.08178973324712487,0.04596945958281995,0.05584244108071162,0.04833451315731998,0.04512615836831932,0.1892233831625554,0.11664073565229359
1996-05,0.05433616669525553,0.050933567186950385,0.05027508840186127,0.07937061580165607,0.054705372836522596,0.04711508272212647,0.08056110373419133,0.08172497065249053,0.04599408568298002,0.05583280703786582,0.04833522809375388,0.045161740705405906,0.18904240639112238,0.11661176405781794
1996-06,0.05430193196784487,0.05091326066552836,0.050256677672193745,0.07936824299636447,0.05471333397973527,0.04705872573400841,0.08054121255722954,0.0817098954360968,0.045959600784301474,0.05583538992900812,0.04833892128970314,0.045147712876621476,0.1892235019925829,0.11663159211878144
1996-07,0.05438397814608005,0.05090671751582311,0.05028146387543952,0.0793817424626153,0.05472332482777483,0.047041462222241925,0.08050067924031307,0.0817325819500803,0.04598766730934621,0.05590403753510596,0.04836531379318438,0.045151821200038,0.18907115307359876,0.11656805684835866
1996-08,0.05441383423349354,0.05065829019411242,0.050266114384035936,0.07962350018220912,0.05463328283843711,0.0468160920215866,0.08003149101906959,0.08211575714196497,0.0458255898174153,0.05574946378108519,0.04840578865202323,0.04499439753342392,0.18989032748258589,0.11657607071855713
1996-09,0.05444567866834092,0.050637838310229444,0.05025702273664269,0.07972471736319034,0.054618359288408365,0.04678631030583941,0.0801447944470309,0.08215680874304578,0.04581451189179743,0.055736365418973394,0.0483664419794651,0.04501568806077798,0.18970425639009306,0.11659120639616513
1996-10,0.054445920603777204,0.05063823058116691,0.050257211844572255,0.07972436111080165,0.05461837483990365,0.04678638557659341,0.08014524782137367,0.08215714542395162,0.04581475812815946,0.05573638064037952,0.048366642193861886,0.04501590328739486,0.18970222187502336,0.11659121607304053
1996-11,0.05452270465805386,0.05062988506076928,0.05027085883456078,0.07957877013897634,0.054564187905563194,0.04676565519134397,0.08026780372286568,0.08222394392937579,0.045895725317376825,0.055748232896163846,0.048337195201080194,0.04506308604381449,0.18931173687885913,0.11682021422119682
1996-12,0.05451365367921162,0.05063384291166796,0.050273498077369375,0.07955625492529776,0.05455439139015109,0.04675837496097755,0.08042457450489035,0.08214020321139008,0.04601554169474993,0.055776087561672495,0.04827582841476949,0.04511964210697678,0.18887234384828713,0.11708576271258819
1997-01,0.05451924953388844,0.05064038899507322,0.05028781183286413,0.07962012250483416,0.05455290194167062,0.046798833060277475,0.08045664752725652,0.0821161977207136,0.04600497212155033,0.05577500938964552,0.04829300609120882,0.0451195752680848,0.18880451322130232,0.11701077079163016
1997-02,0.05449470851070998,0.05062199749898078,0.05026243035306382,0.07954496616747228,0.05453472557243248,0.046780952503457894,0.08040342480982937,0.08209085427920476,0.04602293486687105,0.05574667340502893,0.04827689515875805,0.04511535730420698,0.18899466161882006,0.11710941795116364
1997-03,0.05445177122798494,0.050648744891098135,0.050266252459526525,0.0796592100131913,0.054504345470305124,0.04681303744014182,0.0803329430838391,0.08216088653929067,0.04602961283237659,0.055663400956304274,0.04820787845398053,0.04512039005338405,0.18891698096694692,0.1172245456116302
1997-04,0.054517623182653616,0.05067943047709405,0.050321331616436135,0.07970055390115778,0.05459351171853353,0.046723489046102205,0.08010929202283562,0.08215172211776184,0.04617402758899209,0.0556586930865298,0.04827038868056991,0.0451649367411271,0.18854024117658888,0.11739475864361747
1997-05,0.05460303874403215,0.05085421517377392,0.050413894103115614,0.07981644389049951,0.054643662408802064,0.046871428009623475,0.07971552420911289,0.08195721632446824,0.046244574330963885,0.055510724444037665,0.04819550468504874,0.04522602823626882,0.1886643723256142,0.11728337311463882
1997-06,0.054561104231434954,0.05089445073941583,0.05026308685696484,0.07923795429610021,0.05455272666333894,0.04648785933241682,0.07946422694639045,0.08220746545939255,0.04639501532917003,0.05531734367795877,0.048169220406640886,0.04530050124480913,0.18913420426883812,0.11801484054712844
1997-07,0.05460987033069668,0.05089950555453025,0.05019395106528109,0.07917892500558345,0.0545584523693157,0.04657992286158718,0.07910613135852143,0.08239349053609832,0.04639947616356629,0.05516519834978069,0.04808562855812067,0.045349915541200575,0.1890298940077871,0.11844963829793043
1997-08,0.05466844774696825,0.050899205729123084,0.050116322917808376,0.07918587343011074,0.05443691486654823,0.04638989233645229,0.0792612706766254,0.08237590341223124,0.04637712717805479,0.05510703387955478,0.04805772775467124,0.04538663394629004,0.18867174040491166,0.11906590572064991
1997-09,0.0546559188292294,0.050915363195231454,0.05011226810769224,0.07920721799775549,0.05442867337252079,0.04640789914678837,0.07927258243257923,0.08237456606276855,0.046383350686611764,0.05508563174471775,0.04806115572445486,0.04539238228130223,0.1886432354705174,0.11905975494783055
1997-10,0.05469820768965863,0.05088138360595903,0.050157515271200624,0.07908154556639421,0.05450796477588044,0.04643243849685318,0.07923329725611544,0.08232536531679523,0.046369188115692066,0.05509049845971076,0.048050799635697396,0.045381287391759145,0.18864117359994634,0.11914933481833753
1997-11,0.05473059637592601,0.05088158329510103,0.05020006167481128,0.07909528199499678,0.05456505002680195,0.04649239626067771,0.07903648771147471,0.08233798320325361,0.046410975278133336,0.05506466114581361,0.04804020680984341,0.04538560224338227,0.1885602962580777,0.11919881772170651
1997-12,0.05477258946101508,0.05075723816219909,0.05012169527745837,0.07891867352408878,0.05459806661164371,0.046381089419584305,0.07930690078133572,0.08256160299106896,0.04650478975992805,0.05508870512942661,0.04800183021976096,0.045327946566797714,0.18894834685730338,0.1187105252383893
1998-01,0.054764687491592044,0.05075851613813806,0.05012529196311757,0.07895458671108292,0.05459347060963073,0.04639278249919558,0.07926916439673888,0.08252116764993689,0.04650954238005851,0.055086906492856656,0.0479923720064539,0.04532874210634485,0.1889460399299985,0.11875672962485495
1998-02,0.05475333907636819,0.050751335422335814,0.050117929502684753,0.07887198029034206,0.05457183379995939,0.04639470094503104,0.07930690267498798,0.08253004471511645,0.04650473437993836,0.055102851359320616,0.04797213754253342,0.045330167999312866,0.18904925738949685,0.11874278490257227
1998-03,0.05491209795111031,0.050531755396733914,0.05003919028258222,0.07887741158617655,0.05446432810097332,0.046162471040664683,0.07927136815916959,0.08281932862662011,0.046351052221564396,0.05497749878434135,0.047888202621549227,0.04529236371078136,0.18977438631450147,0.11863854520323165
1998-04,0.0548511824404076,0.0502783919016904,0.050039934398520385,0.07868650217279198,0.05445681595337639,0.04630728784297963,0.07882994530759647,0.0826730783688814,0.04624702451889036,0.05494111734241344,0.04780566882677806,0.04528855910333803,0.19067769278265595,0.11891679903968004
1998-05,0.054937740979315246,0.05026700292121319,0.05002472943499881,0.07861355112758074,0.054420714423136035,0.046261871762299046,0.0788288551275038,0.08273071815031954,0.04628397612047078,0.054967642324205326,0.04776621335146155,0.045282761709269086,0.19086331383119898,0.11875090873702784
1998-06,0.054929007697659016,0.05038756495353282,0.05002046050166072,0.07869516151866736,0.05448132267053221,0.04631662742236284,0.07869559670268778,0.08259355490293314,0.04632574550224939,0.05500461292864386,0.04775085593931299,0.045263269154045466,0.19096427412243666,0.11857194598327578
1998-07,0.05497048269537442,0.05042701060946492,0.04994256825633849,0.07848770831287868,0.05446028642809148,0.04627551544966424,0.07869742504532216,0.08272818466985071,0.04639098212660256,0.05503217659976585,0.04774658918802099,0.045225250655355494,0.19116067869168965,0.11845514127158026
1998-08,0.054980164635054264,0.050428246386936784,0.04994852828037846,0.0785811934802555,0.054512094426831095,0.046199571456809245,0.07860949204508837,0.08281048488803254,0.046368673677914335,0.05498721573963617,0.04771254006086768,0.045217786122349064,0.1911790822735481,0.11846492652629839
1998-09,0.05478382996794448,0.05021663260704287,0.049679310582909524,0.07794203869534977,0.054145542375734795,0.04640619369775296,0.07825050633167158,0.08312776317878508,0.046367659218754444,0.05498951792802061,0.04721672269042294,0.044958148930599275,0.1937105045857726,0.11820562920923901
1998-10,0.05442651535784494,0.04986079910563248,0.04933535604745661,0.07815224152908727,0.05377491885155272,0.04628110156178959,0.07798388141906502,0.08345947586047306,0.046138023939736136,0.05499542284463657,0.04680925899906504,0.044682649634349085,0.1958229371959375,0.11827741765337399
1998-11,0.054401659204371754,0.0499319014042517,0.049346329457363114,0.07814112350280229,0.05376075467933207,0.04633700095699607,0.07793113403488947,0.08337864649319342,0.04618815208598866,0.05506083367083916,0.04686401969503462,0.044742279116122045,0.19565218889414454,0.11826397680467114
1998-12,0.05404169957051369,0.049305012145357485,0.048903473896005335,0.07868743565122088,0.053507336232547095,0.04555345545886784,0.07719951739343454,0.08396674325440608,0.045759098434655594,0.05465737394500777,0.04640848125820413,0.04440196281858695,0.19886946755433693,0.11873894238685573
1999-01,0.05409618985783657,0.049320696064620105,0.04895062097320033,0.07878151464656068,0.05360015717863769,0.04544361144944251,0.07700596515673272,0.08401580232667506,0.04571994257879758,0.05465246192888387,0.046422289329769446,0.044419374841824934,0.19875819577733486,0.1188131778896836
1999-02,0.05418358475878216,0.04921699229241589,0.04889981083712712,0.0789185575869555,0.053675852751395706,0.04524454715991062,0.0765008202636345,0.08423015502621603,0.045666404192000555,0.054700112964096076,0.0464144723014329,0.04434556412095964,0.1990422014858461,0.11896092425922715
1999-03,0.05411729301904896,0.04922530095213251,0.04899383446516381,0.07877164301426032,0.05379639464825419,0.04529632533725874,0.07673585328613917,0.08386034781317224,0.045775094493793494,0.054931791656704955,0.04648884874575649,0.04441315511394914,0.1984843044518973,0.11910981300246873
1999-04,0.05411901916649968,0.04922886155269218,0.04899080886104194,0.07874340589884371,0.053790742364530596,0.045299031775730615,0.07674109969132625,0.08386002552852165,0.04576968040324025,0.054923514102513636,0.046478608868497216,0.04441309847119663,0.1985279610398603,0.11911414227550539
1999-05,0.05432215835503686,0.04919340928943419,0.048913019260428695,0.07807918091408449,0.05365329183303648,0.04524242297492149,0.07655365386475305,0.0840900097196433,0.045833929740818895,0.0551145878600141,0.04649353962372622,0.044398449174265456,0.19868763499746367,0.11942471239237297
1999-06,0.05433524111387074,0.0491971563696873,0.0489237479668469,0.07810617965724273,0.05366767123331152,0.045243399704391334,0.07656820648733086,0.08414344942868303,0.04582816937318067,0.05510008153699063,0.04649353591264887,0.04440207987291176,0.19858608507453437,0.11940499626836917
1999-07,0.0544129821880104,0.04916588506619704,0.04902101081591093,0.07813254637969515,0.05369653379481381,0.045455593071363994,0.07679009566664506,0.08457215468192814,0.0459903235461835,0.055102194315164096,0.0465160360929113,0.044454315858435615,0.19771734733188814,0.11897298119085273
1999-08,0.054433812789500435,0.0491716831581095,0.049001733005343905,0.07814298394132452,0.05371651281409161,0.04539220727064896,0.07673895942084513,0.08466689534854487,0.04597460206768874,0.05507138379915143,0.04651401294406277,0.044471936108160505,0.19765934638766494,0.11904393094486265
1999-09,0.05432857588126341,0.049066134399710845,0.04907517832641042,0.07862677541444518,0.0539608168227575,0.04542996929645535,0.07623161907883456,0.08475047293215796,0.04581778397920815,0.055052236313807464,0.04638128078829149,0.04437306993204987,0.19767676921488345,0.11922931761972418
1999-10,0.05423438492547623,0.04899257804046666,0.04909415665621778,0.07850818188509101,0.05386449209347671,0.0456039846458579,0.07616278549700092,0.08466627783245947,0.04581121721603384,0.055105705029455714,0.04628439136366876,0.0443646373238998,0.19785548495582964,0.11945172253506577
1999-11,0.05423133784574577,0.04899048920558132,0.04909243495265802,0.07849055634191392,0.053862071379400286,0.045600941386531126,0.07617206544042728,0.0846592071786763,0.04581476360139039,0.055107897964388225,0.04628523403526405,0.0443625717493848,0.197821063553382,0.11950936536525672
1999-12,0.054258427400359854,0.04902829582847498,0.049071331861766605,0.07837457692450296,0.05378910702616007,0.045367453592718036,0.07578065850127066,0.08499802979449522,0.04582412894474574,0.05503792443392704,0.04612261643087879,0.04432602986194958,0.19789041037211516,0.12013100902663527
2000-01,0.05423857668364736,0.04902104268658859,0.049158918852815287,0.07841621884227187,0.05383230226850694,0.04557172575649967,0.07594998844346047,0.08478491322831844,0.045891365688016265,0.05495057663339704,0.04607103452297554,0.044410176787280126,0.19768762329150688,0.12001553631471544
2000-02,0.054242944246084654,0.04904521044642317,0.049170008900812384,0.07845093909249759,0.053851640524422865,0.04561871514468325,0.07589438774652536,0.08489358790659689,0.04589402492271903,0.05501755404810025,0.04604488657665059,0.044440913176233963,0.19740245300461884,0.12003273426363098
2000-03,0.05400551092027492,0.04892002772986152,0.049034791284878844,0.07809555443497396,0.053440161232927996,0.04591182413708069,0.07585461549086331,0.08486129799925243,0.04573840553827659,0.055177931634821695,0.045944197882929694,0.04442874455782458,0.19799907187622723,0.12058786527980661
2000-04,0.05399118015799335,0.04892036550566893,0.049047564245141825,0.0781485716769285,0.053372386566762985,0.04595691427860323,0.07587973655302814,0.08481507419236911,0.045742167561275096,0.055160286601899325,0.04595708249938465,0.04442926050576649,0.19806508667109,0.12051432298408828
2000-05,0.05395992147754053,0.048744062480901997,0.04897536906921046,0.0781951749288352,0.05321750444809771,0.046313084780585635,0.07633675838544943,0.08443653970168291,0.04568926001876574,0.05514747167892194,0.04590961450968037,0.04452980649564336,0.19775692347146742,0.12078850855321734
2000-06,0.054134993077636424,0.04876262381536976,0.04902798551240058,0.07866005705540308,0.053252579333149724,0.04618646985157444,0.07575499679973607,0.08497555184777898,0.045655729854972044,0.055377895313260726,0.04597137585234844,0.04462919838917595,0.19689257292447154,0.1207179703727224
2000-07,0.05411932149237643,0.04889266684764862,0.049070854304220084,0.07868093536430279,0.053337894445941135,0.046134459020697766,0.07574221626525428,0.08501563214222765,0.04571618553100698,0.05535891504896998,0.04596434187778034,0.04463487522926612,0.19667000539854648,0.12066169703176127
2000-08,0.0541335902245434,0.04890438014944593,0.049103370733562114,0.07853211849909258,0.0533198465001347,0.04614798130174594,0.07565828415757837,0.08503262711115116,0.045764251382397016,0.055423870425711154,0.045986586497446566,0.04464843011045441,0.19672360238655848,0.12062106052017808
2000-09,0.054136272526011386,0.04888686776164672,0.049104722207082674,0.07847958485414548,0.05332358777121817,0.046164685306867896,0.0758046352196387,0.084929167246723,0.045797358153889994,0.05545433042533669,0.04596195143440942,0.044646080635106326,0.19662038751577787,0.12069036894214567
2000-10,0.054108956666952215,0.04887155910013261,0.0490982155954298,0.07853362238239947,0.053293972939858554,0.04615560137324992,0.07572556514643608,0.0850557620873761,0.04580333612758073,0.05545308867950875,0.045979613770008254,0.04464447906552272,0.19660368096059963,0.12067254610494522
2000-11,0.05439712263480999,0.04876715111059867,0.04895200083256081,0.07862877327503573,0.053571486037223684,0.04577106808818363,0.07547007955330277,0.08509331618141207,0.045636403100547014,0.05570619424304364,0.04594487813963676,0.04454267588955469,0.1969628355960312,0.12055601531805926
2000-12,0.054475471536945395,0.04875947355945567,0.04896939150537411,0.07861158319600133,0.053632377544340075,0.04570204864436314,0.07531411748386721,0.08515040750405022,0.04567379071260224,0.05573908891397738,0.0459531095693489,0.044535816279589434,0.19697595904917384,0.12050736450091115
2001-01,0.05449791813949559,0.0486854512169621,0.048994181744697315,0.07854498836985217,0.053650185674711366,0.045553249204180364,0.07507755383164827,0.0852121573280644,0.04566672919707843,0.05572830464761715,0.04597463620043397,0.0445066226715381,0.19737760978906013,0.12053041198466062
2001-02,0.054498476282694316,0.04875644748091831,0.049007864609174556,0.07852509903097715,0.05363879063854648,0.04555159606266109,0.07522536234481078,0.0850531651000515,0.04569539100286825,0.05566546386928381,0.04598866272291813,0.04449911019882791,0.19741130591862868,0.12048326473763914
2001-03,0.05451260112357594,0.04877840331600262,0.04900263396642929,0.0785594783669324,0.05363868713549022,0.045509144194485034,0.07515224198391225,0.08512758610439701,0.04570264647207802,0.055664047312883956,0.0459829455721501,0.044505444218638175,0.19740941429796463,0.12045472593506035
2001-04,0.05440205134962308,0.048962747258188166,0.048997520453862506,0.07877098723512525,0.0535359807054858,0.04474306929899512,0.07420061409594898,0.08542009071855146,0.04567709883481864,0.0552407686516931,0.04583211205401084,0.04433092409314629,0.19924221753415683,0.12064381771639397
2001-05,0.05436921315246609,0.048985616815064525,0.0490046988955896,0.07883154038415298,0.05351272889453133,0.044736072152992225,0.07419504148915945,0.08562585988578149,0.04570814738171343,0.05525376860121546,0.04585959221500375,0.04439039973289748,0.1989144331175458,0.12061288728188636
2001-06,0.05433825975460101,0.048999082393753245,0.04885737108696906,0.07864125113242704,0.0534268638838504,0.04443337798928857,0.0741435181402906,0.08559862363709951,0.045628270815641095,0.05513839663240208,0.045809769792681164,0.04418586415696679,0.20059502944507165,0.12020432113895779
2001-07,0.05431957702893424,0.049054432872999224,0.04881872402259332,0.07854258811244708,0.053468065991306116,0.04434389574218702,0.07382180883049194,0.08531601631911977,0.04564413019646156,0.055270994793716575,0.045886502487498496,0.04420158570592483,0.2011302032195196,0.12018147467680021
2001-08,0.05440892423595916,0.0492817909950068,0.0487445917064332,0.07805666734692109,0.053499100322967834,0.04427485304891587,0.07390189393747201,0.08513169500893066,0.04570860606675881,0.05515480031151596,0.04594858210230536,0.04418211586913918,0.2015004424071045,0.1202059366405694
2001-09,0.054418717949585506,0.04921738303222367,0.048760471545119005,0.07800353823225054,0.053539858904755884,0.04418635755275451,0.07368677308500482,0.08494002288654579,0.04570484704335438,0.0551918567962392,0.045931195231575524,0.044088246447041644,0.20206070829356562,0.12027002299998393
2001-10,0.05491981020791578,0.04825302177900748,0.04818878127597159,0.0773124642272981,0.05365119615103669,0.04331937370390642,0.07266466530795464,0.08474817496220878,0.04532530068197811,0.05523569930491906,0.04560278375418358,0.04366074742086782,0.20538774409319052,0.12173023712956141
2001-11,0.05495300003998998,0.048278675163383654,0.04821198815406168,0.07726102750477533,0.053656645429926715,0.04329131930972523,0.0727264767011782,0.08478092449967092,0.045310458663167366,0.05521101476636309,0.045603475345379084,0.04366768299498279,0.20529294907981485,0.12175436234758104
2001-12,0.05492370610157755,0.04823198321955296,0.048158062930886154,0.07736630378835199,0.05358166881802323,0.043165863154001095,0.0728054832230286,0.08482491359833438,0.045281899566575134,0.055209081662553984,0.04557137196230388,0.04362343672134143,0.20539958204777486,0.12185664320569486
2002-01,0.05493310706676672,0.04826184223473091,0.04819207794843512,0.07737199792229196,0.053597084510275894,0.04318945536491488,0.07283957717861787,0.08481356814223266,0.045305157104858176,0.05521690354032775,0.045587840994366816,0.04363940246367476,0.20517822876563446,0.12187375676287211
2002-02,0.05493949177167268,0.048261628438919624,0.04819062134750487,0.07736698825169044,0.05358016583405623,0.04319041503591844,0.07281129549050809,0.0848240098326779,0.04532018860329634,0.05519682806744475,0.045597298469522554,0.043639351885066784,0.2051936230423004,0.12188809392942085
2002-03,0.0549894045695826,0.04829856829787151,0.04824762944084229,0.07737698656298364,0.053645186659991254,0.0430808054244705,0.07252075573292932,0.08466041265023475,0.045349315322311685,0.05517082153578229,0.045557138356838396,0.04362576957801737,0.20539424579058058,0.12208296007756382
2002-04,0.05495788199592088,0.048020900167344435,0.04808210234954684,0.07673694087986449,0.0535443128648409,0.043144907369588974,0.07229843090783128,0.0839943203920586,0.0453856724281375,0.05522561057649941,0.045448584395767405,0.04353659941548393,0.20730688245010503,0.12231685380701039
2002-05,0.05504929313737012,0.04805327165291326,0.0480966160644411,0.07669319835474243,0.05357139512074525,0.04304020314121822,0.07196661543894542,0.08413812309508435,0.045400028400739534,0.05511273172739347,0.04547036156372908,0.04346513818483469,0.20745922898139463,0.12248379513644862
2002-06,0.055118802508680814,0.04814146399744299,0.048131351165399426,0.0766131409881052,0.05362411286917526,0.0429584394540528,0.0717765849243901,0.0839037148112456,0.04540227809253617,0.054985393044154666,0.04549515282172296,0.04342781153519725,0.2076802272913113,0.12274152649658546
2002-07,0.05518254085814123,0.04796070183908938,0.04807527740141367,0.07651570408075442,0.05370762495935233,0.04273972630131279,0.07102208340549213,0.08283053795171272,0.04539845786747099,0.05467228801241289,0.04547243064550017,0.043383941062066805,0.20980649976730834,0.12323218584797213
2002-08,0.05482737468781593,0.04763660799044744,0.04816053017722679,0.07571964219928677,0.053887109826430545,0.04270973905691587,0.06897703122601666,0.08025392173090524,0.04522920296186483,0.05400771260482108,0.04554038638144962,0.043507437341034426,0.21627005919022016,0.12327324462556447
2002-09,0.054828315824240685,0.04764527903207124,0.04817279330741199,0.07573445096232286,0.053885323809282716,0.042716464082616444,0.0689993627039864,0.0802502016506222,0.04523721099180205,0.053994420142842635,0.045542210022113505,0.04350729250585925,0.21619781474962108,0.12328886021520687
2002-10,0.05471345366783177,0.04758312710295415,0.048046640915905936,0.07551815725202887,0.05386257216463461,0.04255856639188798,0.06894677045478968,0.07966189908928743,0.04526890520456639,0.05387758727096705,0.045422461297961174,0.0433971236107433,0.21762883177805867,0.12351390379838308
2002-11,0.05478180482838393,0.04738973822819264,0.048003540890705416,0.07573022383119321,0.053906490540037884,0.04255949766879901,0.06934601613276171,0.07906005024930539,0.04523765885023304,0.054052408700641215,0.04545592161064163,0.043356224147924095,0.2175931992006703,0.12352722512051047
2002-12,0.054935444731102796,0.04735726090148991,0.04792941815749111,0.07595930623330703,0.05401694914440837,0.04217335347026605,0.0685584179245996,0.07878029352014952,0.04533067766419703,0.054027587758626185,0.04540990007208034,0.043327520787252785,0.218588787501395,0.12360508213363418
2003-01,0.05493244503258661,0.04735911368283879,0.047928261629570486,0.07596584052862293,0.054017677813027076,0.042170430749035856,0.06855196636738357,0.07878934569506368,0.045325379473834915,0.05402147126452196,0.04540729263041426,0.04332631109199045,0.2185816977914972,0.12362276624961213
2003-02,0.05493130397331798,0.0473592393268223,0.04792702784274041,0.07595750892641738,0.05401507953298569,0.042170185051678695,0.06854999708486961,0.07879624976528954,0.04532204428233992,0.05402060867521814,0.04540747108976046,0.04332469337536148,0.21857220986549258,0.12364638120770581
2003-03,0.054765133409657496,0.04721218779986604,0.04786472639650403,0.07621433178522408,0.05397468385079255,0.04214562823320855,0.0676617409785518,0.07802569256445856,0.04529678725892542,0.0539485032406564,0.045282253052201724,0.04322300473591443,0.2204677630852357,0.12391756360880307
2003-04,0.05472547100794426,0.0471564523051716,0.04785654191779389,0.07628056106004509,0.05399224360764581,0.04217012907591137,0.06759963876439994,0.07806991391958637,0.04532832194583185,0.053980139895811546,0.04528836338904656,0.0432692238410332,0.22056521919171254,0.12371778007806619
2003-05,0.054747017335853576,0.04701876451178682,0.047827970223538525,0.07636713926457232,0.05387471910610412,0.042156851230034494,0.06748241006308385,0.07784129620210196,0.045224211739280554,0.05392069079658024,0.04519512946984206,0.043153054766178665,0.22118071753096022,0.12401002776008248
2003-06,0.05493004870304088,0.04715488049540264,0.04805250923788708,0.07663091931983958,0.05426963497823962,0.042181578038825204,0.06726531315490351,0.0776143707555771,0.04547034901377669,0.0541818096649124,0.04539489219422113,0.043338516658664235,0.220331966379378,0.1231832114053319
2003-07,0.05486350192736085,0.04712975310877431,0.04804248995141185,0.07652257408958274,0.05451864352630089,0.042225336698758,0.06711323560182943,0.0772149998540929,0.04553142074000831,0.05414892756909275,0.04545189172175389,0.04334984467053797,0.22025165403272423,0.12363572650777184
2003-08,0.05499061264916666,0.0473081669342085,0.048231461480952594,0.07641745535573181,0.05463786190618854,0.042426114639453276,0.06727131634910963,0.0771869749808352,0.04573937176727775,0.05431403597967147,0.04564716559584912,0.043464596572880446,0.21858844000670646,0.12377642578196846
2003-09,0.05499171631799314,0.047396431650188815,0.0483059575088327,0.0764958937152654,0.05468666134681437,0.042451791123208384,0.06725678724636988,0.07719659613641446,0.04579800428224013,0.05429673368239083,0.04566776398878095,0.04350251366440036,0.2180257287515358,0.12392742058556493
2003-10,0.05505620144627642,0.047378777511978915,0.04836022828756729,0.07657281549387697,0.05476173291697237,0.042362215260272215,0.06741241813739747,0.07709717701333837,0.04584984092240112,0.054346316975653994,0.04573647985661609,0.043491523062752696,0.2179208763817052,0.12365339673319073
2003-11,0.0550431805826611,0.047376917547625776,0.04835508724956028,0.07656934771934058,0.05475789506854438,0.04235704006779151,0.06742536358508094,0.07708226545622067,0.04584185954228318,0.05436165226946338,0.045725597144719056,0.04349407758227717,0.21794844812250405,0.12366126806192787
2003-12,0.05502807318865037,0.047372743274104415,0.0483367340577142,0.07660216710007367,0.054756569720476655,0.042354679017338706,0.06743139581876631,0.07709580989112434,0.045840507677051154,0.054364303982037586,0.04572369999924981,0.043492640604931194,0.21797414876019455,0.12362652690828717
2004-01,0.05506567212057403,0.047233442677977446,0.04831825173573996,0.0762353316533202,0.05474406131335731,0.04246030220605891,0.06739820763783973,0.07702218836366122,0.04604489773242131,0.054375324827835865,0.04579548365376702,0.04351971966709608,0.21836535830546758,0.1234217581048834
2004-02,0.055224535609869285,0.047138243474712155,0.048344162853982894,0.07600002689913858,0.05488090593763214,0.042391199718176675,0.06708945640057117,0.07700719681204204,0.04616967717854427,0.054364902392059385,0.045822557821100014,0.043547681722078575,0.21851304281928252,0.12350641036081039
2004-03,0.05524290117202694,0.047122566631878346,0.048338235285325916,0.07600644593853173,0.05489434591039325,0.04237940876982381,0.0670688672281299,0.07701841824866541,0.04618634924896605,0.0543784097455431,0.04583458234801498,0.04354491159762986,0.2185222287157331,0.12346232915933772
2004-04,0.05523581939892062,0.04709338932351704,0.048315362831895685,0.07602764208876595,0.05488109282411881,0.0423451309107108,0.0670136160926098,0.07703471197282288,0.046191428781445235,0.05432435751631361,0.04582607644193147,0.043528462408835414,0.21874075100734688,0.12344215840076567
2004-05,0.05528797208536636,0.04714655001992118,0.04835998305787788,0.0761116443080814,0.05493930791005924,0.0423707140714946,0.06705718445730069,0.07704369288648026,0.046212330083614174,0.054377087886964263,0.045834205376320665,0.04355948402405575,0.2182476687818681,0.12345217505059566
2004-06,0.05542653048664126,0.047205810167732294,0.048451867984395054,0.07646375353077792,0.05514539452278412,0.042434509614881405,0.06703503214329727,0.0770893744225135,0.046281914752399324,0.05460851592032626,0.045925206814051614,0.043685938289664515,0.21716254591022024,0.12308360544031519
2004-07,0.055457492510172506,0.04716096756339362,0.04840385774912294,0.07642242195312969,0.05511756879225295,0.04242301796237548,0.06710114374796351,0.07702199196871756,0.04626932313161015,0.05465543487656058,0.04592893824438653,0.043665831745903515,0.21733285178585823,0.12303915796855293
2004-08,0.05540614079916401,0.047126335749079346,0.04839761795755287,0.07650866718626331,0.05509338844019381,0.042362991948788106,0.06703702865567329,0.07704069248845771,0.046214025420829245,0.054565061204357584,0.045898572016447904,0.04365998261250244,0.21763756618706404,0.12305192933362637
2004-09,0.055327944015045524,0.047087607725146356,0.04837156190704576,0.07643107920143287,0.05508782855812014,0.04230898188824764,0.0670571538069799,0.07710587963727775,0.04618176860556244,0.054513100986368704,0.04589971671702286,0.04363193830832895,0.2179438737426954,0.12305156490072566
2004-10,0.05542378519101868,0.04711423387377991,0.04837649408144866,0.07622415875165102,0.055109040926721496,0.042330327473215676,0.06707820245855312,0.07711239179153821,0.046199015696469815,0.054516589414696386,0.04591211467830303,0.043633407039735166,0.2178451335961239,0.12312510502674481
2004-11,0.055427791939297116,0.047119827885806896,0.04837939302511935,0.07621394695194945,0.05511364825050048,0.04232760104338003,0.06707490080424375,0.07710745153523127,0.04619908815638263,0.05452880404682178,0.045915996554231765,0.04363366694461296,0.21784534111093726,0.1231125417514852
2004-12,0.05530656558736676,0.04705901654315812,0.04832781594983897,0.0763293756421476,0.05511681554980065,0.04227181507343348,0.06703461299998409,0.07679764574021637,0.04610050396179096,0.054641588955071776,0.04589820833115006,0.04359663719978794,0.21872945974912214,0.122789938717131
2005-01,0.055282068450936854,0.0470455951130405,0.048315721772884804,0.0763603348825858,0.05507901737580499,0.04225769363980259,0.06699547827225229,0.07679064589237268,0.046119495117582246,0.054616441552797886,0.04588207299780818,0.04357227110283678,0.21888535562641998,0.12279780820287445
2005-02,0.05534689179939514,0.047018617119817994,0.048298926432958585,0.07640861836772747,0.05510598538638748,0.042208703617031405,0.06697720364087922,0.07685297251215098,0.04615667675760082,0.05463409392605649,0.045898956451623195,0.04358975152953473,0.21898954033231982,0.12251306212651653
2005-03,0.05535951353830905,0.04707541125057068,0.04828689924683067,0.07604690907605269,0.05510917198465971,0.042248078976693304,0.06707325230296536,0.07675389552261032,0.046175409851423974,0.05467331757383903,0.0459298187715597,0.04360868238560429,0.21904441943552513,0.12261522008335614
2005-04,0.055363111107665015,0.047042635715877947,0.04831231283588807,0.0761959441594704,0.055138550846167686,0.0422465023651939,0.06707653908982657,0.07679241916701304,0.04619376972063386,0.054689117266936316,0.045922983552994956,0.04362232781798624,0.21869132272108685,0.12271246363325908
2005-05,0.0553432265109503,0.04682919195311141,0.04825467121629531,0.07603060020351633,0.055090528266744536,0.04220800657175726,0.0670490031076607,0.07688855874013609,0.046159798105550674,0.05481177791082226,0.04587125680397492,0.043617557389727085,0.21923698189743335,0.12260884132231979
2005-06,0.055348727316524834,0.04682869582537496,0.04825077880815205,0.07598479764488741,0.0550824274969881,0.04221582745202447,0.0670361226074691,0.07689342226558528,0.046162009963770165,0.05482167623089728,0.045877230594662505,0.04361724371551769,0.21930230931359493,0.12257873076455107
2005-07,0.05543700665587812,0.04679662492791912,0.04828400820758065,0.07573525928147519,0.055197513899165294,0.04222557354991909,0.0670850778011659,0.07680696450082829,0.04614726835671084,0.054910606063052224,0.04590609563426103,0.04365536810583146,0.21923079171030657,0.12258184130590619
2005-08,0.05544080872123707,0.046787436872141264,0.048279694484259374,0.07571126010825026,0.05519935709877222,0.04222037626895828,0.06708343559807314,0.076779793730006,0.04613832950667044,0.054907404487027155,0.045900608428925085,0.043653198764107774,0.21929881098104023,0.12259948495053163
2005-09,0.05544109504324356,0.04678503147129092,0.048283253571790176,0.07572400923584167,0.05519714915628242,0.042221273707731564,0.06708635501025888,0.07677838961980675,0.04613494217692217,0.054908247373514546,0.04589818009774093,0.0436524813269175,0.21926958675284375,0.1226200054558152
2005-10,0.05544716774936583,0.046800852893664216,0.04828712884622281,0.07567613616828577,0.055213699246793466,0.04222497596838053,0.06710865680702384,0.0767549414354035,0.04615031586797279,0.054914092001549564,0.04590367854482995,0.04365815884844135,0.21926772207151826,0.12259247355054811
2005-11,0.055591586305955974,0.046703951397892615,0.048353032286550156,0.0752273410141751,0.05531228464252417,0.042312073536124824,0.0670302970429804,0.0765410848562002,0.04628006676623442,0.05488850063514161,0.04607513067414954,0.0437967732500189,0.21863662062059372,0.12325125697145842
2005-12,0.05560262124854856,0.04670542631200654,0.04832628670696731,0.07526949782993711,0.05527421407550282,0.04227646748854807,0.06699510665030593,0.07661126235813748,0.04623695785696995,0.054892178906529525,0.046016490089681616,0.04376695994430711,0.21881018789499201,0.12321634263756598
2006-01,0.05566244001417765,0.04673917968384034,0.04829535784231134,0.07526877161376028,0.055281123318555905,0.042295844061288626,0.0670588738201284,0.07658395546507839,0.046266775625175754,0.0549276444373709,0.046043081391898895,0.04378578125669893,0.2188948561278405,0.12289631534187415
2006-02,0.055730314327768,0.04674849518694234,0.048298442476470624,0.0751634920631294,0.05532598961896483,0.04231880015581251,0.0671048419876246,0.07659788727238627,0.046328512750601826,0.05493376651248006,0.04608664920571367,0.04382327461937504,0.21899893692138067,0.12254059690135001
2006-03,0.05573094022183722,0.04676796913476535,0.04833177308468925,0.07511582720258711,0.05534958689860407,0.04231446843492612,0.06715723358027499,0.07658456357660634,0.046345410073813265,0.054939131315577046,0.04609541975762866,0.04383294778425435,0.21886158276914935,0.12257314616528683
2006-04,0.055740691102609055,0.046769290912619936,0.0483407495809312,0.07511052408541224,0.055352354108896606,0.042318158811394724,0.06717091983147352,0.07657910429279441,0.046351830324851705,0.0549421466405991,0.04610047555458117,0.043838544870607996,0.21880795742675294,0.12257725245647563
2006-05,0.05575896153693487,0.046764625199121654,0.04830695131108419,0.07501987997055307,0.05536578701051846,0.042316939938472534,0.0671724635353273,0.07661899208157433,0.04635869495191288,0.0549874595497477,0.04610220850149111,0.04382848423129791,0.2190682274464341,0.1223303247355297
2006-06,0.055754236596618656,0.04676228187201112,0.048307966680386435,0.0750376883108116,0.055367798498488434,0.04233005986017393,0.06717041587109784,0.07661552350319298,0.04636282020617663,0.05499588054237277,0.04610448219192151,0.043831835147222865,0.21911549171331013,0.12224351900621516
2006-07,0.05589696886020836,0.04683872769464556,0.04822736804824247,0.07480504545416927,0.055365228146629426,0.04231652297822946,0.06745328563974334,0.0770823939428256,0.046427770070104644,0.055119601810575986,0.04615546034403033,0.04390443464105297,0.21961255883483805,0.12079463353470442
2006-08,0.055885343520764116,0.04685814442346896,0.04826986707348482,0.07468915345774611,0.05538225591129148,0.0423615806948324,0.06747020076921816,0.07703614440580665,0.04647146547663337,0.05512922055126655,0.04617206753629017,0.04394441091121498,0.219687406237617,0.12064273903036522
2006-09,0.055887479773702224,0.046863068667398936,0.048315947064646,0.07467487547210266,0.05538615948582482,0.0423586214411334,0.06744263307621387,0.07701308063722888,0.04650397683306362,0.055119779470004356,0.046189107015237596,0.04398708953444037,0.21954036969069698,0.12071781183830615
2006-10,0.05588815101164867,0.04686474310842776,0.048316603763501845,0.07466703368558608,0.05538801448613956,0.04236104584554297,0.06744586632345899,0.07701227174730023,0.046506421246731385,0.05512119032997999,0.04619032807372059,0.043988367697207924,0.21954115573511537,0.12070880694563868
2006-11,0.05592287171772682,0.04682651700814069,0.04827588950279249,0.0746505324235079,0.05536587512408567,0.04234005792513789,0.0673733082462597,0.07696272600487597,0.04648626145289128,0.0551161059877758,0.04618245626235202,0.04395556946814624,0.21968394873509706,0.1208578801412104
2006-12,0.055983980552128484,0.04683776257713719,0.04831026880721796,0.0744914036462978,0.05538032492160192,0.042364409173540174,0.06742607548904207,0.0769697098990736,0.0465856732913901,0.055247316320561984,0.04626049809940554,0.043986934434401534,0.21966258294567267,0.12049305984252891
2007-01,0.055974271707800415,0.04686740321469338,0.04830492568560073,0.074435183994245,0.055390402165866125,0.04237548327329504,0.06739136269443556,0.07693738809690946,0.04659335191885931,0.05526379037555209,0.04625760014084756,0.04397903536092972,0.2197074969181534,0.12052230445281213
2007-02,0.0560036531418699,0.04689917428606714,0.04831925428109438,0.0743117283799598,0.055421291828555666,0.04239239440064437,0.06744485423872178,0.07692884485283513,0.046623561905511736,0.055308353324912504,0.04627956820526359,0.044005083632975346,0.21951037237458668,0.12055186514700186
2007-03,0.05606142696597949,0.04688699794166618,0.04828052945854557,0.07428557635695182,0.05541735214561412,0.04243052373457772,0.06749716546305247,0.07681059111653661,0.046627889993867404,0.05536211199115345,0.04631773483331842,0.044032469319169286,0.2196484567296779,0.12034117394988954
2007-04,0.05604640767261481,0.04682545235839789,0.048286623599743964,0.07425006070185688,0.055405714635676874,0.04241340959069749,0.06745323472504522,0.07691623277334649,0.0466013085996764,0.055274396941160375,0.04625419519739647,0.04400490559956697,0.2200531439199215,0.12021491368489845
2007-05,0.05598058514216293,0.04682861392571733,0.04827933004381814,0.0739472864595731,0.05544891061189177,0.04241462759285401,0.06740348430630147,0.0766589707300928,0.04660118053136383,0.05517712992582804,0.046293355991456044,0.044039038957180275,0.2208802524580371,0.12004723332372307
2007-06,0.055984064352206195,0.046799925523957876,0.048240739358379255,0.07387134665338368,0.05545875429145073,0.042401764074637145,0.0673578414975595,0.07664338469560683,0.04661676685125959,0.05516630209723402,0.04628078310761968,0.04403702783780747,0.22100257420377692,0.12013872545512115
2007-07,0.056032633673993526,0.046849460760479994,0.04830731865154806,0.0740436692294519,0.055508956768061224,0.04244730666562406,0.06743599488149693,0.07652605365445643,0.04665894486608283,0.05516355870805745,0.04630164132969867,0.04408555919237526,0.22053554871106162,0.120103352907612
2007-08,0.05603618415130288,0.04684970216924059,0.0483053317657703,0.07403780710773877,0.05550746534598007,0.042445477411021976,0.06743766975742253,0.07653119272238887,0.04666329106454221,0.05516837211724903,0.046308591014042215,0.04408498253183204,0.22052089574849934,0.12010303709296909
2007-09,0.05596287531935459,0.046662723336812165,0.04819810945565468,0.07358977215664772,0.05553917234624038,0.042437872495116186,0.06708183982193151,0.07635297543271281,0.04655727946941946,0.055101177965391,0.04618368355093741,0.044063743160594276,0.22216916669729223,0.12009960879189562
2007-10,0.05602680550384554,0.046763892063168964,0.04824085549738866,0.07339200509835914,0.05553959664885129,0.04245352329275007,0.06717788195575533,0.07640255949951302,0.046651416293969024,0.05513913876333482,0.046271818519838914,0.04410931054118185,0.2221151453488844,0.11971605097315886
2007-11,0.05603211269781771,0.04678233948094937,0.04823215156416526,0.07335318382207598,0.05548445452824252,0.042421428515594724,0.06723739011579037,0.0763558619681293,0.046698215972735296,0.05515666434078497,0.04631773660183645,0.04409843702658272,0.22240403628050043,0.119425987084795
2007-12,0.05600469365815209,0.046618277451178095,0.04812632675327183,0.07315779530850472,0.05546005192504107,0.042384793913575074,0.06687418025151444,0.07640462787070981,0.04660841177600505,0.0550812295586745,0.046111214866712026,0.04402182339198224,0.2233420704917164,0.11980450278296254
2008-01,0.05599692957004497,0.046626905738886004,0.04812503784827308,0.07313312920159575,0.05544854018063178,0.04238668325373688,0.066881661164791,0.0763916941412497,0.04661167059174284,0.055085048229662925,0.046118287798692204,0.04402904727100453,0.22334327206501386,0.11982209294467452
2008-02,0.05586804160484683,0.04638618061809826,0.04788794106996496,0.07282367637934323,0.05525067638498885,0.04218082141821104,0.06643267165485911,0.07600275737225343,0.04646035662941407,0.05499013027253988,0.045944227411794,0.04388471474737693,0.22493981836438467,0.1209479860719248
2008-03,0.055844022724401816,0.0463999791154484,0.04790695190202114,0.07282843754887512,0.05526311709821824,0.04214902300566587,0.06640524218736522,0.07592646433196887,0.046491637889166014,0.054952097896205324,0.04593682152385277,0.04390609310658058,0.22494543008621826,0.12104468158401234
2008-04,0.05582640546061519,0.04632067372653507,0.04787114704228307,0.07285050453142929,0.055259872683753944,0.04214174576413624,0.06628301783864868,0.07578372584498577,0.04645918069993688,0.05487930271100642,0.04580367950757869,0.04387590697538561,0.2253946492859066,0.12125018792779854
2008-05,0.055821698260781295,0.04631703082449128,0.04783178146131503,0.07271674033408244,0.055204155561346294,0.0421165104483774,0.06624256931651916,0.07567052027716019,0.04642869587665975,0.05487740432230665,0.04578774288665168,0.043871221268871136,0.22565483310456094,0.12145909605687694
2008-06,0.05582490793272368,0.04630590656745457,0.04781717955143205,0.07267416793589486,0.05521104867477506,0.042100643973058266,0.06619807105634884,0.07564191978840738,0.046421805639093996,0.05488279256285567,0.045790180168883095,0.04387308999387915,0.22576502341944774,0.12149326273574568
2008-07,0.05588470747896161,0.04617457502830581,0.04780799392976351,0.07292425342028666,0.05534635674451624,0.042185142187901446,0.06602770470088698,0.07593026314631669,0.04649125197084078,0.054975446725038644,0.04556661016912626,0.04386315014807688,0.22520788836946676,0.12161465598051183
2008-08,0.05588608292618599,0.04579336165820882,0.04759906250069733,0.07224734499011554,0.05532383789838129,0.042136567018432124,0.06560750507551981,0.07563590541562067,0.04645391072652275,0.05542012466459696,0.04535294635281927,0.043784671924585856,0.22615544172813035,0.12260323712018305
2008-09,0.05594404810626738,0.045831030651879566,0.04762173191434452,0.072090216749438,0.05537254380320627,0.04217751822055798,0.06564032068115688,0.07552846207745716,0.04650868427216053,0.05549102210013575,0.04541050560919428,0.043816832369956316,0.2263147175953237,0.12225236584892164
2008-10,0.05599171690548522,0.045878320936199486,0.0474250792447579,0.07168337033768925,0.055340697426507685,0.042014886473050066,0.06545498109281757,0.0750969071689449,0.04663360130016191,0.05539161594108444,0.04549543177924278,0.043812069058005054,0.2275870476726643,0.12219427466338964
2008-11,0.05644607059123651,0.0442548674824419,0.04637632738759495,0.06873195198170946,0.054783466106737726,0.04247151051953389,0.06343870482000298,0.07310769018463537,0.04684091075390826,0.05617290330640957,0.04566713224834346,0.04399984563963603,0.23317793038764908,0.1245306885901609
2008-12,0.05627728796898933,0.04351710882102669,0.046039885959938874,0.06906551305455554,0.05466227765062511,0.04226806730157668,0.06324789990214566,0.07346756273490845,0.046714512043049716,0.0561331075423057,0.04504930383350897,0.043740797163075155,0.23635683052045722,0.12345984550383679
2009-01,0.05661364288101223,0.04363585233714898,0.04624248614961954,0.06943788292698422,0.05512192137402079,0.04248201127337063,0.06339624637393718,0.07400457377357943,0.04684541345151995,0.05646398726859976,0.045353464164638514,0.043949375280413226,0.23308956272906195,0.12336358001609363
2009-02,0.05661835865835861,0.04363556423623128,0.04624985153590024,0.06944596841249956,0.055117009886534785,0.042488680784246904,0.06339037231665032,0.07402350229366188,0.04684642140508015,0.05647721364533675,0.04532957109937625,0.04394172230823509,0.23302537533616363,0.12341038808172455
2009-03,0.05666490052249305,0.04347554388910826,0.046071769759194976,0.06921978006968173,0.05492702343847265,0.04274588383210969,0.06313549595575839,0.07403448558800049,0.047022325331759415,0.05683899560125998,0.04508657439672825,0.043778629768740016,0.23149929828523755,0.12549929356145562
2009-04,0.05674509754101899,0.043422914886243655,0.04589415753653593,0.0688693409738779,0.05490995213854875,0.04290861417314198,0.06339383948314516,0.0731416162076113,0.0472762849566598,0.05657522042096806,0.04504456391752696,0.04378045117460546,0.23260080745042006,0.12543713913969604
2009-05,0.056825809151742034,0.041957934217567994,0.045257588053285676,0.06896958903877165,0.05456179926848914,0.0426801455271166,0.06280771639504702,0.0729944732442223,0.047080659678576595,0.05703412689946428,0.044171168747783665,0.04336932198651912,0.23535690359154324,0.12693276419987065
2009-06,0.056682701345461065,0.041764435674423755,0.04505359549955892,0.0686684996208772,0.05437862531934803,0.042670407560801496,0.0627031389214217,0.07285041871550851,0.04713450710041275,0.05696949618708276,0.043932208792347834,0.043298874562391315,0.23737451112574198,0.12651857957462262
2009-07,0.056658299527550575,0.041748218629232156,0.045038021442493054,0.06865328708595066,0.054369513528348255,0.04264623547368508,0.06269962225355688,0.07280026683540837,0.04712702238353218,0.05694709782198478,0.043925771978159375,0.043294276832914404,0.23760999166610258,0.12648237454108183
2009-08,0.056654181824326515,0.04174162828831932,0.045044527915433855,0.06868408239642643,0.05436427999993637,0.04264239878309157,0.06270310970901241,0.07279279222066988,0.04713067155633252,0.056938712321281414,0.043929495997307395,0.04329754650941586,0.23757152780040236,0.126505044678044
2009-09,0.056754758865688974,0.04140785179129349,0.04484252047748948,0.06854455331808457,0.05432868975810514,0.04267206310433481,0.06264596397920395,0.0727980578070701,0.04709657596309038,0.0569406604018334,0.0436037619230253,0.04308703502566982,0.2386701115820471,0.12660739600306353
2009-10,0.05680193080769509,0.04146855875273965,0.0448260815503188,0.06854127542609978,0.054333437653002636,0.04268737794243519,0.06260457783208818,0.07293923867489657,0.047137350757921144,0.05700731110771561,0.04364466258694515,0.04309070197939418,0.23852735055285149,0.12639014437589655
2009-11,0.05678392500637495,0.04146532797086248,0.044832203261757145,0.06846060047127768,0.05432256887032764,0.042687512154948454,0.06263474377624234,0.07296552904930693,0.047135714802370006,0.05703806552962538,0.04366415323378264,0.043114028602955504,0.2386440949183142,0.1262515323518544
2009-12,0.05680211287330312,0.04142998044366533,0.04484725328469121,0.06850134951347392,0.05427547695243817,0.04269776746249049,0.0626218512181407,0.0730354157974341,0.047139174805543665,0.05703804372201392,0.043713547745369466,0.043136954428111836,0.23885473118128647,0.1259063405720376
2010-01,0.05678511165217069,0.04140609720190251,0.044824077212338755,0.06855584834936575,0.054267906714840275,0.04268230186021198,0.06252546555725955,0.07289932072687137,0.04713269170243186,0.05699145478804123,0.04372304178557071,0.04313136360356593,0.2391815404376416,0.12589377840778795
2010-02,0.056787493366543276,0.04142160734024191,0.044831365288228474,0.06856442687466732,0.05427040356101277,0.04268573859405107,0.06251954236604919,0.07290020139474346,0.0471349315559276,0.057000886117056455,0.04373242498149438,0.043138100250636004,0.23913134600900815,0.12588153230034
2010-03,0.05681668632633175,0.04145513000671338,0.04481956833611849,0.0684293473234236,0.05433255047012693,0.042664779727239935,0.06245391850151145,0.07274424886933747,0.04718845788914711,0.057001531195526534,0.04371980537533955,0.04318828496251706,0.23944111759565165,0.12574457342101517
2010-04,0.05676751897730424,0.041275893950025094,0.04472412307868074,0.06846716498873591,0.054307578647196465,0.042628131764795095,0.06228985142500563,0.07275400887630738,0.047124747126914945,0.05702504646331116,0.04362323482826808,0.04309554600607132,0.2401616646498522,0.12575548921753169
2010-05,0.05678572756067476,0.04121819457426136,0.044676913856258306,0.0683854445608317,0.05431552992569829,0.042606523220900056,0.0621954328037059,0.07273605573160148,0.04707871509090882,0.057093323411009,0.043574675432642235,0.04306044228044245,0.24065756408554356,0.12561545746552213
2010-06,0.05663058412604047,0.041126452646188895,0.044570469687165694,0.06800293946797376,0.054172611656913935,0.0425102270454319,0.06202412291241413,0.07251756278166933,0.046997090787287456,0.056866904928135315,0.04341891799223712,0.042970853701841234,0.24222712819028555,0.125964134076415
2010-07,0.05658755654992541,0.04107250457229641,0.044502435779683235,0.06788134863383216,0.05411711193967551,0.042484981155715966,0.06202254344063703,0.07247833889439806,0.0469260871254061,0.0567837162370958,0.043342489235747746,0.0429301383098584,0.2427969571621842,0.12607379096354376
2010-08,0.0566000245180663,0.04106863979078013,0.04450458147338016,0.06785126303426764,0.05412932868843694,0.0424830179618425,0.06202149812950996,0.07251334398043786,0.046895591027168976,0.05677115493927493,0.04333116815676024,0.04292310738962651,0.2429398488436374,0.1259674320668105
2010-09,0.056615244137744984,0.04108026182420572,0.04452676705140862,0.06786112033926098,0.05415168905051057,0.04252466720351518,0.06201494508158918,0.07253724455196066,0.04693527560923933,0.05679623268822779,0.0433874727752921,0.04294421132043185,0.24263328314176516,0.12599158522484788
2010-10,0.05661004104287339,0.04110015748309751,0.04453183781252369,0.06788902463599368,0.054141403467209255,0.04252365240594731,0.06196740940081103,0.0725651209932357,0.0468991944953388,0.05678981035697799,0.04342123358256201,0.0429242172883619,0.24284214002917245,0.1257947570058954
2010-11,0.05666928104134392,0.04099557889598361,0.0445213483636861,0.06771993508224622,0.054129871745912043,0.04251415219085998,0.06198998808567595,0.07266805915624634,0.04691538286533712,0.05683114509245731,0.04354612951809686,0.04296242527293047,0.24306661643040742,0.12547008625881678
2010-12,0.056653773109947035,0.04094717300909059,0.044505030073524604,0.06765620200996449,0.05411355177003831,0.042494651590936364,0.06196801481294193,0.07266978464822181,0.04689325173124461,0.056846661501491105,0.04353427872351707,0.04295309933470424,0.24334635363590704,0.1254181740484708
2011-01,0.0566109525302683,0.04089538010896389,0.04445723736769877,0.06755729780955491,0.05408173395014571,0.04247200284325617,0.061922736211949624,0.07264191033010171,0.04685513901635499,0.05681408096777635,0.04348926237924767,0.04291747422558853,0.24393773440533212,0.12534705785376127
2011-02,0.05662385186581523,0.04088254384582773,0.04444473219908782,0.06750771949648601,0.05407217085892583,0.04245852703863586,0.061904032304990884,0.07261852696872151,0.0468594345690428,0.056805272017665775,0.0434688274828511,0.04290772983020094,0.2440437623800413,0.1254028691417072
2011-03,0.05661713092967004,0.04090822306892329,0.04442105318897354,0.06742992383368329,0.05406064740463745,0.04244702484118485,0.06186866950253435,0.07260687283353189,0.046853715549089986,0.056808566067463775,0.04345951265259992,0.04289571388246726,0.24423229446152595,0.12539065178371456
2011-04,0.056619631799506236,0.040900747976714974,0.04441723628237632,0.06743379759006565,0.054052477971600045,0.042439137655802796,0.06186600962345729,0.07260238121452407,0.0468487084208518,0.05680815757042881,0.043452051664509855,0.04289006882358565,0.2442637203688303,0.12540587303774628
2011-05,0.056573509539632826,0.04089420555042166,0.044424318143718305,0.06743696534762288,0.05402078323444148,0.04246022716931804,0.06182568667969606,0.07259624171062526,0.04682805611811863,0.05675504118012973,0.043481931422261526,0.04290543151009188,0.24453800460627886,0.12525959778764276
2011-06,0.056574364293298145,0.04091149219726876,0.04444849911969234,0.06752796840288824,0.054030116174292556,0.04247215529371626,0.06182792566058554,0.07257393682520524,0.04682935779456484,0.05674002009628037,0.043512894668178495,0.04293037695547052,0.24436465565508383,0.12525623686347487
2011-07,0.056556871186800396,0.04083796496989285,0.04440584308864409,0.06743073511476093,0.053982989886333904,0.042424556869135606,0.061732010119342914,0.07253281599056359,0.04679123956208137,0.056702329260081855,0.04344412144087461,0.04289152966472348,0.2449549724085644,0.1253120204381999
2011-08,0.056547524008720665,0.04084078339375826,0.04439868825065818,0.06735653163372946,0.05397736048100691,0.04240678878228218,0.061735878391794514,0.0725127732256131,0.046768825030438284,0.05672966371752726,0.04346371995412535,0.04288551100427333,0.2451344191829167,0.12524153294315588
2011-09,0.05630067579626742,0.04032663087725147,0.04389537590030794,0.0663451519302264,0.05354793870842562,0.04216244715474195,0.060993910141371024,0.07200949857187147,0.046512372004539435,0.05612018553967923,0.04303203354537468,0.04254119158691351,0.2494373590410111,0.1267752292020188
2011-10,0.05629373872352966,0.040297549802223484,0.04387880955144248,0.06629169887960171,0.053533597982857624,0.0421601951553656,0.060971908934079534,0.07202376369718227,0.04651907852948628,0.05612026585276251,0.04300458475865062,0.04252459198297798,0.24962527564566772,0.1267549405041725
2011-11,0.056296748182162897,0.04030674501955711,0.043883286610406885,0.06630010807285716,0.053537098372307544,0.04216624482175194,0.06098032483623434,0.0720348167259804,0.046524766436901024,0.05612463465379629,0.04300798028651173,0.0425288213931305,0.24958333288898066,0.12672509169942156
2011-12,0.05632373363044451,0.04034403493171995,0.04386538080384812,0.06626181877433931,0.05356494407231738,0.04218305958580287,0.061026174564044064,0.07203283348779178,0.04652317731412399,0.05615178951196028,0.04302799566522798,0.04253826278955554,0.2495269123961064,0.12662988247271792
2012-01,0.05633971652351565,0.04033591717748947,0.043869599262371405,0.06626656602692993,0.053572975431972834,0.042181246415401455,0.06104472609783917,0.07205206476376148,0.046529823050786935,0.05617273616447784,0.043035661514796895,0.04254800535668418,0.24951997404306783,0.1265309881709049
2012-02,0.05638896119438148,0.040215160733842376,0.043825342766653376,0.06622379951886023,0.05351998830375374,0.04217397994089373,0.060973524546441456,0.07216431268938092,0.046545027143800405,0.0561071409985915,0.04296373875663264,0.042496581667403874,0.24981797417792545,0.12658446756143887
2012-03,0.05640292548168366,0.040148052121570355,0.04378915695106416,0.06621678854521658,0.053526113212524644,0.04210958877970299,0.06095497565271791,0.07227127583519892,0.04654816418927481,0.05613222325266309,0.042918626399053895,0.042510813070123436,0.2501938627853913,0.12627743372381442
2012-04,0.05642733871304212,0.04015535756207353,0.04379186758142049,0.0662202205702604,0.05354422805553299,0.042131562022450324,0.06098742297921997,0.07229529473535778,0.04657093718459949,0.05614842060195896,0.04294511034892982,0.042516872970643535,0.2500413726345172,0.12622399403999335
2012-05,0.056449201159103735,0.04012942975366118,0.04378151689108116,0.06612595191114298,0.0535607350972457,0.04213781558539302,0.06098168589695749,0.07229522325337584,0.046584206638357654,0.05616301102694579,0.04295512130425665,0.042515995086793705,0.2501722574839739,0.12614784891171119
2012-06,0.05644751748022037,0.040022785781526134,0.04371999795481776,0.06595302382252659,0.053489648127453285,0.042074413268691616,0.06106514149243125,0.07235903500840055,0.04658378720370117,0.05617903283895929,0.042859699473985734,0.04250540926278138,0.2509292319076607,0.12581127637684417
2012-07,0.05643353380635986,0.03998539319900196,0.04368319306399136,0.06588728278548449,0.05345347419585879,0.042057775291321896,0.061101952539898134,0.07238251162576206,0.0465799048549933,0.05618404595242463,0.04283801739003766,0.04250142071493638,0.2511119871771265,0.12579950740280302
2012-08,0.05642623745873942,0.04003891202219589,0.04370243546357032,0.06582739664666698,0.05345338309502403,0.042076499792007206,0.0610472489765057,0.07234929674620956,0.04658189338090028,0.05614005003490628,0.042843963860775124,0.042503267682097674,0.2511274151410015,0.12588199969939998
2012-09,0.056420419979189694,0.04002051926054048,0.043679699015267304,0.06577548806613978,0.05342896128918481,0.042052318882689295,0.06099367531117204,0.07236327484627046,0.046576227334134246,0.05613813963827486,0.0428309465608372,0.042501803812083995,0.25139308406896466,0.12582544193525105
2012-10,0.05647214202437692,0.0399722065038055,0.04369149160013362,0.06575346725670565,0.0534333679136063,0.042054528591013475,0.06095795090671028,0.07247169721003696,0.046563122644793314,0.05609593215601341,0.042790822991467116,0.042490052175893515,0.2517981756216419,0.12545504240380206
2012-11,0.056471924483388655,0.0399786948949397,0.0436901941958703,0.06574522365259337,0.05343154543517164,0.042034013326321756,0.060965833535633875,0.07250461572671277,0.04656433206524817,0.05612014409230814,0.042809113846441905,0.04250049023332318,0.25172919766018675,0.12545467685185974
2012-12,0.056463189026110625,0.040076743139768264,0.043740911556833635,0.06564725440175083,0.0534540192861592,0.04200202034537405,0.06087817867051108,0.07231143977042159,0.04656986956576975,0.0560763100077283,0.04280590782404416,0.042505373281006405,0.2521141468688181,0.12535463625570392
2013-01,0.05645825293131256,0.04006791616527151,0.043731967266057374,0.06563997995823523,0.05344502506395286,0.041998619939666644,0.06086922168837177,0.07230487887272159,0.04656879823192441,0.056068940718980276,0.042798277225400916,0.04249899077109343,0.25216619635036125,0.1253829348166502
2013-02,0.056431327106751306,0.039978153555896095,0.04367551692558038,0.06555739726567975,0.0533762023358087,0.04199112818085721,0.06079361834404814,0.0722487960757918,0.046549377333550454,0.05599393683326524,0.04273513257106565,0.04243837468156171,0.252786544500522,0.12544449428962148
2013-03,0.056424508799113496,0.03998082503824317,0.04367244927707858,0.06554564891050436,0.05336866167551314,0.04199082538106347,0.060785009523031716,0.0722326028558485,0.046545530864449486,0.05598606547676737,0.04272982642047533,0.04243231049163866,0.25283223763123397,0.12547349765503862
2013-04,0.05640404910296017,0.039976066377724814,0.043670033353499095,0.06555080845904808,0.05336828099586429,0.04199157085049766,0.060748667699124785,0.07218730404580237,0.04653418727481608,0.055958897624508716,0.042722888121539536,0.04242523092312753,0.2528977883672815,0.12556422680420531
2013-05,0.05640766806295022,0.0399758189387593,0.043669172258595346,0.06554622897572898,0.05336837657880546,0.04199023705736774,0.06075336841048596,0.07219610783919488,0.04653568760368877,0.05596411326874866,0.04272239069863822,0.04242473328637295,0.252904209842991,0.1255418871776725
2013-06,0.056386195471558515,0.03991400150554781,0.04363699444518091,0.06548463338884532,0.053332091121144315,0.04196012072396928,0.06071653524146264,0.07220674855998278,0.04650916228660966,0.05594234513099955,0.04268016388180202,0.04239481727038486,0.2531499550889217,0.12568623588359062
2013-07,0.05648599814591946,0.04009646139511801,0.043769030232527456,0.06560797713372829,0.05342728145208415,0.04208700646104129,0.06076763540742744,0.0721757321395007,0.04664898433029004,0.056098573327144234,0.0428728689009142,0.042514950951915854,0.2520068701342814,0.1254406299881075
2013-08,0.05647427274754514,0.040076897804761424,0.0437559240707923,0.0655924152654429,0.053416502614419596,0.04207996712120615,0.06073825027816513,0.07213926560231629,0.04663319857661045,0.056075648496031284,0.0428554654398325,0.0425066853746588,0.2521694317048486,0.12548607490336933
2013-09,0.056470225613720636,0.040082604668611216,0.04376093020239418,0.06558822755663407,0.05342243239069635,0.042086350179739315,0.06073570377828226,0.07213767417068857,0.04663336431762287,0.056079880370414094,0.04285833272137067,0.04250875335153769,0.2521032989248888,0.12553222175339934
2013-10,0.05646943961556694,0.040088872291258,0.04376680215634666,0.06559330100033432,0.0534242552871577,0.04208911996037582,0.060737467850762214,0.07213028824846372,0.04663560527432243,0.05608522248523041,0.04285932974256048,0.042512308619559055,0.25207837008381534,0.12552961738424684
2013-11,0.056484358893197736,0.04009851780910564,0.043767383031017314,0.06559449341093773,0.05342228242742061,0.0420918568332137,0.060719040526875996,0.07212743077581954,0.046639243966545514,0.05608802940403357,0.042868380350556755,0.042508401890725925,0.25195381946321666,0.1256367612173333
2013-12,0.05646570535527868,0.040101494379205536,0.04375475721561412,0.06557556825968217,0.05340488540321581,0.042082473095866595,0.060708762095582625,0.07211916699041024,0.0466202796930309,0.05607088981457037,0.042857335787663875,0.0424968995426116,0.25204881980986493,0.12569296255740248
2014-01,0.05649047280883883,0.04013046349328775,0.04379026752319971,0.06559521628615128,0.05342850422965864,0.042122539712991874,0.06074422939405734,0.07211305630875568,0.04664133357301922,0.056115553358887196,0.042901505338599676,0.042529297231314385,0.25182489140132264,0.12557266933991557
2014-02,0.056492127493194676,0.04013086228824072,0.04379019461055347,0.06559672044691567,0.05343008279910301,0.0421216951265156,0.06074374997281217,0.07211324021596535,0.04664295999568707,0.05611336191719989,0.04290173444110548,0.04252977147097702,0.25182307233199946,0.12557042688973044
2014-03,0.05649622514063898,0.04013175254381774,0.04379179559254455,0.06560054372434887,0.05343216045310206,0.0421212465238334,0.06074587004692923,0.07210952378491528,0.04664545205753292,0.05611198792161781,0.042904570281530684,0.042531513571059644,0.25181519743142666,0.1255621609267021
2014-04,0.05646401565703587,0.040118943799036404,0.04379767010067622,0.06557746491131189,0.05340622778279018,0.042125374458593864,0.0607573635523479,0.07210616068592343,0.04663184434689994,0.056125160433634295,0.042888670546838654,0.042520546303324615,0.25199212599786697,0.12548843142371965
2014-05,0.05648157716675603,0.04011694603135021,0.0438031126647782,0.06564306855406213,0.05341472549992694,0.04211731962508265,0.06075694197186398,0.07217202065278233,0.04662017999299672,0.05609265919320341,0.04287491733798251,0.042521716448664336,0.251986892977075,0.12539792188347562
2014-06,0.05647948295377652,0.04012037194168243,0.043804896532573925,0.06563629197058546,0.05341678587233628,0.04211824589151699,0.06075202267336773,0.07217702762895409,0.04662469625465438,0.056094439467625344,0.042880065787641114,0.04252273344190623,0.2519599987193485,0.12541294086403096
2014-07,0.056466207532965565,0.0401053689960441,0.04379669261309447,0.065603228886788,0.05342014023206646,0.04209968175274288,0.0607468070795148,0.07213462984677453,0.046619027963182555,0.05606990889215169,0.042864166567616546,0.04251725820008003,0.2520943687636179,0.12546251267336053
2014-08,0.05646900761457479,0.04010557685135796,0.043799943881962115,0.06560482060977259,0.05342272844961636,0.042098061013284435,0.060740807077414,0.07214053099127211,0.046620281453766996,0.05606818544523565,0.042865466648261887,0.04251844373436724,0.2520932822641669,0.12545286396494712
2014-09,0.05645565017272762,0.040101658006620224,0.04378945311306852,0.06554601524273426,0.05342583077620066,0.04211320772979559,0.06070583524740855,0.07209550906304663,0.0466258041487425,0.05608853100944718,0.04286004161313359,0.042526476903423996,0.252280649668891,0.12538533730475973
2014-10,0.05648514265873998,0.04010341004264891,0.043804679050936,0.06551774602125172,0.053450802930369426,0.0421340247258683,0.06072634070729339,0.07213477499144966,0.046648697979847706,0.056135891082522024,0.04288890223249852,0.0425454187833947,0.2521449505694442,0.1252792182237354
2014-11,0.056505314067913495,0.04001899293627715,0.04375571560412242,0.0651388676498591,0.05339446150736511,0.0421076350107533,0.06062408967701383,0.07220004868197437,0.04664560091217943,0.056139023854493125,0.04287346005410502,0.04253706116429525,0.2528993058427743,0.12516042303687394
2014-12,0.056450856593016435,0.039974392554153394,0.0436945411163206,0.06519600634014884,0.05334137023702661,0.04206613442392473,0.06060990108630455,0.07207250991017247,0.04658042355121167,0.056038065066051225,0.04282353349801518,0.0424798786568899,0.25320510785556943,0.1254672791111951
2015-01,0.05644877885135111,0.03997504574555853,0.04369213644611375,0.06513663621520348,0.05334229778641176,0.04206850665501026,0.06060469179748017,0.0720730195514643,0.04658897288113058,0.05604558443050868,0.04282772369130602,0.042479529933662594,0.25322898658336646,0.12548808943143228
2015-02,0.05645038936804058,0.03997647503605754,0.04369431381694422,0.06514168252745628,0.05334463330187923,0.04207053297090391,0.06060784612879436,0.07207276707825888,0.0465891180013485,0.05604643244566008,0.04283108192829905,0.04248143544786404,0.2532097151411483,0.125483576807345
2015-03,0.056446049410380436,0.039960111510917454,0.043683728419281205,0.0650946335379914,0.0533344538795129,0.0420596918170448,0.06057902117802293,0.0721052686522811,0.046572849156483936,0.05604492162119282,0.04282122708754454,0.04247291586865522,0.2533020596666085,0.1255230681940827
2015-04,0.05645372474977699,0.03999395575857688,0.0437127196522683,0.06499284749759868,0.05335243568955058,0.04209977750570905,0.06064635543725493,0.07201310131907558,0.04663051278168226,0.05616154415943751,0.042882281907966176,0.042510079183270495,0.2531967573455893,0.1253539070122433
2015-05,0.05644972438942839,0.0399995243817016,0.043719837342435404,0.06496226468552249,0.053363769365909926,0.04210555156666129,0.06065205202883591,0.07200878756351865,0.04663797588268365,0.05616953030296096,0.04288836750980515,0.04251701743442821,0.2531738540145567,0.12535174353155154
2015-06,0.056490311746594725,0.04002517144751744,0.043749019995153446,0.06496792585264052,0.05338681842970871,0.042142966286986945,0.06069396768652113,0.07202844410053216,0.04666091859379054,0.05621239598092489,0.04293962635455292,0.04254709834235316,0.25274510458592275,0.12541023059680062
2015-07,0.0565156054233665,0.040061786598978195,0.04377856853876149,0.06490178097274721,0.053421886001458696,0.04217559413644019,0.06076614886807094,0.07195452489363523,0.04669902703358503,0.05631695458768694,0.04302427560366434,0.04256731080797832,0.25241217727243964,0.12540435926118718
2015-08,0.056597477390395404,0.04003407470791355,0.043765819612406436,0.06473201376632687,0.053402849780611494,0.04219069068372124,0.0608292847580214,0.07199093213122108,0.046772277211739405,0.05640093269247726,0.04306104168045935,0.04257398671822892,0.2525080041791111,0.12514061468736665
2015-09,0.05666235212522456,0.04002570523003093,0.04374868572707656,0.06444610991492569,0.05329126887997451,0.04218975304725184,0.060669625083191556,0.07204461180922243,0.04679732966963424,0.056341991144157014,0.04305613578584851,0.042589838711606175,0.25306147730519346,0.12507511556666254
2015-10,0.05666777114110005,0.04006719345215,0.04374823438792975,0.06434755211722416,0.053167627708926676,0.0422373877593242,0.06061648808764761,0.07183280818204367,0.046834702804294644,0.056201540537266656,0.043027232365245166,0.04261419607864109,0.2533665754907953,0.12527068988741125
2015-11,0.05662921442273789,0.04010315109016707,0.04378573234265166,0.06414017794421774,0.053095073963153126,0.042232308902478546,0.060603346679167745,0.07174823654845777,0.046902897826061815,0.05639188240411274,0.04307721007533164,0.04262254528108598,0.2534488630987067,0.1252193594216694
2015-12,0.05663794039339335,0.04012373857528727,0.04381253905423649,0.06419787574454992,0.053144021863182796,0.04227156445231738,0.060647090398746537,0.07169424911095748,0.046927152042825035,0.05645857088800256,0.04311682641606384,0.04264715502279486,0.25325517639767897,0.1250660996399636
2016-01,0.05672451176891934,0.04013400665046564,0.043819842107915605,0.06396654112269412,0.05319268660265998,0.042301463762799855,0.06060509987523029,0.07156063629143983,0.04698422527536087,0.05648391709524693,0.04313315983946081,0.04265854637669016,0.25338473060802713,0.12505063262308935
2016-02,0.05673415046988807,0.039961985608401585,0.043708584605936705,0.06348560855404493,0.0530078372874695,0.042206181364432126,0.060544253881869084,0.07180164657838572,0.04693376219922334,0.0562396507757764,0.0429519258580903,0.04257143281590165,0.25445708368434083,0.12539589631623982
2016-03,0.05677011010141207,0.04002606078531171,0.04374153330093619,0.06356580489936191,0.053003176898017694,0.04227159241583604,0.060579404141217076,0.0717158927894402,0.04700967391642972,0.056393513591796125,0.043050530541808005,0.04261114512797173,0.2541570047082294,0.12510455678223212
2016-04,0.05673857609044332,0.039852438300301475,0.0436583590315803,0.0632570873530747,0.05297191981624533,0.04222524438481799,0.06046837074609097,0.07157912941862919,0.046983086529564316,0.056452635960842976,0.043020528722516854,0.042496094641893536,0.2554541572446677,0.12484237175933119
2016-05,0.05676151613656001,0.03984980081745479,0.043652931579637,0.06318919280403769,0.052967998186750735,0.04223434839827941,0.06047695700040806,0.07159723921052455,0.04699370642962827,0.05637368949613949,0.04302066532455764,0.0425040623249891,0.25545644452736693,0.12492144776366645
2016-06,0.05676603426088301,0.03984453703841666,0.04365150850419454,0.06320972726565054,0.05296591914761964,0.042226123014545876,0.06047499888437196,0.0716105904453012,0.04699065539545214,0.056368078031745615,0.043027142699820164,0.04249855720262957,0.25542488149855586,0.12494124661081334
2016-07,0.05677207758455972,0.0398600844641231,0.04365841058661741,0.06321055048784432,0.05297268942152645,0.04222723365515841,0.060481175778592924,0.07157743437201573,0.047000192694215806,0.05637657633947818,0.04304664979123801,0.04250678550084333,0.2553564588427006,0.1249536804810859
2016-08,0.056778908256912404,0.03988763866978808,0.043674405251757406,0.06331215858970157,0.053019047461741096,0.042240223477165766,0.06043941471960089,0.07153787485219802,0.04700957458244881,0.056349117771610495,0.04311206944201534,0.04251053775935722,0.25535736936305103,0.12477165980265185
2016-09,0.056772708119412076,0.039896028173427356,0.04368406974236196,0.06330962340813549,0.05302934829329323,0.042256604729656755,0.060431336973786304,0.07152049987021024,0.04701292851769758,0.05635501108537424,0.04312673023528887,0.042514062437771484,0.2553145506964895,0.12477649771709495
2016-10,0.05675068499240227,0.03990598697945421,0.043694550834559004,0.06332515237469624,0.0530456475514274,0.0422957733987379,0.060422518168411175,0.07156917916970054,0.047003114167836126,0.056355395625986494,0.0431690728485954,0.042536910408279074,0.2551713083859635,0.12475470509395076
2016-11,0.05677708738868168,0.03993365087178569,0.04373513860231374,0.06349309277496036,0.05309383919895576,0.04236305067995897,0.060445901341906486,0.07152650072957757,0.04703524276816088,0.056331076270944656,0.04324180378331623,0.0425925224824651,0.25492185300498454,0.12450924010198838
2016-12,0.056787666677800344,0.03997130432430023,0.04380731953688194,0.06353988067162777,0.053115349804263315,0.0423849908323223,0.0605184505512062,0.0715639406636254,0.04706539629849931,0.05634913685111976,0.043355443304102376,0.04267228660781827,0.2543708095150929,0.12449802436133992
2017-01,0.05677938914030009,0.03994440954707955,0.0437876295039815,0.06347612052489557,0.05309935782471669,0.04237828251522848,0.060465174626550044,0.07153260678761048,0.04704923189115076,0.05634783174225868,0.04331949827298259,0.042651738638600244,0.2545868365445995,0.12458189244004579
2017-02,0.05677916619059945,0.03994159117982274,0.04378963082035118,0.06350449213612558,0.05309865363110192,0.04237389683147841,0.06045363903963502,0.07153331102575615,0.0470590835218019,0.0563460367091148,0.04332295221845173,0.04265523461184153,0.25459180801610626,0.12455050406781329
2017-03,0.05676953326066018,0.03994764417920338,0.043780210986312476,0.06357779362346969,0.0530762989810165,0.042357400338033084,0.060463356088454684,0.07152528654487182,0.04706158688202585,0.05632535055743134,0.04331730861986493,0.04265738589891415,0.25466281047311506,0.12447803356662687
2017-04,0.05677526377957673,0.03994740343767015,0.043782157823668844,0.06356780000452801,0.05308088548053462,0.04236093399779374,0.060464982538913845,0.07153573320632928,0.04706209462488442,0.056333687787678347,0.04331837711734196,0.04265849833223462,0.25463523645005753,0.12447694541878786
2017-05,0.05677569293893116,0.03994885207499903,0.043782906605275486,0.06356994548690244,0.05308561209686962,0.04236205654327375,0.06046615870772713,0.07153161639737045,0.04706308476958456,0.05633517302573802,0.04331758992489484,0.042658831299839155,0.25463113981577423,0.12447134031282012
2017-06,0.05678136760914924,0.03995547196119405,0.04379911743002418,0.06354845837545814,0.05308510304175262,0.04239024694824164,0.060435174456382426,0.07153314762346229,0.04708252479340621,0.0563442330090205,0.0433253023730891,0.042668473292709695,0.25461528035718645,0.1244360987289236
2017-07,0.05677660526168586,0.03994593929103513,0.04379691105386124,0.0636044569028861,0.05307949626217703,0.04239580961938957,0.06045026969428595,0.07152346889138725,0.04709798186475766,0.05632489797417097,0.04332445045665357,0.042665882980323824,0.2545749654023867,0.12443886434499919
2017-08,0.056768942410244556,0.039962025568707746,0.043829151483479406,0.06361860029293996,0.053102317819744,0.04241733075001472,0.0604503322278066,0.07151996146427156,0.047094636216513316,0.05637560871800784,0.04336698773536207,0.0426861650830737,0.25440831148380105,0.12439962874603355
2017-09,0.056767112436245944,0.0399607816714557,0.043828281994738524,0.06361431312219945,0.053101590987391624,0.04241743545118069,0.06045204707972747,0.07152308364415542,0.047093244428662376,0.056373531707520436,0.04336637200553839,0.042685376798613214,0.2544113062789077,0.12440552239366318
2017-10,0.056792316395044916,0.03994900578649358,0.043822441224224996,0.06357376497191546,0.053092050968185825,0.04241652146803569,0.060502703543525424,0.07153665972789859,0.047093624881414504,0.05633999390860256,0.04337159134525681,0.04268178835564593,0.2544539247322005,0.12437361269155522
2017-11,0.05679238399951474,0.03994986928899914,0.04382357266070368,0.06357530012117178,0.053092736582779215,0.042417285745427614,0.06050233479760401,0.07153704842094016,0.047094113355321744,0.05634058706470216,0.043372794762590414,0.04268250473989967,0.25444747804494633,0.12437199041539948
2017-12,0.05679404686050952,0.0399388695051522,0.04382677751228542,0.06358695333829381,0.0530958496528223,0.04243241782554905,0.06047887466068415,0.07155232692484338,0.0471106260603963,0.05632551264233712,0.04337703975892814,0.042680858252287755,0.25443106162283374,0.12436878538307693
2018-01,0.05675949362052724,0.03993885403662514,0.043810805995011456,0.06356115454409443,0.053084728922229436,0.04244808950656713,0.060394994341963895,0.07160897680764429,0.04706926467370027,0.056324992729038556,0.04335527760098324,0.04266155034165471,0.25455558135948764,0.12442623552047256
2018-02,0.05677348012489405,0.039932391003279936,0.04375861132646517,0.06339651438412151,0.05309453119716459,0.042414139353285495,0.06035481268560404,0.07183561124436567,0.046984486380414345,0.05624862915783234,0.043318270106995585,0.042618163294130394,0.2551177986425075,0.12415256109893959
2018-03,0.05682162238478223,0.039964236986797214,0.04387185177160447,0.06302301619019307,0.053055908727682656,0.04257020949933785,0.06043323302796817,0.07184874183502672,0.04715046377364077,0.0563671815226576,0.043472996973877936,0.042689839614669496,0.2542370401854696,0.12449365750629222
2018-04,0.056802980578167205,0.03994254630793085,0.04387279125853379,0.06301237259409655,0.05305489957804891,0.04260784487163272,0.06038363931400129,0.07187398272253942,0.047149068524764956,0.056381148258551575,0.043479543848372354,0.042709471377224265,0.2542576166946598,0.12447209407147625
2018-05,0.056781874075300776,0.03994084179160426,0.04385793104132105,0.06313420427317014,0.05304593593340313,0.04259202781140927,0.060359257744993774,0.07192461031871235,0.04714375194807512,0.056345057994423846,0.043468752721446444,0.042704547156367983,0.25421415428368005,0.12448705290609198
2018-06,0.056742209772973784,0.03994220529804369,0.04385942690313031,0.06322158354498734,0.05303827111559055,0.04262179243144138,0.06032970470664476,0.07194466568236298,0.047171641410917176,0.05636326159229398,0.04348583348219068,0.042721813929302105,0.25412334175119855,0.12443424837892254
2018-07,0.05672475872650741,0.0399266017542092,0.04386792178657904,0.06324142635286457,0.05303599103342079,0.04261496388854093,0.06031090925487027,0.07195670499718863,0.04715499528762073,0.05635151903310117,0.04349590622792473,0.04272151261299229,0.25411093205937507,0.12448585698480527
2018-08,0.056727144258459275,0.03992481695295289,0.043867667910101694,0.06324176580464246,0.053037042910109224,0.042615595023363054,0.060314120584599014,0.07196315713492024,0.047155852232324366,0.05635432602721658,0.04349592885704422,0.042721625130925,0.2541039724184318,0.1244769847549102
2018-09,0.05672738999792833,0.03992491372368458,0.043867983816849934,0.06324142321275586,0.053037549409108854,0.04261596121835571,0.06031486796431804,0.07196378312782467,0.04715652600945727,0.05635511812892637,0.043496327013590234,0.04272194082068258,0.25410043069033067,0.1244757848661868
2018-10,0.05672796220435561,0.03992154375810371,0.043873332178313476,0.0632451881598629,0.053042068076818744,0.04261983300779015,0.06032235199292517,0.07196579328089432,0.04716665336237146,0.056364961229336756,0.04349777665610117,0.04272707613164114,0.2540511009373214,0.12447435902416389
2018-11,0.0567990483585185,0.03985441068040732,0.04382758200665748,0.06324553342944257,0.0529503282587622,0.042606775382176776,0.0604672375758491,0.07214428937128006,0.047134873245702286,0.0563639018011657,0.043484943578343156,0.04269510990866776,0.2536625288330883,0.12476343756993878
2018-12,0.05682123926918304,0.03990811708659852,0.043808704713014276,0.06310570856775459,0.05300331863696581,0.04257018131682719,0.060500461649274584,0.07216532847653072,0.04712090990942466,0.05634950558750582,0.04348735423590967,0.04268527094632231,0.2536887920479346,0.1247851075567541
2019-01,0.0565754123843903,0.03986155529214428,0.04371196320480526,0.06270335811916358,0.05291821045628512,0.042519431122790045,0.06034012317503213,0.07221021780860233,0.04701483550429822,0.056256855437607924,0.043343261246231314,0.04259074659116601,0.25497606907680476,0.12497796058067859
2019-02,0.05662432965888707,0.0398597908008645,0.04370166016737184,0.06270862036681772,0.052924813597449584,0.0425278182258571,0.06034866291014663,0.07228105242590457,0.047008781692943404,0.05626988804965719,0.04333364270332077,0.042582505289072196,0.25490839171077767,0.12492004240092974
2019-03,0.05659463027212963,0.039861433317792384,0.043606961985011995,0.0626829426385162,0.052866385972107646,0.04244886707992662,0.060426707899627306,0.07213515526905777,0.047070305314336806,0.05627343959663794,0.043326460667424745,0.04253859027441552,0.2552627469183588,0.12490537279465652
2019-04,0.056595683970864556,0.039866744444433694,0.04361076375027379,0.0626818702207968,0.05286593523399115,0.04244497859148823,0.06042504672726075,0.07212452195030729,0.04707038694941701,0.05627397175985824,0.04333033009982312,0.042540222235019555,0.255247024243241,0.12492251982322478
2019-05,0.056580887501194235,0.03986320552899684,0.043603113183738,0.06267239183806218,0.052840049726818286,0.0424193636380539,0.060385814644638505,0.07215057938756926,0.04704154180010613,0.056326161898725774,0.04332898025532418,0.04252206028591374,0.2552713129201643,0.12499453739069474
2019-06,0.056597931879985665,0.03982124061377385,0.0435613769424919,0.06252449025001733,0.052789366515781457,0.04240323066680421,0.06042851661198503,0.07217404350065151,0.04703590236584498,0.0562927472247529,0.04334861666256064,0.04252288185718087,0.255528453192245,0.12497120171592474
2019-07,0.05666087417707846,0.039856702439815796,0.04360181451394186,0.06265736322171266,0.052787382860020604,0.04244546792771116,0.06047749608397103,0.0721966796992735,0.047069753487847504,0.05631661213657064,0.043389184090723926,0.04255712383433632,0.25515903056073075,0.12482451496626597
2019-08,0.05666426482479429,0.039839935058957235,0.043599917438932934,0.06267729618066742,0.052782199911328515,0.04241363715692591,0.06044769526433734,0.07223982567792339,0.047042494858857385,0.056357838566942584,0.04336971104558282,0.04256039881280995,0.2553226018855064,0.12468218331643384
2019-09,0.056606111357088054,0.0397955390836239,0.0435504173379065,0.06250597247623696,0.05276171372643072,0.04238008835949035,0.06038904103560231,0.07219177837895727,0.046993785159610967,0.056300270963094104,0.04331800439566884,0.04250667424356142,0.2558791090031604,0.12482149447956821
2019-10,0.05661289092771842,0.03977404054872341,0.04351770493644549,0.06245986779879223,0.05274588095972375,0.04237723564348627,0.060346444903036034,0.0721232907095196,0.04697779314595146,0.05631980269123094,0.04330620508557094,0.04250883618373146,0.25611063279964247,0.12481937366642755
2019-11,0.05662763245753094,0.03979476472670653,0.04352934640235375,0.062396974809042445,0.05273942704707138,0.04239538861007959,0.060352474802960084,0.07214716150582406,0.046982867126678166,0.056327199509960756,0.04331940988063197,0.04251603426665557,0.2560844132350626,0.12478690561944215
2019-12,0.05662831807723739,0.03974501171112251,0.043499195411811006,0.06236137806071034,0.05273627645249764,0.04236516120990798,0.060322311296112326,0.07221065678088974,0.04698231236885007,0.05626627410849661,0.04327763750998328,0.042491643632577736,0.2562707828469593,0.12484304053284413
2020-01,0.05661426168634751,0.03974097622827477,0.04350167470572425,0.06236160419148865,0.05273573150234093,0.04235810544764459,0.0603255053847472,0.07219869807269638,0.046984965128717235,0.05623777153850464,0.04326998388026716,0.04248864809721197,0.25634124399466046,0.12484083014137427
2020-02,0.05663549298554533,0.039713345324921843,0.043528704700968666,0.06245138574539241,0.052792810905659036,0.04231880492564345,0.06037076781944424,0.07214375083285876,0.04700162802495027,0.056259078319867054,0.0432947446533728,0.04248968959879949,0.2563532847318075,0.12464651143076916
2020-03,0.05663404837557643,0.03971800113369467,0.04352753668996225,0.062437481613025904,0.052791974744940406,0.042319624136405054,0.06036963783384928,0.07214729751378911,0.047003055994978,0.05625808538774629,0.04329386861428725,0.04248973770672296,0.2563598676593035,0.12464978259571878
2020-04,0.05562326148245404,0.03899282598261891,0.04267266700284405,0.05807197009693638,0.05233571718565961,0.04216995213354713,0.059286247983352684,0.06954906662383176,0.046853472314813606,0.05580168533961861,0.042344015934265414,0.04192265868747642,0.2691193165544451,0.12525714267813612
2020-05,0.05567747639431582,0.039001722309172523,0.04277782646156003,0.05807089744558339,0.0523810667437586,0.042158012168003876,0.05940310231440915,0.06972675549896691,0.046773124768880535,0.055634796562641226,0.042473361775376015,0.04202239278872891,0.2688819409713821,0.125017523797221
2020-06,0.055779174573105716,0.03886899693272365,0.0428124295573913,0.05770934770102448,0.052374347951160645,0.042039027324197724,0.05943899074076093,0.06993398795081586,0.04669271765692323,0.05555718693808614,0.0424848185714726,0.04199515097866398,0.26932198842700694,0.1249918346966668
2020-07,0.05573623911124788,0.03866712854140399,0.042641547293044986,0.057580791711269244,0.05232184516747716,0.04199104597020728,0.05937924520893741,0.06982977290449169,0.04663627968869276,0.05571174332592129,0.042396354684199104,0.041918196238628615,0.27014378917275955,0.1250460209817189
2020-08,0.055784082822089354,0.03841073351677236,0.042696677675758264,0.0578990266524002,0.05230714591982806,0.04196519358097605,0.05946706310486253,0.06994833691699977,0.04656132628180352,0.05569244730025648,0.04249942327919586,0.041929279772871274,0.27013905794829196,0.12470020522789434
2020-09,0.05576096539219756,0.038217303719673475,0.042663324620634234,0.0580589295039715,0.0522361371319071,0.04191341336589036,0.0593682528447427,0.07001888421394298,0.04650192513898502,0.05579931775952993,0.04251619722503187,0.041852352353867604,0.2709054501433531,0.12418754658627248
2020-10,0.055802064470323404,0.038334354227415816,0.042698734654510656,0.05782520588896304,0.05230729160679372,0.04193400657171576,0.05941291300492422,0.069990052674564,0.046521016071380226,0.055802395281725384,0.042520332970884776,0.041910831401850666,0.2708327255225218,0.12410807565242653
2020-11,0.055807066030480065,0.038341070439004005,0.04270524943404447,0.057807948388807755,0.052312259674574535,0.04193958699961254,0.05940899268868143,0.0700171569138592,0.046526806455501904,0.05580701016545277,0.042524963600656884,0.04191497616093086,0.2707819534989099,0.12410495954948378
2020-12,0.05581073515528369,0.038273617433387405,0.04263773970006684,0.05746036196894445,0.0522999368439853,0.041954379572433025,0.05928437294284974,0.0699892008745812,0.04657912736819964,0.055811411127985704,0.04244727492013064,0.041876283006274856,0.27127068242331187,0.1243048766625656
2021-01,0.05574678957684854,0.0379459630517209,0.04261848473301886,0.05705751291653269,0.05237689384020582,0.04193704776757733,0.059129786871134966,0.07026209477456621,0.04663582603048845,0.055740101440844694,0.04241030369231553,0.041855331122473464,0.27181760412830824,0.12446626005396431
2021-02,0.05576742916873335,0.037788467406666644,0.04261328670233208,0.056938688583445037,0.05237262446016705,0.041945913657324085,0.05914744487946969,0.07026371082923097,0.04663138740923646,0.05566919342654269,0.04236972649314643,0.04186381233978233,0.27216402830143405,0.12446428634248922
2021-03,0.055773671350467575,0.03778877450949229,0.042620874766788025,0.05697470089278834,0.0523671176320661,0.04195749604164582,0.059159065315772356,0.07026675424299532,0.04663654089220748,0.05567842239785322,0.04237826811542332,0.04187624236518993,0.27208173452551226,0.1244403369517978
2021-04,0.055841106189636495,0.03774126815087884,0.0426849190772099,0.057165276134564756,0.05242294166964112,0.0419470873822937,0.0592551386136759,0.07032452422388928,0.04664922928254888,0.05565903777362267,0.04245983927734891,0.04192057842747335,0.27159105315611565,0.1243380006411006
2021-05,0.05579607008243322,0.03771740929222033,0.042664532397808326,0.057314721666754054,0.05238440195777632,0.04189074489031523,0.0593518711338443,0.07016072817597632,0.046568332581864706,0.05565537055655414,0.042448816256137986,0.041889391091884345,0.2719043946189109,0.12425321529751981
2021-06,0.05579326285756739,0.037754278702131806,0.04266649138518711,0.05726992940918892,0.052375327746202266,0.0419122855334465,0.05935637749633375,0.07017315006364296,0.04657837249412551,0.05566682498294017,0.04243590511936584,0.04189059710475997,0.27194975822007206,0.12417743888503564
2021-07,0.055795096820757624,0.03775390686977667,0.042667271324521645,0.05726703410583708,0.052381691306998185,0.0419055235677443,0.0593577631734942,0.07018057072743258,0.04658089373354222,0.05566645117851518,0.04244033140266579,0.04188874483161683,0.27193502828366956,0.12417969267342815
2021-08,0.0557904980064777,0.03775467345579037,0.04266627114788056,0.0572483762768549,0.05237907291023724,0.04191230395271522,0.0593564378641892,0.07017789439607017,0.04658578177169114,0.0556713694306422,0.04243716323200515,0.041886243991988065,0.27197077012323567,0.12416314344022218
2021-09,0.05578952219993724,0.037757641793805315,0.04266943804528025,0.05723455545063591,0.052382221557137114,0.041917567174628155,0.05935492241732707,0.07019285354926497,0.046581032026545975,0.05568001329322015,0.04244127077883304,0.04188612118845816,0.2719621156691394,0.12415072485578724
2021-10,0.05578546945718144,0.03779212053783358,0.04265744469363461,0.05731208248712174,0.05237640928140544,0.04193837043517868,0.05934463531786911,0.07018586455047258,0.046603822278645214,0.055679310828771186,0.04245066847376434,0.04190267956907184,0.27182309309987945,0.12414802898917077
2021-11,0.05578736489189508,0.03781059566539646,0.04265846142539025,0.05735965863670545,0.052381728248466944,0.04193978148771281,0.05933485713623869,0.07019203406888487,0.046605950933421056,0.05567177013377959,0.04246161734432752,0.041908070621324206,0.2717335905446763,0.1241545188617807
2021-12,0.055810778033900194,0.03764085189812115,0.04264876420606255,0.05740377338960873,0.05232962270879908,0.04190248569834322,0.05948092748947485,0.0701979805255859,0.046565354009235775,0.05568157162927608,0.042485097766767704,0.04192960920460653,0.2718377332543655,0.12408545018585279
2022-01,0.055819761931545045,0.03758753317928861,0.04264028932137137,0.05736390259376364,0.0523820281723416,0.041913621268609216,0.059389133624038956,0.0702899501489871,0.04655862120147877,0.05568233566205417,0.04246981653194031,0.041917166655517896,0.27200304147225074,0.12398279823681274
2022-02,0.0558954948019528,0.03760073992286928,0.04265279877324644,0.05757711894573026,0.052401846402399754,0.04187953323250118,0.05943486728618634,0.0703366562336122,0.0465270180051436,0.05565143812529373,0.042507345431688694,0.041919392522986786,0.2715359328356729,0.12407981748071611
2022-03,0.055950172432784585,0.037498248808553715,0.042640945980968833,0.0578456484032968,0.05236101058847655,0.04186541488252147,0.05948801105193498,0.07031431539012876,0.046532491748079594,0.055638520045525275,0.042561368488016234,0.04190486280988856,0.2711153217717714,0.12428366759805333
2022-04,0.05594525964781043,0.037500039921741196,0.04264206406468075,0.05787462236681817,0.05235298867889569,0.04186347989950435,0.05948198873400798,0.0703405537574082,0.046534725309516384,0.05564651111985555,0.0425558065819185,0.04190707280959419,0.271038405591136,0.12431648151711262
2022-05,0.05608393010049902,0.03756113449867693,0.04265888681562309,0.057958358371621804,0.05244767430357768,0.04187610935268713,0.059521824771050086,0.07055226574834718,0.046579104791885234,0.0557303507854461,0.042577797048461166,0.041921235888292344,0.27012522250269877,0.12440610502113336
2022-06,0.0563088184414528,0.037264991450678964,0.04268912298242836,0.05869030599690035,0.0526437111913389,0.0418148585960351,0.05941361474121711,0.07066791897182967,0.046276147403662087,0.05565909020764952,0.04263918745449167,0.04185338994571735,0.2700843635284799,0.1239944790881181
2022-07,0.05632667741667007,0.03724058450517739,0.04272543261304901,0.05886358756652552,0.05260194986833017,0.04185133319140444,0.0595365605561982,0.07066264927746259,0.04632933312522999,0.05574290626950449,0.042696034514482194,0.04185385888574257,0.26944731414749,0.12412177806273339
2022-08,0.05632504695910068,0.03727229907097668,0.04271068254450616,0.05871709427075319,0.05258825281758165,0.0418624093304547,0.059530775097420705,0.07065696621621166,0.04635287450749805,0.05578232817367058,0.04269604145229057,0.041849795313401196,0.26973629211041167,0.12391914213572251
2022-09,0.056354408848663586,0.037105079447805,0.042641585275031146,0.058474287905627094,0.052606009290481835,0.04182236934573586,0.059748281853385134,0.07039121971025451,0.0462262169970562,0.055953584756797466,0.04269771259723467,0.041788676633317444,0.27024303030932345,0.12394753702928689
2022-10,0.056639307381412436,0.03742494140264204,0.042741064748933764,0.058984929534846235,0.05272362779291548,0.04186767195401828,0.05967956500764402,0.07087573325349615,0.0464413851506649,0.05635065385648176,0.042987484038481294,0.04198442208917168,0.26730291158580266,0.1239963022034892
2022-11,0.056820023582790515,0.03721206994028184,0.04288161043075646,0.059653594745003084,0.05274515319650664,0.04192357596296931,0.05968456428334508,0.07043680978067798,0.04657159447445211,0.05663915356388442,0.04316442595788133,0.042117402119324764,0.26592670079292224,0.12422332116920419
2022-12,0.05677597790676041,0.03747258507239247,0.04275327735500986,0.05952994506599591,0.052629919704787934,0.042031931491981575,0.05967240364327097,0.07035332682711334,0.046734334164610654,0.056602099147012024,0.04312885341013008,0.04208417384660577,0.266125440946239,0.12410573141808993
2023-01,0.05677654820722164,0.037476373971165405,0.042753703758152774,0.05953420811542704,0.052629763307800344,0.04203301745761447,0.05967506659883342,0.0703530658963219,0.04673619078457386,0.05660248443521045,0.04313043545890415,0.04208495745922505,0.26610972104664926,0.12410446350290019
2023-02,0.056829616211496625,0.037533358164460934,0.04274672967069956,0.05952658669327852,0.05264882389017322,0.04204696407352159,0.059596361575955464,0.07040436894292962,0.046737924453725155,0.05664662169433563,0.04313328324400894,0.042070637074224246,0.26609696824915835,0.12398175606203223
2023-03,0.05683482348217845,0.03753928849784477,0.04275079423839571,0.05952975562593774,0.05265336567773457,0.04205156883056134,0.05960194418638662,0.07041023779109992,0.046742913026750606,0.05665154908739443,0.043137892068187154,0.04207483127214337,0.2660344998907466,0.12398653632463881
2023-04,0.05683565854852316,0.0374997697826301,0.0427451353022578,0.05941490246452337,0.05263319174747602,0.04211889421061102,0.05941959869596926,0.07034470871509772,0.04670581263007177,0.05659889965541116,0.043016273151526195,0.042061820209638424,0.26638667020278617,0.1242186646834779
2023-05,0.05683307532891968,0.037626430427058516,0.04283655247014047,0.059384530503996454,0.05264569054321479,0.04212266195823236,0.05945043104409168,0.07029896274775088,0.04670921040060119,0.05655939312438142,0.043102086415350245,0.04209961247844987,0.2662322515109627,0.12409911104684972
2023-06,0.05688565907103904,0.03764780275206962,0.04285358822830762,0.059250947345122394,0.052645899789611046,0.0422169925565689,0.059378117884408714,0.07025352126297021,0.04678411249435692,0.05659988651051511,0.04311242276601849,0.04215407727739526,0.2660750870978861,0.12414188496373074
2023-07,0.05690555572552688,0.037553453802953864,0.04283687404677766,0.059250212264261866,0.0526543194398405,0.042183856124327714,0.05940625186702933,0.07026966887442525,0.04676782831250641,0.05660399252155952,0.04310396765525732,0.04213669973788094,0.26614090761664194,0.12418641201101079
2023-08,0.056904370589806734,0.03749752960480775,0.042818292202879624,0.059215645393505545,0.05263264262316416,0.04216615452077921,0.05938903697089727,0.07024003395494535,0.04674566931505485,0.05661410616066945,0.04307589360787832,0.042105937186298896,0.2664100569812362,0.12418463088807664
2023-09,0.05692409544414072,0.0374313341911768,0.04285741431140782,0.05940799578238703,0.05265935660818513,0.04217951636905275,0.059462516319492315,0.07019049322259135,0.04680950460162194,0.05668088794438023,0.04312725939151858,0.042134086657312726,0.2659665707489442,0.12416896840778836
2023-10,0.05689887640392859,0.0374958674319823,0.042835787171708314,0.05954254919502177,0.05264033968919864,0.042204973580286416,0.05948262121209676,0.07019686166279318,0.046824815618846,0.05668957408040484,0.04314656974783754,0.04214090395512965,0.2656869984655538,0.12421326178521201
2023-11,0.056856458037273676,0.03750602274553103,0.04292761221205812,0.05961143650046533,0.05266558720897044,0.042357581212393025,0.0596924739932379,0.07014636051475376,0.04690949203293857,0.056758089896900864,0.043287405975208484,0.04219003390100235,0.2645024624781277,0.12458898329113885
2023-12,0.05689042733149699,0.0376126348623442,0.04293567954520364,0.05983508827875964,0.05270763994492676,0.04234688249067502,0.05966495980859701,0.07011165068825333,0.04688231869190232,0.05688249234217699,0.04329362695620565,0.042182034620091555,0.26411757343939984,0.12453699099996685
2024-01,0.05703283854115778,0.037610088737425273,0.04292418319442323,0.060135115199277486,0.05281716121362775,0.04242349895780577,0.05980816932651938,0.07028879169030242,0.04696525993811953,0.05691922782887738,0.04329237928975279,0.04219369355239052,0.26282974627383254,0.12475984625648824
2024-02,0.05703335903151421,0.03760353168360055,0.04292406132360885,0.060132571887347004,0.052818449053834655,0.04242680432642202,0.059812843676220105,0.07028531244304156,0.04696773197807185,0.056928776334491046,0.04329467266021586,0.042195374755317955,0.2628141934605606,0.12476231738575373
2024-03,0.057035998631728556,0.037610976978210794,0.04291935163426546,0.06012707763205494,0.05281471360860132,0.04241980505904479,0.05981439387540622,0.0702919710246934,0.0469570503014321,0.056919485160686734,0.04329195176030195,0.04218908424826936,0.2628410476094409,0.12476709247586355
2024-04,0.057070016447736314,0.03769680195054475,0.04291670874577438,0.06005066828784264,0.05280456037253352,0.04243314464856375,0.05988777303082566,0.07019123748452141,0.04694193033699111,0.05696394094220268,0.04329026267714066,0.04218702793532537,0.2630896730011053,0.12447625413889267
2024-05,0.057070598686581014,0.03769151641211501,0.04292120249337389,0.060091427221502486,0.05279938577658179,0.04243168181998536,0.05988232291098136,0.07022779071852457,0.0469438249507162,0.05694879454769951,0.043293745071051666,0.04218980742670343,0.26290247527700017,0.12460542668718347
2024-06,0.05706339222216555,0.03768792006847232,0.04292443828174183,0.060136681499077645,0.052793000185337696,0.04242086226261079,0.05991205339535638,0.07015209675510359,0.0469507086222549,0.056952993359162755,0.04329097104512421,0.04219786183931189,0.2629048862963433,0.12461213416793732
2024-07,0.05705487737842165,0.03768830181740286,0.04292225765651398,0.060124894978966496,0.05278890685455755,0.04243028728650771,0.05991279080594031,0.07014504325510168,0.04695132103147642,0.056958172530810675,0.04328741972576077,0.042195655038497606,0.2629406670098733,0.12459940463016912
2024-08,0.05708986386032922,0.037547012357066006,0.04295856439222793,0.06014402128839475,0.05284245368047414,0.04244368493463424,0.059923729581377365,0.07016750992002942,0.04697872043354113,0.056972538263806535,0.04326824335174536,0.04220195556653218,0.2629351965734808,0.12452650579636088
2024-09,0.05707913805131088,0.03760703541407085,0.04297985979231651,0.06019759859703914,0.05285141425004891,0.04248227338424861,0.05993175281900764,0.07013858587852813,0.04701298790592744,0.05698835513156932,0.043283489628451806,0.042213170005446166,0.2627109281959587,0.12452341094607597
2024-10,0.05709155042641039,0.03756178348439625,0.04301292109664077,0.06036737774048854,0.0528663542031963,0.04252260539970106,0.05991718085570452,0.07006799567362135,0.04699520355822386,0.05702293062891468,0.043300971255704764,0.04221590497776241,0.2626560835058428,0.1244011371933923
2024-11,0.05709794787913352,0.037557460594104614,0.04300238862569667,0.06034910801242415,0.052867362920664844,0.042506017172782795,0.05989167061054438,0.07003108333489128,0.0469870420783515,0.057029000200532705,0.043288469962124966,0.04220600442618668,0.2628595168355389,0.12432692734702315
2024-12,0.05711549423045687,0.03747677104559168,0.04300376003125702,0.06033726833966463,0.05288225437975258,0.04250027606142086,0.05983947885459153,0.07001240358737622,0.04696312593151723,0.057063055205297315,0.04325429428383474,0.042195565361623666,0.2630091449458229,0.12434710774179275
2025-01,0.057110807176344605,0.037558039870952305,0.042989097043527325,0.060289626674454734,0.052873785303248204,0.04253011413937166,0.059836005755629196,0.06998852613103951,0.046999114214291086,0.057047115637864125,0.04324189601840039,0.04219546688247674,0.26298550725280534,0.12435489789959474
2025-02,0.057080538970718686,0.0375589431800148,0.04300319157054738,0.060346512871548894,0.052846753458121946,0.042541335659852714,0.05979691329210945,0.07004910717314998,0.04702241224212696,0.057082722892142,0.043278305187554385,0.04221162702059435,0.2626945566122137,0.12448707986930474
2025-03,0.05706507894071073,0.0376860255459096,0.04304378317964196,0.06041309987995485,0.052880386190109444,0.042585932316258505,0.059718922376901136,0.0700855253036273,0.04703825073061798,0.05705580875965961,0.04329357717223883,0.04221880585325369,0.2626191794023082,0.1242956243488082
2025-04,0.05712931572401298,0.037477159302899826,0.043001492058023255,0.06042794032251037,0.05287435192013181,0.042477056819004766,0.059767839116011495,0.0700481704547439,0.046903265359151465,0.05703945848240607,0.043222062178091505,0.042190743543004276,0.2630093055172685,0.12443183920273965
2025-05,0.057177015186785765,0.03750674466458907,0.04294171233095562,0.06019905812576221,0.05278335899787516,0.0423923755292913,0.05967695354596055,0.07006321353770445,0.04689190624153666,0.056889807057367195,0.04320605740930534,0.04218589775081514,0.26304264561427004,0.12504325400778152
2025-06,0.057244482872231356,0.03726842634874408,0.04282120232663586,0.06027738746267026,0.052824971302768906,0.04223169695043839,0.05964982029231924,0.06998857983984444,0.04682111396066,0.05697019189492024,0.04317218345774688,0.04212384661994983,0.2637194947020932,0.12488660196897734
2025-07,0.057261376877264236,0.037278895382543274,0.04281037018125207,0.060252404787929086,0.05283945871951311,0.04220533819409702,0.059654437407724956,0.06999941140045864,0.04682193026851586,0.056970368281119614,0.0431743002891115,0.04212948411440553,0.2637148742958687,0.12488734980019632
2025-08,0.05727291198183882,0.03729139859053592,0.04278456870444663,0.060238741464993945,0.05284798914690003,0.04217764695061847,0.05965469643734469,0.06998951762558289,0.046816211655736274,0.05697331777601767,0.04316005824830957,0.042128252774975984,0.2637437652444207,0.1249209233982784
2025-09,0.057275255004632285,0.03728898998278389,0.042785839788094325,0.060242452144833585,0.05285208533718971,0.0421753457913361,0.059658764547765766,0.06998701543769044,0.04681679596635535,0.056975337292324416,0.043161921104096945,0.042129403854945985,0.26372654605088797,0.12492424769706324
2025-10,0.05742251396071844,0.03717423215750239,0.042824157858509654,0.06023898858657547,0.05294890038416726,0.04218206501166663,0.059720174246117065,0.07012721192862317,0.04687112858491403,0.05700887756835959,0.04317401310179128,0.0421765128391253,0.2636118290514536,0.12451939472047611
2025-11,0.05747939762051525,0.03713555203336961,0.04280483237266126,0.06031165936239329,0.053041011625960026,0.04217054582507857,0.0598439610220945,0.07004841401544219,0.046929731158453045,0.05696729464622894,0.04321226175692793,0.04221765645465655,0.26367822456506984,0.12415945754114893
2025-12,0.05746579643659655,0.03712904732506344,0.04280661585975225,0.0603353051257197,0.05302608070790387,0.04217030520898334,0.059810685775910984,0.07003464233265688,0.04694027300260918,0.05703870350296213,0.04320908793921914,0.04220922172426939,0.2636530322868959,0.12417120277145714
2026-01,0.05745838905744711,0.0370969736399812,0.04280579373303485,0.06035578942944717,0.05304221640755292,0.042168097250160956,0.05980542270188652,0.07010204571123103,0.04694417619512741,0.057026474553445644,0.043191408340441655,0.04221496908780796,0.2637511975471052,0.12403704634533032
2026-02,0.05745869174348682,0.037173532984887514,0.04270820089498055,0.06028451954524511,0.053001652734510685,0.04223973983315287,0.059848475504956436,0.07016487690674711,0.046934900825542955,0.05706553391958102,0.04321943214381373,0.04223760487617635,0.2641214984875135,0.12354133959940532
2026-03,0.05731866076190951,0.037300110687193994,0.042683455135715954,0.060047986088773264,0.052876786426108116,0.042410142596223895,0.059749646702243885,0.07004956769800642,0.047077809865251806,0.05713852415725881,0.04338181156944845,0.04233661067617857,0.2642838264164744,0.12334506121921292
2026-04,0.057241333361161294,0.037263216902264945,0.04264566463212752,0.06042228145315589,0.052792271225050987,0.04241086078977412,0.05981850890537705,0.07025847571229354,0.047077550535466944,0.05709748711325065,0.0433150207726365,0.042344389914725465,0.2641788180283123,0.12313412065440264
2026-05,0.0572374116308618,0.037257103958428704,0.042664170214633534,0.06041125887031532,0.052794434121257845,0.04244371635298539,0.05979786069259223,0.07026319477041439,0.04710965450009237,0.05708350731533138,0.043345453380706826,0.042357620426133516,0.2641447910438088,0.12308982272243786
2026-06,0.05724886003740908,0.03726263144180384,0.042677185424388864,0.0604173661893293,0.052796291034421,0.042451408201013556,0.059792429304378135,0.07028612420324411,0.04711280707104291,0.05709042339398363,0.04335286015509345,0.04236194191053137,0.26408366244234793,0.12306600919101285
2026-07,0.05726769435909483,0.037258540545949397,0.0428056954528408,0.06036003878979913,0.052827577643115735,0.04247608228058162,0.05970405947025024,0.07028934796862664,0.04706368543484389,0.057195488337753654,0.043418075032201846,0.04240268403590097,0.26423607629042434,0.122694954358617
2026-08,0.05729748591812146,0.037238126041851075,0.0427962643276022,0.060388386275435586,0.05283971130724034,0.042473109401911846,0.059686920152730805,0.07032019245209165,0.04707000778295157,0.057256032375911016,0.04345203926378783,0.042414687806279945,0.2641435580475094,0.12262347884657532
