,NoDur,Durbl,Manuf,Enrgy,Chems,BusEq,Telcm,Utils,Shops,Hlth,Money,Other,UST10,GOLD
1990-01,0.11342729109486567,0.04722639660530855,0.03341382290732095,0.07433008440623441,0.044655259604119785,0.020343848024725882,0.17097163840937357,0.16956756784782376,0.0483933583025629,0.03665694105860248,0.03109715032364517,0.03931742692657764,0.12216120656276981,0.04843800792606936
1990-02,0.11408919176144554,0.04907991857709264,0.034635785892612736,0.07668204521323918,0.046900465328977854,0.02132629937715078,0.1546360489969304,0.17907806415806193,0.052961014632362774,0.03699894051151617,0.028485505214641434,0.03860461150651263,0.11677359424150129,0.049748514587954755
1990-03,0.10712203992736584,0.05322874918900305,0.03351578964804078,0.09443924799337662,0.043203024029975584,0.023086235290595874,0.12447470658970362,0.19980639963886138,0.05294896421838829,0.03384296958241018,0.025160637271488775,0.038107790725223224,0.11610661953016255,0.054956826365404346
1990-04,0.05581684629470906,0.025430419649935535,0.03801424098008014,0.16021373420312823,0.0495550893474697,0.020716255096166734,0.13701071722819727,0.059554960553145075,0.033340954912326186,0.04354281590776761,0.038448085381633544,0.054718058039484305,0.11041200643483859,0.173225815971118
1990-05,0.06087389457165873,0.02498800962653178,0.03900200386085025,0.1561071211665231,0.05006635670549655,0.02087002493327685,0.14220740193217812,0.057300432088769324,0.03468039237875687,0.04669450440992734,0.03676800416444341,0.054971190831230206,0.10845204708530583,0.1670186162450518
1990-06,0.06190597252744415,0.024620849053510658,0.038645479678838794,0.15845141542539756,0.051271611028758546,0.021633322949019967,0.14627504438973726,0.055861186187162654,0.03513222338539461,0.04920244495893114,0.03683484565393321,0.055744801965662644,0.10414761234247667,0.16027319045373223
1990-07,0.11670381896669428,0.06205735180955863,0.039151458264433135,0.08648668584201276,0.04660668118527384,0.027624223881580895,0.13316882629026697,0.17391311818720118,0.06182878658022898,0.035360385326334134,0.025281438166361386,0.040487610528848146,0.10891209093929258,0.04241752403191316
1990-08,0.13033703778482406,0.0573894906502065,0.04017088224702023,0.09598150628212078,0.04884674637363675,0.025317016673371613,0.1001508372709482,0.17041281006505574,0.0658790640061481,0.04362533125440726,0.021818522776375398,0.0417216036456821,0.11284750033042533,0.04550165063977797
1990-09,0.10463939488917708,0.03812316244916459,0.033697649775954096,0.14635266527320231,0.04037317163081634,0.020224132656998475,0.07690011184650342,0.18097191945768842,0.04822392204373956,0.04324541724687714,0.01954437763175068,0.0350236251740964,0.13264430299378568,0.08003614693024584
1990-10,0.06451292525129536,0.022759474722181573,0.03797988110989673,0.16640100177201805,0.05053121446462154,0.020950263510000733,0.13242890162517926,0.05543868951131046,0.03548920787295095,0.054160544872288094,0.03563713646825408,0.054482041428696476,0.10985791299466904,0.1593708043966377
1990-11,0.06684908722604575,0.021594931080587236,0.03438208946283521,0.1408991840348787,0.05080026629893313,0.020195855212812374,0.15077838924822753,0.0635730535747275,0.0338991073892719,0.057330316230978895,0.03052478677358155,0.04930578680591368,0.12330602037479275,0.1565611262864137
1990-12,0.068305069654551,0.020036694052527577,0.03350325862850132,0.13776493107907906,0.05247470165344302,0.020695142735674108,0.1526931995435628,0.06468073806042067,0.03417988497303523,0.0573697441758007,0.03162246228575349,0.04786413916896138,0.1247995264699958,0.15401050751869372
1991-01,0.07255075708458877,0.018279877802082966,0.03468102485491458,0.12834991300353177,0.05595865376309554,0.020965297399346428,0.15592364461399286,0.0630193999772964,0.03534237985082766,0.06032994319724994,0.033827589797591706,0.04934406596637869,0.12303101105664649,0.14839644163245633
1991-02,0.07379416093491928,0.017507141474049533,0.035222003374468416,0.12503029842955893,0.054781559508794986,0.022280374745234567,0.14632976043740475,0.061095994534271406,0.036482063320152955,0.059790181328865336,0.03361702593216104,0.05207561499523686,0.12404110678681579,0.15795271419806628
1991-03,0.08191465684305146,0.017093281701551645,0.03711256725731644,0.125899771016733,0.057139164981421686,0.02350183136274601,0.15418683476288686,0.057522170205275794,0.03897432064594505,0.0646181344546167,0.03724982752821041,0.05592365159238778,0.10755778485243522,0.14130600279542177
1991-04,0.08696230372271516,0.019120644927451486,0.03728708764440365,0.13280201217606452,0.056947559546177084,0.023125979106368544,0.14937697857855173,0.05598668961016723,0.04124465216114146,0.07005780629763535,0.03853788002701198,0.05578617822007663,0.0979807710204046,0.13478345696183058
1991-05,0.11052961524960181,0.03328040617326083,0.031160121884493304,0.1431956654338621,0.03775014375858859,0.021574682783675837,0.07117040964042887,0.17849456188988863,0.04606163528246107,0.051114575661584456,0.019561574213632794,0.031297906542902605,0.1467173298454849,0.07809137164013419
1991-06,0.10480191557776634,0.05223193060612706,0.048630570281009186,0.07410912512836493,0.05232991996459405,0.03190586882324278,0.2191284806492552,0.1073221164290345,0.046655659508618635,0.053369720234183494,0.05780876471309326,0.03444112527094503,0.08055176132632562,0.0367130414874399
1991-07,0.1037433184910842,0.05760791708478865,0.051111825642901454,0.07217713353653914,0.05548053036742035,0.03137994065653437,0.21428822907038544,0.10432440729934964,0.048309354492022144,0.051756414484873656,0.059175539958788236,0.03535891121408132,0.07790526188767125,0.03738121581356022
1991-08,0.10363860900726975,0.05544307062381837,0.049908028769585014,0.07187580371289491,0.05477507297420994,0.03064502744171275,0.218585028474879,0.10403511534502274,0.04870171970720917,0.0530076136026957,0.058224203758354354,0.034556545221463016,0.07888539889534606,0.037718762465539145
1991-09,0.10582358591479332,0.051366571764481284,0.04894326551065793,0.07185390537180748,0.05467949427057023,0.03094515374137455,0.21261166731053974,0.10675544298528108,0.049083475470235276,0.05460771527146742,0.06015178822073525,0.033757891776446405,0.08292095250262177,0.03649908988898821
1991-10,0.10345554563780361,0.049505349393115544,0.04842610021975352,0.0723873183137125,0.053593953957166436,0.030766316216283868,0.2122700417749076,0.1102980126272386,0.048270132784019225,0.055419685457423554,0.06003945996657215,0.03288575140459213,0.08716730552960461,0.035515026717806576
1991-11,0.10075474058482402,0.048580213470209285,0.04774562336196116,0.07303181461548952,0.05263747489286612,0.0302614476186246,0.21375186316416422,0.11482667736359149,0.04648167468621419,0.055804361042857416,0.05983320077362287,0.03315868784394446,0.08773214921403397,0.03540007136759669
1991-12,0.10091927453173104,0.044846278384007225,0.0471769095251087,0.06974779813917337,0.05196119764046947,0.030481620178304865,0.2129088296172993,0.11802819021689889,0.0465068349773757,0.05855983934974306,0.060186353010493424,0.032647784642889734,0.09038350171604036,0.03564558807046491
1992-01,0.10848782946827162,0.03324339714878812,0.031235251113707355,0.13020867864155805,0.04058361209928213,0.019343906212292653,0.06201511536008073,0.18399443637128007,0.04696811448954511,0.05580405667648974,0.020139504760675702,0.03174695407306107,0.15940163685602315,0.07682750672894448
1992-02,0.12439868094011508,0.039345702666860896,0.03365624936217256,0.1299872916874375,0.04399377908950562,0.02031719049231147,0.06299531854503669,0.17910662346454218,0.05044516324491943,0.05667282759191573,0.019939405761715025,0.034296312576530624,0.14552331028130824,0.05932214429562886
1992-03,0.13174226948943757,0.05408338345608189,0.036377687407816446,0.12901876362840373,0.04807587614679034,0.02174264675576195,0.053552145492477096,0.17393983978559543,0.05529260137296761,0.04737943620901987,0.01987924096715727,0.038735964832525074,0.1325622026399646,0.05761794181600108
1992-04,0.1342134172570338,0.06441073037083594,0.03774119819862312,0.12118445179227161,0.05029535932940079,0.02192006417727824,0.052158327850543446,0.17277870742875132,0.05700390265315496,0.04246078645505161,0.021134914090644323,0.03841523247464685,0.13026657590717494,0.05601633201458911
1992-05,0.12287995757349893,0.07053127044388485,0.037178808686065885,0.1284702994071692,0.05359847167158632,0.019960634984153652,0.05946704164902884,0.16864933645027466,0.050648453215447795,0.037746775106075985,0.021646605844044434,0.034804503375726215,0.1378127197322902,0.05660512186075324
1992-06,0.11363449988541309,0.06893038752288004,0.03666622786321461,0.1363935913715556,0.055596295201126675,0.01995777534150698,0.0629392012245349,0.17579445676788244,0.045691502268839085,0.03561895848495359,0.023274609372374043,0.03364005297012436,0.13730954868140918,0.05455289304418543
1992-07,0.10338142969941831,0.0740619435122075,0.03503285898525144,0.14086609240807416,0.05002458705071314,0.0192940299546021,0.059559780490767635,0.17713904627548427,0.04398748058567091,0.03169319995302441,0.02425911584005665,0.0321144145710809,0.14982637937607052,0.05875964129757797
1992-08,0.10430532545309337,0.04461970307490951,0.04597355843164441,0.06334749382968097,0.05228400016342719,0.030021422594196455,0.2068796890435308,0.12030704501873989,0.04713844005023343,0.058571171694261806,0.06123539354659384,0.03247337324977502,0.09708628547511035,0.03575709837480302
1992-09,0.10366769700538889,0.0418818238372004,0.04528852895222925,0.06570954013748223,0.05213259490452798,0.02932125030439864,0.20557909387057746,0.12139343169802247,0.047651839521510676,0.05888282182573748,0.060057322974672186,0.03164436923276455,0.10166373544638731,0.035125950289100566
1992-10,0.055812152867061676,0.0184330594354359,0.024875897575964305,0.08244318737869888,0.03337263116684003,0.01777762527706289,0.16177264125271773,0.06293485841713468,0.02323461560804256,0.050273504745007226,0.028068066522625543,0.019373254824877593,0.15171389439604568,0.26991461053248533
1992-11,0.0898011453986146,0.018083858300489603,0.03616545762606054,0.12632340452370455,0.05868830749921526,0.02148895587666157,0.14983153421486575,0.0580756279252563,0.0462097152083088,0.07017607640555464,0.04394496637738759,0.053392235697863506,0.10531352718150522,0.12250518776451187
1992-12,0.09334522714678548,0.019406210183352028,0.03763568569030954,0.11255581042474955,0.06120281138276306,0.0228801771156651,0.15466889178413903,0.055976932645170424,0.05031182841200813,0.07770050079473051,0.04710057699797352,0.0576936022292541,0.09451877706912608,0.1150029681239736
1993-01,0.09163495562153173,0.020682734388504875,0.038040246959362214,0.10817127578540231,0.0600600475101187,0.022370594390962725,0.16950149163062253,0.05482254522573332,0.05041345932806823,0.07791836047338334,0.048789726958231874,0.057609793128449216,0.09182735777095748,0.1081574108286715
1993-02,0.05341543786643615,0.018171474439815826,0.024532799545730195,0.0781164528492268,0.03296754404616362,0.017787597953899337,0.1729597459049844,0.06235855475293503,0.024503757552396657,0.04543357573467399,0.030729557265783334,0.020005884290020273,0.14705839970784085,0.27195921809009366
1993-03,0.10379291531367739,0.041799969628955755,0.045788556332324024,0.06516597058028763,0.0508056648100753,0.03053967959565653,0.20609182940381332,0.12104977831795465,0.04933564719088478,0.05346562377297254,0.06092558660126233,0.03268242228751025,0.10434818981984581,0.03420816634477975
1993-04,0.05008412704629005,0.01875084877080178,0.024497803135881145,0.0851931167506503,0.03270172699042416,0.017040126522014094,0.173574714181198,0.06915366868693426,0.02376851844040689,0.03773338097835405,0.03127763333611276,0.01958218696730763,0.15543830413727153,0.26120384405635344
1993-05,0.04173835935145841,0.0197681423519887,0.024730563525252616,0.08904173058908496,0.03246569113722462,0.016627516183539557,0.17064392084990587,0.07185761210397297,0.021689508647449767,0.036529815545779366,0.03110454062464154,0.019451572163863867,0.15707719439473666,0.2672738325311011
1993-06,0.04102176228433662,0.019639287676167964,0.024421401808966545,0.08745593036761827,0.03240382307655999,0.017318847836427877,0.16448971835319798,0.0674982965532251,0.021539448981810587,0.03946729530484949,0.028851036415794052,0.019167266770500863,0.15162031884810698,0.28510556572243784
1993-07,0.039740667384617324,0.020134122770710854,0.024628616250266036,0.08665673505806333,0.03133407504954101,0.01787784265950921,0.1705395193602912,0.06889333822044748,0.021255823318177616,0.03812839524212106,0.028905861634570672,0.019442278013568966,0.15350781399560212,0.2789549110425131
1993-08,0.07962479660697867,0.02203973000722609,0.03739623895291971,0.10998902712390506,0.053545974181564704,0.021955049150801535,0.20817777247976035,0.05545652047690893,0.0463086701095396,0.05864661289317824,0.05167210103872903,0.059063689989351784,0.09070187545101792,0.1054219415381183
1993-09,0.09045024060169943,0.06666388190792523,0.03338542890837705,0.12581941345703063,0.04319944238042086,0.01873556656745607,0.069750472606058,0.1970056404898636,0.042182865791673504,0.02751747193273613,0.026904872453769237,0.030417742781926656,0.17045888486761995,0.057508075253443695
1993-10,0.09005428707041087,0.06549002206523448,0.03285611491109457,0.12065684582482833,0.0417968761947723,0.019229992383916195,0.07598189673001142,0.1923101182437149,0.04049656832998156,0.029155710821894474,0.028053564312104103,0.030910862215303116,0.182942892904214,0.05006424799251959
1993-11,0.09499111806214404,0.06935916152257432,0.031772582264828424,0.12477452550673361,0.042177723962913485,0.0190647442197583,0.0764741141308509,0.17591377544425335,0.04305424419302778,0.03107896432730787,0.026763577094463687,0.031355345321465417,0.1834835506755116,0.04973657327416723
1993-12,0.09801727250007043,0.04286795284511244,0.04609727968001123,0.06561319760181572,0.05008000186916358,0.030813766166502724,0.2139655865777481,0.12121837937539878,0.04856513820885926,0.04945326652946988,0.0609196359482887,0.03219620367358799,0.10657270265115601,0.0336196163728152
1994-01,0.10081920041259407,0.04428019862189916,0.047975146923227206,0.06202643398971012,0.05189755226886647,0.031207112313451198,0.2075335585667363,0.12254224782448311,0.04778924044854707,0.04939084313987725,0.06198765212862474,0.03291461721793706,0.10575269781392345,0.03388349833012273
1994-02,0.10119631492863772,0.046251540145678866,0.049696450829237966,0.06349483211194323,0.05413080353589634,0.032050802387323954,0.20394244875249562,0.11850142676675915,0.04650280048299628,0.05049394783598617,0.06281254665592693,0.03383021621992022,0.10446732902075638,0.03262854032644119
1994-03,0.10145987434236238,0.047761703691521995,0.05176143012721166,0.0655727713641685,0.0574612669122553,0.03308717917555384,0.1999384185121621,0.11376486333436647,0.04828468722854109,0.04928847660863228,0.06383253897884916,0.034016674882286,0.10154759109015944,0.032222523751929875
1994-04,0.10322644880285822,0.04784921677087547,0.05339811392895129,0.06553854221665457,0.05879635384506467,0.03578312893276825,0.19519078590491704,0.11471039995831438,0.05187517519076928,0.047790770129112536,0.0647682968486882,0.03388660903548558,0.09399261567445716,0.033193542761083154
1994-05,0.10404996773558188,0.045306578712285585,0.051671119661431626,0.06799071385638587,0.06062600823916602,0.03436163068068812,0.1978561436474989,0.11302056380994975,0.051314915358828775,0.047317873281088434,0.06955365924636132,0.032246833859913754,0.09008667374868969,0.03459731816213032
1994-06,0.10417457655325192,0.04384995680290033,0.05155247008778932,0.07023591113844893,0.062421096675366716,0.03455094642215284,0.20334379621967213,0.1032793900387502,0.04999146435868863,0.050174850497127554,0.0716767175244956,0.03197690366579738,0.08766533527414183,0.0351065847414167
1994-07,0.10219652675356439,0.04225912783218392,0.05205913046989659,0.06936076556473725,0.06261293967403217,0.03402578226531147,0.20761194264043664,0.10085158376086914,0.04905250143000321,0.050240338731441174,0.07340408652150981,0.03202764093608795,0.0889310583336497,0.03536657508627678
1994-08,0.10230075991308321,0.0428339937660937,0.05280697222100388,0.0700476514633899,0.0623625264393395,0.03382538805265785,0.20963752376086128,0.10154493650818538,0.0487805493661947,0.04858463148889263,0.07193381411291427,0.03205887358770562,0.08755853109680976,0.03572384822286822
1994-09,0.10236838518279323,0.041900379600671424,0.05299648447657104,0.06851311676546491,0.06391277024226943,0.03538324011005578,0.20664775268872654,0.10233308345938837,0.04804165979421853,0.0507449266963937,0.07175398830052222,0.031960825842807954,0.0879759075651019,0.03546747927501504
1994-10,0.03893668232240638,0.020658880100649927,0.025294005001606185,0.08012269408025974,0.03248668105974848,0.01807925327327385,0.1693573688590978,0.06471166945936761,0.020865332049722386,0.036106046100951264,0.030895815008625302,0.01911304628306276,0.14931775686904625,0.29405476953218185
1994-11,0.040153250462312016,0.019655216926002472,0.025085981477417515,0.08244956846639985,0.03302638625940909,0.018951934921870736,0.1687694881867752,0.06840680712273459,0.020705293960218946,0.03765110327588889,0.029462754190332056,0.018663859929225746,0.14257494035036897,0.29444341447104405
1994-12,0.04181801679518096,0.018812334085391316,0.0244780017116078,0.08626403626101357,0.03192563675548962,0.02054227423334125,0.16550115004639085,0.06940447549430387,0.02121708474668618,0.03902053993655733,0.02901144463442212,0.018347737695120332,0.1400446368050515,0.2936126307994435
1995-01,0.04156892891849196,0.018342414615734902,0.02456079765154972,0.08394966846520287,0.032123991269596766,0.020405076623327363,0.15696352210222791,0.07471360908119433,0.019892285400072172,0.039699615256904276,0.028471002789746454,0.01791062228210023,0.14951345795088974,0.2918850075929614
1995-02,0.04086812778174238,0.01819946057954947,0.024953101256813454,0.08213841291917427,0.031865684463231014,0.020727888032814286,0.1613474152985646,0.07611326276793087,0.0192236621207558,0.039614807153411535,0.02915840049844579,0.018171218518502855,0.14767267234301118,0.28994588626605244
1995-03,0.041629954449210256,0.017329030772896433,0.02499093943598914,0.08175197188841365,0.03157989832374402,0.020800717161972203,0.1653432267261295,0.07939377113745835,0.01959682834022441,0.041330918708831425,0.030654832821863667,0.018314999400096364,0.15189921811478627,0.27538369271838425
1995-04,0.08156028455504799,0.02082336645092175,0.04036466850670901,0.11634456646300909,0.0567299648198212,0.02553005036706573,0.20031964438724412,0.05169928467771631,0.047869201531688846,0.05891162496487819,0.05385214606251853,0.06211047597651778,0.0864665612294681,0.09741816000739355
1995-05,0.08136844448320982,0.020920131324969015,0.04139684006512641,0.11916761480939689,0.059246205011509775,0.025678054530819706,0.19699833470713515,0.05202163292178693,0.04660753416197389,0.05868670989547436,0.054259715821560445,0.06345390814559307,0.08480312281091232,0.09539175131053237
1995-06,0.08255352991964314,0.019818181211989732,0.04177849443709489,0.1283381306375137,0.061081333034377405,0.027567007118859597,0.1958427165571834,0.050735174297676065,0.04410207702455933,0.05559201276199871,0.0558995461703025,0.06161101139759935,0.08720984242317617,0.0878709430080259
1995-07,0.08447980549052193,0.018916898187301735,0.040237272116524066,0.12043094294565235,0.0587627345336849,0.028114895809221937,0.20392173885581702,0.05159399578291323,0.044797617220426494,0.05796476351396502,0.05726047513098897,0.0607685642470315,0.09038342843580723,0.08236686773014347
1995-08,0.08163080899073256,0.019853820217654337,0.04344832442383363,0.11124630763966474,0.05869993729390288,0.03290470771951654,0.21757805226981944,0.04736456223291742,0.046303574658993395,0.05811705404962361,0.056957810356668574,0.06417457702049302,0.08467612542181144,0.07704433770436844
1995-09,0.08015898296950891,0.02008037364689061,0.04311259512500254,0.10299136298609343,0.05653525512932921,0.03422460364535024,0.22517705512908195,0.048249278099866746,0.04453866608601704,0.06273025866173026,0.05907068369181914,0.06457785131033153,0.08284301184114654,0.07571002167783158
1995-10,0.12444335128087625,0.08317003544202743,0.036410962719663056,0.12457634306497728,0.05334521505390136,0.022750521558008562,0.06755603013244062,0.14182468173344653,0.046350132596577595,0.03737706794456863,0.023314429662580044,0.031377581838145686,0.1615575649711899,0.04594608200159716
1995-11,0.1066828435034431,0.03982414317987449,0.054233658354054394,0.06739338025083207,0.06533615118280621,0.038643953853275195,0.2011831408975135,0.09614322497718363,0.04815445916140281,0.05508957088568826,0.07248427957788023,0.03211945744931252,0.08708691968108391,0.03562481704564936
1995-12,0.10660368399513175,0.03925452116832465,0.05472164286101006,0.06829129332949087,0.0656573056493755,0.0390300307881836,0.20155109582112954,0.09491693363837832,0.04836676099002822,0.05492084425691271,0.0717360469106094,0.03211142755284797,0.08747729293539529,0.03536112010318214
1996-01,0.10602540198010063,0.039626799227261755,0.055076350321976726,0.0696279875162518,0.06558711315562704,0.037089409695817754,0.20073818580178343,0.09561582123813826,0.04710514265268511,0.056101251001388124,0.07178248173559322,0.032019619422529996,0.08838728803633668,0.035217148214509574
1996-02,0.10409234048054478,0.03937309959358873,0.05468800289465295,0.06893157719464257,0.06623655144402861,0.03496983395830369,0.2047933612658322,0.09830027640355858,0.04542232408178766,0.05657456082940027,0.07029414962530067,0.031755383175859284,0.088682406188063,0.03588613286443705
1996-03,0.10468206046805334,0.04011846717251296,0.055512360730416155,0.06875470463622636,0.067026145680012,0.03662425872436762,0.20138575309313306,0.09619342346446985,0.04615408278578742,0.05749103748317819,0.07157142988492861,0.0322788393993566,0.08629898782796834,0.0359084486495895
1996-04,0.13151104854141668,0.07098453907104256,0.03421160481243433,0.11419519282395829,0.05213046330146384,0.02062045101570663,0.06922667091047754,0.15897348921444435,0.04196140032904159,0.04395891830419607,0.02561363561334649,0.02928693439123993,0.16092749802807252,0.046398153643159204
1996-05,0.10841258234031935,0.04316574917294886,0.05802851471383949,0.07219771008072332,0.07265429308433737,0.03657400369272416,0.183080725551464,0.09181276411619485,0.050821299344157474,0.058132879823457634,0.07434190278097051,0.034535897034231385,0.08074680379126736,0.03549487447336444
1996-06,0.04305888360147504,0.016613483180360905,0.025513711698790936,0.08619329651779786,0.032752580211231654,0.022521814686317258,0.168530188268582,0.07318076395271103,0.018895599931028007,0.04417406098119207,0.031190918204797753,0.01839520113802574,0.1520760673745585,0.26690343025313124
1996-07,0.04716382562669949,0.016388965152987763,0.02615340935575845,0.08757904072982753,0.03304994044785573,0.02188686445395708,0.1654908177242333,0.07419003037630806,0.01950332673169226,0.047399109750301816,0.03211050788889821,0.018343917081897997,0.14828901086064483,0.2624512338189376
1996-08,0.0472147123634611,0.015715163049764905,0.026119910739181768,0.09176955185393604,0.0321436303412088,0.020524276169343002,0.14544092213307044,0.08111795848048145,0.0187715002480727,0.045030461146957045,0.03258032957988765,0.017623986126930623,0.16180906665749423,0.2641385311102103
1996-09,0.04642560561881478,0.015457716067678403,0.026049712509218136,0.08822961909023057,0.03239331881209124,0.02067685149321571,0.14254821091844475,0.07964912534319328,0.018579910844796797,0.045831993831000735,0.033943876720163114,0.016716417054776635,0.16572205541033327,0.26777558628604264
1996-10,0.0469954619282778,0.014789561040287747,0.02681797454593052,0.09449592744949309,0.03392090448351656,0.021810550694402568,0.1382438463104323,0.0787762248469956,0.018841323546961063,0.04784599169905222,0.03495096008966632,0.01656616916727688,0.1584195773924923,0.26752552680521513
1996-11,0.04639939104164167,0.014848347890140329,0.026986387857565717,0.09866850874162301,0.035371628813203396,0.02217499693646318,0.13761126787280137,0.07892525961858975,0.01816425424292247,0.048375321621915206,0.03623732587812563,0.016216968654767985,0.16253323996227337,0.25748710086796683
1996-12,0.047655305331096395,0.01491855133706561,0.02738113768547673,0.09998004445667584,0.03620725478920664,0.022452120287419997,0.135825904335188,0.08254815208381198,0.017307216685114746,0.0486859140127536,0.03822538555010462,0.01590256595516047,0.16764607988952168,0.2452643676014038
1997-01,0.048203090381229045,0.015117041414368634,0.02808508393502428,0.10611192981149202,0.03617041902665654,0.024139028260806487,0.14022849253425723,0.08054602047191349,0.017016404585119504,0.048626971116032695,0.0394461206515178,0.01589298895954929,0.16480510795506936,0.23561130089696375
1997-02,0.08197024724102785,0.020713434266412863,0.04395713552664491,0.1073285712272366,0.059798813630399766,0.03472754028838984,0.2165769412175702,0.04910182923306643,0.04213314595423987,0.06732257568853352,0.06615145718615352,0.060835841883798536,0.08391135804503017,0.06547110861149594
1997-03,0.08463864604619588,0.02098195474197346,0.043903748188826426,0.09441777313549704,0.06195992146594545,0.033425419313225166,0.21644216990968856,0.047415014071377215,0.04184847895428071,0.0731587144830834,0.07128082695469855,0.05879483943230127,0.08986645594640354,0.06186603735650331
1997-04,0.05139592460231493,0.01574717849554206,0.029849228774014143,0.11272632941767548,0.03823310651561169,0.024761202723321586,0.1466745226408638,0.08212305468456192,0.016796115978806096,0.05169514411223987,0.041817863152228546,0.01621857852421791,0.15313342328413762,0.21882832709446443
1997-05,0.1117706407131097,0.043865015426342115,0.059941160567306494,0.07373256052582064,0.07274320062408673,0.038638083601110665,0.17276119466695586,0.09120840882690687,0.05232354927539962,0.0581675333918944,0.0755429951539171,0.03484386458221899,0.07912226869316441,0.035339523951766455
1997-06,0.1314733006048746,0.07810440676147705,0.037943178532852645,0.1352093896015273,0.055448306773356444,0.0239063165891593,0.06460212636441887,0.14163918507150675,0.04379153746822489,0.044189425377246995,0.027260100682027735,0.030786058745178334,0.14452911861879944,0.04111754880934944
1997-07,0.13052908888872145,0.07809360392830302,0.04079558243883912,0.13154847821881452,0.05672882381922965,0.023556552230601782,0.07086933642140758,0.13472161419443063,0.04483963936026591,0.047991521320432155,0.029675117002869813,0.031096784184877414,0.14201393210726407,0.037539925883942914
1997-08,0.10979624866642687,0.04451402277835951,0.060976599476187304,0.07347448266949982,0.07343268723363575,0.039785699465243365,0.16837611465158964,0.0907655314556201,0.05285988446479881,0.05878467337887155,0.07605216714771947,0.035762702232303004,0.080122943301451,0.035296243078293724
1997-09,0.10602202711734826,0.046077037098532135,0.06026559312264116,0.07539876658409163,0.07179484002778988,0.04146424102876458,0.17226176175198216,0.09053519937868519,0.053672688564997816,0.055636080475360984,0.07697654809461268,0.03626502809815213,0.0788181539068063,0.034812034750235026
1997-10,0.10407954187452582,0.04676164436209996,0.05892437087514155,0.0771082663286053,0.06902170996580755,0.04098851454735779,0.1740840364585225,0.09175062161728899,0.05422366801185823,0.055537335580900966,0.07782048067152995,0.036682138338463184,0.07873148715894346,0.03428618420895458
1997-11,0.1024566337984844,0.04678493302490121,0.057616501591484,0.07676985404016379,0.0671374359533897,0.03971725027516501,0.17897673269919276,0.09180923825118709,0.05308571245901249,0.05617074229348262,0.07856144053477665,0.03682265326089208,0.0798058766512464,0.03428499516662187
1997-12,0.10193029252313435,0.04412773814267171,0.054522066707491955,0.07404168667707796,0.06681760328242899,0.03749394743800212,0.18592111258182656,0.095532007741023,0.05465263785111961,0.05620618176890225,0.07557833085508335,0.03541477972951658,0.08419960146902802,0.03356201323269362
1998-01,0.10135470990869908,0.04396929214892217,0.053372006882564216,0.06987891001897006,0.0668522924216004,0.036074339821815314,0.18686956581505282,0.09950185049023506,0.05361528380246077,0.05614828532979761,0.0766906049381037,0.03557300578243421,0.08627285115770085,0.03382700148164399
1998-02,0.10002582115334319,0.04350380248069428,0.05268869674986833,0.06574077268357537,0.06463825991168073,0.036129551492742946,0.19341205419915639,0.10062375552060755,0.05327046234023804,0.05738312714341578,0.07394357164368537,0.03563649799977435,0.08928582457072345,0.033717802110494376
1998-03,0.0990150904784331,0.04428680808188806,0.05344160774061492,0.06542769418063091,0.06545662324826089,0.036915003111059864,0.1925776784451837,0.09886458207864474,0.054088707720114065,0.05782666810781525,0.07465118979480956,0.03616016167808496,0.0878322052817789,0.03345598005268099
1998-04,0.09846052339273732,0.045254601971859175,0.05375523876167574,0.06594872443130033,0.06565073922192496,0.03668369362291261,0.18919482194814308,0.09902132277994478,0.05476311721117881,0.057919095599030884,0.0749465996814924,0.036758770867223345,0.08773710624223043,0.03390564426834619
1998-05,0.12004790174777569,0.07999804393607506,0.04310197589891587,0.1185157728817255,0.06013897722007811,0.027383340259331184,0.0754453893296151,0.1379786243389874,0.047872139765034925,0.05113824569607296,0.032874065078194674,0.031858799418360735,0.14221860667749645,0.031428117752336504
1998-06,0.11597380889864863,0.08877604330219482,0.04252410495931473,0.12293909018864556,0.0632346548543618,0.029179860926910803,0.06997737377392532,0.12452125652908493,0.04976793066988104,0.05282778108492203,0.03226800888723848,0.03075509600712192,0.14616181625439914,0.03109317366335073
1998-07,0.09725603513496885,0.04584318326548826,0.053765887869487834,0.06585399866240572,0.06654961821416266,0.03707785927449397,0.18921857301320397,0.09844407273993445,0.054877858744840774,0.05794254934299725,0.07592037513581573,0.03673198810476612,0.08684624420741038,0.03367175629002407
1998-08,0.09628075775558281,0.04582974440601145,0.05354954956077322,0.0639029561535515,0.06401876285699859,0.03870460545200787,0.19224888532252588,0.09504447682594956,0.05578335696524561,0.05915743279235342,0.07746742642806723,0.03707406010570151,0.08705290235481801,0.03388508302041343
1998-09,0.094965523383607,0.04483514329046741,0.05062131422953835,0.06175944868534458,0.06012414738808757,0.04065663602558305,0.19440170682129657,0.1017628129443853,0.055967594945241866,0.061032566772219896,0.06872600379962004,0.03456776207678318,0.09729642798443114,0.033282911653394136
1998-10,0.11360671224563172,0.08643814441761256,0.03528929564293236,0.10294016584341006,0.05638766108831962,0.0282851060276076,0.07169808093300695,0.13849306868217642,0.05333036407265372,0.0558441291387339,0.030803630896134932,0.027430440741656507,0.1671857184767957,0.0322674817933279
1998-11,0.1162686957016268,0.07591385440154926,0.03575548575422967,0.10224323304153314,0.05812843079683055,0.02656812616805466,0.07604325613258159,0.14624503998210805,0.049168388896819716,0.052043048659147884,0.02925454358663103,0.02544404911988833,0.17264621936315677,0.03427762839584254
1998-12,0.12437594192697621,0.08337949959289272,0.04006217214567344,0.0948758882779514,0.06213315493939064,0.030732900806247656,0.08028187287211787,0.13410705077540166,0.054073816608728786,0.05565190473058837,0.03252866372759946,0.028363775256596033,0.14850729666926055,0.030926061670575242
1999-01,0.11744024821035083,0.08260561572182833,0.03777974784203815,0.08862088185402932,0.054808320934410605,0.035979976706534515,0.09282928624811451,0.13124987416736714,0.0585019241930299,0.05725046536052503,0.032667351104823106,0.028026974575277846,0.1520585571811507,0.03018077590051999
1999-02,0.10869877993997805,0.089828423118425,0.04051769884299942,0.08269405120194058,0.052004699962509934,0.04229827623749001,0.1093679253616637,0.1167823621118003,0.0621921856694705,0.05576770474938186,0.03367404867911546,0.030977048368635407,0.14435403506813965,0.03084276068845013
1999-03,0.049779921226778046,0.01654548291243424,0.028893171037398937,0.10943629158004518,0.03611152833174055,0.027820705630276537,0.16080067451514415,0.07857289896374277,0.017436898579046966,0.05198240490149479,0.03980228466826876,0.01538283340103512,0.16296199480657403,0.20447290944602
1999-04,0.049353755823241516,0.01635043400481715,0.02979828370149785,0.12011425011165232,0.03781045436668007,0.027471049054909366,0.1557853774082718,0.0784839747803855,0.018398842336224682,0.054623586674288405,0.04319116558584705,0.015601232172945352,0.15259322048376123,0.20042437349547743
1999-05,0.04621258956880518,0.017029183434476985,0.03157742091979536,0.13204676838677182,0.04072018302086551,0.02877744480365308,0.16161132499981762,0.07538299186136176,0.018240303624124203,0.05134272422531823,0.04373420221292642,0.016197074125223566,0.1484279110435767,0.1886998777732836
1999-06,0.04882343787991393,0.017667595308257195,0.03346886981465998,0.1386656676014807,0.04354983759263385,0.02879626980160404,0.16320710027656013,0.08787674303274026,0.01773427582132663,0.0464746005139452,0.04291423014790195,0.01678190523062124,0.13578305969316076,0.17825640728519426
1999-07,0.049551501668766436,0.01728613226807204,0.03426068984620931,0.13800784338328786,0.04308661697104753,0.03146129001267803,0.17106317478961441,0.09621594285148474,0.01898079229200484,0.045729482602449925,0.04226533272446715,0.016901915199487662,0.12813203962003533,0.1670572457703945
1999-08,0.048594858228689516,0.017279037691970176,0.03570284695378015,0.1364775386464011,0.042160953612361635,0.035364088361781905,0.18013440458764596,0.0883638524466657,0.019757754647353236,0.04813849269834134,0.0428693907116915,0.01645075389859766,0.12935409059854072,0.15935193691617944
1999-09,0.046341122090683334,0.016865483668668267,0.03640615064649266,0.15036917632931804,0.04554391379449256,0.03571717786669238,0.15494876079954412,0.08994889708429837,0.018709525947935422,0.04761404668833454,0.03975216692401784,0.015903778249028007,0.13351061066097644,0.16836918924951805
1999-10,0.04352424294403453,0.016169946519442764,0.03682670045518615,0.14492287913907323,0.04255755255504416,0.04008327676718131,0.1513667643928882,0.08727132948854702,0.018510883514828155,0.04905637466786147,0.03682116736157047,0.015788747098475078,0.13803805108361092,0.17906208401225654
1999-11,0.04144722495221116,0.01587620062669345,0.03557582429729344,0.12746727201896527,0.0409316802047464,0.03832938190411163,0.15544608794517656,0.081732333332874,0.019287692580318944,0.04950294281492069,0.03637815504111327,0.015449835051305752,0.13344173740813745,0.20913363182213193
1999-12,0.041877859708255534,0.016096720326204402,0.03667229459574338,0.12919421605418002,0.04281715828578072,0.04245872460815312,0.16592519010865972,0.0767312183855168,0.01968477374069282,0.05125498642984116,0.03982689694125113,0.01618532605874416,0.13224492716605735,0.1890297075909198
2000-01,0.04073648899928529,0.016171208664462138,0.04010423484001918,0.13044424086824893,0.04440764185003648,0.051655273793875536,0.17883400914188388,0.06621229560728871,0.02132724531275106,0.04677170400856244,0.03693811634035109,0.018011545836717737,0.127391381867115,0.1809946128694026
2000-02,0.04032792859065907,0.01656228503525826,0.04073421818024045,0.13537309918626828,0.04505593219218764,0.05488204671238849,0.17112996618756535,0.07071746508125576,0.020811162411141493,0.04997154331664938,0.03489326841773654,0.018631960038174675,0.11782364892612716,0.18308547572434744
2000-03,0.03661154445382816,0.01616725426206497,0.0378547994291768,0.12156668900891394,0.03725830333015457,0.06152991608730894,0.16504597884457448,0.07127226639432656,0.019747742702850332,0.053089552874189434,0.033156394292707156,0.018886960519527988,0.12804224498067932,0.19977035281969752
2000-04,0.03575934333505519,0.0169108562569239,0.039557236613884904,0.1273462649399102,0.03114992559416021,0.068068600054209,0.16630628076189144,0.0674210225064479,0.02071334714982629,0.05063020169658079,0.03505428097487772,0.019543622242123387,0.1367670941615157,0.18477192371259335
2000-05,0.03591248176787762,0.01700188377875031,0.041421066028144875,0.1372298058145141,0.03243064017252835,0.05941862321556854,0.16408822705526493,0.07292080962256216,0.020125182304102884,0.0521416018488094,0.036171493755380126,0.01715853266921337,0.1343958021711135,0.1795838497961699
2000-06,0.03864562451445107,0.016587726684395808,0.042249502973776706,0.16140017927708536,0.03251215237571669,0.055144450093707144,0.13245619509838277,0.0846318628500871,0.019109959244424886,0.05786070725517894,0.03689792184233982,0.01762933202948275,0.12340054749054757,0.18147383827042335
2000-07,0.07746913652237969,0.02122412476456053,0.04571164381571102,0.09586343134651877,0.05754232520331335,0.039255096072752536,0.21570984447371888,0.046838271374329755,0.04811832862396238,0.07742302640032526,0.07102834765679805,0.058282679561205177,0.08663912080020147,0.05889462338422293
2000-08,0.08079425956669976,0.02137727119632201,0.04850008272552121,0.08370378014189525,0.055876949582915385,0.0403727933935068,0.2015368916815335,0.04737832067677096,0.05301581775034482,0.08637926066377632,0.07519529409775674,0.060019482402711176,0.08787180617621596,0.05797798994403013
2000-09,0.08908068257681404,0.021769159842501613,0.05071930301354622,0.097193044695671,0.058333110131031284,0.0387456540032144,0.1549316662313157,0.05591769028021322,0.04927777985422595,0.08614240178638442,0.09251630314673373,0.06581804816967635,0.0861557612477045,0.05339939502096761
2000-10,0.08219554476114935,0.020534711990081528,0.049873314863060014,0.11070641285052397,0.052556148429117065,0.03753809520300104,0.13032746794688807,0.06949235115941904,0.050797922296924515,0.08730670654247086,0.10191355518217052,0.06607951661080688,0.08732335645957484,0.053354895704812326
2000-11,0.09456945601817057,0.01980278779139181,0.04406854626044852,0.11449301017408484,0.06159872001683418,0.028246504971590203,0.11583188408838141,0.07238505641966335,0.04421203637904882,0.09818670773181118,0.09456974138065893,0.058025841123293946,0.09811434677767478,0.05589536086694748
2000-12,0.1042214166361797,0.020296608212711106,0.04555011169811117,0.1111507961389434,0.06782014943026138,0.024955849587481666,0.0940111064830831,0.07617968193049043,0.04731433343257739,0.10091609202779848,0.09261697924894327,0.05566036961478752,0.10325178460545607,0.05605472095317537
2001-01,0.10518290066039973,0.019117970952933324,0.04794002460692448,0.10475224848880496,0.0702309825626456,0.020315467854709182,0.07388054255407922,0.08209218529777769,0.0477180617638555,0.09815489270047714,0.09320726001852823,0.0513331288029275,0.12624929534049806,0.05982503839543917
2001-02,0.10983678957392184,0.0216171507575195,0.049592344558809016,0.10298381049122253,0.06870458164585021,0.019285068368182945,0.09058705338493435,0.06677936311648296,0.05203071362497668,0.08634684101484566,0.10162909078664659,0.050054018961703056,0.12414704094738951,0.05640613276751521
2001-03,0.11214771324886577,0.023888279852727696,0.048448431380330545,0.10891679879615156,0.06820789545587362,0.016940752803178936,0.07733662561808585,0.07507538303239739,0.052860695715139565,0.0846834536162662,0.09644332467715763,0.0507700276507908,0.12832422427938167,0.0559563938736526
2001-04,0.10749504176876803,0.02569623130318606,0.04785963121824897,0.11788930622469428,0.06535000826322955,0.013089335488683056,0.06410252712865205,0.08300641741088143,0.05196512634308199,0.07400207631678075,0.08891857402470285,0.04580138313885249,0.15323599228998383,0.06158834908025456
2001-05,0.10181853983887348,0.08814520166107966,0.044659254896918424,0.09020174260367152,0.05209290744643043,0.0409877439622604,0.10000538984070767,0.11126260562022708,0.067147596349658,0.06407309461241038,0.034977817039818816,0.03066675763162338,0.14256458586765133,0.03139676262866931
2001-06,0.10344793625488605,0.08812616205350479,0.04775324684971731,0.09128739302196817,0.05405024247266422,0.044785318998269395,0.09963701896426265,0.10923473604078712,0.06928625513319771,0.06604045036369564,0.03579441490982726,0.03368811555239747,0.12518468356201695,0.03168402582280509
2001-07,0.10368097550080335,0.09265612314362597,0.04567105795776439,0.0902176706369694,0.055634313803248556,0.041535289797257624,0.08756310689719418,0.09942903538448339,0.0707539372659932,0.0731415094244321,0.03794545881102446,0.03340248682842359,0.13672895853466552,0.03164007601411421
2001-08,0.107923005930882,0.10529156578850767,0.042088339523933135,0.07554776567329749,0.0558004185888025,0.038982840889050074,0.091142600302105,0.09298218647530498,0.07302121154038618,0.06699540335572689,0.039491616863905975,0.032083631879574026,0.1471865002002695,0.0314629129882544
2001-09,0.11234579021678755,0.09881724577976111,0.043034822177460026,0.0751720810269505,0.0589417093498015,0.03526722641750682,0.08135967626665859,0.08618139798208929,0.07380701699079634,0.07121436265312842,0.039071533746069975,0.027938853916427465,0.16564706659313894,0.03120121688342353
2001-10,0.13665218917258135,0.06557092637799343,0.03258551879108072,0.07167250596187202,0.06041613315167992,0.025078559258762387,0.06957267144382942,0.08926780126182665,0.061908805369913895,0.07480295161524224,0.0335128926375855,0.021808144543643795,0.2211439159496964,0.036006984464292305
2001-11,0.12957659079918096,0.06225720285509689,0.031316362392776416,0.07520436688857039,0.0606155489239174,0.02702462387374892,0.06477322370448461,0.0873047722243234,0.06522056779462107,0.07950002835976074,0.034431515490918184,0.021575681694485805,0.2260121063621142,0.03518740863600123
2001-12,0.13414862117007656,0.06682326552076992,0.03487630260481958,0.0678878585810141,0.067778833953395,0.03264956800995384,0.059488727898593594,0.08186760482376322,0.0679991607753371,0.0789120645028493,0.03631991956554559,0.023917575226229372,0.21419847878472265,0.03313201858293033
2002-01,0.13627305581623872,0.07351586211291233,0.03929315430089348,0.06853498856514298,0.07066857867640161,0.03536497079667522,0.0630906317936687,0.07772817844058638,0.07371386359118613,0.07955581334704506,0.03799540785967199,0.02522647876372386,0.18573578530441276,0.03330323063144069
2002-02,0.14043911035295303,0.07338899900342624,0.039022358799008706,0.06871168164421089,0.06603826764268209,0.03471926763321444,0.059950132502871095,0.07973144337459094,0.07702496327024705,0.07375786410713864,0.038741673817174464,0.025190704548693935,0.18969583330876386,0.033587699995024804
2002-03,0.14652185072485552,0.07574836365652964,0.04274852842554918,0.07000648528562334,0.07188028479394626,0.02878399478772408,0.04528299446812937,0.07071063083367662,0.07871334597834338,0.07071556644347365,0.035855490708379976,0.024715643513650618,0.19941896532867187,0.038897855051446384
2002-04,0.09298805703795843,0.04132572941134439,0.048458780897766035,0.0674553808528015,0.0560144918921014,0.03891246572222338,0.17791741954348408,0.11595646535347763,0.05509231440442661,0.06636357469226688,0.06328521584321718,0.03156133729133536,0.11214044258935622,0.03252832446824082
2002-05,0.10082893862538142,0.04246902907328839,0.04957586472172776,0.06788520729565985,0.05789426356526748,0.036382690014300154,0.15613057916571124,0.12467243658387463,0.0565235476717276,0.06419374202930923,0.06577954602574618,0.029954119046649793,0.11491892471056527,0.0327911114707909
2002-06,0.10695203368128907,0.04453453771964167,0.05097208173666415,0.06738126625985824,0.06008811186951936,0.034749970834889676,0.14912331527315967,0.11921694425283542,0.057184433667202356,0.061576821476068286,0.06776927961219112,0.02908642986023241,0.11782652826424998,0.03353824549219864
2002-07,0.11571005032029097,0.04326717863027402,0.0511501238201527,0.06867269108164915,0.06332981848452339,0.03282175472357423,0.13550101018835142,0.1063085354267332,0.05854265037239357,0.059668457499638575,0.06968123447282042,0.028412353752661098,0.13273880451574513,0.034195336711192056
2002-08,0.11739799361235025,0.04203962983318427,0.05315596235693639,0.0669472091078174,0.06824870027779573,0.03306072637013698,0.11093468557184741,0.08698401762603333,0.05778930977657718,0.057332366485973535,0.07393049670105037,0.02831040564485417,0.17025677395263047,0.033611722682812525
2002-09,0.11844794561976349,0.04038502743692919,0.0497396032879231,0.06479151171660372,0.06956446084108159,0.03196294475009627,0.10314875378771442,0.0889956502602176,0.055636027691817136,0.06094215806754962,0.07427346239814271,0.028676098345518406,0.18008562221922442,0.03335073357741834
2002-10,0.1460795951666674,0.08028522226402669,0.04508757546408527,0.07523962384891454,0.07656826749819504,0.026394160341804036,0.04189957170118099,0.07164454299812997,0.07544428645482198,0.06461735526897071,0.0378116711884362,0.02555015213168743,0.19342738252492706,0.039950593148152705
2002-11,0.10352430243972123,0.026056779725530353,0.04658853127788023,0.1165354476156297,0.06620253277637408,0.012360370861019454,0.053046893249812134,0.0806908928293333,0.053240935531516445,0.0712776964107566,0.08879053970481991,0.046520324193789125,0.1670156346039071,0.06814911877991045
2002-12,0.10440955593771158,0.025032128691780994,0.04852966492395129,0.11406206147387657,0.06458995876080699,0.013351573470597717,0.06175932350398381,0.08486307907870085,0.05223934674689562,0.07355767765240677,0.09755298058804153,0.048052398540737055,0.14912506059581468,0.0628751900346945
2003-01,0.10222520676203099,0.025485227179484732,0.048106616371157894,0.1202527171257705,0.0654794690548436,0.012864265831446882,0.05951427330112045,0.08971896336748043,0.04903076446734816,0.06984170907107072,0.09495589962291387,0.04733978661285251,0.1495655410826166,0.06561956014986242
2003-02,0.10211542240220216,0.025410775609214308,0.04731676593001001,0.11418441764993,0.06340104445711472,0.012685255130432239,0.05887932073248963,0.09633313079118433,0.046165561049589396,0.06986901131587071,0.09663547851726013,0.0459252467225761,0.1491048808493865,0.0719736888427396
2003-03,0.09680535710431996,0.023392642338792242,0.04513804356445506,0.12513200432185415,0.0621424721147397,0.012350646198529287,0.04732500130793923,0.08480637195410716,0.045223631172681945,0.06895221975591402,0.0903580310732081,0.0424153065639118,0.17626469777749812,0.07969357475204926
2003-04,0.08927694478987139,0.021398191304330082,0.04384104591011108,0.1297101725308927,0.0627852931622916,0.013076027708457939,0.044650965779700263,0.08684049405972756,0.047005826096645456,0.07087711992632073,0.08867079580375589,0.04537088153594524,0.18274714891093505,0.07374909248101497
2003-05,0.0874699477944754,0.023751838472897267,0.04475434857230613,0.12310606554187423,0.06725707351368049,0.013150293637354163,0.046561128785993035,0.09160612960724379,0.050471067196956036,0.0724083620915787,0.09419726246293844,0.049631775638532806,0.16853542232979352,0.06709928435437595
2003-06,0.08865498654723625,0.023329365746207125,0.04428778135151008,0.12196660648681215,0.0647357656114843,0.013034733539703792,0.048477619962259286,0.09575617153124741,0.04929261998484805,0.07150365569357969,0.09550231932126053,0.04956975571841215,0.16822539906734063,0.06566321943809864
2003-07,0.09065419205752603,0.0241674193658475,0.045520512125324916,0.1218186140501681,0.06148742426617696,0.013195468275412991,0.05031963925586725,0.0999957187358802,0.04899805222150931,0.07229881699726831,0.09462013665007146,0.05028491181480509,0.16607093504058007,0.06056815914356194
2003-08,0.15043776322857783,0.06936119059721248,0.04322403640196728,0.08113336263044092,0.07776545130364293,0.02718687605822832,0.04922409556746538,0.057234329806957016,0.07336044955500984,0.0726739892001701,0.038625386222397175,0.02431764289868628,0.19552143704570152,0.03993398948354279
2003-09,0.11578734216513445,0.03968173177995999,0.04774508392053267,0.06293485240639289,0.07045025047016869,0.030428031698883758,0.10558001575471584,0.07935749679344753,0.057686954769276245,0.06035782958866098,0.07206062734297719,0.027186991284739597,0.1973595902784962,0.03338320174661405
2003-10,0.11723985060721712,0.03992640488254702,0.047535148158229075,0.0619729825205955,0.07026833230056798,0.031139585807017346,0.10442540416770574,0.08067792656144293,0.05751825200483652,0.06034132079768599,0.07203683943791586,0.027307848849070764,0.19663643219363725,0.032973671711531
2003-11,0.11913219429786237,0.04003814854486184,0.04812001232183666,0.062295703032137766,0.07055109649709447,0.031519464059773836,0.10140928028898748,0.0817684432690412,0.058500968051476046,0.05814996405185885,0.0737043349441308,0.027197860111050805,0.19456491712885424,0.03304761340103346
2003-12,0.12241761077525355,0.04031673000895206,0.05005741043677925,0.060198941286044444,0.0707788092502976,0.03164415273462914,0.1003891192986386,0.08020814249592279,0.05869838585178336,0.05783408821627708,0.0740060058806224,0.027280087121362158,0.1928465228391483,0.03332399380428921
2004-01,0.12340105786664018,0.041625140829922,0.050919437833173584,0.06208519358262402,0.07188314973956579,0.030903569584197547,0.1013768210725935,0.08116346324455773,0.05589170277963722,0.05799707321201846,0.07373661420606632,0.027331582701445433,0.18871728243955332,0.03296791090800505
2004-02,0.1208245344385689,0.04253132049024362,0.05124617350358271,0.06306047375423722,0.07073882446921644,0.03157581064049523,0.10430048677164853,0.08150018487232731,0.05485280104104845,0.05828125579837764,0.0741897566063745,0.027542533238486266,0.18650289291143088,0.03285295146396254
2004-03,0.12200940159850227,0.04090768601235007,0.050146448776861044,0.0635297200534868,0.07164913774864755,0.03065224321086453,0.09973314120989862,0.08200421026896172,0.05637992225426004,0.05904998133570302,0.07509933323040281,0.027422650335769044,0.1886762622345978,0.03273986172969473
2004-04,0.1221986333082608,0.03948389814298441,0.0487483184585352,0.06464650134496415,0.07092193851349649,0.029189528904590544,0.09605296199607488,0.08374925060660156,0.05687488853006208,0.056184221929498825,0.07478869346757107,0.026743298537978206,0.1979820965700369,0.032435769689345056
2004-05,0.1258182368688375,0.041476142035711004,0.05085161314657707,0.06765479663203854,0.07417476874627553,0.029991859975902712,0.09740200775218477,0.08265406630096503,0.05754611823559118,0.05811168727074185,0.07371411979172664,0.02767343717946424,0.18000289553468551,0.03292825052929833
2004-06,0.12689060353204232,0.04147201180682295,0.05097133408665399,0.07145595663757345,0.07657055793436024,0.030118616466944314,0.09506803724512629,0.08214818795493518,0.05717585952832138,0.060562146963565024,0.07332657046860369,0.028126686113283426,0.17345067735727737,0.03266275390449038
2004-07,0.041969120138213134,0.014691172231982843,0.04072676369004333,0.16239499815168792,0.031504091351492,0.04889591415364567,0.09784823713358531,0.08134318712167246,0.017890541011952896,0.057412337583201814,0.03933273998767908,0.017205722471467514,0.1460449093048858,0.20274026566849027
2004-08,0.040282824386762846,0.014459856896874358,0.04034863035480739,0.16768598425285688,0.031141506067476423,0.044952513414246394,0.09260229495372882,0.08381700537710528,0.01711212154945613,0.052431618693329025,0.038052346513797554,0.01735378455527885,0.15592615702514312,0.203833355959137
2004-09,0.03812516027812221,0.014141613959946519,0.03918176488793077,0.15976075220198144,0.031209886617224944,0.04220138589899609,0.09389508524940997,0.08830455973284666,0.01680376838161749,0.050350218859567336,0.0382743564602818,0.016951083859867145,0.16614271584701765,0.20465764776519
2004-10,0.037063879785299444,0.014262892605774081,0.03956055917169742,0.1649995127756894,0.03137336327079171,0.04181495739979712,0.09323796057439515,0.08918414883838682,0.016994818573429996,0.05059138562024032,0.03852206758510427,0.017358827719878893,0.16644253237048365,0.19859309370903186
2004-11,0.036357497119528744,0.014090480427875331,0.03870216142049592,0.16671122620336945,0.030781655909169744,0.042595551960783434,0.09359603260955919,0.09154697809405477,0.017386553611076112,0.04631109332015132,0.03732354686190622,0.017778907915269048,0.165842033856735,0.20097628069002582
2004-12,0.09248190058805546,0.026959710589185188,0.05175145282844536,0.1222114066190804,0.0646122790886595,0.01458202499417093,0.050721128854343434,0.0974182621731556,0.054268777083490316,0.07232769694958671,0.10351585146642284,0.05342177867631157,0.13389602840279438,0.06183170168629842
2005-01,0.09433767979914515,0.02753831595747395,0.05266734336747092,0.1186169086508486,0.06724682146796593,0.014939243661764644,0.05215580160329261,0.09643752020225674,0.05269205200031166,0.07373373300428379,0.10476758780244409,0.05513566898120477,0.12946185081571623,0.06026947268582086
2005-02,0.09582404033858921,0.02696567865833779,0.05064772805058906,0.1191189984208252,0.06710766781947533,0.01460052628725955,0.05186519377284989,0.09756864229700257,0.05320544994372263,0.0731013254635948,0.10177477955269099,0.05407376799840465,0.13560418091940177,0.05854202047725634
2005-03,0.09231177721770667,0.02633762552548244,0.05174593387612772,0.1344034180690027,0.0669270285868641,0.014802017640641851,0.04944628497549992,0.1006735077284067,0.05169664577726065,0.06974653258604974,0.09483166618286275,0.05265187947172581,0.1369030449963151,0.05752263736605406
2005-04,0.08902713629887782,0.025150275436674654,0.053084720713343254,0.14719864890318712,0.0682874087455327,0.015174408032758714,0.049434694220250264,0.10088385741023831,0.0518358135306739,0.0693294492866457,0.08870765686972107,0.05260642968645203,0.12877220366200187,0.060507297203642736
2005-05,0.03747258317872985,0.013857485497788872,0.03950030609990036,0.16937303613488477,0.03081039763108918,0.042563300021597014,0.09375851389286777,0.09694728171752943,0.017732803618078233,0.045394957458613036,0.03730918182532158,0.018035255741753232,0.1578643374271461,0.19938055975470054
2005-06,0.0884386476336433,0.022019176721335604,0.05040405624511219,0.13841924952842768,0.06594299440663166,0.015036382982924517,0.04964336467590269,0.10542133767608629,0.05063023200970066,0.07443435288443118,0.08503436634887943,0.05158463474590393,0.14155915845289946,0.06143204568812159
2005-07,0.08498435095766942,0.022693981035057396,0.05001336032155853,0.14810554222291153,0.06236537402165012,0.015038746115955275,0.04900625778637818,0.1086126569903534,0.05137355471882137,0.0713210839123237,0.08436428206712861,0.0507443907871046,0.14113416435630313,0.0602422547067849
2005-08,0.1455958597013931,0.07640992485538187,0.049274798031068184,0.09561227245939073,0.08317266436300706,0.027198093224948046,0.0453999109412766,0.06173404612377095,0.07913635903188447,0.06571997146135257,0.03840214503256105,0.025855900939955538,0.16465268932253918,0.04183536451147077
2005-09,0.14816889294038255,0.07491983869502382,0.05089362946047454,0.10236255429299317,0.08222060808278019,0.027117645081000556,0.04573750338290491,0.06102539041924768,0.07670158981755425,0.06612526398630943,0.037148116217444384,0.025252542028340607,0.15918877045723662,0.0431376551383073
2005-10,0.037959296014753334,0.013659474839146655,0.03917247317987297,0.16323219487233628,0.029724887918249582,0.04377043190074719,0.09203757898512024,0.10105295393453487,0.01772831725780947,0.046665056102899616,0.0382190838333754,0.01777495963007082,0.16302440647221322,0.19597888505887034
2005-11,0.08200472096462234,0.023441610716300677,0.05077607871604044,0.1541680083362872,0.060702479238903415,0.015641152198547153,0.04855230414848435,0.11269471525880512,0.05241576858554225,0.07051566966744133,0.08470030243813084,0.05069874582201421,0.13396431988662927,0.05972412402225139
2005-12,0.08136728685162958,0.023391211845857376,0.052553259079729804,0.15047023909389068,0.06297818965858713,0.01624348290531224,0.0494984908375896,0.1073830513693801,0.05488999458656779,0.07026998462334304,0.09026487575891409,0.05267842485678652,0.12896759889647214,0.05904390963593987
2006-01,0.03896383923335225,0.012703313361198457,0.03975483962623558,0.1493776982175742,0.030215986768628925,0.045114724210978244,0.0896814022102082,0.0934378557888144,0.018161878814052065,0.045643927982127325,0.040452735362215726,0.018261448681675733,0.1593972305272243,0.21883311921571444
2006-02,0.038119552253659594,0.013085092267573987,0.04010742592081059,0.1500897244116263,0.030116252710825055,0.044529567443271634,0.0874506197282416,0.09327550998540204,0.017933388065604888,0.045733347685452994,0.03965029280837535,0.018357414207032314,0.15719717809483455,0.22435463441728914
2006-03,0.03779020623349589,0.013168398928767384,0.04202397288362612,0.14585327405347118,0.03064923687088127,0.044002765991113316,0.092211735451031,0.09131404741075645,0.01807901846168437,0.045724375791137986,0.03987314040159172,0.018266575529560514,0.15221648399532087,0.22882676799756207
2006-04,0.038900354552493445,0.013079721821984277,0.043518578163088226,0.14470966069862604,0.03072718741812879,0.044555472905343646,0.09548552620226868,0.08923865905223206,0.018418062287598465,0.04595298756725633,0.04052882334119755,0.01855524703691735,0.1469486527876258,0.2293810661652394
2006-05,0.03795434261500391,0.013566064486533594,0.04535747625814724,0.14838615728669613,0.030560408496428042,0.04437897092381685,0.09298656599199696,0.08547283706362928,0.018498214896478314,0.04333799561152061,0.04002877407759935,0.019273602441811817,0.1387956839453158,0.2414029059050222
2006-06,0.126573777025978,0.04079521200758111,0.053647555968771805,0.07440475612043897,0.07801839167211826,0.029608074785720702,0.0933243748823624,0.08584811789507493,0.05767995645057666,0.057929173865379636,0.07447608156229533,0.02852772106907182,0.16649216984372142,0.032674636850909
2006-07,0.03858691535805302,0.013765220048842392,0.04471994098438752,0.1413551336560843,0.030295532177592188,0.04150346194660315,0.09331055009319326,0.08681833035546446,0.018181818603169815,0.04207131209093114,0.03937997694840059,0.019009096702028883,0.13550056404110875,0.2555021469941405
2006-08,0.039458212717488846,0.01414052957530138,0.04279880231892854,0.14358118967289812,0.030551473347149836,0.039514725313135046,0.09064229661365483,0.0895216329485049,0.01797569423653915,0.04204869965996899,0.03889825487389721,0.018797626491831827,0.1352611773316539,0.25680968489904754
2006-09,0.0400179826995065,0.01433235582849936,0.04146576883225251,0.14392154858395578,0.030872577239261748,0.039838608572396385,0.0925062905432771,0.0916675114301584,0.017787733495090073,0.04283297197729533,0.03888174431610899,0.018306130004954103,0.13803779503151947,0.24953098144572428
2006-10,0.07992956767310795,0.023343446743032462,0.05465840535092956,0.15038614043283988,0.06359936738493902,0.016003598660736827,0.04978114141242413,0.10957574141440105,0.053891291246675084,0.06927985135961683,0.08941470168873594,0.052391076101073755,0.12599950967838794,0.061746160853099266
2006-11,0.1532280301231883,0.0699014287159341,0.05166222129043532,0.11620711451947541,0.0784486105730143,0.026029773838931316,0.04310575149206382,0.0661312217518056,0.07144666682751302,0.06446950321753701,0.03657567073265612,0.024130271334720774,0.1536675058445233,0.044996229738201735
2006-12,0.15371872919942092,0.07062608120011583,0.05184696825264901,0.12476201041647915,0.08012746985832586,0.025577089323577894,0.04218611421007534,0.06696082424924267,0.06747078660221939,0.06032137161913732,0.03500675894998901,0.023831631189194145,0.15062651638824473,0.04693764854132861
2007-01,0.15626336942535066,0.06558352268059142,0.052574622133593714,0.1306638406699645,0.07843517986744294,0.02492521658724243,0.04428139410527007,0.06993603550860589,0.06596504424806766,0.05853404812029675,0.03557124505012409,0.02448032249155021,0.14695113555651065,0.0458350235553891
2007-02,0.16461595710290436,0.06919472347646512,0.05335683669094111,0.11264503880083651,0.08203307642591755,0.025441586143316933,0.04684792372813995,0.06735326362314081,0.06983021160782873,0.06253793246390357,0.03657312007817624,0.025345007500795765,0.1383827189870189,0.045842603370614306
2007-03,0.15945035904779514,0.07057663728222416,0.0565176351015934,0.1153060938253988,0.08379076489525002,0.02443738307264312,0.045445594867400435,0.07226421212062878,0.0702123225598002,0.06019592759982267,0.03552912036234356,0.02483321093725061,0.1336562805793324,0.047784457748516626
2007-04,0.12467578866338305,0.040969038273249714,0.05020288074627819,0.07049061907627314,0.0750555267293303,0.029146902340795994,0.09688964741433329,0.09180580323292375,0.05702085435307699,0.05809592584909682,0.07215261994984831,0.028714939378620234,0.1738928685321477,0.03088658546064237
2007-05,0.15853671594113022,0.06533546628266536,0.056736429937635266,0.11649476205303447,0.08249781739495414,0.023918260161957878,0.044901960506414686,0.07953346610452806,0.06783324945261536,0.0558757044176319,0.032930294635856804,0.02370658299895368,0.1443787846292492,0.04732050548337285
2007-06,0.12548630411467646,0.04118713056107234,0.05085491299101059,0.07263293516199902,0.0745705263273781,0.029372169157221874,0.09728269592387509,0.09375585769141746,0.05706459760565215,0.05895647809659241,0.07170532081722912,0.02881010681011089,0.1675039766911067,0.0308169880506579
2007-07,0.12693212537701284,0.042211821829756725,0.0527556298899249,0.07677622458641956,0.07596130643028638,0.030193420273992407,0.09940573995800886,0.08820764741176307,0.058110061852547766,0.05817228488568677,0.071519895024625,0.02961627168381468,0.1591195901980721,0.03101798059808902
2007-08,0.04030587546437482,0.014200572886453329,0.04324769471899203,0.13699454694675736,0.03148315745913663,0.042549848272876375,0.10190929019061172,0.09221463416356862,0.018049390446300616,0.043465428409719724,0.039621090099488415,0.018241436116438657,0.13750848705411528,0.24020854777116643
2007-09,0.03980097338294838,0.013180758838844179,0.04121538288637993,0.12588862406928938,0.03197505574678448,0.04238928419650653,0.09354444344041585,0.08993788754976921,0.017348402526465193,0.043072163353801714,0.03769102879153442,0.017895916392514855,0.15687972898011812,0.24918034984462772
2007-10,0.07750449276256839,0.023938423915248565,0.05777786629434936,0.15310873198397926,0.06524813904782012,0.016360811471943838,0.051368436830334194,0.1109760000201269,0.05374290794580606,0.06806735600162776,0.08747068225482325,0.05426983539068071,0.12127017675372269,0.058896139326969084
2007-11,0.07763085989946776,0.0239044453523992,0.05878163530210768,0.155057468012453,0.06741705986019329,0.01678706205169666,0.05043532535701708,0.1118726531956576,0.05248554262496944,0.06771188915299237,0.08541026528135279,0.05513915636751742,0.11750670157443177,0.05985993596774414
2007-12,0.0796701003979242,0.021154791827688483,0.055228287308064936,0.15145357308057678,0.06854183573833587,0.016348564837716153,0.043532233856066464,0.12073003158517703,0.05015125564948555,0.0672876759759444,0.07348810144056246,0.052599588545186426,0.13346619094480028,0.066347768812471
2008-01,0.08070589453315902,0.0208830253894447,0.05531752373106658,0.15540514006368808,0.070735045414858,0.016591605816583786,0.0432186050581892,0.12145959999974787,0.04916797327787505,0.0660116412004892,0.07019363775128226,0.05038985892461663,0.13474096888912346,0.06517947994987623
2008-02,0.07944623057076643,0.018780310522859264,0.049602702227840724,0.15141449851899075,0.06673978057773552,0.01526183834220179,0.03905374716651606,0.11675729569377943,0.04650809511973344,0.06621761080916537,0.06561592137911686,0.04708664385370924,0.15911169106522166,0.07840363415236352
2008-03,0.0770260119650611,0.01917559933327376,0.05129261529039623,0.1537776101946479,0.06810911302811902,0.0145153106969507,0.038130624464933184,0.10983786232352559,0.04869663912237656,0.06294294269188326,0.06464446464390536,0.048799972481409264,0.1611552247338855,0.08189600902963262
2008-04,0.07681168545581564,0.01790065847896534,0.049856637253066285,0.1586777748330362,0.06859826696743189,0.014514401452823624,0.036066239301193466,0.10454113545983916,0.047393771690917935,0.060257604608142716,0.056288560240127815,0.047329011496188414,0.17428495577428443,0.08747929698816714
2008-05,0.07559306375903926,0.01832870039557423,0.05191940364859048,0.1655283409283194,0.07150737450916968,0.015259729834782213,0.03734155656950215,0.10832138752912332,0.04853949224733954,0.05931494454358095,0.05642080700790718,0.04696295507143722,0.16496509667451414,0.07999714728112012
2008-06,0.07423352540878023,0.018712419247175375,0.05408018769491858,0.17646823870857317,0.06946852478124822,0.015832328866303508,0.04005736133319597,0.11210269684071865,0.04907333313078655,0.05762378956923435,0.055402713573671596,0.046148175730876255,0.15430652554432345,0.07649017957019422
2008-07,0.07332076814449325,0.017839803779879256,0.052034456617339485,0.1820083972921825,0.07097123784424303,0.01671713742238613,0.03836669611961919,0.11640525746920517,0.04908413621963438,0.05837035949556166,0.04718931257744127,0.044205403316854595,0.15391759611018438,0.07956943759097575
2008-08,0.07436776974667018,0.0157162706485003,0.04764288255106887,0.16047216012847196,0.0708464763746006,0.016638795278326728,0.03577401579244434,0.11315114249909847,0.04861034687158548,0.06742130457248581,0.04344020548859229,0.042406123339215555,0.1716973044370717,0.09181520227186771
2008-09,0.08126453027063173,0.015599592998924081,0.04901072122719177,0.14442438971790497,0.07588216734933863,0.016743147594885634,0.035841953171717095,0.10695466694189039,0.052815570478514,0.07350686152318217,0.04706033308248669,0.0441141036719134,0.17522029122654542,0.0815616707448739
2008-10,0.08377535032867264,0.01562801944270765,0.04421719270204147,0.13269525807048305,0.07510793144041521,0.015435356974172688,0.03435786189159468,0.09903068953870922,0.05586856418485244,0.07170608662112879,0.048945676794223014,0.04338158115268325,0.1955511758012006,0.08429925505711534
2008-11,0.08280786415391424,0.012464984908708683,0.03378392780895415,0.10108437149723662,0.06248213363927871,0.01628806526745616,0.029219832068552127,0.0860572316697524,0.053944814845057004,0.07583754702663222,0.04687256734578802,0.03983553269256989,0.2433392830338659,0.11598184404223393
2008-12,0.07552092663886223,0.011240834785858614,0.030248881461873607,0.10198443858309807,0.05813068144745468,0.016110584637456616,0.029667944958250654,0.08861955766691809,0.04967413622700616,0.07222818023675281,0.038031961199243604,0.03527720012514277,0.282154888471849,0.11110978356023299
2009-01,0.156098081652405,0.056499147218166,0.0542832256762764,0.12123883873989288,0.08026136544501071,0.024163326009510832,0.041543288922389766,0.0748208033183778,0.06472821211475546,0.056524432651706674,0.027916359093193552,0.022213380687408118,0.16956802455485448,0.05014151391605242
2009-02,0.15393982393647743,0.05488895866785862,0.05679590738316718,0.12356006482487394,0.07601084836875382,0.02551195837898958,0.04054402356725445,0.08060967233311732,0.06331870358855607,0.06066859159229346,0.02252009800988705,0.021013112778016464,0.1632247142460164,0.05739352232473827
2009-03,0.15147349442269853,0.04742244916379249,0.04841567548145041,0.12210684862554526,0.06653859781589115,0.02893714613756106,0.03615147206109133,0.0802817160658731,0.06746953839683095,0.0700641833040184,0.018306177854796497,0.018062903795793176,0.16180666200500857,0.0829631348696492
2009-04,0.15501593868345687,0.04467047717335043,0.04178617417240442,0.11196804219419669,0.06461525292468753,0.03149493844407077,0.039959445018898275,0.05888885969772213,0.07672368324966433,0.06153570847112616,0.01742571516708287,0.017423634893838084,0.19001276236130787,0.08847936754819367
2009-05,0.1650416179176056,0.05304231402281136,0.04854974613908463,0.11184374282189152,0.07120125530723805,0.03363513631014826,0.043046338342228124,0.05862321176833705,0.08446163604921035,0.05845612070330491,0.021025715023811696,0.019628126071975765,0.16001191867104142,0.07143312085131154
2009-06,0.16962075111917516,0.05707421812174714,0.053676878475302996,0.11646314937412881,0.0760946681333779,0.033464811466289573,0.04387449478193269,0.06000164861268594,0.08014783646782216,0.059013849774774314,0.023926780971733046,0.020923446243223648,0.13357192661640555,0.07214553984140099
2009-07,0.17190664508837802,0.0586698424767476,0.0557568094379464,0.11560394474367,0.07539353367725976,0.03648176223046699,0.04344543100652819,0.06611786163144295,0.07821678001592618,0.061862152632193836,0.02435638224605735,0.021457212531902855,0.11544541967710323,0.07528622260437666
2009-08,0.17771676677759587,0.06094379315732877,0.05308101334256398,0.10113386195870123,0.07810325728088834,0.03743465306108483,0.0433487655311427,0.06869956602643404,0.07668385844114153,0.06559022460680863,0.02405602165320642,0.021103774661553498,0.12012194873959486,0.07198249476195519
2009-09,0.17372684737766447,0.06566786231917524,0.05697513787223604,0.10111334033980447,0.0796317796353728,0.037246772935027164,0.0441537625859811,0.06833609411320389,0.07786814535403053,0.06572103817598868,0.027041814516385484,0.023375768424441706,0.11136538564706976,0.06777625070361872
2009-10,0.17550208937873044,0.06350756072095899,0.05882312107839772,0.1018854570349184,0.081293548879761,0.03709747397552296,0.04530890086489811,0.06566854213437959,0.07736821013638834,0.06467096998905239,0.026568679009600617,0.023632010874480074,0.11031421378680258,0.0683592221361087
2009-11,0.13318694259939415,0.03896739510856542,0.05102826595073283,0.07612960554374086,0.07823732519198101,0.030770066779485246,0.09492092155845279,0.0858361076622325,0.05742314326753006,0.05896635752893349,0.062222103558340985,0.02834517415362075,0.17269667886267517,0.03126991223431465
2009-12,0.13541497201811384,0.03987013445541986,0.051120740982694285,0.07559469860461904,0.08111561342012391,0.030505194920040557,0.09635235751775362,0.08437306872304018,0.05770635609026762,0.05929337837217449,0.06065165246505521,0.027814639105489893,0.16879351864028924,0.03139367468491832
2010-01,0.03957175282244449,0.012707559177883614,0.038559435940560625,0.1188686074074485,0.03224649384701029,0.04223862096046158,0.08371792345589786,0.08435110796719969,0.01735849791329577,0.04332507854234824,0.033169741306287956,0.0174486265739295,0.16652273358075265,0.2699138205044793
2010-02,0.039413606247046915,0.01333345138653278,0.039732045794229696,0.12373702421638098,0.031996679922059075,0.04257484783115982,0.08210302754798822,0.08390986458061166,0.016956288366870097,0.044240820301760214,0.03429801114551848,0.017475136075242065,0.16108480629484234,0.2691443902897578
2010-03,0.03982564116178396,0.013135809652860712,0.03895960661718798,0.12058829208946596,0.032589149322552045,0.04179775095606396,0.08033611618170705,0.07890611278008333,0.01704828266933573,0.044262615216332395,0.03357006964833904,0.017457172589370195,0.16853883282029183,0.27298454829462576
2010-04,0.04004107275438363,0.01350522897240948,0.040552935763960365,0.12357454237666263,0.032359941948417965,0.04216040974347964,0.0838503328148945,0.07863606248076586,0.016760622456199276,0.04379579347488736,0.034563272109915236,0.017565416130905002,0.16045644153862051,0.27217792743449853
2010-05,0.039552456169953884,0.013961068761432294,0.04196305281867066,0.12670017107387,0.032116714060923306,0.0425021001774949,0.08663490109427892,0.07879152494922087,0.017025916028304496,0.0422275997001497,0.03554502074945503,0.017923344672773175,0.15278172864306772,0.2722744011004052
2010-06,0.03739786867108514,0.013267293617798026,0.03886604390925471,0.1107029685489039,0.03029431295629708,0.03996718988263137,0.08102764920859322,0.07424519897786809,0.01654192024730565,0.038805319007677565,0.03215363001700794,0.017012818058468653,0.17736317962124684,0.292354607275862
2010-07,0.03684225220439152,0.012984964237336898,0.036393680603345406,0.10352053097354656,0.029603322530877916,0.03893149023402545,0.08020457399952934,0.07363951443555149,0.01615053030292758,0.03741442777835605,0.030200136781132272,0.01670274574323698,0.19133354190024257,0.29607828827550003
2010-08,0.03801162632280892,0.012932653412510646,0.03669462891178859,0.10102997095373994,0.030380357433298442,0.03884753683918478,0.08099378836720267,0.0777675746028746,0.01548336166437177,0.03717765042017783,0.029770282195350817,0.01649996167754454,0.20129070741764066,0.28311989978150587
2010-09,0.038312629092486464,0.01305526793778262,0.03633350408369274,0.10029145047735831,0.030366195585092425,0.03750940983348067,0.08199346368007872,0.07830669214370573,0.01527068456476957,0.03708795385702852,0.028502530353414896,0.01648405932582086,0.20866883729830585,0.27781732176698265
2010-10,0.17671814373393022,0.06407415029733794,0.05825430129561112,0.10223436863326478,0.0824278230312148,0.03662956041874258,0.04509510553571387,0.06466677922928166,0.07610258365063068,0.06164702030259881,0.025257488407810256,0.023270269588755683,0.11035098580258919,0.07327142007251831
2010-11,0.1716899365531502,0.06592280764507731,0.059172640625919766,0.10422910083699118,0.08328303375553714,0.03712646082829804,0.04556435952766573,0.0639669440582678,0.07565767897372949,0.06161173329265865,0.024467320280513162,0.02373517377691376,0.10841398689789537,0.07515882294738238
2010-12,0.13466583086032935,0.04138302749726221,0.05215320117038815,0.07240032787240502,0.08090259651273873,0.030785399301405798,0.10030775504770258,0.08755624504072126,0.05753409964025602,0.05944072743424638,0.058631051061728945,0.02816902412952583,0.1643093253248408,0.03176138910644897
2011-01,0.13499610018929548,0.04339073709805208,0.054373912424100904,0.07558545126184696,0.08175135622962351,0.031385780739407884,0.10084947301755615,0.08672647113284088,0.05882670351909889,0.059584060517835685,0.06049963718838419,0.029319101657371043,0.15010855941369008,0.03260265561089631
2011-02,0.13026974803605348,0.04414491668770128,0.05528675775334082,0.07813663744314608,0.08205924561692927,0.03201004384913818,0.10159043727808606,0.08759044747461682,0.05801190763555285,0.059558068712342566,0.06220853910259616,0.029890617661393327,0.1470695779478722,0.03217305480123106
2011-03,0.12913677793887457,0.04204924270061305,0.05688695413942061,0.08161002517080901,0.08245077609910235,0.032434471151736394,0.10333772879020887,0.08752656720497846,0.05797992738317555,0.05877943545930651,0.06254684370592688,0.030465523909246693,0.1422729695451366,0.03252275680146427
2011-04,0.03869150202608401,0.01311647921179205,0.03731050429854194,0.10302978417612646,0.030758788490035115,0.03780037811880292,0.08451576993866354,0.07824027969796514,0.015578881317427025,0.037169087944270915,0.028272105486548432,0.016908021724119763,0.19889407199069575,0.279714345578927
2011-05,0.03975307934181925,0.013202372395833327,0.037337310052242736,0.1029182484643322,0.03138907983025029,0.037206539402518626,0.08598574487106563,0.07858222658498716,0.015800369473866677,0.03815874591848335,0.027659211917558334,0.01675271208929351,0.19336833015671567,0.28188602950103325
2011-06,0.0403420730969562,0.012879729686742343,0.036107608518140516,0.09495795908266226,0.03131709983207171,0.036622024377819674,0.08677335112351552,0.08148211532899223,0.015944292050187405,0.03928669679390662,0.026535116790823397,0.016155118688338427,0.20059834928280842,0.28099846534703526
2011-07,0.07375998137094404,0.011240782089034184,0.029439040878655936,0.09683719801098384,0.052713904816892906,0.014894065034329938,0.02963132220694987,0.08382837489484876,0.04999070291109661,0.06893585428107457,0.03417182020539454,0.03352197877190522,0.3065914070055188,0.11444356752237085
2011-08,0.07470982913003231,0.011279359031300748,0.029923163415498145,0.10026433871887507,0.05336338319973175,0.015171786822817173,0.029666126747021425,0.08462563924168705,0.05101748893546573,0.06808880572730722,0.033772529788533734,0.03396709772030203,0.29996698401240485,0.11418346750902275
2011-09,0.06908274347721079,0.01055621915892187,0.025678068826914285,0.08006936644779292,0.04726743987423604,0.015254627696930598,0.02739840716751866,0.07843534065989663,0.04643983864562715,0.05833086728916311,0.02954190062234056,0.030133616956701994,0.35000000000000003,0.13181156317674542
2011-10,0.06936730506413427,0.01051612363067054,0.025555004560129796,0.07543440643067854,0.04710899992091874,0.01596869149157734,0.027933732223756166,0.08088034462544362,0.0478438547971287,0.05967438744502105,0.02860691335111491,0.029676397521326395,0.35,0.13143383893809985
2011-11,0.07028908555539413,0.010599180459309063,0.02553257098736355,0.07754011473480599,0.04719469849874037,0.0158041235763627,0.027802975318210736,0.08374522125989826,0.04918925348904976,0.06014263568393657,0.028459124902078706,0.029741943456937044,0.3499999999999999,0.12395907207791317
2011-12,0.06909066830217855,0.010506840220419169,0.02644442172067113,0.07899575550284528,0.046634186270511156,0.015899980700110776,0.02754720231160003,0.08375746834189136,0.04929880350460499,0.05925391836356921,0.028239539893479965,0.029829517186949924,0.35000000000000003,0.12450169768116849
2012-01,0.04013876320418165,0.0122102378398068,0.03406428428039316,0.0887352516317934,0.030447029537754532,0.03508931741838344,0.08035060208997842,0.08096293986071416,0.016019666515219366,0.03843162048155066,0.02485922590708645,0.015791409691148343,0.22001628312957558,0.2828833684124141
2012-02,0.03945908270905255,0.012583925258773375,0.034980085887117374,0.09101634544285828,0.030691189119642283,0.035054516505667536,0.08333880056204762,0.07903521036725543,0.015454026272873081,0.038925292646757106,0.025437989687116327,0.015809950217799257,0.2148923059997558,0.283321279323284
2012-03,0.13394874567785206,0.039537901375996824,0.05540580268136818,0.08132969723009341,0.08026475426234249,0.03107832330902687,0.10304483802331231,0.08836039075322778,0.05733433899199581,0.0591417608943229,0.059166704028376586,0.02916241845478217,0.1490312492880483,0.03319307502925419
2012-04,0.13319022153909982,0.03965976292760878,0.05447480149910453,0.08034181928742998,0.08050799980717113,0.03226826921033821,0.10427776790128439,0.08842447054164385,0.05879913641118864,0.05925877312720801,0.06120783863271689,0.02942743698448903,0.14490450192728904,0.033257200203427484
2012-05,0.13473460088122605,0.03819293570430176,0.05339652157779839,0.07584272797698022,0.08118996605204323,0.032386490872611244,0.10338218577559397,0.08831489124005762,0.059422364878256306,0.05983327215848592,0.06155764011224588,0.029289073285922545,0.14930612252970438,0.03315120695477236
2012-06,0.13482298564203532,0.03543222424269729,0.05092002357171723,0.07217316775692394,0.07804481031017958,0.03127352869679768,0.10691910168329119,0.09082779394712506,0.05943719685116816,0.060582866254016175,0.057434905839183245,0.02899844667044502,0.16057405330652055,0.032558895227899516
2012-07,0.13423834614432056,0.03368525897017699,0.04850379275458032,0.06974002662821134,0.07544692022235593,0.030693197417309994,0.11039056180588795,0.09285501809178628,0.0593372385142191,0.06114951547482844,0.055927524288509736,0.02878072358563051,0.1665143597747474,0.03273751632743544
2012-08,0.17162993651559966,0.06511013577881224,0.05815213981335708,0.10481113990741384,0.08223381230844977,0.03782196427786346,0.04773237197331933,0.06475046879134193,0.07805250637862021,0.05978702211921813,0.024354436021673004,0.024059650064175157,0.10411143501136899,0.0773929810387873
2012-09,0.1668364582542837,0.06568150942019144,0.059872237604891326,0.10789787868747805,0.08377017710092535,0.03914679106917395,0.05061744769941415,0.06307434389304263,0.07694541414976311,0.05920977365133511,0.02496671478226446,0.02426189884741574,0.09860900662698978,0.07911034821283133
2012-10,0.1624517980960227,0.06808559294577138,0.059867145763862,0.10922847701654598,0.08425821241630391,0.03910685098170102,0.051471102148221565,0.059706634570310196,0.0780037847015887,0.06085724769197788,0.025703079462809232,0.024610645368061086,0.09340963443382462,0.08323979440299968
2012-11,0.13251361848574914,0.03257239623532489,0.047990714664067215,0.07100008234812662,0.07525954303818999,0.030423228195513182,0.11191393750008914,0.09320223608233881,0.05922034524469449,0.06212513553572911,0.05603421062706646,0.029117360216149604,0.1656365728446581,0.03299061898230325
2012-12,0.13367864539181928,0.03421455462888169,0.04926057019180847,0.06930899538697045,0.0763394202873771,0.02975086646320033,0.10897202903857385,0.08838657795092428,0.059478539331423524,0.061467526322915404,0.05573666458261916,0.02883226896755046,0.17205951873979458,0.03251382271614151
2013-01,0.13250708771810701,0.03498438757346698,0.05021300327050455,0.06963405252980463,0.07708159710328488,0.02997059834571767,0.10898589509085754,0.08818866016613874,0.059200781742543555,0.06162791273956484,0.05653697068419619,0.029418649663490608,0.16936158505846632,0.0322888183138566
2013-02,0.13083437419458757,0.03637369381073297,0.05135436806103998,0.07045938632696223,0.0781422854958696,0.03013396486622753,0.10922628700568836,0.08795417840235675,0.05929916232001835,0.062149983556792375,0.057737838864312455,0.03047343346335682,0.1635048531191912,0.03235619051286378
2013-03,0.12968057536321553,0.03590658630769788,0.05144960806506842,0.0713052953157164,0.07853692726896469,0.030134193505825982,0.10892850951103072,0.08908791339637014,0.0594075531314527,0.06237492515946221,0.058174938602389745,0.031155326057790554,0.16151401958763284,0.03234362872738228
2013-04,0.12884823942593898,0.036055319808373225,0.05133997657016817,0.07072507488408838,0.07778897936276413,0.030186019024997002,0.10935121367757035,0.08994252415908842,0.059687669934860785,0.06279884477769526,0.058245768284810956,0.03154329887652392,0.16116754347848403,0.03231952773463631
2013-05,0.12773470108735277,0.035725736473533914,0.05004697735287586,0.06838864056181715,0.07621672205464877,0.029799817564176063,0.10967370370619163,0.09205978261767656,0.05981715772098045,0.06385865303521422,0.05703881263464722,0.03134980512330715,0.16633016971031467,0.03195932035726363
2013-06,0.12606290596252467,0.037393380130328106,0.051079210117657585,0.06957713104037196,0.07698477676901859,0.030564077890443776,0.10944934213760345,0.08995664324189258,0.060502739369011294,0.06364045822745641,0.058417943030961574,0.03228257982538044,0.16241063188595015,0.03167818037139939
2013-07,0.12566419361920717,0.03937867820338995,0.052430585235011665,0.0706839369264251,0.07721622933697195,0.031510057518651984,0.10788546232941426,0.08707390074926406,0.062040441834740875,0.06500893071090652,0.06122955054272532,0.03302151340159775,0.15533229415811622,0.03152422543357719
2013-08,0.12335531803879388,0.04055748034581485,0.05308211082704447,0.07113141266108064,0.07692839963697864,0.03186827758866155,0.10849309914729977,0.08817371213491085,0.06277067014093857,0.06551247125490112,0.06219267909227135,0.03352741145194198,0.1506192391696859,0.0317877185096765
2013-09,0.12302671084614668,0.04118633518270739,0.0540452042406376,0.07092551619415216,0.07846226488346658,0.032301696963389165,0.1085326897420691,0.08777677688718091,0.06274636677384507,0.06621564998379995,0.06267377389205148,0.03347034452517962,0.1466284409149361,0.0320082289704382
2013-10,0.03988678878966272,0.0131130643568332,0.03661405454875475,0.09245879171665343,0.031015232689091853,0.036185041997249486,0.08954450812759167,0.0783728948715221,0.015406394282767641,0.04011635158360868,0.02672893030474119,0.01576799324853123,0.20363327491423103,0.281156678568761
2013-11,0.12183231291058105,0.04206696452387887,0.055207097788473956,0.07162210704999976,0.07865378532723767,0.03258162539335792,0.10870190911729599,0.08565604897008978,0.06306048588213056,0.06684624751918843,0.0624656500738243,0.03386846144302655,0.14536551579537793,0.03207178820553716
2013-12,0.12138056253687803,0.04160747099910515,0.0557178730936388,0.07209376040395754,0.07915216827826137,0.03296621006911358,0.10764470941891843,0.08508510126873946,0.06396808668630645,0.06702124629302958,0.06278421207366353,0.03447694590106996,0.14388567244457331,0.03221598053274487
2014-01,0.12033677625675178,0.04218709841937841,0.056570716067219445,0.07215418538334145,0.0790206036755334,0.03377867732919038,0.10764338998406024,0.08344040555569993,0.06407150609308654,0.0676366067592563,0.06407661373546036,0.03512195050283288,0.14175774370326572,0.03220372653492309
2014-02,0.11932343786396238,0.04207809656568706,0.057002734247063036,0.0712881646919502,0.0782626512955808,0.0339717718194949,0.10821107694680437,0.0842077205969442,0.06297744599578992,0.0690643932144005,0.06455205366837306,0.035094268110260514,0.14175611534714072,0.032210069636548204
2014-03,0.1180589571546535,0.04186616471361839,0.05673142149370008,0.07020578198818904,0.07811069558402332,0.034048638902411714,0.10847778602623565,0.08705429415322113,0.061974137976000626,0.07068687595419372,0.06341009327839003,0.0345341725303817,0.14267961823773592,0.03216136200724507
2014-04,0.039760341262304516,0.012908075373572062,0.03725307693379112,0.09307540125957582,0.03142195893531701,0.036503319331625456,0.093047933578056,0.08059975369036554,0.015384363180446817,0.040885361707147225,0.026802686153086105,0.016016568467230582,0.2076235875601747,0.268717572567307
2014-05,0.04095855693280173,0.013037949045100486,0.03759833361430575,0.09855654951214313,0.03202572231330943,0.035914654582332166,0.09250404538290209,0.08664979539674839,0.0153376542779049,0.03931023189747138,0.02622722374220846,0.01620290583008134,0.20978116910265798,0.2558952083700327
2014-06,0.041856242741913435,0.013007001528815936,0.0374863855697614,0.0998826327045357,0.03210760703555543,0.03580911974494038,0.0941442816946269,0.08659619622807467,0.015251006991915674,0.039437866999084595,0.025815778553326972,0.016446965776814673,0.2144215002506964,0.24773741417993786
2014-07,0.04248443097142265,0.0131871349570812,0.03808020918534482,0.10263796692110995,0.03199113000010612,0.036502466352944296,0.09525393772612427,0.08957559726832345,0.015239504873116424,0.04025546830028597,0.02634794092903582,0.016488144252337793,0.20978474084896356,0.24217132741380365
2014-08,0.04200728391850586,0.01327586559275093,0.037237068718654585,0.10115430921968192,0.03162305962309825,0.03678942247223494,0.0971840145286367,0.08818267238101506,0.015187623168643818,0.04066535720849366,0.026271481379713666,0.01652275600514476,0.21020768705151824,0.24369139873190762
2014-09,0.041697409412645166,0.012972117061658793,0.036588160655061555,0.09811163873640504,0.03162105237154685,0.037304446559442025,0.09543374609332068,0.08575883230976285,0.015129190964754843,0.04152076046226793,0.025907704711587768,0.01640798898855586,0.21900136270367038,0.24254558896932027
2014-10,0.04325115749437249,0.012660740017086137,0.03743052783443814,0.09663313910988988,0.0324238923776922,0.038379850459527014,0.09908090918195869,0.08899843834657299,0.01536113916831994,0.04387077956478452,0.026943273336370185,0.016532797983043402,0.2154991533127296,0.23293420181321497
2014-11,0.04402412987235672,0.011765621255799448,0.0356322329339374,0.08224615694612766,0.031382113864033695,0.037374117458039216,0.09476095331933629,0.0921854324996033,0.015317574678144477,0.04426965079707746,0.02651416769876586,0.016194219323039497,0.23552317845218382,0.23281045090155503
2014-12,0.11908917440978797,0.04191113272324601,0.056486809167896744,0.06970604991366523,0.07867718996717166,0.03407577114567172,0.10727630594357804,0.0872731592581461,0.062291215440265356,0.0703117379348319,0.06381784105996494,0.034961854171190805,0.1420393808992932,0.032082377965290294
2015-01,0.11941423594113611,0.04189212250874604,0.05616983796327585,0.06411935678599438,0.07907336772982498,0.03422114575169076,0.10688476611904743,0.08744470428549625,0.0637301285381022,0.07145644385881517,0.0645947408445791,0.03482959721738503,0.1440614374433398,0.032108115012567086
2015-02,0.12081318951218403,0.04133269039038172,0.05504376832543912,0.06240557579855252,0.07837255222639508,0.0335324427334455,0.10617816114858973,0.0891148287283848,0.06432944671065802,0.07214581661827796,0.06234251774151182,0.034069402457413585,0.14837714287609033,0.03194246473267593
2015-03,0.11966047475596113,0.042130478602407644,0.055619152254299295,0.06401697015709991,0.07866973309732482,0.03398884615200161,0.10736669862777756,0.08616890311568037,0.06518491340205475,0.07150186605657428,0.06278058434700548,0.03451376894308507,0.14629794477460192,0.032099665714126105
2015-04,0.11781385444828688,0.04253881201711435,0.05579065445011405,0.06165993584855743,0.07817122564070035,0.034526778822906966,0.10857419305338413,0.08263063325184007,0.0664798214927267,0.07382549050527107,0.06415792049250625,0.034927137368739626,0.14692918484856107,0.03197435775929104
2015-05,0.16244148381471932,0.07031339021088799,0.0602409541895058,0.10192260212677524,0.08419832597992312,0.03752997785708065,0.053263072564348826,0.06290925254281564,0.07925603635400291,0.0678257045494867,0.027649349374071482,0.025977382740314043,0.09086138293749423,0.07561108475857395
2015-06,0.1630278218795938,0.07053533872563,0.061028543674090135,0.10032549103829656,0.08371262247181227,0.03862773417347524,0.05426490952131499,0.06212542175229421,0.07892517232900358,0.06916025814371556,0.029087541696138544,0.026562245143836954,0.08560692539265269,0.07700997405814551
2015-07,0.16158555999801633,0.07161333773523201,0.061476235218458505,0.09475429948157528,0.0843209455983823,0.03925760035027938,0.05632291139018891,0.05794960717969467,0.08016209918126298,0.07394118491257815,0.031181196491364964,0.02651890900723663,0.0838857796856035,0.07703033377012632
2015-08,0.1717605392223425,0.0679600096642863,0.059010095554276505,0.08328413049002154,0.08124270903246487,0.03931495367707341,0.05832763914268304,0.05891558034671912,0.08457762674325893,0.0784940128857469,0.03209193079697925,0.026338146005068584,0.08685787738790145,0.07182474905117772
2015-09,0.18652198155203478,0.06787243420714281,0.057986116603331195,0.07264047072447676,0.07481900775422184,0.03909633062225359,0.053296459115602976,0.060896159425131755,0.08770495390361022,0.07643786089989447,0.03172346673601534,0.026116945413534813,0.09315465524258787,0.0717331578001617
2015-10,0.19077780269991187,0.07046435828944753,0.05766492212150809,0.07161713073394826,0.06932042904736771,0.04015239092254729,0.05205301337788384,0.05614993774897286,0.09044308656850292,0.07085387666625288,0.030531926453325562,0.02571096639147143,0.09805678156972891,0.07620337740913094
2015-11,0.1948321389248946,0.06851924263451616,0.05690477279484969,0.0759726657761754,0.07238304741723374,0.04030656774576001,0.052780991221857525,0.05852928015177617,0.0868808544642869,0.0646221812799508,0.029927024570466053,0.02604172217748009,0.09658501395479217,0.07571449688596049
2015-12,0.18376487652660944,0.06855376508115288,0.058364134366756436,0.07897343742531064,0.07606110116047911,0.042825956547233125,0.05547290164839153,0.05389714418002412,0.08735781804047542,0.07010202202246853,0.03230017712852642,0.02747244276536469,0.09503818985277171,0.06981603325443589
2016-01,0.07352187410121633,0.010235486795047358,0.02660218372611164,0.07453025612185427,0.04778771300576309,0.01578287789264988,0.028990215462921843,0.08509244044343998,0.051910785170657885,0.06551667778208325,0.029800785358667176,0.031120163122859274,0.3499999999999999,0.10910854101672812
2016-02,0.07392151165759567,0.010329391922654205,0.026178420160246012,0.0680006147747872,0.045666491447025497,0.016126585142779537,0.03023861739463566,0.09024573178900668,0.05124061597136453,0.061932311838126884,0.028460504916566067,0.030356204772590746,0.35,0.11730299821262138
2016-03,0.0731734658262296,0.01042813438837285,0.026441061818439946,0.06665894432796145,0.0468868392465239,0.016105683128366233,0.030954695926559493,0.09352312248659929,0.04906795748403318,0.05770339961598536,0.02714704355597018,0.030260576885712383,0.35000000000000003,0.12164907530924617
2016-04,0.0459661074741147,0.01146659835000771,0.03680516748938803,0.07776059114740136,0.031467997550916525,0.03836854648957118,0.09905574411029862,0.09561312045022077,0.015471514604127297,0.04583292085310482,0.02695523058501586,0.016195717974377286,0.2347511376847705,0.2242896052366855
2016-05,0.04579726539011547,0.011571577958043224,0.03745046456951226,0.08060065813901103,0.03186601315262301,0.03823413999982222,0.09946139612596755,0.09582229853532209,0.01544921835532094,0.04843785840794909,0.027238051962609856,0.01620712604536726,0.23395974160100916,0.2179041897573269
2016-06,0.04618347630261502,0.011551344756020198,0.037103351275890074,0.082584398328989,0.03184519544857452,0.03713271413963927,0.09755160678502829,0.09758050877227543,0.015537882468055557,0.04769300276569112,0.027745176384140383,0.016077528291710393,0.23282570347623777,0.21858811080513307
2016-07,0.04627321865702364,0.011457526247607772,0.03680710694429694,0.08197726156599575,0.03191645472604461,0.03711077793004046,0.09627899080562947,0.10166779802185646,0.015656751382212498,0.04739815534416156,0.026999542989275285,0.01616410565202123,0.23615543842603984,0.2141368713077945
2016-08,0.046660347869867135,0.011458740877785497,0.03693824512474463,0.07948887431796382,0.03167310766435339,0.03702251330616791,0.09773332941030619,0.10347370195864039,0.015833344407816516,0.04814840680875191,0.02635710044396607,0.016437510415632853,0.23465443307715114,0.21412034431685248
2016-09,0.04581165317596393,0.011470628425778456,0.03817596067423459,0.07983159012829598,0.03226750589299605,0.03883681162397821,0.09684671698154301,0.09952167574316427,0.015625169178406083,0.04882861079533941,0.02738052887290555,0.016234366004790883,0.23225511977000077,0.21691366273260282
2016-10,0.04470354846109232,0.011477758105175675,0.038124366352352924,0.08046537113384443,0.03243068733729464,0.039942616155319535,0.09533946038048924,0.10163256227554611,0.015375835592361341,0.048497134163319945,0.028272412865893923,0.01641441193744042,0.23084089306833172,0.2164829421715378
2016-11,0.045073597702738305,0.011510825483899863,0.038926338583860035,0.08694947632403068,0.033063117849169224,0.04163303562235933,0.0964101401113749,0.0985559167766689,0.015478006114190606,0.047629458706612664,0.02949234926319989,0.01677335103792324,0.22934863207783132,0.20915575434614112
2016-12,0.04466007814281478,0.011703394364294,0.042293162520241304,0.09073164854777845,0.03310596658746642,0.042359225974005904,0.10259774568486457,0.09938717893818101,0.01546714942129714,0.04765436929469481,0.033275099682121514,0.018059489343879114,0.20997783062187939,0.20872766087648167
2017-01,0.04512373785048052,0.012554122674307845,0.045001764026951815,0.10035315029604219,0.03407839600237947,0.043111723699753524,0.11355152218354028,0.10406997916855243,0.015789201579748155,0.04732780044394521,0.036641069967433985,0.018944251493393623,0.19154128748218557,0.19191199313128532
2017-02,0.04534775319335087,0.01271366496225258,0.044791556876897516,0.09526609424335696,0.03422663482867399,0.043554250940961235,0.11593094081382213,0.10427530173209561,0.015470068284874306,0.04758914136622805,0.0362817642033281,0.018799691346789032,0.1914646587003369,0.1942884785070327
2017-03,0.04608365777973715,0.012493636440960923,0.04574471128148094,0.08882151420564152,0.03524649536452118,0.0446290607649252,0.11543294983183729,0.10541408498490527,0.015362775626122038,0.04884341590106956,0.0366274306994244,0.018678612667795216,0.1887269906965371,0.19789466375504222
2017-04,0.04761511936232965,0.012401080531709928,0.04620066072367378,0.08400298065966802,0.036189695916053456,0.04554629012205903,0.11573167732948623,0.1098156187567686,0.01538560529252274,0.05102237476238827,0.03667582252074922,0.018729388239585566,0.18518183637343422,0.19550184940957138
2017-05,0.04716169067903217,0.012140869434260322,0.04554609031168982,0.08169594804111069,0.0356912692501293,0.04515487821197184,0.11421971837090167,0.11028667347536988,0.015549687130276296,0.04930284250083612,0.03496542244923169,0.018420991843164564,0.1912083718743455,0.19865554642768013
2017-06,0.047714624957467304,0.011940229990565434,0.047502151069186135,0.08006744570308844,0.03539406410564297,0.04801021530630145,0.11022893892313869,0.11131385838134004,0.01578250004963073,0.05019873401466016,0.03540715727269961,0.01839416861175938,0.19140484341379313,0.1966410682007267
2017-07,0.04848107214524457,0.012051189381331633,0.04809399315909312,0.07541718655857695,0.03577686673662474,0.04762751698189104,0.10958314969718917,0.11384156156780874,0.015292684430339074,0.051782019205829484,0.0356054460072794,0.018400753888318057,0.19267319381230208,0.19537336642817196
2017-08,0.047763587169016804,0.012234207141261813,0.0503140487833906,0.07638199766390939,0.03655459444892765,0.04889722631920348,0.10906840396941583,0.11224721243015845,0.015078644159785715,0.05440471294743839,0.037685161359955005,0.018763476480524146,0.18808090762207622,0.19252581950493655
2017-09,0.11946787094619425,0.042167216943385176,0.05579760818703426,0.061142646179352146,0.07729209297440674,0.03483796662709515,0.10846547320697254,0.0833646668482053,0.06603847211098601,0.07304670955317154,0.0646563574314472,0.034960590429733374,0.1469093299421708,0.03185299861984553
2017-10,0.11835257394924899,0.04276038040366851,0.05654309987056666,0.06238557532581608,0.07856405332202054,0.03489812802420543,0.10504886267388054,0.08309411704100357,0.06639518923828608,0.07491480195528415,0.06469853076353688,0.035149018422102496,0.14530716656781542,0.03188850244256475
2017-11,0.1164109735746216,0.04367164628039031,0.05808648943455146,0.06369749060082734,0.07913260998731116,0.03551371364595351,0.10250436061116056,0.08258485695724711,0.06663317590675552,0.07487304207891131,0.06644774913400076,0.0358059200350388,0.14258989272321412,0.03204807903001637
2017-12,0.11700278773519891,0.04238610197963147,0.05848412808011951,0.06455834871682889,0.07961804814706656,0.03645006350076716,0.09871355744233153,0.08393512067718542,0.068645918690527,0.07316342657156305,0.06702142575059744,0.03554402070807743,0.14240500943647974,0.0320720425636259
2018-01,0.04641466577157598,0.012116252144678864,0.049464390047957295,0.0728882300674179,0.0364241490665103,0.048909573022644565,0.10922550173300243,0.11571979651447989,0.015120833674882997,0.05255734634711483,0.03745385598327172,0.018754533315879503,0.1896935836534058,0.19525728865717798
2018-02,0.11686654278229892,0.04234816020967399,0.05898131734743475,0.06508668686743187,0.07944450760928705,0.036150511133556926,0.10037568146129308,0.08103073143345019,0.06991896193197945,0.07249497065002047,0.06763103277341923,0.03626732766358588,0.14122492816350077,0.03217863997306755
2018-03,0.046082484779279134,0.012031594043574652,0.05232880342313587,0.07667576828252604,0.036209826462878854,0.05079886655052885,0.11280194810200467,0.10358733489216192,0.015813125836463784,0.05475369939435684,0.03869266655631111,0.019355985119600138,0.17787523463070842,0.20299266192646992
2018-04,0.04519215079305527,0.011586892615472284,0.05205043711947108,0.07609310097278507,0.03610639623994712,0.053169258164850644,0.10643928943084548,0.10577137612522312,0.015800219285263404,0.05555987358707205,0.03887951374559535,0.019843103503571605,0.1807901828424903,0.20271820557435727
2018-05,0.043965606654920664,0.011615966140598332,0.050199327304060425,0.08320691478511598,0.035641466483639736,0.05131122674270375,0.10220693199961475,0.11008834895947266,0.01574884246790369,0.05296655169733844,0.03789486669303447,0.01965806518807712,0.18133293672271372,0.20416294816080643
2018-06,0.04084789510439433,0.011536765971199993,0.05023923983585564,0.09183975010439525,0.03499780114808898,0.054293718791177,0.09715466957024524,0.11258246805743322,0.016456765795296518,0.05424944696597886,0.039132280646982286,0.02027079793335411,0.1776115388577228,0.1987868612178759
2018-07,0.04217473683485453,0.011661515358808166,0.04988267539060639,0.09054402672070223,0.035062144954680866,0.05562660476101929,0.10204980170519246,0.11248010090742362,0.016718092202226,0.05578893407629087,0.03846140723820233,0.01999479644329764,0.1765672685302425,0.19298789487645318
2018-08,0.04381540345276879,0.011400119073632252,0.048878662238793,0.08940917265132614,0.03573353841883898,0.05543492574915952,0.10459104818035903,0.11946011556463718,0.01727297781106611,0.057583797749021434,0.03831213674834576,0.020170257652264975,0.17712184444155493,0.18081600026823177
2018-09,0.0730195389314891,0.010126479440768674,0.02696133666445216,0.06895641664329764,0.047019890858913484,0.01582994669288695,0.02983954961339495,0.09556318154637293,0.05019832683193951,0.05738258989935277,0.02735257807703456,0.031202348176173903,0.35000000000000003,0.11654781662392337
2018-10,0.07231193540075698,0.00985878500246624,0.02729902120144918,0.06894755308925214,0.047248196947376676,0.01592531887884141,0.030139049873652388,0.09461567435327818,0.05155611151953282,0.05851524505439274,0.027171538147020034,0.03151241567032049,0.35,0.11489915486166075
2018-11,0.07218834902996521,0.009751849908864829,0.026479251983233767,0.0685007457226437,0.044814348351662696,0.016002971820016608,0.031569554779577014,0.09680743253356608,0.04964363176968662,0.05759283395465649,0.02674783955338481,0.030449446071000252,0.35,0.11945174452174197
2018-12,0.043960329608354554,0.011236133368622865,0.049129952831652196,0.08512636339098674,0.03656689575590078,0.05601143089821543,0.10925443216134587,0.12240441772963488,0.017988607828613848,0.05984931228730352,0.03894776682296614,0.0202642735572937,0.17575111499281923,0.1735089687662904
2019-01,0.18706798695368357,0.06692071992636373,0.058661790602948585,0.06678675508270025,0.07806335571872357,0.04493567409413512,0.05365041248812529,0.05179641558560945,0.09203433698372067,0.0711700856963727,0.03292083275623191,0.027795320335827454,0.09682091288631313,0.07137540088924473
2019-02,0.17942860852391146,0.06824008695869392,0.060976234541404044,0.06712909304086134,0.0790722178140197,0.04488921055845671,0.0537365193098951,0.04870458230084626,0.09527310949264299,0.07120472966719313,0.033754382729974185,0.02843820413438081,0.09670142511552283,0.07245159581219748
2019-03,0.179375014239412,0.06739635700097338,0.06344826591880484,0.06703544160509464,0.08067173097357427,0.04617070861073862,0.052666455790097544,0.050735373439391336,0.09219905020600115,0.07129910824938675,0.03419102301015366,0.029566606128648972,0.09405575592335594,0.07118910890436696
2019-04,0.18080931548902623,0.06409747802581249,0.061533453448136044,0.06742717828609245,0.08142090589507893,0.04757845694671081,0.053553660382189894,0.05353263782841034,0.09286870903792144,0.07173820086080497,0.03323431897089098,0.029150575467225246,0.09495063993527107,0.068104469426429
2019-05,0.17889396752615574,0.06334366874020861,0.06170989077487659,0.06730836443605846,0.0829456557029309,0.04891078045538278,0.05587507374897397,0.05284159203811645,0.09487646729875086,0.0671095151437951,0.03361697316581246,0.030389722669778563,0.09565412254098511,0.06652420575817437
2019-06,0.18985955685353423,0.060371456974590475,0.058647513005982595,0.0607680968302722,0.07946226019946133,0.048189219255393705,0.05820799071492283,0.0537564106127074,0.09635564851725995,0.06565682451379459,0.03420671420937717,0.02989571566496541,0.09892826296915093,0.06569432967858724
2019-07,0.1920044969856497,0.059299505487506225,0.05772379526652644,0.056436762086102744,0.08250893140326986,0.04694241288961056,0.057353991030464166,0.05394397513793951,0.09716618085075006,0.06628928081503578,0.0331614253036165,0.029000583983064904,0.10118257587387665,0.06698608288658685
2019-08,0.11578557274904587,0.04173243515264376,0.05961236801070937,0.05949094592592705,0.07700291423679555,0.037725189358313184,0.10184254568303482,0.08149968428206793,0.0729653565792069,0.07408224749915127,0.06976017767243413,0.0363276446256749,0.1394887493198971,0.032684168905098204
2019-09,0.11671781894992282,0.04042009093462933,0.05804355230448482,0.05517998251394571,0.07831224377938223,0.03709976992927589,0.10224688162459568,0.0824951834351647,0.07208333514618322,0.07413596508281049,0.06812249981971544,0.03472501954203598,0.14767055949030644,0.03274709744754743
2019-10,0.11542182222231596,0.04089005034485754,0.05900450868267258,0.05585403698811473,0.07859493799420232,0.03714962304589265,0.10297001264942951,0.08346044766851661,0.07236226366343829,0.07303703502596744,0.06836074948961243,0.034757114633685755,0.14532568634068832,0.03281171125060575
2019-11,0.11577760966236801,0.04131105699553594,0.059130043519303344,0.05432555321424664,0.07771676819498155,0.03748580858750717,0.10284815565930208,0.08398376811501508,0.07222148849070673,0.07306141127637049,0.06859600102275545,0.0347150515911263,0.1460314482857848,0.03279583538499658
2019-12,0.11425073005958494,0.04253595684480441,0.06010785840784363,0.05490468320736048,0.077402125332985,0.038210849454968845,0.10305521872948939,0.08121711366806478,0.0718777019762372,0.07413067762668502,0.06994817582267512,0.03543366489899814,0.14390283545879476,0.03302240851150826
2020-01,0.03951972303914789,0.010922124627183644,0.04535046970158562,0.07167629165640517,0.03520606314916848,0.054397692926373795,0.10264456311375576,0.12627328341356084,0.017186617307978116,0.057618925244876947,0.035535807468083276,0.019024035652995114,0.20002699889179784,0.1846174038070874
2020-02,0.0392287584158715,0.011159732960342372,0.04475394239413727,0.06894615587850009,0.03405478799376594,0.05595524652608512,0.1010605801343905,0.13005716302101822,0.016964581594056484,0.05724253174688438,0.03494722476568652,0.019066445498348444,0.1982619629980833,0.1883008860728301
2020-03,0.03788000147472656,0.011637331108879437,0.043052365537806274,0.05721191159263603,0.03281301682575891,0.05646306307360836,0.10082967863950745,0.13633664619223476,0.016706730887429955,0.05632044154406601,0.03364406309800504,0.01828621516459308,0.20668495754727045,0.1921335773134775
2020-04,0.03336558015455357,0.010357824285298108,0.032211197882731774,0.030602597875334897,0.030805371186870153,0.05368309272607085,0.08115775066761459,0.08429967199000529,0.017564263066661298,0.0545952224925495,0.02641540508930902,0.016157803286487638,0.2972118458984602,0.23157237339805306
2020-05,0.07319201708659055,0.010346419187925174,0.025519935772646093,0.058025516529171844,0.0470553926412404,0.01566732899708057,0.0323448437357235,0.09863807278628699,0.0497552769211685,0.05767359187057926,0.02648116313753643,0.029807852686999484,0.35,0.12549258864705137
2020-06,0.18742290890791813,0.0609736454618146,0.05657276033435028,0.05100565278036402,0.08254361844882867,0.04941677598850841,0.05773639528510559,0.051258840609279446,0.10092217673744999,0.06562026855770448,0.0330711012018569,0.028651700337524098,0.10388037582889287,0.07092377952040257
2020-07,0.1821830439351601,0.06349772992468486,0.05946833843754962,0.05258697264850027,0.08273949944732434,0.0498020151160013,0.058746579599378415,0.052969581186641676,0.10008905852738269,0.06239459098171598,0.03469833557970952,0.03036919269246305,0.10062903782833404,0.06982602409515416
2020-08,0.1741679998807807,0.06905573998718907,0.057667397766707415,0.04587218460051824,0.08367655660914348,0.050731194799555096,0.05734609067944663,0.05168461553757348,0.1029412530949863,0.06442774155365363,0.033101348891151634,0.031169691183137754,0.10313945762813909,0.07501872778801752
2020-09,0.1701552767351659,0.0709394747641907,0.05825655253653162,0.044563143811710254,0.08440757177101814,0.05125858159108189,0.05886727915227448,0.05143823912755255,0.10247199571830917,0.0627193988785226,0.033318897247124335,0.032747852192053666,0.10098008389828574,0.07787565257617896
2020-10,0.16537369006248873,0.07574885750154615,0.05851690671499501,0.03786962007163069,0.08616339516793703,0.05114208148030927,0.060292706643519496,0.05078628761274067,0.09948087599483384,0.06226398804593786,0.03337597342779361,0.0345681823966378,0.10584015815354299,0.07857727672608689
2020-11,0.16215671702279266,0.07638276385417012,0.05978471396797696,0.03470254611399026,0.08583456586258786,0.05192196883034298,0.05795202559784566,0.056211136858624756,0.09944217705194139,0.0629950185284997,0.0342430551460342,0.03530849143606839,0.10480638003166826,0.07825843969745697
2020-12,0.11469123861485629,0.04361797583286624,0.05922637258647403,0.0517543182339292,0.07758132260899356,0.03905815784518369,0.10163373201366649,0.08044220407873685,0.07233080319690949,0.07599030650855644,0.06939396011781418,0.0356696011298317,0.14548951665771456,0.033120490574467414
2021-01,0.11460385581890788,0.044274098251676365,0.05982804198834374,0.05290786076103334,0.07715068099930147,0.03950235754543292,0.10207232813872756,0.07848281129950896,0.07199076562868184,0.07617413229030795,0.06993852958060157,0.036317788950050174,0.14329996455616903,0.033456784191257284
2021-02,0.03303468056329659,0.011076731176361923,0.03173937166456206,0.03010104017264674,0.030843373749641467,0.05625131985618765,0.0813970427308529,0.08176911400220543,0.018181760249663528,0.058700598915224105,0.02513894151652884,0.015523462181847515,0.2900703980757616,0.23617216514521966
2021-03,0.033609683992817274,0.01092909503590417,0.03307058962822685,0.03329702203280066,0.029934313381811392,0.05997476300030062,0.08542552144999173,0.08242477267982339,0.018391270106439116,0.06086122685313635,0.026123533602843637,0.016404751872030117,0.279839932698739,0.22971352366513578
2021-04,0.03623803613909237,0.010002183573847979,0.036800256202818044,0.03965539730843033,0.03213664901473344,0.05883760586142456,0.09453752462154337,0.08658374524757337,0.018628646171884228,0.059055288530148936,0.029669012625724012,0.017633785069674963,0.26022460730041574,0.21999726233268876
2021-05,0.037073793040427114,0.009931731850921504,0.037635683409097107,0.03675530394578194,0.032738594781358175,0.06182768371653399,0.09127883811773473,0.09245820311715498,0.01936747954527976,0.05974786751125249,0.02978108278985845,0.017816852584189125,0.25197515648360963,0.2216117291068009
2021-06,0.037769198156498346,0.009313403736151239,0.03777417133469488,0.03926223245905136,0.03389508576725408,0.05815880259971575,0.08966090580813289,0.09108318092796171,0.01939804561875603,0.0584962411479298,0.031044405302235945,0.018264043331943446,0.24863104985848375,0.2272492339511909
2021-07,0.037420218251369965,0.009484480446358546,0.037487548591101004,0.04120955792557299,0.032734119453209774,0.06063580479121524,0.088266491746826,0.08997275748051713,0.01940210344955891,0.0600209207411581,0.03052914952734647,0.01798923338180067,0.25246408119870933,0.22238353301525576
2021-08,0.03677176560346746,0.009589174310038464,0.037110434983928436,0.03765951804441542,0.0323191543155842,0.06338760787077724,0.08792414680835568,0.0891650997503305,0.02022456843080071,0.06185645658326057,0.029841559503357054,0.017637023018478543,0.2618709809760334,0.2146425098011723
2021-09,0.036710359952027156,0.0098708828351782,0.037705266257200436,0.03575201923847588,0.0328619668498363,0.06476237929544504,0.08679958383025664,0.09326717671491125,0.0197947263102148,0.06391520881709031,0.030575127194118576,0.01763955008210091,0.2621299488063095,0.2082158038168349
2021-10,0.03607233864306602,0.010065025862419193,0.03669957822644404,0.037719599617570286,0.032154087050741104,0.06686568482607484,0.08620850425326089,0.09266857138069944,0.019890531581960805,0.06383442965359146,0.03053165236762575,0.01758037928339413,0.2590860256375989,0.21062359161555297
2021-11,0.035042489235969115,0.010668706453782114,0.03658275085088463,0.044041724278616114,0.03194188877546194,0.06897978220433959,0.08277280722821317,0.09557589539711187,0.01882051791211583,0.06102524412001334,0.032034282490370276,0.01711682805950269,0.2464242758482822,0.21897280714533718
2021-12,0.033941832723172985,0.011722308832431624,0.03727361935098649,0.04265194167977493,0.03252787684004982,0.07420958827022081,0.07760257479400079,0.09755691618318618,0.018540397762802637,0.06204618122233088,0.03108255423080269,0.01592969810706472,0.2391507258386866,0.22576378416448886
2022-01,0.034593976839999055,0.011076463541081823,0.03649004057358741,0.041590561755939566,0.034389160333420966,0.07345955370794278,0.07077557149394878,0.10335424303859937,0.018694974710162633,0.06180117421537795,0.03044021313369588,0.015805594087399833,0.24917383662321038,0.21835463594563362
2022-02,0.03719051545947586,0.011287038313251872,0.03690490789257971,0.04937867943351935,0.03493517122345579,0.0679845640894503,0.07321680366187819,0.10649970484026258,0.017583008503628428,0.05831001460631883,0.03186453593222421,0.01568525872903353,0.23219156041671984,0.2269682368982016
2022-03,0.038461519579222544,0.010609985910222611,0.03586950841011697,0.0558323207855518,0.033858637919975725,0.06429046696638895,0.07351614081754904,0.10205304153846165,0.01806022676139651,0.05636230522219844,0.033136826945669516,0.0158433222468107,0.22805001796836627,0.23405567892806928
2022-04,0.0369232388157168,0.01101404344242048,0.0357558021830051,0.06151014265632706,0.03196447368468721,0.06124347133375607,0.06905140133269719,0.11014435658017085,0.01841413607459747,0.05733127212509772,0.031116501932668104,0.01633951256388625,0.2169770917701116,0.2422145555048582
2022-05,0.04113370978110619,0.011908669856945126,0.03569304031571158,0.06508649213208781,0.03464195268446195,0.06046093220709246,0.06927836332210623,0.12357564297280453,0.018961933288699842,0.060269673249028766,0.031077489894517085,0.016232728230589598,0.18781694122722473,0.24386243083762407
2022-06,0.043477503506712326,0.011125177624203831,0.03501949143397467,0.07477890455939205,0.03666466770092604,0.05563098519509775,0.06494062674340279,0.12112699564838798,0.017649823043960036,0.05720026575533553,0.03137803305327453,0.016150202814220232,0.20088321368061005,0.2339741092405022
2022-07,0.07297939298788542,0.010584567176992934,0.024610957848153873,0.06664847785124031,0.04705190031699398,0.015168422417179753,0.029685129744574754,0.09776631636739919,0.05076642535789492,0.05770451768962191,0.025742400177898535,0.02961417138666982,0.35,0.12167732067749469
2022-08,0.07525258017360952,0.011088898203820089,0.024201090939693592,0.058319690518607886,0.04711834726275647,0.015421628923006374,0.029934820680409376,0.10025282120051335,0.05375195472266694,0.06162533679301581,0.02608550187094689,0.02965099379879936,0.35,0.11729633491215445
2022-09,0.07542065456521556,0.01152540340484267,0.024596957906873357,0.0604870432060466,0.046888116181123485,0.015159235666337045,0.027830783030623373,0.1044208851315935,0.0557903986902001,0.05890582937669528,0.02578769713655575,0.03018852365891631,0.35,0.112998472044977
2022-10,0.07525043471573913,0.012322215898676905,0.023980438852792267,0.0653538639326173,0.04533660221632773,0.014845027012970056,0.026464504671047048,0.10759321059049314,0.05551164884406635,0.060739164652884724,0.026606187200457505,0.030021441654722807,0.3402547275979037,0.1157205321593014
2022-11,0.07770555466084333,0.01138357138370904,0.025522127513681426,0.0781355543431517,0.045088884704179606,0.015503480192981338,0.026801463439065674,0.09360460254919402,0.05704328280663897,0.06553306566088068,0.028548073481091032,0.03152000996338879,0.32212889942741585,0.12148142987377843
2022-12,0.07912578108291837,0.010901480424312028,0.027722032799672454,0.08001098998349372,0.047646871349011806,0.015678100628789098,0.027858860495215087,0.09462308899362305,0.054903367220721255,0.06684144049700985,0.029836972746814537,0.03294218189520802,0.312793481061233,0.11911535082197776
2023-01,0.165274924039116,0.07653435002172328,0.06273086005177465,0.04206795685319946,0.08658238412098587,0.05121993864305541,0.05801100250869701,0.0576213768542943,0.09505113100449637,0.06341874748397985,0.03661407862988453,0.036359481723927056,0.09450993649115172,0.07400383157371462
2023-02,0.16264854606337775,0.07184368791228854,0.06529776929922208,0.04223286101540961,0.08753375283147581,0.05136620786985076,0.06247331287965991,0.055572448135950525,0.09851637491927988,0.06124179789851725,0.036726063083959364,0.03743289645787232,0.0915976011589172,0.07551668047421901
2023-03,0.15321852200760136,0.0796080641520969,0.06606047164506455,0.04191114664044176,0.0837464331214458,0.05469031668813359,0.06357737341131406,0.053669234019762285,0.09862516956889252,0.0596601447983791,0.03822718344145023,0.03895995166918429,0.09199125911911353,0.07605472971711988
2023-04,0.15654277144674186,0.07842837087348534,0.06635494284904912,0.0401783885793366,0.0837703286149023,0.05811148131198541,0.05786827241274753,0.05265350768674302,0.09726193896713485,0.05836695604339131,0.03458647711114965,0.038435750991256075,0.09608120297782123,0.08135961013425584
2023-05,0.16186231013022334,0.07319930775249935,0.06392482880864153,0.04030613938436909,0.0850036346693249,0.05860677526209515,0.05766422393485978,0.053613538872443293,0.09923555603427614,0.0599291928971119,0.03312697458811616,0.037969501106446285,0.09448606094130686,0.08107195561828626
2023-06,0.1607760340946008,0.07242665530552725,0.06304280187722336,0.037725487753140746,0.08234741600608976,0.06196494407355122,0.05427913364170957,0.05209909098040883,0.10206184457106772,0.06101278266384716,0.03311369827209927,0.039314074390910496,0.09635945656262848,0.08347657980719526
2023-07,0.14891278687888093,0.07878034016876945,0.06494015186951711,0.038747434184824084,0.08014142952140405,0.06516276034363427,0.05248589110610374,0.0517992632273177,0.10317170885342183,0.06101891051132094,0.03441754425531031,0.04137884615335078,0.09640536611420476,0.0826375668119403
2023-08,0.11395803526204225,0.045379174697545537,0.060845090494801204,0.057104112460780544,0.07728846083362063,0.04017932206370349,0.09842297519348184,0.07881095628780112,0.07202990179097503,0.07737891573418285,0.07188528311884283,0.03691777441145869,0.13614405426952383,0.03365594338124025
2023-09,0.11292211478557605,0.04288237315039279,0.06138997949996614,0.06037811695812053,0.07707632558748968,0.040111990640202336,0.09974769475773188,0.07686508935011552,0.0732991358307856,0.07844346148444069,0.07287261177246533,0.03704688865670005,0.13328553899940143,0.033678678526612084
2023-10,0.11105311672833358,0.044546977920327656,0.060085561173177295,0.0633051584930116,0.07582341922711844,0.040567002229413854,0.10044356359017581,0.07685855111218715,0.07357623485079667,0.07867907783488413,0.07342995810931092,0.03685307007398759,0.13092573951060799,0.03385256914666744
2023-11,0.10753754271472786,0.0441641131613396,0.060886968681839626,0.06430698861756182,0.0747728559270769,0.04213042832195866,0.10445754836587584,0.0752379757511244,0.07411645606490344,0.07948253924131622,0.07562296743863467,0.036544763428625615,0.1263102068638842,0.03442864542113136
2023-12,0.14432117291455676,0.08029462579604559,0.0655677936831747,0.0400512211750347,0.08015584966662244,0.06577116100826555,0.05331495776799642,0.052313966814845424,0.10375892490269814,0.060098423561872026,0.03561097645963256,0.04266490770697672,0.09333988798411248,0.08273613055816648
2024-01,0.10793025773206069,0.04294645513228387,0.06132559358221315,0.061881267414790414,0.07473699699676604,0.04244118665732395,0.10538974532411367,0.0758278506725421,0.07509615332249533,0.07830665463987975,0.07622158599279451,0.036968210395655246,0.12672917899540986,0.03419886314167142
2024-02,0.10722354101315457,0.040598971285947826,0.060887250957117826,0.06129639758211845,0.07478996747512094,0.04313591245493506,0.1063157145904878,0.0746675609289716,0.07571666174727032,0.08048588243344093,0.07673388798881113,0.037267696126334716,0.1263761595009791,0.03450439591530983
2024-03,0.10533237667547105,0.039177708778271925,0.06180003170810481,0.06193430718297802,0.07528933428177938,0.04416181753205064,0.1049129677054429,0.07313435470294656,0.07782764625697527,0.0816825338532161,0.07706390855694524,0.03825705042123763,0.12472097355556899,0.03470498878901157
2024-04,0.10555569496618415,0.03811799136651134,0.06238277840795152,0.06253515654189758,0.07603507871994108,0.044140168704104116,0.10401277994954664,0.074059432275531,0.0785801732261649,0.08145602145895017,0.0777079159142462,0.03842700848589374,0.12222985978304132,0.03475994020003615
2024-05,0.10633328914311915,0.03754517489718805,0.06323590141591283,0.06526521479964449,0.07553104493828575,0.04390581274231719,0.10369246005410501,0.07644211118168556,0.07887008474965662,0.0800779029833764,0.07842912651036342,0.03833423227607538,0.1164273143624582,0.03591032994581201
2024-06,0.10719663172179882,0.037743970555571243,0.06310527879920826,0.06336944108654792,0.07613269518023515,0.04445716826353283,0.10126594081543684,0.07915537227564497,0.07848970735380412,0.07992642488801219,0.07883603835594176,0.03803731099997419,0.11640417217482969,0.035879847529462
2024-07,0.04240529980676172,0.011010386776338683,0.0355524973191555,0.07828930496041595,0.03516528460132993,0.05738533891867647,0.06483793783909432,0.11527980528315913,0.018551942634969776,0.058451519383953154,0.0321296624699704,0.01648422082693847,0.19278834615237145,0.24166845302686513
2024-08,0.10487583615618534,0.03811375909436031,0.06272181299117659,0.06174446215776713,0.0753661237486236,0.04614753586337699,0.102040838728066,0.0783859097947102,0.07933434049672587,0.08154956467648332,0.0781307983522376,0.037799929706023964,0.11834729293254331,0.03544179530171952
2024-09,0.10719885457892521,0.035569355942360666,0.06189731917796692,0.060135304596694826,0.07577012170607011,0.04466006518561212,0.10282564287936913,0.08032875199029303,0.07765421521456439,0.08181034638108113,0.07793423232261404,0.03765952772466541,0.12106952271081416,0.03548673958896884
2024-10,0.14365818578679926,0.07926650454502478,0.06657915846727998,0.0378773850919895,0.07987512478429291,0.06568081639115017,0.052737552581526785,0.05264728582487196,0.10446982267062394,0.0612773459365356,0.036418040144675104,0.04358392273206549,0.09453575936761967,0.08139309567554502
2024-11,0.13845641763454694,0.0794459508192074,0.06810866685427315,0.03902628157047179,0.0786560510332188,0.06787669048364876,0.05458447112318954,0.05487693497660288,0.10510761179238076,0.05955842068603848,0.03724931171708659,0.04450512409871425,0.08795835053149854,0.08458971667912225
2024-12,0.1304674578298111,0.08520584272974786,0.06730452981496643,0.04017240943870771,0.07560138711953762,0.06785823611474882,0.05820200378089293,0.056231207053649056,0.1072567833630489,0.05619294027830917,0.039772571303293175,0.04552952717346303,0.0861914993756123,0.08401360462421194
2025-01,0.12502156988384458,0.09190459730362774,0.06503674234962124,0.03842540698266532,0.07274684490102722,0.06911713980340858,0.057834246484755096,0.0550472917104237,0.1094007975085944,0.055010403381045514,0.039539926257503875,0.044985883684081386,0.08978886174454326,0.08614028800485794
2025-02,0.10689836530341616,0.036586327433990616,0.061682935228446374,0.05837188568320362,0.07549379479566923,0.04453048558194825,0.10358175462577156,0.08127585598116102,0.07887984119584616,0.08114405855045233,0.07843783696772358,0.0379304238559974,0.11960117613630798,0.03558525866006585
2025-03,0.10827765406126919,0.03387303771539936,0.06078398838007357,0.05742770103167463,0.07503182445927888,0.04378447973482102,0.1059231684008867,0.08115258635516058,0.07885344461396529,0.0822334725004513,0.07842612684771598,0.038044952321923294,0.11987638333952165,0.03631118023785857
2025-04,0.11322017628703601,0.029699455041995254,0.0595877670662435,0.05839944225965805,0.07566149457932687,0.04134042865542457,0.10958967964231109,0.08192252978504348,0.07308514005308074,0.08330537975691003,0.07545438094225967,0.037477051410805005,0.12394774130580866,0.03730933321409715
2025-05,0.12208851826205445,0.09164918010956277,0.06560912798078483,0.03924062702986352,0.07023250594878466,0.0695678438127116,0.055764819090063894,0.05626148293159189,0.11198721603670043,0.055648750482534266,0.0403267694294682,0.04533475387715279,0.08608672448072825,0.0902016805279984
2025-06,0.1173040019433294,0.09176296016722948,0.06700876358965688,0.039371344149098896,0.06907444609684285,0.07082635011603369,0.05635036937595358,0.05748857955784171,0.11099907072498534,0.05499606497225534,0.04103896810739619,0.04652038744540153,0.08600824762588236,0.09125044612809288
2025-07,0.11568180531654203,0.09036307122782734,0.06833483785770825,0.04016930553744431,0.06817821864926725,0.0732047753964132,0.05631805591286341,0.05721317033087264,0.11134875921159634,0.055272270579635574,0.041082390886577,0.046330976609150254,0.08553772652464944,0.09096463595945309
2025-08,0.11387582041612618,0.08789690651560829,0.07056329411791973,0.04071503529302092,0.06742256307833341,0.07533106800735075,0.056387689757656706,0.05778371965696005,0.11169152208264617,0.05528784539441082,0.04195551649035059,0.046460122706216765,0.08511059855621562,0.089518297927184
2025-09,0.11307918626590717,0.08942721253458115,0.07002250384665691,0.04010176526343625,0.06572929421094495,0.07679390475885257,0.05562772097884908,0.058842581141389884,0.11157598315552432,0.05502593700530979,0.04154923975879283,0.04614450023499547,0.08653563929157351,0.0895445315531861
2025-10,0.040686609251731544,0.012388664561078235,0.034271772527567634,0.07696555087455892,0.0325702840912385,0.05778550917026299,0.06532606293983026,0.11728686052244114,0.017634219318193773,0.057139356162923,0.032582836802296615,0.015930958098775694,0.18522746127817533,0.2542038544009265
2025-11,0.07721090171291449,0.01040125050941468,0.028372836044039045,0.07121857110381556,0.04751265882559234,0.01648611256294474,0.02701155119959096,0.09700512487454799,0.054011517480224654,0.06703641830125417,0.029404076151323906,0.033507743400915356,0.3148771220181671,0.12594411581525494
2025-12,0.1464369962513187,0.022172958468940993,0.056371059851402575,0.06049968784107563,0.05984881305008369,0.04520905378339198,0.06389837737442111,0.12269581934029931,0.07195732971078417,0.10235087008886201,0.046896898862201046,0.02460058333014637,0.11087112184242266,0.06619043020464975
2026-01,0.07540467656264963,0.010507788411866009,0.028578007243390716,0.07259691964968634,0.04644233416889975,0.01670057872494157,0.02636046886076563,0.09470218007775218,0.05447399932981407,0.07232559598943289,0.02937783573077656,0.03293706618368272,0.31289227876522846,0.1267002703011136
2026-02,0.07560916072429356,0.010460068255546967,0.030890934828238917,0.07481223891846467,0.04812649551248088,0.01673144098889627,0.026688109637289528,0.09264102880309509,0.05506225908134385,0.07144369808270479,0.02935694986190666,0.033015560720296905,0.30328676205498967,0.13187529253045233
2026-03,0.11931768787943944,0.030212713395286143,0.05853939184566718,0.055165931686346516,0.07332586773660969,0.04022364894317219,0.10870040481768946,0.08396385167722985,0.07430983244937699,0.08139564050701625,0.07555021874816396,0.03698605890398641,0.12282748381591116,0.039481267594104884
2026-04,0.1160396394541562,0.02949663951631046,0.057000468173400015,0.0608550517817446,0.07025701057904547,0.04011713044154512,0.11210703826321466,0.08912207621443535,0.07409745661177271,0.08072980592192082,0.07237708858843277,0.03676000587890561,0.12256729147635036,0.03847329709876589
2026-05,0.0395157034635384,0.013305732775666386,0.0356833887452206,0.07417719343708348,0.030909657125828938,0.05740144073155092,0.0594277980065673,0.11950740304885962,0.017432742563873695,0.05826251285853417,0.03149078118790398,0.01588317895625592,0.18332507939931295,0.2636773876998036
2026-06,0.04113540552111372,0.014279055654603487,0.037501818669959455,0.07527435078456941,0.030563963434015802,0.0646626186135553,0.05825367425724571,0.11833272861358396,0.017730677498701608,0.05831736198406951,0.032052483746818315,0.015589332832307668,0.1778972476853724,0.2584092807040836
2026-07,0.04212292126571216,0.01419455501589891,0.04277047232422337,0.07427052484072086,0.03139765619974153,0.06728285085835121,0.05514010528496116,0.12024945050813603,0.01701275828030319,0.06356908277999083,0.03443076898123315,0.01610658415471888,0.183352197182648,0.2381000723233607
2026-08,0.044267868995984054,0.013595818591565235,0.04159846378963195,0.07657972032453071,0.03218090680009166,0.06633730626051669,0.05356288736045724,0.12401319915271283,0.017365564416368974,0.06904559800968454,0.03701587765028928,0.016627676380629466,0.18104262168121715,0.22676649058632017
