,NoDur,Durbl,Manuf,Enrgy,Chems,BusEq,Telcm,Utils,Shops,Hlth,Money,Other,UST10,GOLD
1990-01,0.05335736778917861,0.049547646257881425,0.04741947327433419,0.061148903359906796,0.05034824493482336,0.04753388487450175,0.08027463931243092,0.07604684569758254,0.045355639066322145,0.05264325570680698,0.04933609721324098,0.04339097819707618,0.20605753533040583,0.13753948898550833
1990-02,0.05317914573392818,0.049982893524707986,0.047673675623822444,0.06138317363054022,0.050380057055027405,0.0481420553739884,0.07852040836234507,0.07609337188270315,0.045575347872872304,0.0527085137393819,0.04926044387832724,0.043521746951242175,0.20532520897998996,0.1382539573911236
1990-03,0.05318833300169719,0.04996693464352072,0.047667775651058286,0.061371517508519456,0.05037718518019218,0.04813025866045901,0.07853857796841497,0.07610350493505541,0.045572097267863584,0.052724064006442806,0.0492565861135852,0.043515124266354836,0.2053407351068341,0.13824730569000232
1990-04,0.053204329300807936,0.04997758502280429,0.047682634668104344,0.06136788853061465,0.05038559629075579,0.048146302855270266,0.07856930237831186,0.07609714375458002,0.04558653694584808,0.052738128673970444,0.04925213852951814,0.043518872066253815,0.20530135744924544,0.13817218353391497
1990-05,0.053473170185750575,0.05003554420482521,0.04780396000339069,0.06140019584824682,0.050545294959893794,0.04832957448926347,0.07848832213400432,0.07582476152744949,0.04574493259646708,0.053048456042661604,0.04931739896845201,0.04368679565202578,0.20475288324193958,0.13754871014562964
1990-06,0.05346701027139253,0.05012372394664261,0.047902323123556696,0.06156278310268845,0.05054101886680117,0.048078305308481874,0.07803473316085287,0.07597685961128878,0.04565378992173113,0.05271319526054154,0.04930647313513782,0.043743262989601996,0.20396538829964364,0.1389311330016389
1990-07,0.05352846190325518,0.05009690058490184,0.04791955211957413,0.06150004613770725,0.05054983357854374,0.04808174922390978,0.077757267982547,0.07603527097535102,0.04569697685743211,0.05283962021344387,0.0492861703096037,0.04373793634793901,0.2044524572859284,0.13851775647986295
1990-08,0.05351290777872867,0.05005408680808858,0.04792149525976704,0.06165395583699209,0.05056215049287409,0.04798599619694387,0.07759384156581471,0.07604948000128717,0.04565365080522015,0.05288055905140477,0.049222550055953766,0.04372264916778183,0.20457955549930573,0.13860712147983761
1990-09,0.05357224539153417,0.04956150873278702,0.047669732668066414,0.062221556133619606,0.05017403104906095,0.04773584998115793,0.07653267776267979,0.07577279072321232,0.045492367915032014,0.05300968371858686,0.049028826795046394,0.043562121571797424,0.20376021853130521,0.14190638902611394
1990-10,0.05352806161479435,0.04920973093678052,0.04745987220693255,0.062322078043554024,0.05002391948326254,0.04764864811497131,0.07700436236183904,0.07608352519556091,0.04529388440193208,0.05296353431527567,0.04861788248593321,0.04344663518334755,0.20476384039768586,0.14163402525813049
1990-11,0.05356644427634809,0.049160867312678554,0.04740848204544318,0.06221499806491329,0.05006790666814756,0.047610573927784554,0.07708228589740329,0.0763323354296927,0.045251728979318576,0.05298667798791404,0.0485032221565875,0.04338381158577119,0.20497586583045005,0.14145479983754736
1990-12,0.05357933180886523,0.049291226160758005,0.04741473944904052,0.06252400822070496,0.049957269799234885,0.04740054585081848,0.07744453781453,0.07662423183050805,0.045123947506522245,0.05280685112168439,0.048127069503676984,0.04348241185635204,0.2042289101275818,0.1419949189497226
1991-01,0.05355500761292747,0.04932501373562915,0.0473800960866008,0.0626016581413661,0.049939143547817894,0.04737873131086937,0.07746987305447867,0.07666012113863026,0.04511881107380256,0.05280255961854351,0.048090759521833865,0.04345475214238906,0.20410104096452758,0.14212243205058372
1991-02,0.05351455358121214,0.0492165320976025,0.04726642783684519,0.06286367409603585,0.04998766930484451,0.047050587218878434,0.07769401355353814,0.07695287870886307,0.04498559038250134,0.05277158280914579,0.04798511340346571,0.043371573061453686,0.20421516856964697,0.14212463537596673
1991-03,0.053254619293435265,0.04898728765600923,0.047234021667219635,0.06256389152044545,0.04995600711919773,0.0470074583779814,0.07776655286453575,0.07679738901357455,0.04489156576807809,0.05251628699464809,0.04774992313780801,0.043281092346136966,0.20474960004333112,0.1432443041975987
1991-04,0.05322115427597171,0.048993757974156345,0.04723793103266506,0.06257433406609303,0.049964657506050635,0.04702177197758091,0.07775987332173787,0.07679776052305368,0.04483413799336209,0.052463856701015193,0.04771166123767226,0.04331246469487383,0.20480971856956812,0.14329692012619918
1991-05,0.053200968361382904,0.0489723207230345,0.04723791855478138,0.06261306801271749,0.049992523573434755,0.04699648435350969,0.07778008970449896,0.07679303929968205,0.044852882410841996,0.05244471709582804,0.04773288817941396,0.043320138063893905,0.2048563700640485,0.14320659160293184
1991-06,0.05318683055335094,0.04870710007863297,0.04714466310814042,0.06274096106667895,0.04987639508375437,0.04698039147898835,0.0779772054382004,0.07687444433389598,0.04477184217898973,0.052402441891942465,0.04769222958695805,0.04327716038715382,0.20503098813679096,0.14333734667652276
1991-07,0.05309345373640857,0.04868743303400634,0.04714224979303309,0.06265124751670902,0.04984112478497456,0.04679174221942499,0.07801719462363994,0.07683823514989176,0.044773801196962434,0.0523648073081591,0.04763611905003884,0.04325536350806294,0.20502697195127179,0.1438802561274165
1991-08,0.05303325843768202,0.04879374494594917,0.047180553024745886,0.06258722188315918,0.04980559335479622,0.0467595003607333,0.07801796141287626,0.07676690908872556,0.04474646181255913,0.05222220108813636,0.04758897520650996,0.04328010517690669,0.2051796499495873,0.14403786425763299
1991-09,0.053008530386753266,0.048835334101977525,0.04718457238531328,0.06259851079582797,0.049818796460885134,0.0467537498051939,0.07806796691921372,0.07675317827799484,0.0447442797995181,0.05222278361615182,0.047578027130341434,0.04329018986359235,0.20494708662980696,0.1441969938274297
1991-10,0.052929952475531096,0.04879220589650765,0.047145211724602204,0.06256784628333545,0.04978266055789731,0.046733661526397796,0.07804086450636871,0.07685929395791358,0.04469724123838151,0.05220425148490617,0.047564762036025846,0.04326917241029811,0.20541107155595045,0.1440018043458843
1991-11,0.05294760960283727,0.04881212541032365,0.04714421759286188,0.06256799871231526,0.04978611502370191,0.04673009613195581,0.07804106605873287,0.07686776818007421,0.04471687605588362,0.052171349256656924,0.04756101508005493,0.043267415705952404,0.2054207490886664,0.14396559809998286
1991-12,0.05304230317745488,0.04861610034631711,0.04704978200250104,0.06219945996585095,0.0497001782613602,0.04670510361631517,0.07766981129732528,0.07719709100997463,0.044789661746389035,0.05217048688460709,0.047475637019700395,0.043194872492624006,0.2061620762084225,0.1440274359711578
1992-01,0.05270776085687702,0.04893624023176554,0.04705485167934256,0.06310130624997706,0.04969650791929545,0.04689082052938159,0.07732425624830488,0.0777995260898415,0.04478769905746737,0.05168490281210354,0.04735888288892011,0.04329011866176635,0.20402274575901824,0.14534438101593883
1992-02,0.05269943647824457,0.04930681215314735,0.04719675051741065,0.06304137694953794,0.04986932283420546,0.04713415274240613,0.07727669346917691,0.07767495003649717,0.04487438047853449,0.051617660014636205,0.04749102273778427,0.04346441496234195,0.20307971672273648,0.14527330990334053
1992-03,0.05270084981695779,0.04927702512951726,0.04719356163418002,0.06305079630212425,0.04987011793583766,0.04712709120682444,0.07730128390896183,0.07769872497274707,0.044873778243261435,0.05163085861003695,0.04748664282092447,0.04345887268232013,0.20305015209916802,0.14528024463713873
1992-04,0.05275884880808211,0.04943767146082839,0.047255825440214914,0.06304178356063654,0.050025218436476004,0.047090613197009676,0.07738092660677263,0.07783723232533438,0.04494772192582676,0.05153851263630278,0.047585278395597265,0.043439672129781545,0.2026562799308828,0.14500441514625412
1992-05,0.052782006956288395,0.04938498233044028,0.04725443189015435,0.06294114105474961,0.05000085288154364,0.04711367330904741,0.07727629653448811,0.07781893348055914,0.044990599613837695,0.05158867347603574,0.047589735892539356,0.043462005559624727,0.20270861411108587,0.14508805290960558
1992-06,0.05278061559916696,0.04937393224088587,0.047248406356573805,0.06295182387053168,0.04999416842450354,0.047111385143941385,0.0772392127910293,0.07783075750155646,0.0449877582411462,0.0515870763173707,0.04759417890090945,0.04345550153112307,0.20278694380093398,0.14505823928032757
1992-07,0.05271606325768537,0.049426520592403586,0.04722147960565476,0.0628479262433028,0.04989173364101969,0.04705486018655095,0.07728549097616365,0.07783780456269065,0.04496367607099597,0.051490965316547684,0.04762199475955698,0.04342288653825366,0.2031348091150132,0.14508378913416115
1992-08,0.05278456933275451,0.04963945092720338,0.04737307526666177,0.06285344350668085,0.04992806643676067,0.04716095954658337,0.07722631429005064,0.07765514310973733,0.04505383928905822,0.05150817032185606,0.047732577545576076,0.043554588473881016,0.20248171310077695,0.14504808885241902
1992-09,0.05288116120426677,0.04939792579676142,0.04736006704610314,0.06305894724235107,0.04984404830937933,0.04711494895431821,0.07719901488751597,0.07767364129665269,0.04510957327580954,0.051449064047194425,0.04769725592279773,0.04352822060034436,0.20301334232531798,0.1446727890911873
1992-10,0.05288977730094742,0.04940837447237912,0.04736065945915176,0.06307302005173564,0.04984874416031675,0.04710816464617805,0.07720242470492772,0.07768892636723697,0.045102503897137394,0.05148887524640194,0.04769276728921862,0.04352259070590408,0.2029209216842398,0.14469225001422478
1992-11,0.052896890968646436,0.04943003471261788,0.047386612289221634,0.06302290559338722,0.04990226984136308,0.04715532352218217,0.0772121370711105,0.07771607429096357,0.045170331361525276,0.05155943984539296,0.04775249425107029,0.0435786358768138,0.20250870813819705,0.14470814223750814
1992-12,0.05287348984183092,0.04934483163812142,0.04735109153330856,0.06309888788698605,0.04989508020300814,0.04709764191012858,0.07714158558431645,0.07775366305921264,0.04511823588831561,0.05151630999631906,0.04769348918645401,0.043544896939512044,0.2027150661337196,0.14485573019876696
1993-01,0.05290785081725259,0.04933766271285336,0.047356653767745595,0.06310527985204441,0.04992161671207055,0.047119375922984576,0.07707185814000962,0.07774819188276119,0.045138837402035045,0.051560445342928314,0.04767895486880122,0.043552660738699796,0.20257883639281715,0.14492177544699653
1993-02,0.052923193539140066,0.04931121121821333,0.04736018336486877,0.06310001502477655,0.049941053890390705,0.04711065505833251,0.07708179449876033,0.07774671582782387,0.04514750844113855,0.05159773350870079,0.0476757232268337,0.04355313154667014,0.202482013794362,0.14496906705998863
1993-03,0.05295602032060664,0.049327283983857745,0.04736631530625426,0.06307329382020925,0.04994496360107284,0.04712507125574412,0.0770476910823011,0.07770395871053495,0.04516809100439743,0.05166644182000341,0.04768786177976646,0.04357049475900861,0.20235076596231688,0.1450117465939264
1993-04,0.052983146488150175,0.049292253773726334,0.047360936129548496,0.0630389007737733,0.049953536445015614,0.04712128585155617,0.07701276947071899,0.07770219024317408,0.04516339603050447,0.051679958278792716,0.04766665826092014,0.04356764693393488,0.20240957241287189,0.14504774890731262
1993-05,0.05278039169285512,0.049371213977333434,0.04737657231264658,0.06307968747524019,0.050005456871096435,0.04708050425215964,0.07688579383218826,0.07771337196457563,0.04504879526034945,0.05173547381980404,0.047617720717717756,0.0435574903029454,0.20246286714412615,0.14528466037696192
1993-06,0.0527932147834798,0.04942432629346423,0.04738952189678708,0.06314014578119768,0.05005753795640372,0.04696248827058855,0.07677639108229822,0.07783113955739655,0.04500332569564548,0.051726564619688796,0.0476799343562335,0.04353723633046694,0.2028975836984804,0.14478058967786914
1993-07,0.052805446003859016,0.04942108721223571,0.047394866156648015,0.06315537310344511,0.05007060231378667,0.046969637155952024,0.07676325350400814,0.07782682603795726,0.04501670747971008,0.05174399752745026,0.04767703448813474,0.04354676211322922,0.2028216703680756,0.1447867365355082
1993-08,0.0527959028264979,0.04942362350526836,0.047393965777137115,0.06315205710748399,0.050066286361510864,0.04695880192227543,0.07677174743183815,0.07783447278151535,0.04501714119949186,0.05172444765563479,0.04768178098508251,0.04354820040664594,0.20280020694845416,0.14483136509116362
1993-09,0.05279811186077194,0.049499849778443336,0.04739728533928732,0.06312157300920979,0.05010116006057538,0.04690629430803729,0.07669325338699227,0.07781902864207477,0.045029777678263015,0.0517499776765772,0.047709939822840566,0.043547693344850716,0.20235236380204294,0.14527369129003356
1993-10,0.0527760257994699,0.04955799095924678,0.047398448626079254,0.0632092133474954,0.05008118716851078,0.04697143856649564,0.07667883660367251,0.07781157986070353,0.04504970219059406,0.051805243573026884,0.047792708558640325,0.04359007460717746,0.20254232869617617,0.14473522144271125
1993-11,0.05272921398250902,0.04949829737567827,0.047395677885378296,0.06326845787018713,0.050050152869190304,0.0469748998972695,0.07666252047565901,0.07789527880105293,0.04502907906440853,0.05176019996780529,0.04784958997978355,0.04359545467627944,0.2026164112448892,0.14467476590990969
1993-12,0.05285507883529218,0.049611857270139816,0.047522748245161194,0.06310579449146936,0.05019692276553941,0.04706300286589263,0.07640112669865122,0.07768210689157845,0.045136645998581484,0.05189406244299162,0.047849928071094776,0.04367382865676178,0.20192745229380502,0.14507944447304094
1994-01,0.05285852883615162,0.049591363768532175,0.047505463471855025,0.06311963873903975,0.050189946729617234,0.0470539112279693,0.07643904751778476,0.07767670783292084,0.04516074432398313,0.051888708775546105,0.04784631878373682,0.04366615045970446,0.20195836727207436,0.14504510226108416
1994-02,0.052932837735677286,0.04951876477142125,0.04749068606043736,0.06306012447161746,0.05012477433446503,0.047029090261456484,0.07645422636860277,0.0778279613419511,0.04519546542153368,0.0519137978554627,0.047830337875607386,0.0436446244004148,0.2018828092592135,0.1450944998421391
1994-03,0.05310675910151423,0.04954009897814329,0.04768436484052363,0.06311845037967484,0.05031973168847078,0.04732244012542946,0.07620622241068567,0.07766172465982787,0.04547784042033103,0.05188825281419649,0.047894039392743754,0.04372938488160259,0.20090334039723312,0.14514734990962302
1994-04,0.05324900139640878,0.049548626507850746,0.04782047042882476,0.06322532641674458,0.05045183491618772,0.047500102316305574,0.0762779690820456,0.07771998511042841,0.045605324742348324,0.05187353472266334,0.04811086810594777,0.043772869582272306,0.19912357356735558,0.1457205131046164
1994-05,0.05326666023479026,0.049550793376749426,0.04781603868188824,0.06328665461633663,0.05049110132814388,0.04749676727241441,0.0763106569720894,0.07777145469400336,0.04561375997296586,0.051903588838462966,0.04814019405476359,0.043771096413471676,0.19892583934947747,0.14565539419444282
1994-06,0.05325481890800175,0.04953238203797916,0.04783372003069379,0.0632976578524539,0.05051228932233269,0.04751576871205914,0.07633696025181241,0.0776686254292837,0.045604213438933276,0.051943535833476204,0.048177682424107776,0.04377353410187129,0.19887563523117768,0.1456731764258172
1994-07,0.05327137507776555,0.04951284419146145,0.047852782855691986,0.06325209588522814,0.05049347060666438,0.04745598714981155,0.07647877493346314,0.07754130309868607,0.04561652797436646,0.051915194533709845,0.048186857209522996,0.043787991408381494,0.19876003085394395,0.14587476422130302
1994-08,0.05328772393198061,0.049513483752319565,0.04782916199018978,0.06324939251999957,0.05048428277037321,0.04744829534512466,0.07647686297986477,0.0774322319515304,0.04566466374116695,0.051964048939316096,0.04820491839009016,0.043808505653407735,0.19860020680937818,0.14603622122525833
1994-09,0.053220590945435964,0.04955330940127875,0.047806852235654146,0.06330093654778174,0.05040968854754891,0.04734397786326445,0.07651364068900222,0.07746391834878529,0.04564104213398896,0.0518128068749131,0.04818605839897809,0.043796615395916685,0.1987708440715176,0.1461797185459339
1994-10,0.05329282654202933,0.04949609093120209,0.04783720782013134,0.06328757645915095,0.05045182782191307,0.04741280516306258,0.07654454975970756,0.07740806747946241,0.04566478312235455,0.051946046104283175,0.048145467904589186,0.04380868635575919,0.19813197626423174,0.14657208827212295
1994-11,0.05329486747584032,0.04949539588527746,0.047837753219727615,0.0632954199146815,0.05045326797273601,0.047417867885354535,0.07654333571422335,0.07740985869906701,0.04566618604631674,0.05194720731811571,0.04814623995237781,0.04380887975750982,0.1981160157547817,0.1465677044039905
1994-12,0.053371023692765494,0.04944877207258277,0.04779158983243168,0.06315570228699735,0.050372820151099014,0.04750259242623531,0.07619637878730388,0.07765642371267109,0.04569182476192106,0.052130614541662075,0.048087290146439594,0.043805083900099774,0.19836218667733876,0.14642769701045222
1995-01,0.053371865969154005,0.04945394053594912,0.047797549392824885,0.06315183351660507,0.05037629370846245,0.04750554614562332,0.07619530457576704,0.07765434540387944,0.04568742154169456,0.052130559935680096,0.04808847247069234,0.043806566102427454,0.19836660389172123,0.14641369680951913
1995-02,0.05338590151613033,0.04953382115822706,0.04782306517824138,0.0631846845681299,0.05041227938954279,0.04753429007005801,0.0761608751089827,0.07756605513358374,0.04569914568924826,0.052096319033366076,0.04806463057213006,0.04381002217521619,0.19825419485934648,0.14647471554779715
1995-03,0.053428274945440266,0.04951436274754253,0.047790195976939856,0.06315121689945899,0.050401856630373866,0.04748220963200664,0.07627451935544405,0.07770959634334071,0.0457443067840335,0.05215110965217615,0.0480580921725951,0.043810042261314255,0.1977421704641339,0.14674204613520025
1995-04,0.05342113585227708,0.04952155288387858,0.04778000126971181,0.06309542445966275,0.050378408051990446,0.047457599762529695,0.07631383660090756,0.07779657050382735,0.04573124370955804,0.05214388396982113,0.048068250844374875,0.04379793731983887,0.1977526450970351,0.14674150967458657
1995-05,0.05344030574978895,0.04954270581116993,0.04778514560610729,0.06310850155550747,0.05036834500204434,0.04738434814937234,0.0763421072298434,0.07778954540910432,0.045793645778316336,0.05214330099619088,0.04808622684953273,0.043815033223063196,0.1976927783076415,0.14670801033231742
1995-06,0.053478929893872505,0.04956560443496566,0.04785402744619974,0.06313783016428769,0.050434840984308754,0.047453360034611994,0.07659459234568354,0.07770393554498353,0.045882773066030176,0.05227149212676838,0.048091260892767156,0.043949446435668324,0.19637257762198174,0.14720932900787098
1995-07,0.053489090612907554,0.04958222488860011,0.04785066747946711,0.063218951115647,0.050452464071668764,0.04738148282339176,0.07654811983878104,0.07775595097332814,0.04586132278926901,0.052246978135183156,0.04809721724455579,0.04394049026611462,0.19634896120083004,0.14722607856025596
1995-08,0.05349616033017983,0.04957157146841062,0.047818152959634916,0.06320341444757512,0.05045750033171088,0.047317331015674646,0.07644873746465537,0.07779043447586888,0.04584265430938748,0.052196754038761436,0.048066990309178985,0.043898564859971644,0.19661513683234855,0.14727659715664174
1995-09,0.05349460729489846,0.04957146534179906,0.04781598904190943,0.06319548009362737,0.05045546498533104,0.04731591001837562,0.07646196870518986,0.07778884652723045,0.04583618776515942,0.05219662543187101,0.048074772981367336,0.04389770045881885,0.196631328245883,0.14726365310853906
1995-10,0.05342180279174958,0.04965725689465015,0.04785677509534442,0.06325596077018562,0.05044415830595024,0.047358531591818194,0.07633332436474786,0.07761082236918161,0.045855692808157676,0.05210991742285477,0.0480365215352386,0.043941395346086896,0.1966983505145518,0.1474194901894826
1995-11,0.05343307719107032,0.04958619888722656,0.04782401344431223,0.06324736425121967,0.05040591490590929,0.047391776442474755,0.07632070491089527,0.07765729744259715,0.04578464647730581,0.052131453540492166,0.0480104880843553,0.043922508837914445,0.19691093683636526,0.14737361874786165
1995-12,0.05344020818214591,0.049558635734681576,0.04777867293249285,0.06320690936094531,0.050351513761032175,0.04753030212160746,0.07638194774492521,0.07778561206042253,0.045757945263125835,0.05212229429217098,0.047961076797658625,0.04393802463569462,0.19662475438202562,0.14756210273107137
1996-01,0.05346329996363874,0.04955340972492939,0.04778958435695537,0.06315054333944319,0.050382707018074756,0.04760788716541124,0.07634141047966456,0.07770995032416625,0.04579880985255435,0.052082824820674924,0.04798416675968781,0.043962185264548516,0.19655302634571256,0.14762019458453843
1996-02,0.053462694370753024,0.04953774633275628,0.04778718354256478,0.06321112589146241,0.05034927565958199,0.047614900481217075,0.07633490493385793,0.07770590974377167,0.04583434071231954,0.052027798704306336,0.04796647019105724,0.04396256745250624,0.19668372723377428,0.1475213547500711
1996-03,0.05351191734546779,0.049569810794749015,0.047804521950996395,0.06323860889864279,0.05037878421340931,0.047681000797345295,0.07630452023394692,0.07767740843462106,0.04588321249808766,0.05203155816691346,0.048001546879363574,0.04399198346996158,0.19633151652431566,0.14759360979217953
1996-04,0.053507083368396186,0.049600433482372565,0.04782466063836604,0.06328878693582675,0.05041233406978674,0.04766475695065521,0.07627427365609755,0.07767317296245646,0.0459189333406972,0.052036267452246855,0.048011124762943266,0.04401554476240164,0.19623606798708623,0.1475365596306672
1996-05,0.05350823458251987,0.04961035802875775,0.04783143095094406,0.06330268030930401,0.05041204898817163,0.04768832230235982,0.0762905340513059,0.07765906814510458,0.045929333458900455,0.05203565257527468,0.04801010574307388,0.04402408082887122,0.19617085233657183,0.1475272976988401
1996-06,0.053484979970018255,0.049605464893705105,0.047824682816384884,0.06330506107863211,0.05041299915523863,0.0476782783765166,0.07629886866583119,0.07765205432199036,0.0459188514818252,0.05202400379915176,0.04800824412359285,0.04402161720861693,0.19622806558104552,0.14753682852745056
1996-07,0.05352335779998111,0.0495498278858031,0.04782337299395566,0.06331485907342027,0.05040432207979965,0.04762978864286074,0.07628955921435158,0.07778258435596794,0.045900983528302214,0.05201723945308301,0.04801309047532938,0.04399928064756723,0.196330633460802,0.1474211003887761
1996-08,0.053576542624608516,0.049611831988976146,0.047893172052685756,0.06326121351102693,0.050557293257907546,0.04754638309642574,0.07558658080885701,0.07742674157066907,0.04582168854951348,0.051942592375383394,0.04818915228524589,0.043899877583979126,0.19712122364195142,0.1475657066527699
1996-09,0.05360560427535936,0.04959753927282034,0.04787678236035184,0.06324164572291145,0.05054982964115086,0.047521819143055866,0.07564490364724372,0.07738355880950432,0.04578476089903967,0.05191352436507155,0.04816438338781531,0.04388867994677201,0.197269626482916,0.1475573420459877
1996-10,0.0536201619465835,0.04966630131360237,0.0478380708195431,0.06321881652207356,0.05048116965486644,0.0473726920809593,0.07573957566529295,0.0775188355310592,0.04580456985562921,0.051829236120958536,0.04812914851375128,0.04391447554913449,0.19701754438090446,0.1478494020456417
1996-11,0.053631740064844856,0.04966111579672357,0.04784659646698155,0.0631813824795018,0.05048514877661876,0.04740186664269697,0.07578638626792175,0.07749935625845818,0.045836638294898424,0.051857905337857835,0.04811285582078181,0.0439317553491119,0.1968522378371014,0.14791501460650122
1996-12,0.05366211563663536,0.049651824198310865,0.047840703779315374,0.06313822035492024,0.050489789063728946,0.0471918262422761,0.07569882807303334,0.07764326588762192,0.04594729393294967,0.051827198214618814,0.0480333859158491,0.04397988808178,0.19647953597414727,0.14841612464481294
1997-01,0.053753140104017244,0.0496697123912766,0.04792044087204819,0.06324842174771138,0.050521030222858365,0.04720079018718298,0.0759639647526462,0.07775817793136859,0.04593957405770225,0.05182861383901409,0.04806650230507112,0.04400502935568569,0.19587432588005227,0.14825027635336505
1997-02,0.05369371602571269,0.0496564316907551,0.04789698456957656,0.06319071534615008,0.05048075387239106,0.04710581348098443,0.07594969471444436,0.07777586455033762,0.045970422947039576,0.05171120937795344,0.048005637263658925,0.043978040746428006,0.19606803857296695,0.1485166768416011
1997-03,0.053765367164651835,0.0496752655917446,0.04791236485825647,0.06307947993604902,0.050516093046585185,0.04702489735127076,0.07602562873873885,0.07776103993915182,0.046016151514579946,0.05173259400615836,0.0480661304682053,0.04397380931644142,0.19605265807435587,0.14839851999381062
1997-04,0.05370948646597933,0.049735408303688354,0.04794391811315472,0.06362280157719409,0.050578828415947755,0.04699454215001015,0.07553375887848095,0.07776499314988795,0.04616085512621784,0.05159087635418481,0.047995709442132314,0.04402666873537845,0.19553744889443145,0.14880470439331178
1997-05,0.053671050391280596,0.04972236248159132,0.047910667677073575,0.06367818217796567,0.05053952067141949,0.04693006144336539,0.07553503213957867,0.07789517852936222,0.046178478916183756,0.0515430416746809,0.04795459393122532,0.04403665459429528,0.19538273165000083,0.149022443721977
1997-06,0.05365173888676495,0.049691659296081166,0.04780821194279066,0.06351053858982163,0.05051663286283042,0.04677341256693614,0.07531322151016166,0.07790502144501821,0.04617829096127245,0.05147888873448666,0.0479621326858044,0.04399899822212721,0.19584068479711206,0.1493705674987924
1997-07,0.053660409377374554,0.049696531691348154,0.04777879034564084,0.06357069072965864,0.05048346836786617,0.04681848435975804,0.07529427977077406,0.07788099580045602,0.046158697177928906,0.05136335987324618,0.04792155689468357,0.04401682311498053,0.1957798744595528,0.1495760380367317
1997-08,0.05377897490416464,0.049644553491145514,0.04774867342470345,0.06341396837768114,0.05043010008131181,0.046499447547031274,0.07549731030677637,0.07801264785831441,0.04612213377922018,0.05152115445164101,0.047784380759595485,0.04404896763944787,0.1948326120744795,0.1506650753044874
1997-09,0.05364761237871141,0.04985605708874533,0.04772954329886381,0.06359574559233545,0.05029227400607583,0.046602740622466166,0.07549241885848447,0.07813816438864045,0.04619233458485013,0.05143243422678625,0.0477333349229835,0.04413932053187378,0.19433042034988676,0.15081759914929663
1997-10,0.05365613865156716,0.049869673097640566,0.0477969414526459,0.06351259289155844,0.0504311500394521,0.04668223384812372,0.07506880227088074,0.07809802322099364,0.04621990063716814,0.05139684240159265,0.047663871289227444,0.04409997736770608,0.19430376455190335,0.15120008827954
1997-11,0.053574785280294024,0.04981270986857704,0.047674267724567725,0.06344359704331952,0.050363982404808424,0.04653950953667671,0.07518447167953159,0.07811953015082412,0.04619550658949218,0.051404550135139664,0.047625012620824414,0.04402930564471186,0.19483881907332531,0.1511939522479074
1997-12,0.05353678464729342,0.04984019001847126,0.047658968513325094,0.0635068524403735,0.05033603604262005,0.04654127044110072,0.07503145827430277,0.07801326399602647,0.04617514920864708,0.05139944014216118,0.047616334558135937,0.04403394406203135,0.19491347250670701,0.15139683514880434
1998-01,0.05353626282072562,0.049839407091254666,0.047661120032057504,0.06351030262688112,0.050336515610180814,0.04654498134528953,0.07502919902471451,0.07800431814278438,0.04617692514732614,0.05139887956716699,0.047614844623521446,0.044033629160983564,0.1949023899682223,0.1514112248388915
1998-02,0.05350561279287575,0.049838789101358104,0.04766877294627582,0.06344383271463638,0.05031739913042407,0.04657363214803017,0.07509130416891185,0.07791821712874529,0.04617784487233791,0.05143395836442984,0.04759255808263836,0.0440325908449026,0.19501527587135942,0.15139021183307425
1998-03,0.05352319136939524,0.04954712881773953,0.04764273519575912,0.06330134026586406,0.050184972153949736,0.04641008431495458,0.07523541819312184,0.07799780230071639,0.046009070838424856,0.05142590723019662,0.04746164108211754,0.044033324668069716,0.19599259347220171,0.15123479009748905
1998-04,0.05347579138484756,0.049493252651780756,0.04762564653519293,0.06325578364151924,0.050204102036453174,0.04649808583310014,0.07479264673416572,0.07774122187302893,0.04595779012938739,0.05145380033933752,0.047432092103690614,0.04400630383634561,0.19659846392538632,0.15146501897576414
1998-05,0.053475520393690495,0.049493859884714886,0.047626117946208524,0.06325695007230486,0.050204611912286305,0.04649914351520678,0.0747918025884557,0.07774021407884392,0.04595806336455092,0.05145442223897523,0.04743276686608543,0.0440068663234296,0.1965932302912203,0.151466430524027
1998-06,0.05353885381637933,0.049690323278902604,0.04757765410167313,0.06314114315881851,0.05027057452877983,0.04638548891623906,0.07470736065704471,0.07770771649799094,0.04603846678220791,0.05142292301829987,0.047412557015275206,0.04393800906489451,0.19697788186101814,0.15119104730247637
1998-07,0.05352357217835564,0.049698560202587165,0.047602394675158526,0.06317767510557155,0.05028644345910014,0.04633912800284244,0.07469400283576733,0.0776825484749367,0.04601947390729764,0.051390645223446586,0.04740363608625855,0.0439438739186637,0.19694578168322016,0.15129226424679382
1998-08,0.053450522294688996,0.049752980937319294,0.047544683637022585,0.06295892610384407,0.0501072530622357,0.04643707317457374,0.07505247070383714,0.07738339991178456,0.04601879693677936,0.05146314502294423,0.047451017259317496,0.04393515105606104,0.19703394326218704,0.15141063663740484
1998-09,0.05286560132870796,0.048827565513848106,0.047037764657458674,0.06241752791465782,0.04996635887059426,0.045819939241546336,0.07339970483334923,0.07901027272814518,0.045679869935535806,0.05105505594231531,0.04627649939093123,0.04327113837957119,0.20364389471827551,0.15072880654506343
1998-10,0.053271792452101376,0.049186478073632134,0.04734534168658513,0.06201103150767012,0.050523546587493,0.04556566040743779,0.0730408990491815,0.07880874849495995,0.04599933872513867,0.050885462247104885,0.04658584204450866,0.04342996076247717,0.2021779855679188,0.1511679123937907
1998-11,0.052987667323694816,0.04897394309057164,0.04712743295331083,0.062158339519452654,0.05025698627195583,0.04553246149816169,0.07276939282047054,0.07921899995284144,0.04581891486177786,0.050917101498972765,0.046439598168084434,0.043416951905708726,0.20340416470077313,0.15097804543422372
1998-12,0.0529057616504568,0.048929118621748785,0.04710896551087535,0.062214751340880614,0.05027757078415122,0.04537994703725925,0.07271421839168937,0.07924207673251007,0.0457066679346168,0.050846648789808886,0.046381137986758844,0.04337583014435473,0.20381030683313203,0.15110699824175727
1999-01,0.0530324292756281,0.048947626086018964,0.04713635046527806,0.062399578326940305,0.05039435418914238,0.045150565868422296,0.07212877215901077,0.07925467125014574,0.04560916957319356,0.05083576342744501,0.04641965688623281,0.04338182151515121,0.20397636057584098,0.15133288040154996
1999-02,0.053010989694546394,0.04897282035155437,0.04714855388992001,0.062363591098953564,0.050374018289044635,0.045216553608909534,0.07222173589123382,0.07917619909644011,0.04561909634958324,0.05083738558464718,0.04642265145152028,0.0433967877914297,0.20394781793587538,0.15129179896634184
1999-03,0.05307016532706678,0.049028031617224375,0.0472629322164327,0.06242760751000117,0.05065202968937593,0.04503016505506473,0.07229403534276589,0.07921214816068314,0.045799626657497074,0.0510974176783131,0.046687308840711456,0.04355116419198044,0.202215383790968,0.15167198392191522
1999-04,0.05312870823302407,0.0490586313872722,0.04724201403825988,0.06220613990887976,0.05061348762603221,0.04497626019289958,0.07235934342863641,0.07930883130089761,0.04579699636052808,0.05109833687584253,0.04668353358815559,0.04357046185799856,0.20220876431848636,0.15174849088308714
1999-05,0.053154087300896324,0.04890830823820085,0.047127648909439566,0.0616487866139617,0.05038061213688289,0.04505298713968621,0.07208842843443711,0.07897766719893581,0.0459295279077286,0.051451890518170194,0.04664760161192698,0.04350326260557601,0.20300263034923852,0.1521265610349191
1999-06,0.05327334933977238,0.04886995202675285,0.04713576941823621,0.06160099462444915,0.05033645642936962,0.04511279398527404,0.07219684184598987,0.07953732775968712,0.04593197539703575,0.051470706950299636,0.04662532822448299,0.04349532172999091,0.20246179407871384,0.1519513881899458
1999-07,0.053274039760788885,0.04887288284007615,0.047150944568472644,0.06159784959873879,0.050339585436098684,0.04513828419372776,0.07222659677870812,0.07951101968567306,0.045950351045878066,0.05148342962441077,0.04663302898161916,0.043504790672099315,0.20242058267924945,0.15189661413445915
1999-08,0.05328584976502195,0.048785633659394256,0.047212065134867566,0.06178551692205845,0.05043845135570258,0.04519022277682339,0.07221464854456325,0.07959464005952004,0.045907163428947496,0.05142817486658187,0.04655909438770814,0.04343117273839567,0.2024442022679671,0.1517231640924482
1999-09,0.05320900520008274,0.0488382790940698,0.04724136641372752,0.06187351509158249,0.05045130089912868,0.04531943214947518,0.07188499909143028,0.07967595904866694,0.04583504219399414,0.05154843705755148,0.04649770628444452,0.04338878963806409,0.20247649692393294,0.15175967091384926
1999-10,0.05304087187395885,0.04866969035593962,0.04725051703384801,0.061757437611444574,0.05029270731542857,0.04535867901732982,0.07216799815238631,0.07943212045195376,0.04591104251861813,0.051387417381422724,0.04640829477670405,0.0434084342509265,0.2028264875296397,0.15208830173039944
1999-11,0.05307503468342742,0.04883480881277004,0.04741658043829392,0.06246777790476887,0.05027062539889432,0.04561697180489233,0.07185367986032455,0.07977078724015847,0.04613527168221969,0.05120365061539285,0.0461168824343642,0.04367727830123489,0.20467706788822942,0.14888358293502907
1999-12,0.053080747691416824,0.04882670392817793,0.04741955808989896,0.06259613278952422,0.05030550099948095,0.04581016425680372,0.07202577121502761,0.079522275023383,0.04621578976005247,0.05125297665216343,0.04609281220013515,0.04373085870003694,0.20456909389126712,0.14855161480263165
2000-01,0.05310838621039073,0.04881953775824878,0.047357928603196674,0.06259907438126179,0.050279067332676654,0.04571038850501121,0.07198118757996556,0.07956307135693556,0.046187671293516336,0.05129872647756324,0.046104970974919335,0.04368650516635772,0.20467146862695626,0.14863201573300008
2000-02,0.05303620962417127,0.048889262807232305,0.04720497719085009,0.0627437094711413,0.05010784057056542,0.04566460299939379,0.07182965180389583,0.08011887295467832,0.04598717044481471,0.05165161995618875,0.04607316883293311,0.043657409677241965,0.20428998396390316,0.14874551970298996
2000-03,0.052899345898360914,0.048718400590635126,0.0471975119526131,0.06256442827704864,0.04989254643051977,0.04603613109655552,0.07166516042471646,0.07973614133574279,0.04593641562343729,0.05160552483297779,0.04592234070045132,0.04365324070850774,0.20496411441308127,0.1492086977153525
2000-04,0.052873951325139015,0.04856196855246666,0.04704485161568358,0.062164648751681685,0.05035968556495299,0.046152388916209784,0.0714574478096213,0.07965603739858265,0.04573274513535688,0.05191387933615183,0.0455924491804148,0.04373073657796565,0.20433452988348996,0.15042467995228304
2000-05,0.05286573509883938,0.04877393241673979,0.04712028353607695,0.0621307020332741,0.05040455289838518,0.04601154542525099,0.07115361087276777,0.08008318261602972,0.04569439038286967,0.0520670054739764,0.04556640955914554,0.04376901038480544,0.20406750624115666,0.1502921330606824
2000-06,0.05302896559174295,0.04859855673772091,0.047104994703027744,0.0623844117346955,0.05046465498445918,0.04588033854608983,0.07082218624699886,0.08026735294815981,0.0456801916476426,0.05215768980847535,0.04566198128333128,0.043770063360829926,0.20401660962403842,0.15016200278278774
2000-07,0.053031426532873606,0.04860197672389851,0.04710740589094177,0.062388136079880974,0.05046775769740694,0.04588158060118899,0.07082437997361087,0.08027234507664031,0.04568295929451995,0.05215890302925006,0.04566505719090981,0.04377248212484784,0.20398760556289447,0.1501579842211359
2000-08,0.05306409207477031,0.04870291246933662,0.04710306140911378,0.06233492845882242,0.050474306116142495,0.04582988769845253,0.07058625309316043,0.08045661464291709,0.0456855052936803,0.05205739037425625,0.045811886165863853,0.04379212748589566,0.204030866018037,0.1500701686995513
2000-09,0.05331324363426447,0.04869856021537818,0.04698958011267816,0.06216603838632734,0.050563286395392114,0.04565552458978934,0.0709315063412416,0.07989090010299345,0.04588882950723691,0.05211254256820876,0.045708579222571585,0.04374932313811901,0.20367078816144774,0.15066129762435132
2000-10,0.0533715878925997,0.048660597864017205,0.04691076412443162,0.06224853639900557,0.050562138676749406,0.04551217708523447,0.07081366813408546,0.08016100765511688,0.04592976706470203,0.0521697965259188,0.0457405955150804,0.043722511117605764,0.20355444847357448,0.15064240347187832
2000-11,0.05345641191844594,0.04868827539319409,0.0469322630535903,0.06220855295551414,0.05063043098649306,0.04545362368734202,0.07080295974989707,0.08011398085033095,0.04591576362228096,0.05219092676313509,0.04573732373169568,0.04370509862309921,0.2035859466172943,0.1505784420476871
2000-12,0.05372232016327617,0.04839515665878769,0.04688954574029397,0.0621825311535128,0.05083825923748123,0.04479471239125417,0.06958203914245745,0.08053438115606147,0.046022311785414355,0.052354235157028986,0.04567211016064589,0.04358750967135277,0.20504925963069406,0.15037562795173898
2001-01,0.05371077255784312,0.04849643314378645,0.04685534842950009,0.06208351179355816,0.05077021553653117,0.04503577378970533,0.06994654179674842,0.08039060158100518,0.04601011086187765,0.05239358264954815,0.04559014041218126,0.04369089580315589,0.20461431085076895,0.1504117607937901
2001-02,0.05370763883536688,0.04854038961502264,0.046863850703658644,0.062074649708209834,0.05075518328439888,0.04508093594886096,0.07004281107866105,0.08031718092107835,0.04603180596225027,0.05236831390454184,0.04559465033997499,0.04370408799533088,0.20453907958831136,0.15037942211433347
2001-03,0.05375975260974817,0.0485831726623778,0.04679715267549463,0.062112923679792015,0.050767646596328125,0.0444944452068973,0.0694719927174517,0.08080766159649715,0.04595286194498524,0.052403707854738725,0.04550346588340552,0.04371889857357349,0.20542431943265796,0.15020199856605218
2001-04,0.053687809124507296,0.0486205393535053,0.046741071383421956,0.06225898970676467,0.05065344841941382,0.044202048094249186,0.06918972611680943,0.08108467404162428,0.04601140234745857,0.05217370257814265,0.04552937639456721,0.04363724650584042,0.20582323997050592,0.15038672596318942
2001-05,0.05374806914499221,0.04847334045412841,0.04658239476514619,0.061959743135215815,0.050651402586509894,0.04388814959083358,0.06910101347487707,0.08079979882853507,0.04595460431646578,0.05212506471322018,0.04550529395218365,0.043471139422505474,0.2071587181598479,0.1505812674555386
2001-06,0.05373945068583669,0.04848336293307717,0.04658102749941767,0.06196834829125778,0.05064583071022357,0.04390195396670458,0.069121061173995,0.08080578515258342,0.045953637236341216,0.052120083696732114,0.04549821743225771,0.043464289075188844,0.20719561523913446,0.15052133690724967
2001-07,0.053762486038942334,0.04865551486589463,0.04649456722278426,0.061748897976053714,0.05068482991346139,0.04399188541639812,0.06905163035817258,0.08047514958728634,0.04595441071253256,0.052098162659629035,0.045582786636849226,0.0434963431581781,0.2074945862193907,0.15050874923442714
2001-08,0.053743149923681476,0.04868649313837373,0.04649503677644975,0.061705887167322206,0.0506892900774595,0.04392301410943038,0.06901123067303314,0.08033931784169432,0.045992062743347495,0.052115338101456625,0.045569636561949255,0.04344144195078132,0.20784886797038096,0.15043923296463985
2001-09,0.053882222628428914,0.04845659831242501,0.04647528824021625,0.061594394080877655,0.050782730987921354,0.0436875155557218,0.06856054701779886,0.08041859979767503,0.045871031388642736,0.052061155067103605,0.045484201055712055,0.043388793179133495,0.20871898060896138,0.1506179420793818
2001-10,0.053899699331723415,0.047854657027909746,0.04596960607333237,0.061363112906760366,0.05075566545709346,0.043145433159205965,0.06860110959412684,0.0797710375048957,0.04567820381780005,0.05224080538953798,0.045451188769720596,0.04305325683270189,0.21063953212829245,0.1515766920068992
2001-11,0.05391126114776648,0.0478651447477737,0.04595798977249708,0.06133685726614043,0.05076012120650691,0.04307781691660614,0.06875731460240764,0.07977801069392883,0.04568601681966958,0.05225394777609783,0.045478860371943264,0.04306578776772143,0.2104505456548944,0.15162032525604635
2001-12,0.05388221675594773,0.04764440476882818,0.045845304107387366,0.061466491106125856,0.05063914465961793,0.04289230651449836,0.06859849716710044,0.07983156596977677,0.045563151150165224,0.05217458184013133,0.04539106811167384,0.04296962469872403,0.21134355826642887,0.1517580848835941
2002-01,0.053879744674941304,0.04764650975004185,0.04584060509799283,0.06145426803605302,0.050640552937862154,0.04289390000679177,0.06859219802222141,0.07981797100798435,0.04555792014959731,0.0521804979748582,0.04538762747601517,0.04296398162602502,0.2113863178040268,0.15175790543558892
2002-02,0.053909660305384785,0.04770237077291159,0.04588159633097744,0.06140470299924991,0.05066476400254181,0.04290196738919307,0.068407260620136,0.07967798267081941,0.045606640518205926,0.05215330415132827,0.045387839319034604,0.042949978785280694,0.21145839616616122,0.1518935359687751
2002-03,0.053898576688386685,0.047697098915727855,0.04587202770909487,0.0613796533516738,0.05065743396263374,0.04297202380921598,0.06846022481007967,0.07971863769493492,0.04562092330063447,0.052174486353670085,0.045408913208890116,0.04295315742636621,0.21137584613484053,0.15181099663385111
2002-04,0.05385437290109239,0.04762504844608471,0.045828692631899155,0.061259033379314265,0.050602978677710554,0.042914978576573067,0.06846931995411892,0.07939058831224836,0.045608480344083505,0.052178060630628964,0.04534859668893953,0.042939082639109005,0.21214335825619016,0.15183740856200736
2002-05,0.05393728070884245,0.04770492871446067,0.04583729541140601,0.06110929707083903,0.050563004042385506,0.04273347389339901,0.0679087634637159,0.07935805370443404,0.045604046264820695,0.05199062250628521,0.045348845161893934,0.04282816774014196,0.2129849912288316,0.15209123008854405
2002-06,0.05396046741305387,0.04770444402646649,0.045831800373973434,0.06110584331787512,0.05057678168871166,0.042704981549366874,0.06797444411946461,0.07915696720062076,0.04559252290413243,0.051968258538905514,0.04534997399676298,0.042813358819175654,0.2130421367514602,0.1522180193000304
2002-07,0.0538123503261702,0.0475481880422456,0.045855193357184534,0.06127135958682993,0.050686936001481546,0.04247247763708943,0.06703867826728285,0.07870497501269509,0.04557192685493429,0.05167070570359429,0.045325818876184115,0.04277302923913007,0.2146198602751862,0.15264850081999182
2002-08,0.053719065758500766,0.047252821070217915,0.04568290290011073,0.060649076486110384,0.05077263342834485,0.04237995617587765,0.06618942881401993,0.07732949011600777,0.04531572051495914,0.05187004787749966,0.04531555389828538,0.04294653736503176,0.21834214984429695,0.15223461575073696
2002-09,0.053720301257632705,0.04725603939118623,0.045692262866364276,0.06065393046221017,0.05077407265864705,0.04238466895531582,0.06619721748929419,0.07732422582031379,0.04531718795626304,0.05187473435368961,0.04531699721883381,0.04295343509957027,0.21827893931692832,0.15225598715375077
2002-10,0.053439786529858355,0.046958900486493226,0.04545836735525349,0.060287373930867,0.05070085429901261,0.041934940780918806,0.06551783631249329,0.07613459278788719,0.04510453692632571,0.05172724074559844,0.04503268217172147,0.042716693166868526,0.22211467253517223,0.15287152197152962
2002-11,0.053371488373463234,0.04709793573139006,0.04544231604667805,0.06026047282161351,0.05068712463596921,0.04166086662017304,0.06469900145836972,0.07625440037314007,0.04505739007563503,0.05165121262918475,0.04494329513800332,0.0427078398289725,0.22319504995511502,0.15297160631229254
2002-12,0.05346607180325103,0.0469108433171313,0.0453368587693354,0.06023811380861416,0.0506980416983696,0.04146016899413426,0.06434183240257775,0.07623277775615933,0.0450795048653532,0.051615260846690866,0.044933651616598166,0.042636681117962094,0.2240975799526719,0.15295261305115093
2003-01,0.05344307150671911,0.04680439083705062,0.04525573972735855,0.06023090355169215,0.05066572845805746,0.04130018530406974,0.06402079132758864,0.07636577344863282,0.044969883813916096,0.051514571282336934,0.04485465403088928,0.04255340685217325,0.22484584446904335,0.15317505539047185
2003-02,0.05339438600043199,0.04678658054602875,0.04521722457368293,0.060189224386043856,0.05063554578428813,0.0413149842217449,0.06393778693163518,0.07627930369704054,0.04493431783173287,0.05154161929591949,0.04486840797215566,0.04252116891961022,0.2245546420406565,0.15382480779902893
2003-03,0.053337472034017966,0.04672328553491552,0.045199119648086844,0.06024022163402134,0.050583919723515024,0.041340493269855706,0.06375473582233106,0.07610713268458241,0.04492623517732979,0.05150560056186963,0.04482577720720193,0.04252035949205973,0.2251356933516382,0.15379995385857498
2003-04,0.05331451560464861,0.046711977649836964,0.045199731316487066,0.060268181001158556,0.050654641133958775,0.04134487044363996,0.06375672425571477,0.07621077309752679,0.04497149373766829,0.051552519874627806,0.04483592345844424,0.04255652087773263,0.22500188915859293,0.1536202383899626
2003-05,0.05332279825842538,0.04641038640998814,0.045150667272480904,0.060471038269605294,0.050617156454509094,0.041260291065903384,0.06336595090585051,0.0758677795560815,0.04487152391484277,0.05155494894293067,0.04466557865437134,0.04235298571910636,0.22579202148399366,0.15429687309191106
2003-06,0.053321137562839134,0.046766166073930644,0.045359694846415846,0.06050031796933265,0.051082219926891,0.041319296716737806,0.0635272959421907,0.07552701416620465,0.04519944788031433,0.05191647916906773,0.04492611365676607,0.04264129300078929,0.22453764649185615,0.15337587659666393
2003-07,0.05332833743885186,0.046775076631967026,0.045366447886214606,0.06049595327937344,0.05107594650566412,0.04132132487684089,0.06353883904995633,0.07553861214623116,0.04521058529456983,0.05193316482440726,0.044929212886001664,0.042647654223548354,0.2244594314271582,0.1533794135292154
2003-08,0.0534170280165391,0.04700248771779802,0.04557642866876502,0.06055071898482449,0.0512596059390617,0.0414888798562155,0.06362948134549626,0.07551133559190289,0.04537286090690511,0.052073917207642456,0.04512329540306553,0.042772536816135465,0.2226822374328833,0.1535391861127653
2003-09,0.05346632786820028,0.04693843735946593,0.04554677524790195,0.060481985301808476,0.05129611298442423,0.041457140269420635,0.06366913974317721,0.07549756230407074,0.045328425149177454,0.05217007668039897,0.0451759899563149,0.04276719943234888,0.2227560516394367,0.1534487760638536
2003-10,0.053463306302352354,0.046938633239074934,0.04554845211866282,0.06048194026067606,0.051296125126405905,0.041463693351430395,0.06366588321368936,0.07551577214136684,0.04532953423182102,0.052168880516223565,0.04517285788893187,0.04276860609715019,0.22272935635565225,0.1534569591565623
2003-11,0.05337008851026532,0.04685357243458988,0.045411239337851746,0.06048188531691584,0.05122510528523817,0.041389354352229187,0.06350788132516,0.07547874114741746,0.045220643293908666,0.052186437507978516,0.045091697919971314,0.04273056067094497,0.2236015883889273,0.15345120450860167
2003-12,0.053358546103374586,0.04684672966422878,0.04540700692247602,0.0604884667679319,0.05122896161666844,0.041388810308562216,0.06352276602346701,0.07548158762184017,0.045224846151203466,0.05218500617838543,0.04509461024462127,0.0427301939056895,0.22363227469226032,0.15341019379929097
2004-01,0.0534680330456832,0.04665903103105369,0.045390755735272806,0.060073048476067314,0.05124935627046389,0.04151684740296048,0.06337146879379763,0.07534725924329708,0.04550299814718894,0.052195541763358715,0.045185029883723346,0.0427963885474531,0.22413341098197295,0.15311083067770678
2004-02,0.053476587984250805,0.046667702581792744,0.04539987541378311,0.06008194328987538,0.05125803151976138,0.04150988698293606,0.06337219835404685,0.07534348435605989,0.045507800638266115,0.05219054417254685,0.04518082024663343,0.04279665060446743,0.22411393814692904,0.15310053570865073
2004-03,0.053468756071100174,0.0466729406582178,0.045400897305281754,0.06006962450799978,0.051254582020897235,0.04152025911491656,0.0633833131006061,0.07534127417226325,0.045496928549140774,0.052194583866882555,0.04517939533069224,0.042800837967944615,0.2240735093771439,0.15314309795691314
2004-04,0.05346361367385079,0.04666208207277871,0.0453968014963567,0.06006385130714042,0.0512579775565992,0.041505134825265994,0.06334623193462699,0.07535552083005474,0.045500028019806196,0.05214782017599937,0.04517186215673936,0.0427994115483735,0.22419298778948243,0.15313667661292568
2004-05,0.05363762377803838,0.04682859318217656,0.04548411089281337,0.06028936278990435,0.05141355748220182,0.04151152183193887,0.0634814820255068,0.07535608945465408,0.045550812330048165,0.05237686519780469,0.04519501819753666,0.04286510794617494,0.2227463157747837,0.1532635391164176
2004-06,0.05362831414079395,0.04683107311659534,0.04553414194336492,0.06032943071065914,0.05146140004752982,0.04158800161336333,0.06343654277975824,0.07543805993335073,0.045578061407767774,0.052397115807611354,0.045240174310613904,0.04291744683226736,0.22262071280066278,0.15299952455566124
2004-07,0.053639881933584294,0.046803190107134525,0.04550080047790274,0.0602830148639605,0.05145035081915416,0.041590044650103325,0.06346117816925051,0.07543564132556116,0.045604299581277805,0.05243560975887922,0.04526297780729527,0.04291177837758312,0.22266068658332136,0.15296054554499197
2004-08,0.05351058697084171,0.04674723395639359,0.04545765481788343,0.06039800625047551,0.05137968811473063,0.0414920809098357,0.06345510529442522,0.07549317203846125,0.045562958484851264,0.052318977341955834,0.045244980695825,0.04290278193363282,0.22297896833224987,0.15305780485843834
2004-09,0.05351915066355138,0.046761134394551034,0.04546499351811833,0.06041706924966354,0.05137329436612537,0.041508330039659785,0.0634617277250033,0.07548491628905213,0.04557439040438161,0.05232356667328795,0.04524521838847561,0.0429111203648808,0.22288302346907618,0.15307206445417298
2004-10,0.05353936996668292,0.046757929587015266,0.04546007573711651,0.06036915305024858,0.05138234246528755,0.041502741230491316,0.06346223673564501,0.07548402537479423,0.045569752703606706,0.05233892502228048,0.045251918776452134,0.04290483228855639,0.22290697997828623,0.15306971708353662
2004-11,0.053534499286243584,0.046789051177680153,0.045481162133650284,0.06038600383441364,0.05141032871203353,0.04148972032649883,0.06344882933313388,0.0754476450650163,0.04556487556431478,0.052374180607341926,0.045262890567295586,0.04290539994004806,0.2229047233385547,0.15300069011377485
2004-12,0.05348243236421823,0.04670493880009285,0.0453932020712004,0.06027050436654659,0.05133448876121649,0.04145590198046039,0.06340023545756251,0.07528027510317783,0.04555424254101669,0.05242942855116762,0.045234180250954215,0.042880518917121004,0.22395234902871178,0.15262730180655343
2005-01,0.053455871464459216,0.04668349913729908,0.045410907432887844,0.060382130488498977,0.05132876209293472,0.041462156009219146,0.0633676202712279,0.07527517250747892,0.04555590521527019,0.052387976387837286,0.04522726598289468,0.04286228351602962,0.22393210412766257,0.15266834536630006
2005-02,0.05350464769433113,0.04658390801658349,0.045418910111042717,0.06052976148251833,0.0513472532880107,0.04140722748445305,0.06325462399361347,0.07540266783466297,0.04558108057933736,0.05232345904457538,0.04522499555053056,0.04287101741155457,0.2242875807243874,0.15226286678439882
2005-03,0.053508457258569835,0.04659203639432526,0.04540438773095563,0.060363383665735154,0.05132784390402093,0.04141313615177401,0.06326883701417667,0.07538518484457869,0.04558329984304426,0.05231362937430035,0.04523413779752223,0.042872879213176764,0.22444850001640398,0.15228428679141623
2005-04,0.053517883506256234,0.04650095451464035,0.045408636084246314,0.06030043416196547,0.05133949693963809,0.0414088663359392,0.06329845313082993,0.07544425826715398,0.045615311598790856,0.05233107418555749,0.045213973061126025,0.04289320871077939,0.22424121999028887,0.1524862295127877
2005-05,0.05350234778873681,0.04631986815442684,0.04534152250903185,0.06014131440913409,0.05127257108470718,0.04136954508882228,0.06324098220021541,0.07553775801626723,0.0455378939756378,0.05243690590110275,0.04521281900969939,0.0428720831071658,0.2248867563637352,0.15232763239131739
2005-06,0.053517116810549464,0.046253469869189934,0.045334819480214,0.060153589982342166,0.05131226855876815,0.04132593550414486,0.06327176084621007,0.0755610753886492,0.04550479111920032,0.052462533741080286,0.04521657294684393,0.04287522246771151,0.2247069649230536,0.15250387836204243
2005-07,0.05353108634546415,0.0462517841689205,0.04534191486842291,0.06013654942144926,0.05132645867984283,0.04133358855224,0.06327896161418553,0.07553190072030554,0.04550229662094086,0.052470951416906636,0.04521542156725731,0.04288082673599261,0.22470921190308282,0.15248904738498903
2005-08,0.05350989912257031,0.04621540236575151,0.04529749540423736,0.060072013800177515,0.051291967231834226,0.041300996645775856,0.0632430442886874,0.07547439110184773,0.04546310129260993,0.05243826616876304,0.045207867337113614,0.042858905189636795,0.22508064418358364,0.15254600586741107
2005-09,0.05350511320882054,0.046206430560499445,0.045293288186962,0.06008521663473119,0.05127844636834298,0.04129785975404582,0.06323236071360333,0.07547069649284943,0.04544805142173931,0.052432384830991274,0.04520075193074153,0.04285216054058891,0.22513360579711997,0.1525636335589643
2005-10,0.05350809073747786,0.04619764227482249,0.04529709772916462,0.060111347662367275,0.05128060491028273,0.04130105843703886,0.06322804349560819,0.07549953757427523,0.045446154044236436,0.052428217965924055,0.04520528654223661,0.04285645643659716,0.22502926219440936,0.15261119999555908
2005-11,0.053558253548142844,0.046161321387351496,0.045308547378831776,0.05982858182470563,0.0513600531499849,0.04134274369037011,0.06321028185499547,0.07523763713113163,0.04556811357169096,0.05242421396330292,0.04535360252719887,0.042915162069380904,0.22464927917492153,0.15308220872799094
2005-12,0.05358583839608263,0.046169709024122714,0.04526830476724545,0.059857954939814,0.05136035576777516,0.041313867129245105,0.0632056505805895,0.07530206277398366,0.04555816032484801,0.05244120522941634,0.045337333504319885,0.04288772744182117,0.22464312610189513,0.15306870401884126
2006-01,0.05360043380188836,0.046181956684876964,0.04527160736822332,0.05987404597106648,0.05136574841888447,0.04132986837662122,0.06323551399160686,0.07530908752414314,0.04557011549109629,0.05244008532813522,0.04534690500544693,0.04289696054136146,0.22463314936819823,0.1529445221284511
2006-02,0.05370793794728312,0.046144840186980784,0.04523519794408255,0.059584727439775394,0.051396628847433616,0.04134569528756405,0.0632039050405531,0.07529687571397521,0.04561127280665756,0.05248318720896698,0.04541228556033475,0.042942999603069666,0.22533829548070397,0.1522961509326192
2006-03,0.05371680814434013,0.0461442549097194,0.045245390137413924,0.05950316658999681,0.051400594773286436,0.04134223004905836,0.06324001376437413,0.07530109475139875,0.04562048562313701,0.05249163996393147,0.04542308367016682,0.0429448490207974,0.2253078023154491,0.1523185862869302
2006-04,0.05372833844686302,0.04615824697813725,0.04526533231154971,0.05953124218125703,0.05140461646115003,0.041353830653172156,0.06325760932782613,0.07527204610488193,0.04563367707547842,0.05249132002766485,0.045429978347724664,0.042963869332860734,0.22517696243213983,0.1523329303192944
2006-05,0.053738967996494434,0.04617573403616492,0.04524247855346894,0.059504580409496396,0.05139828382041714,0.04138178299311872,0.0632579109159721,0.07526261460936386,0.045666327058335135,0.05253935183824925,0.045423092369793756,0.04297696401245793,0.22550403355653895,0.15192787783012857
2006-06,0.05374029681459257,0.046176431314812715,0.04522870137717816,0.059478188216673805,0.05138238595323508,0.04136194975227978,0.06325432072298637,0.07526849831815588,0.04565921208524171,0.05252656388231714,0.04540865794423818,0.04296878034244338,0.2254688914274623,0.15207712184838285
2006-07,0.053791365962338335,0.04625824985902786,0.04526560326253108,0.05961731322464704,0.051427833880251024,0.041386643635355845,0.06339768496071749,0.07543449229966928,0.04570205185354888,0.05257459138267423,0.045441792959920964,0.043016189763087666,0.22555994373101404,0.15112624322521628
2006-08,0.0537844905366906,0.04629043588698073,0.04530898339903446,0.059599180517422634,0.05145966741289779,0.04141732475797595,0.06339579105761317,0.07539978950496523,0.045742538840804925,0.05256422673497275,0.04545182551265298,0.04305941341446556,0.22552748968933067,0.15099884273419265
2006-09,0.053785041213699245,0.04629597965513867,0.04533310580861289,0.05968046407344651,0.05142672509797527,0.04138854774761897,0.06340308825955264,0.07540096117039137,0.045752375217176636,0.05257303777127875,0.04546823150592709,0.04306548272758463,0.22535838127636915,0.15106857847522814
2006-10,0.05377756665901163,0.04631495543477997,0.04534167961569848,0.05965316801910672,0.05143565681516376,0.04140123004962107,0.06342930092928052,0.07537247911096419,0.04577620323246044,0.05258060760858707,0.04548350828767382,0.043076379804890444,0.22541438823337367,0.15094287619938826
2006-11,0.05377913093710195,0.0462894333216968,0.04532356681728141,0.05960316367773492,0.051413799831491566,0.04139225036920556,0.06336712970293798,0.07526797757683838,0.04576692322863307,0.05259797007564048,0.04549966335178139,0.04305515591838124,0.2255087463778307,0.1511350888134446
2006-12,0.05383383504222998,0.04632641408146633,0.045321698042032954,0.059487016809788226,0.05147242088082115,0.04141753001609958,0.06344462825684233,0.07530018346493496,0.04585328806143358,0.052681360268610325,0.04555538539184997,0.04308160191207736,0.22545178414842995,0.15077285362338333
2007-01,0.05385128719595099,0.046326278651845264,0.04532562519937505,0.059474391724351476,0.05148595550351393,0.04141717168975464,0.06348755048170024,0.07531551108513854,0.04586411579881716,0.0526867849090871,0.045577832028908596,0.043095248237453046,0.22530428331838184,0.1507879641757222
2007-02,0.05385013271108982,0.046323086651545255,0.045322113439983575,0.05947991433069007,0.05148206672987093,0.04141585239800187,0.06348252578691833,0.07531530350077317,0.04586003526245282,0.05268153165264337,0.04557858820329841,0.04309282699717743,0.2253273724665285,0.15078864986902654
2007-03,0.0538480795759348,0.04632210860914722,0.045321580201258656,0.059477022643023784,0.05148122641326282,0.04141425272021943,0.06347916737614331,0.07531682324997557,0.04585890600498934,0.05267896365872801,0.04557649017559252,0.04309116135986969,0.22533866637786779,0.15079555163398695
2007-04,0.05385177796664239,0.046320791348809565,0.045323635024645176,0.059486545318793056,0.05148213570099366,0.04141501592379312,0.06348337634079496,0.07532765180046731,0.04585964832381627,0.052678410724336905,0.045575757758112644,0.043091056795063726,0.22531902716162167,0.15078516981210957
2007-05,0.05385630214284867,0.046277442258800885,0.04530315816351743,0.059449022922018376,0.05152074701851724,0.041408759014824874,0.06353630195988548,0.07527333346960953,0.045894261916047556,0.05260335692355026,0.045587773103697674,0.043118805026482514,0.22556119829893528,0.15060953778126446
2007-06,0.05383979731930523,0.046264589185725416,0.04527357856563767,0.05939244864410995,0.05151513837683204,0.0413959025243008,0.06346695002667256,0.07526322133946313,0.045886427080027214,0.05260007148632784,0.045576583934193345,0.0431026840544847,0.22576198818203047,0.15066061928088972
2007-07,0.053870914756017345,0.046353489599919924,0.04531170054114973,0.059475519769730596,0.05155013979699534,0.041448878764928664,0.06346517209378229,0.07510277735256635,0.045899208902386315,0.05257529303859945,0.04555917893807241,0.043137818187324845,0.22568518865552487,0.1505647196030019
2007-08,0.053783831076451086,0.04627244338960076,0.04533073061040185,0.05945261790515948,0.05157233239171898,0.04145403486915017,0.0633784111543957,0.07493197977802099,0.04582526967460221,0.05249611635789665,0.045442638724414036,0.043145567529081164,0.22630218345319672,0.15061184308591014
2007-09,0.05378523764953807,0.046280247771369055,0.04533548550730958,0.05945903495725389,0.051570561359843906,0.04145232162436761,0.06338929992020899,0.07493205026294983,0.0458266519475423,0.05249606775146639,0.04544435664773923,0.04314798577395492,0.22625556294780574,0.1506251358786506
2007-10,0.053780591810547056,0.046331860082307184,0.04532728478062102,0.059346717125439256,0.05150904655174588,0.04146039901638162,0.0634329865213646,0.07490450975497155,0.04592497315666699,0.052507272420126365,0.04549696138320697,0.043157443510626656,0.22671504099438078,0.15010491289161396
2007-11,0.053801558551944934,0.04636379958916129,0.045369910138774665,0.059367862158781474,0.05152847354369495,0.041427253606839756,0.06355277663437116,0.0747773232719773,0.04595357336718715,0.05254076285033341,0.0455660067134128,0.043159602972474634,0.22672907178815876,0.14986202481288782
2007-12,0.05378828645448517,0.04626807629640362,0.045319610065308914,0.059271419240990615,0.05151636895551359,0.04136201590401434,0.06341956422141504,0.07470692225357295,0.04590634046939092,0.05251599220714033,0.04548808393427659,0.04310368023054683,0.2272663345539882,0.15006730521295292
2008-01,0.05378373090028357,0.0462576295350618,0.04533410138483597,0.05938739073293557,0.051544543765723545,0.041382716804980825,0.06342391781584088,0.0747319534608229,0.045891198190200794,0.05247664583993261,0.04545740508458211,0.04309393780849887,0.2271962843883959,0.15003854428790445
2008-02,0.05365028781989758,0.04618067398372545,0.04520681814966531,0.05910463642576213,0.051379799894284574,0.041208282675355035,0.06316259355059643,0.07437104704765775,0.04590605799080162,0.05236539744553657,0.04544870910727058,0.043049915910646906,0.22807740514373093,0.15088837485506912
2008-03,0.05364846284802503,0.046122796375764614,0.045208001161378915,0.05921123047849471,0.0514160900050659,0.04118328475322094,0.06309049947267979,0.07427370202149154,0.045862109163199716,0.052351335344592,0.04533434477484477,0.0430303593238601,0.22825550223013696,0.1510122820472451
2008-04,0.05364917119729673,0.04611221495102627,0.04520407872962426,0.05919667497918442,0.051417468861359956,0.041183103132691204,0.0630870816052886,0.07427324547163455,0.04586491074490167,0.05234355009531037,0.045324036641916636,0.04303108411518326,0.22826083442336514,0.1510525450512169
2008-05,0.0536575818057723,0.04608682506299161,0.04518049124698204,0.05913218084725641,0.05140580196088739,0.041163064465734284,0.06305617901184218,0.07420866465457943,0.045845744891663265,0.05234081914812091,0.045302473803032324,0.043030736220922315,0.2284296247180249,0.15115981216219063
2008-06,0.053666393518311845,0.04609006113441823,0.04518797772051294,0.05914323782290057,0.05140981416130066,0.041171084544664026,0.06307098829417879,0.07422516274435757,0.04584877725316617,0.052345750592360324,0.045297167922990426,0.0430326022782584,0.22836619010719794,0.15114479190538202
2008-07,0.05352516032585869,0.04552388079106903,0.045003047777093894,0.05963835923045206,0.051392330402288564,0.04113351831064027,0.06254491770641066,0.07450337669477018,0.04579914014855433,0.052478963744482944,0.04480187402919338,0.04290870909966631,0.22950575268984397,0.15124096904967574
2008-08,0.05354568596547394,0.04552428531822191,0.044993942760553435,0.059489204831797954,0.051421322763196026,0.04113344349340723,0.06251439414516036,0.07440174216531704,0.045808739941466003,0.05253407711133325,0.04484946790511746,0.04291444476524486,0.22947133763870892,0.15139791119500168
2008-09,0.053565039291288946,0.04554222193038274,0.04501212022723017,0.05949335602871805,0.05143996574842108,0.04116138951505449,0.06257128835085624,0.07440908142724126,0.04585521796790744,0.0525558365589198,0.04484939803469725,0.04293280802035179,0.22967211660720652,0.15094016029172416
2008-10,0.053909190772565535,0.0455656706459668,0.0446467613995847,0.05903159585833255,0.051341614241139436,0.0410622442756354,0.061945927633100736,0.07346278547610517,0.04603467329239266,0.052666908281427435,0.04508569115186066,0.043002459198337735,0.23106841461402752,0.15117606315952353
2008-11,0.053999026760687435,0.04409415793238632,0.0441006198443276,0.058437548730563664,0.051298514981451084,0.0411820419101965,0.06141633637819744,0.0732002943090178,0.04624793741995372,0.053089969372050724,0.04482054782158252,0.04295022266069817,0.23343825688048944,0.15172452499839756
2008-12,0.05378675352263349,0.043852465456843404,0.04391181794984241,0.058401231061237964,0.051050044158426205,0.040971527664688236,0.06128558569560441,0.07309697612530026,0.04603044427296646,0.05279194985338191,0.04444104440932259,0.042741551296452074,0.23697664043672712,0.15066196809657334
2009-01,0.05394807746918351,0.043972780158934945,0.04397499535291264,0.05865737128558223,0.051264833294379475,0.04106009809190595,0.06136331883131896,0.07346560271337173,0.046072863232791195,0.05279677514683695,0.04455592801545323,0.04287119769994365,0.23563330286457887,0.15036285584280656
2009-02,0.05416708225639427,0.043879588198603166,0.04399734847415237,0.058879320355226784,0.051248995173712286,0.041352850807074876,0.061136273080479725,0.07411624389601125,0.0461995837016645,0.05318810249287706,0.04409479158635823,0.042774762141162825,0.23274861196488564,0.15221644587139713
2009-03,0.05410031058187716,0.043732093549225075,0.04366248018818042,0.05838543505112444,0.051094373033962644,0.04148811276768971,0.06106174768144322,0.07323140985047427,0.046452771527722446,0.0529180695434516,0.043793460306924305,0.042576220300324416,0.23273277560387093,0.15477074001372937
2009-04,0.05413053348714816,0.043601503111751344,0.04364654278084039,0.05850209629903989,0.051145612017896726,0.041408068744707274,0.0609666979736927,0.07343944277329625,0.04638828077406885,0.05290018546954272,0.0435851245419854,0.0424985256249712,0.23219938476577215,0.155588001635287
2009-05,0.05410281445898388,0.04238937668476227,0.04316294701975015,0.058478205645976826,0.05087742244506855,0.04125027090432858,0.06063083536854129,0.07346399566965997,0.04625993247111478,0.053137457769151734,0.04320253715876406,0.04222558190866659,0.23458215296938845,0.15623646952584294
2009-06,0.053990268397323266,0.04246968813735925,0.04312965681838706,0.058289600058398346,0.05080453573062559,0.04124592994392862,0.06065016542482037,0.07334393606156689,0.046313696197125415,0.05305112834059218,0.04309123158645906,0.042218188079656827,0.2354590208676727,0.15594295435608446
2009-07,0.0539911515272946,0.04247664479075748,0.043127736827345324,0.058275301442056615,0.050798436147523794,0.04125227283512754,0.060654112937602506,0.07336403815948002,0.04631317132777933,0.05305918682783799,0.043088507892302966,0.04221531228157533,0.23542893419470623,0.15595519280861034
2009-08,0.053912368680964384,0.04212938770040352,0.043019377588798834,0.058264515364972576,0.05053969909134458,0.0412256449532787,0.060619264275667044,0.07332139900987684,0.046305854437499766,0.053053032261208916,0.04303183115394079,0.04212587773657788,0.23602485450372743,0.15642689324173872
2009-09,0.05393556779241365,0.04213150699016101,0.04300442339291268,0.05828714718160516,0.05056940561098453,0.04123034889016878,0.060642462198912235,0.07335899966030542,0.046297239101158544,0.0530569300945606,0.04297582016787661,0.04211643002609402,0.23597790237184874,0.15641581652099795
2009-10,0.05394345103627064,0.04218860676224921,0.0429848926839259,0.05827115894307389,0.05051854394757067,0.04123764303603777,0.060549902926088806,0.07342322188785964,0.0463521564161694,0.05312438119696452,0.04305063432775605,0.042100796138542285,0.2361425470615036,0.15611206363598765
2009-11,0.05395479351544443,0.04220449478416915,0.042962277531403546,0.05833041883476023,0.050519755316324466,0.041242109049787014,0.06049375392249797,0.07336546458677252,0.04637675072223963,0.05308895095705928,0.04301766231170953,0.04205596319257145,0.23600543448843536,0.15638217078682545
2009-12,0.05412054644094374,0.042148373885690336,0.043009159108436605,0.05853910003770817,0.050482793567229525,0.04136012732374316,0.06045711058634079,0.07343363895729305,0.04648227175543492,0.0530504289031177,0.04314251254963904,0.04208214081702517,0.23615123964716303,0.15554055642023462
2010-01,0.05412230775682226,0.042150125106835884,0.04301069967570759,0.05853945442163607,0.050483373527640506,0.04136182811219192,0.06046054774268341,0.07343893015189874,0.04648358230664439,0.05305213770250402,0.04314335663017872,0.04208309363495764,0.23612745296278456,0.15554311026751425
2010-02,0.054089437665874915,0.042184724032785836,0.04297274559232274,0.05843818224022295,0.05049501997244268,0.04127908914221658,0.060282904789181024,0.07326148470000318,0.04648239211270658,0.05308589666955462,0.043166198591743005,0.042120945420939915,0.23677787764752808,0.15536310142247794
2010-03,0.05408139842361888,0.04215492182488277,0.04295040573713556,0.0584280202684757,0.050476970306447135,0.04126493134098864,0.0602708330837465,0.0732892836628024,0.04646736212295122,0.053097102664346287,0.043160508374030584,0.04210478509533865,0.2367977689157682,0.1554557081794674
2010-04,0.054002539321991685,0.04206346423321541,0.04288101567868883,0.05842252247059696,0.0504572283370282,0.04122422121724145,0.06010783558426028,0.07322751450320235,0.04641061378244611,0.053075766592379114,0.04307396517539215,0.04203426773001824,0.2376554660100013,0.15536357936353792
2010-05,0.05406644084004945,0.04202965211186169,0.04287670556255843,0.05840957524315772,0.05048258921954732,0.041236981554913975,0.06009764680736405,0.07322138840325022,0.0464197528022209,0.053151778687115264,0.04309875528465168,0.042040524946358224,0.23758007335408843,0.15528813518286255
2010-06,0.053909800943629606,0.041897581553914494,0.04272098826205973,0.058027390200704604,0.05033208974907853,0.04113764572273455,0.05990391712467576,0.07283404835712799,0.04634431546705947,0.05290649614239923,0.04293577435990804,0.04192276886034974,0.23926484467693848,0.15586233857941975
2010-07,0.05387608549108515,0.04175112983388031,0.04263741754068751,0.05784690979811197,0.05025245476929496,0.041072293954892584,0.05980019096971053,0.07279714781201044,0.04617970727772418,0.05287982661568267,0.04282850202081526,0.04186581030947532,0.2402343196420221,0.15597820396460685
2010-08,0.053783966992577384,0.04155145032304365,0.042536578771341996,0.05772467422313958,0.05013748492669822,0.04104573079766332,0.059581471371422424,0.07259572008938181,0.04620883119855278,0.05296422866500302,0.04281249888341317,0.04183611856076001,0.240620649347866,0.15660059584913666
2010-09,0.053742390636211654,0.04144655928671927,0.04244741659274977,0.057635254666490277,0.050097968413921085,0.040976798831509495,0.05952140059005193,0.07255809507156834,0.04614739533196861,0.052913889610654886,0.04270117365556451,0.04178110127697506,0.24143577126235147,0.15659478477326358
2010-10,0.05375835109665949,0.04129788559627357,0.042313906595192456,0.057470314589065395,0.0501438542143363,0.04086110730311554,0.0593932602489814,0.07263998635074798,0.04596045761661233,0.05278052325064792,0.0427205534555149,0.041701667525575206,0.24281184429400418,0.15614628786327328
2010-11,0.05372801432409081,0.04123328071926125,0.04230783776207792,0.05744208389307477,0.05008101847444733,0.04083074592018042,0.05934375075485426,0.07265642856919942,0.04597962878913461,0.0528079393087738,0.04275055768879789,0.04172203735858095,0.2433354202027286,0.15578125623479774
2010-12,0.053729972762376565,0.04125213647822213,0.04231605057619419,0.057466182448223484,0.05007826041430221,0.04083047385026891,0.05933711379851274,0.07265069739362348,0.04599441216760669,0.052798193485258695,0.04275218726951027,0.04172818745525043,0.24325491707225705,0.15581121482839316
2011-01,0.05366064260517891,0.04116167701974419,0.042243079547794646,0.05727751345114228,0.04998690466287345,0.04078309176423159,0.059190775828946364,0.07254283996413131,0.0459694257772587,0.05270168536455798,0.04261662666191331,0.041652561937124265,0.24455282427117656,0.15566035114392646
2011-02,0.05364935624941267,0.041163264295336385,0.04226148455104351,0.057320955862972756,0.049989662233201476,0.040798834260686354,0.05919316652489123,0.0725676766211609,0.04596870920383832,0.05270151571990486,0.042629314763329894,0.04166106980536539,0.24448171314083733,0.1556132767680189
2011-03,0.05361799114308403,0.0412132001157689,0.04225814600657555,0.05724012555854531,0.04998451967918286,0.04080668194734258,0.05910051934394127,0.07256444309752795,0.04597690415798435,0.05269218470058879,0.04263309992156354,0.04165836233734252,0.24462738736940476,0.15562643462114756
2011-04,0.0536120589278101,0.04121171232714822,0.04225593218302002,0.057238140757597325,0.04998605937858328,0.04081192756656314,0.05909791715205779,0.07256518671553674,0.04597701200300158,0.05268873485303782,0.042638980363927596,0.04166129842302112,0.24465990630963302,0.1555951330390621
2011-05,0.05360416576126037,0.04123747021192142,0.04229695968188011,0.057302088421461714,0.049972906662373376,0.040834910609240965,0.05910968792577625,0.07253665582199563,0.045976608796687704,0.052645571672510875,0.04269933338325873,0.04170289289835989,0.24464229350801667,0.1554384546452564
2011-06,0.05360516546824378,0.04122626058232373,0.04228582003185337,0.05727560799646848,0.04996637097087463,0.04082787204848307,0.05910633042648873,0.07253515717671344,0.04597484278660765,0.05264630138743081,0.04268816521105535,0.04169338346621673,0.24472225938912845,0.1554464630581118
2011-07,0.05361686565043059,0.04124271604602329,0.04231392167966358,0.05725519325175595,0.04996679944379624,0.04082859599387058,0.05911065017866191,0.07256798623330393,0.04599393810303053,0.052646408681289295,0.04269084480216093,0.04170327475185322,0.24452394957476908,0.15553885560939093
2011-08,0.05359730099396226,0.041173446393929745,0.04226155095330316,0.057246102563483336,0.049932986332752075,0.04082312851837707,0.0590229262234151,0.07252876767801184,0.04598233572941994,0.05258711670530935,0.042652400436267356,0.04167508254408535,0.24493099729115364,0.1555858576365297
2011-09,0.05356557187948842,0.04110301762371798,0.04220833236317437,0.05712790219818731,0.04989138127218216,0.0407790154966552,0.05895032579762065,0.07248544553189373,0.04594901041324537,0.05253465467081679,0.0425854548569295,0.04162934079893259,0.24534918362289362,0.1558413634742624
2011-10,0.05347211622169267,0.040870739846127775,0.04200013143684545,0.05666565249198837,0.049675410151194574,0.04079210476264659,0.05878965620198935,0.07249830215897271,0.04595635336717351,0.052488699612965754,0.04238097479997154,0.04146250716599258,0.2470621295608024,0.15588522222163673
2011-11,0.05339319477320598,0.04044376437833784,0.041717501922228006,0.05611306926554038,0.04949443124456029,0.040652395308850245,0.058622863567775026,0.07221091602786402,0.045821551072861136,0.05242859198193597,0.04215997509305636,0.04124652515290508,0.2487377339064982,0.15695748630438155
2011-12,0.05339337203202852,0.04044226525422139,0.04171774208051076,0.05611336865278785,0.04949442268660212,0.04065206360082228,0.05862280332261238,0.0722108705049547,0.04582167428262195,0.052428737004884145,0.042159423243152264,0.041246422769832126,0.24873634138564302,0.15696049317932664
2012-01,0.05339958453393944,0.04043774269792835,0.04170952262968317,0.05610774230076494,0.04949887649442334,0.040646273378373794,0.058640098402148344,0.07223244240558128,0.04582233242827248,0.05244570982383006,0.042164067382120245,0.041250444029005025,0.2488345620774618,0.1568106014164679
2012-02,0.053450997710441074,0.040330197240323495,0.04165824199607474,0.05614437195137778,0.04948563227170039,0.04059760415143126,0.05865103327218764,0.07239446452001817,0.04581613319667425,0.05243595661080802,0.042117233328725544,0.04121014771567179,0.24886916590839522,0.15683882012617054
2012-03,0.05342222707004336,0.04029976100960266,0.04165254703129888,0.0560685336934294,0.04947093779855136,0.04056011809759506,0.05858427484395901,0.07241420387214043,0.04581200001673325,0.05246205854488907,0.04206971340519081,0.04124261925020474,0.24944577691919914,0.15649522844716282
2012-04,0.05345499627725531,0.04031019829194696,0.04165846365588417,0.05605392911670212,0.04948933235710335,0.04058355608493771,0.05860926497155972,0.07244509865501227,0.04583993655194512,0.05249526118787968,0.04210568863136492,0.041256334953221896,0.24927276673333992,0.1564251725318467
2012-05,0.05345113492029193,0.040274910997266634,0.04165042482881158,0.05603277759898249,0.04948240041439552,0.0405714964635918,0.05861531482097995,0.07245036889990386,0.045839765728133385,0.05249071207212208,0.04208881487647374,0.0412515085305602,0.24946308515732907,0.15633728469115774
2012-06,0.05341408063087867,0.04019089299182922,0.04152887060979665,0.05570685336659222,0.04937503394228901,0.04048165909621023,0.05865492323630791,0.0724479456979283,0.045826003837762114,0.05244038197734815,0.041938343050851014,0.04121520101529294,0.251028052507692,0.1557517580392216
2012-07,0.053396439362213687,0.040241032277816974,0.041539372535250675,0.05566246068034806,0.04937508111289844,0.040477527337978936,0.05858162594798546,0.07240733286802807,0.045824154755307836,0.052384391561591546,0.041919056935717125,0.041190865577115515,0.2512442920120141,0.15575636703573364
2012-08,0.05339880781216216,0.04024505431955854,0.04154222248458447,0.05565983379566794,0.04937637245337971,0.040481622235815265,0.058572655006204156,0.0723976186922783,0.04582596192688465,0.05238560418866863,0.041925871530784684,0.04119740231410729,0.2512144121543148,0.15577656108558938
2012-09,0.05340197078812597,0.040238060184856914,0.041536832177253846,0.05565461824118124,0.049370141500698066,0.04047391921831631,0.05857215949144304,0.07242497703491213,0.04582087819013567,0.05238518059659702,0.041917688014472945,0.041196128902752496,0.25125530939328383,0.15575213626597043
2012-10,0.05343518609948728,0.040235817046812464,0.041558085125679614,0.055642779146027624,0.049385045205830404,0.0404982448363245,0.0585184287331307,0.07241975148855234,0.04583229779260043,0.05235019596300381,0.041910517480807735,0.041185073904735796,0.2516568927233617,0.1553716844536456
2012-11,0.053427657302563374,0.0403049144792718,0.04157123368541099,0.0556289354313811,0.049389886058397545,0.04046226382524505,0.0584960760517286,0.07247150774336814,0.045838818452200204,0.05234411139414659,0.04194574674087461,0.04119833213425709,0.25153357870478477,0.15538693799637
2012-12,0.05344157548250118,0.04031201569955847,0.0415802035097578,0.055619958325699756,0.04939823343971607,0.04046590518491109,0.05849357061573118,0.07243326654399657,0.04584228981055733,0.052349391227697946,0.041942083602255306,0.04120026072815934,0.251572829045294,0.15534841678416386
2013-01,0.05343131459235253,0.04035315521041725,0.04160532600235749,0.055637559966596806,0.049413144707711076,0.04047399408705727,0.05851219638934025,0.07244838368934547,0.045842428457217636,0.05235567462678036,0.04197263674845415,0.04122034708640031,0.2514335892537811,0.15530024918218832
2013-02,0.05337057872918189,0.040345505528706346,0.041569481461929354,0.05553408232686123,0.04933607987484471,0.04047681645906237,0.05844329439738555,0.0723175483485507,0.04579452553796703,0.05223893781517233,0.04192415708156715,0.04115630876012657,0.25212189543316493,0.15537078824548003
2013-03,0.05337302399027813,0.040344569361883194,0.041569854097335025,0.05553381843465491,0.049336538193349315,0.040476978244996915,0.05844502227534283,0.07231981774161235,0.04579429003079871,0.052239381156148845,0.041924344754921954,0.04115715704564923,0.2521293144274067,0.15535589024562194
2013-04,0.05333807592360085,0.04033207294847656,0.041567622797191235,0.05554005277674582,0.04934886535468807,0.040478737227663236,0.05839158903820162,0.07222457039888434,0.04577439068128788,0.05218392658495373,0.041910045361261423,0.04114804662065338,0.25224674589539414,0.15551525839099758
2013-05,0.05334172330380544,0.040334832324557625,0.04156675542900088,0.055537025422362704,0.04935153551330729,0.0404783997541028,0.05839694989525446,0.07223414960419985,0.04577626387938669,0.05218619070969501,0.0419106497624869,0.04114737637460488,0.25226021007595734,0.15547793795127815
2013-06,0.05336661553868368,0.040477538038861,0.041662366854744566,0.05565590334488423,0.049427499633030336,0.04056604916011217,0.05842462321463591,0.07211455115253815,0.04585557074518029,0.0522821996862914,0.04204439685081013,0.04123743742180437,0.2515779047004919,0.1553073436579319
2013-07,0.053493513798409845,0.040561031558313206,0.041730650517770605,0.05570082781684865,0.049473961681666276,0.04061025626076931,0.05862011231195104,0.07233537587337227,0.04596017855228522,0.05237096282069838,0.04213796187170672,0.04129734791277951,0.25071125470476563,0.1549965643186634
2013-08,0.05348480903629741,0.04050341879590399,0.04169311102261498,0.05565019492665772,0.049427022913377874,0.04058234050805717,0.05859743067007324,0.07224741456019622,0.04592119037153722,0.052276798117348616,0.042097926444903296,0.04128060573438736,0.2509634721655862,0.15527426473305866
2013-09,0.05345197616675186,0.04053329355390994,0.04171069908505189,0.05564811463009338,0.04943825389237164,0.04061946229834684,0.058570756735464885,0.07214923809908734,0.04590109106400007,0.05225203994545739,0.042086273687769724,0.041289383064845524,0.25063416052256987,0.1557152572542797
2013-10,0.05347336183420421,0.04050888793164186,0.041682506155978766,0.055666175728092286,0.049449689241976805,0.04062084202385642,0.05854731551676215,0.07219051621672366,0.04589105021523526,0.05223740074624943,0.04209417679694738,0.04127288225576636,0.25054793622218247,0.15581725911438282
2013-11,0.053444836473087856,0.04053110130400928,0.041674180243573125,0.05563469391031322,0.049417272489907425,0.0406165842795341,0.05849274779031382,0.07216266084633637,0.04586995063415926,0.05222736249874886,0.04209506918466341,0.041256856075614835,0.25057061424257704,0.15600607002716144
2013-12,0.05345415333967403,0.0405386285746911,0.041686686035154304,0.055642428257611856,0.04942999847201051,0.040629309621866325,0.058495892227763864,0.07215346921841712,0.045885708988174304,0.05225209581161272,0.04211714056912925,0.041267544011330606,0.2504853700425784,0.15596157482998552
2014-01,0.053480349450527126,0.040549155172916726,0.0417102176664731,0.05567096369940905,0.049445433190957636,0.04065152482234311,0.05853570945967121,0.0721893810118934,0.0458936088609313,0.052265668153076296,0.04213624756631884,0.04129221751934168,0.25029805753507545,0.1558814658910651
2014-02,0.053371117349867596,0.04052078227616423,0.04166999598146909,0.055542717306510656,0.04937723335943541,0.040641636894647004,0.0584508821773979,0.07223455123270343,0.04581115966708784,0.052283626430173674,0.04208989878278678,0.041251116953752304,0.2508660870596489,0.15588919452835517
2014-03,0.05339089197672769,0.040474494165147916,0.04166736653173859,0.0555050794657002,0.04935153575620401,0.04064355966226541,0.058488463535349776,0.0722336001383358,0.045795021267765426,0.052226758436741336,0.04211842952774721,0.04126935263084071,0.2512190290595771,0.15561641784585883
2014-04,0.05339261019179107,0.04047417448534579,0.04166716152702265,0.055506092460095156,0.049351974146066006,0.04064351346868888,0.05848839510795569,0.07223615788822858,0.04579477823550675,0.05222537475091604,0.042119289800249676,0.04126971601850453,0.25120955593607175,0.15562120598355753
2014-05,0.05339832322791518,0.04047540350933222,0.04166838597407345,0.055535214428843425,0.049357660400245126,0.040640809087273425,0.058487855950415675,0.07226850846991582,0.04578985841045889,0.052221941567985625,0.04210577280804563,0.04127275705792287,0.25122583288092315,0.15555167622664962
2014-06,0.05339271382163235,0.040480506038378605,0.041671855923666165,0.055541815686343865,0.04936259691118624,0.04063786808677356,0.058475660298396674,0.07228751119952027,0.04579596365856084,0.05222452805357917,0.04210860675821308,0.041273424826127884,0.25115443420671063,0.15559251453091077
2014-07,0.05339334857251271,0.040471642715344446,0.04166912553979309,0.055528667056049176,0.04936942816504974,0.04063334398082301,0.05847411022613816,0.07224926277422392,0.04579609982730746,0.05221635687952227,0.04210301397076242,0.04127259014564481,0.2512074371041119,0.1556155730427169
2014-08,0.05333889043301109,0.040450529005856925,0.04164030805412061,0.055488880033348786,0.04935789336244916,0.04067024112833083,0.058543678027125186,0.07205366973698904,0.0458050340881485,0.052252291295023096,0.042115642788554467,0.04127890094526039,0.25116523066830665,0.15583881043347514
2014-09,0.0533129303055485,0.04044716536234643,0.04164172135752727,0.05552370719537211,0.049342635876764684,0.040675372538747735,0.05862951022184063,0.07198437619766655,0.04580012922691323,0.05222710268059722,0.04212970705285865,0.04127945856152993,0.25092932746155355,0.1560768559607337
2014-10,0.0534530841299641,0.040371948029361164,0.04168883005010856,0.05538797183686757,0.04945396975684936,0.04076071065007396,0.05871816602319209,0.0719757134253236,0.04588852334395964,0.052359856042982406,0.04223960207508771,0.04136165569900003,0.2506301474223566,0.15570982151487317
2014-11,0.05345498700657197,0.04036859587498494,0.04168653947540411,0.055453205278098154,0.04946776533947793,0.040767067875523574,0.05873234166801068,0.07190102884717027,0.04589047071921088,0.052331248120817006,0.04223525654702345,0.0413606732564,0.25055448112470957,0.1557963388665976
2014-12,0.05345207851320693,0.04036727778459559,0.041686415424230586,0.055466023932209486,0.049467193974395425,0.040765695162913604,0.058731800555773914,0.07190359966830666,0.045886352485495066,0.05233089945289215,0.042235687653869376,0.041359359369009224,0.2505325202831479,0.15581509573995414
2015-01,0.05343826331972605,0.04036842364429097,0.04168454496303252,0.055465597780370225,0.04946873338570922,0.04076214253741616,0.058718465707225484,0.07191629141909481,0.045892028438169925,0.05232572539849291,0.042242102973760076,0.04135837751496272,0.25051551610505723,0.15584378681269154
2015-02,0.053418737098484874,0.04034851194298217,0.04166253416105662,0.055425556495498615,0.04943926629322984,0.04074319004880706,0.05867209598236565,0.07190168055857102,0.045880127134199526,0.05231886057108009,0.04220304130033695,0.04133636193980506,0.25077436227894034,0.15587567419464207
2015-03,0.05336489312595406,0.04030498842055514,0.04162681853652379,0.05537648352963684,0.049387812891035304,0.04069770067693007,0.05856036993354856,0.07198864911621006,0.045840020601631115,0.052279651006494135,0.042149104186118905,0.041300115446082704,0.2511975599018475,0.15592583262743187
2015-04,0.0533417059369183,0.04032742973794044,0.04163713606147052,0.05535811838868752,0.04936567803630785,0.04069701694013885,0.05853766039675142,0.07201087528541456,0.04587824668767492,0.05232769083918407,0.04218048968821824,0.04130893726739243,0.25138326791490156,0.15564574681899937
2015-05,0.05334479991668091,0.04032679048875454,0.04163519459903206,0.055379765939911556,0.04936466947832167,0.04070015269349425,0.05855195927104213,0.07201239807379438,0.04587386546996692,0.05232306949803435,0.04218287707021019,0.04131040238750643,0.2513298525499519,0.1556642025632986
2015-06,0.05335496753204087,0.04033250673871436,0.04164133694227105,0.05534972077614854,0.049369225035970944,0.0407086152539488,0.05855529282761249,0.07201229333309625,0.045880274092645744,0.05235343415705229,0.04219742270305356,0.04131103999804855,0.25126746878432915,0.1556664018250673
2015-07,0.05340826939584243,0.040381276389072455,0.04168521657233092,0.055340891594504796,0.04941091372238823,0.04071769398088246,0.05863722344575018,0.07186496559620352,0.04595131122697103,0.05245784940991702,0.04230753276034092,0.04135456204734521,0.2508206168832074,0.1556616769752433
2015-08,0.05344280846900304,0.04037081351579372,0.04167774837610307,0.05527090040277185,0.04939443612281844,0.04072898582308205,0.058645797411670475,0.0718967300898889,0.04597813447296562,0.05248039859503724,0.04231637696099613,0.041364669380308076,0.250909215840397,0.15552298453916452
2015-09,0.05345932775673777,0.040384999669928485,0.041714817149606793,0.055300257955421046,0.04931158232021058,0.0407450522809799,0.05842176172871846,0.07182145780565326,0.045982991990027054,0.05231850331436273,0.042302800363818976,0.04138710883831711,0.2513206640968883,0.1555286747293297
2015-10,0.05346992015142693,0.040369291829750326,0.041681283496948246,0.0551968581006662,0.049267640318753574,0.04075667282902759,0.05838241574596467,0.07182314492961489,0.045974035200103465,0.05219570216660458,0.04228337129656039,0.04137762457910526,0.25167693297770644,0.15554510637776747
2015-11,0.05340050364970079,0.04036525809008907,0.04164301163660222,0.054923049522212455,0.04906354488218531,0.04068118370972376,0.058180787121155875,0.07193270459612214,0.04600391080254407,0.05210740463345487,0.042294300871464525,0.04134219181157738,0.2527203043176608,0.15534184435550685
2015-12,0.053418143488398614,0.04041623124171811,0.04168004390015512,0.05498646321658941,0.04910376472952861,0.04072353046099012,0.05817271895632952,0.07186661553650747,0.046049386951034346,0.05215578904383845,0.04235311234832486,0.04137745970047605,0.2527386544289201,0.15495808599718924
2016-01,0.053499966095973246,0.04041112996151654,0.04168147358243959,0.054806097856799504,0.049151163232957484,0.04074022786532967,0.05815210166324226,0.07185017289243922,0.046106108546227,0.052224365903315736,0.04236313928988512,0.04140185240373419,0.2526696510131374,0.15494254969300314
2016-02,0.053505438482947774,0.04027244820855834,0.0416117546580132,0.054708175728088435,0.04907455399797483,0.040682820764450935,0.05816819909776807,0.07200760181105628,0.046043303840142775,0.05200691270944571,0.042233693472593425,0.04132412947506083,0.2533684486061893,0.15499251914771014
2016-03,0.05355516695304542,0.040271097200463936,0.04161837624538253,0.05481562088443635,0.04908937989699884,0.040729560203653134,0.05820934691363127,0.07204138071501769,0.04608620725552966,0.05207724561688053,0.04230431239360723,0.04132601556325851,0.2532681582115231,0.15460813194657191
2016-04,0.05356915005984271,0.040188129173547735,0.04160762508386308,0.05461503140693741,0.04907867598091057,0.040692306279565826,0.0581543041998882,0.07177690110056463,0.0460969830220326,0.05212695202333188,0.04230116589235429,0.04129345531774948,0.2541559024256719,0.15434341803373974
2016-05,0.05356961264654986,0.04018846758305636,0.04160793245129281,0.05461531447050822,0.04907916670533735,0.04069277742234205,0.058154739489669226,0.0717782413113996,0.04609730137184436,0.05212738542302158,0.042301532279279776,0.041293688474404434,0.25415003772860395,0.15434380264269051
2016-06,0.0535697864190987,0.04018793026432569,0.04160765513088377,0.054614602612534924,0.04907882558941582,0.04069464977950111,0.058154537063774776,0.07178062855246709,0.046097613433367844,0.05212859044999771,0.042302378761232766,0.04129352619929417,0.254143088619369,0.1543461871247365
2016-07,0.053561336201545,0.040236915544751506,0.041625949911019554,0.05462519890850263,0.04909679250397908,0.04072397406081948,0.058152674424105724,0.07171695979213671,0.046119147673582044,0.05216495292588467,0.042359705779537515,0.041310261165798,0.2539143391589013,0.1543917919494367
2016-08,0.05361602459285852,0.04018822680165932,0.0416146349121303,0.05472414463775531,0.049101490710849065,0.04068831565008173,0.0581628466824522,0.07178499757970341,0.04611279116007317,0.05211399597583008,0.042352457714010014,0.04131273057869837,0.2540521551776125,0.15417518782628592
2016-09,0.05362548353862089,0.04020272953054043,0.041635534005782196,0.0547584204508911,0.049138695480901766,0.04071404645309421,0.05813485378468748,0.07172828480693412,0.04611501295081403,0.052094076515451844,0.0424070713010645,0.04133298174962031,0.25390852866016356,0.15420428077143372
2016-10,0.0536057663309922,0.04019926923676363,0.04164053364605441,0.05478518748050011,0.049140428640764816,0.04072987068341966,0.05814235543870376,0.0717592111329922,0.046115211928014675,0.05210308055776786,0.042403033444768354,0.04133754988388775,0.25386991227643624,0.15416858931893418
2016-11,0.05375336145354227,0.04023930210952119,0.041704851410092586,0.05482848398110489,0.049215155234400496,0.04082757624279855,0.058176889554706734,0.071926881775871,0.046138833600785925,0.05201201361413522,0.04256268350619317,0.04145156382073145,0.2533141478109737,0.1538482558851429
2016-12,0.05375805321103105,0.040231856814663736,0.04169424894240455,0.054811147830588415,0.04921233570200407,0.04082619450188314,0.058162376465174734,0.07193029972099436,0.04613201066536168,0.052005803251482755,0.042546867736356984,0.0414415679568026,0.2533959994417461,0.153851237759506
2017-01,0.05378327946325462,0.04024912520112526,0.04169849283145954,0.05482728202914604,0.04922023337514166,0.04083296177029447,0.05820003879500198,0.07197394871693723,0.046132209777101446,0.05201374517767388,0.042565465681554636,0.041451345752408914,0.2533422737730088,0.15370959765589165
2017-02,0.05378372285194308,0.04024512641629446,0.04169386141271349,0.05486724101300422,0.04920844250810301,0.04082328362826746,0.0581868053915689,0.07197472071149427,0.04613591799293333,0.052012111224653025,0.04257094697465561,0.04145160701885381,0.2533886696042825,0.1536575432512328
2017-03,0.05377736651209314,0.040273127999240745,0.04168998603333023,0.05496222205059015,0.049195928930865225,0.04081249617077682,0.058245748658999064,0.07193436439301949,0.04614403955902366,0.0519570051525678,0.042561425789306745,0.04146662223481068,0.2534380958478219,0.15354157066755425
2017-04,0.05378676219147768,0.04027768226069661,0.04169179280542466,0.05495461276931035,0.04920525422781953,0.04082565965102414,0.05825597028915189,0.07194331553850326,0.04615178561245068,0.051960079257577334,0.04255271517024437,0.04146958506048316,0.2533919273599408,0.15353285780589543
2017-05,0.05379086092289888,0.04027760275738629,0.04169006902114071,0.054968225930145394,0.04920905478281419,0.0408245630484447,0.05826125879064582,0.07194920973122236,0.04614978057926665,0.0519626221712007,0.04255591582425146,0.04147120677313153,0.2533760679007127,0.15351356176673855
2017-06,0.05380388473887003,0.04027661651567877,0.0416943127213286,0.05495007715238989,0.04921056160985046,0.040835905937744034,0.058249485509936964,0.07196619515495042,0.046154042500018866,0.05195909510420105,0.04255133081316335,0.0414744077956215,0.2533981618310164,0.15347592261522952
2017-07,0.05379948152994534,0.040289227318695234,0.04170129470985546,0.05495066577317562,0.049215200779335194,0.040831202826784034,0.05823654071962515,0.07195225758926761,0.04614862695718651,0.051989175144546027,0.0425742437960906,0.04148263850334567,0.2533308933767758,0.15349855097537185
2017-08,0.053799985993934776,0.04028947470675684,0.04170129354282895,0.054950562216448076,0.04921515698040798,0.04083109152734079,0.05823549280820528,0.07195168587919801,0.04614898431595231,0.051989443235215815,0.04257423907651044,0.04148286287390354,0.25332906677016603,0.15350066007313107
2017-09,0.05380084063578485,0.04028970104941696,0.04170161688494616,0.054951991030323305,0.049215398101670485,0.040831068638202954,0.058236528081541346,0.07195180561118386,0.04614959099543879,0.0519894515669954,0.04257469025065629,0.041483058840415254,0.2533250904975744,0.15349916781585
2017-10,0.05380633105716829,0.040275105375087585,0.0416878237245947,0.054895430938150205,0.04921035088134261,0.04083265100949327,0.05825008272686589,0.07197496820037731,0.046141205745036176,0.05198092255728402,0.04255770545552274,0.041474279709090546,0.25346189056178053,0.1534512520582061
2017-11,0.053809389238413295,0.040282685096123656,0.041706164131233917,0.054900844445980576,0.049218177600754136,0.04086413876915983,0.05820697958935289,0.07201622361610956,0.046157900883564744,0.05196960770139513,0.042575811822760566,0.04147982885760746,0.25342208611732275,0.15339016213022152
2017-12,0.05378761220097796,0.040299982572585255,0.04169924208313906,0.054890146804867763,0.04920434784168771,0.04087210903416213,0.058180445210918794,0.07199889165395443,0.04611303230618306,0.051964796547157896,0.04256425301603006,0.041469752028527464,0.25354629764454306,0.15340909105526532
2018-01,0.05379256694908268,0.040298276034475,0.04170322099033436,0.05490447344155711,0.04920812387888649,0.0408711370456818,0.05819457862206485,0.07197080189057567,0.04611783634951047,0.0519633423016754,0.042565669352019955,0.04147310501223512,0.253546936954338,0.15338993117756297
2018-02,0.05378117952017922,0.040291951106502986,0.04166683991816618,0.05488692250724589,0.04923620624060744,0.04082527222071535,0.058161330585063925,0.0720478469987608,0.04603231860242289,0.05189400546254243,0.0425224170639541,0.04144062313147658,0.25409853940096294,0.15311454724139933
2018-03,0.053717908934331135,0.04030504584673115,0.04174412249892241,0.05463749444585271,0.04921166784808882,0.040977637055421824,0.058033974280871585,0.07199435519650821,0.04606616660331737,0.051948325026212994,0.04262036673880987,0.041488614662907576,0.2539212501851515,0.15333307067687293
2018-04,0.05370318854309254,0.04027174843971542,0.04172327685436244,0.054675253482706514,0.04921972273765258,0.04096124910207094,0.05799815442641021,0.07205451208858947,0.04604606702785432,0.051920676010824306,0.042596027439517604,0.04148588716855609,0.2540670846041403,0.15327715207450732
2018-05,0.05367866186890461,0.0402777858435444,0.04171069620054007,0.054760937681452196,0.049207186998838824,0.0409676364690788,0.05798506940058301,0.0721054495687937,0.04607914991253952,0.0519300539209104,0.04260998433967484,0.04149182578372888,0.2538853324616067,0.15331022954980403
2018-06,0.05368095811450978,0.04027684642525622,0.04170970261695495,0.054758820785190725,0.04920794107999138,0.04096463810667702,0.057988465183658466,0.0721075424690657,0.04607984990593913,0.05192925056613049,0.0426108785040407,0.04149050524704883,0.2538720538880914,0.15332254710744528
2018-07,0.053684346856846886,0.04027711993863038,0.04170837834966588,0.054758924766405516,0.0492096059268878,0.040964394756511945,0.057994433051811796,0.07211101057339188,0.04608151387800491,0.05193017902076474,0.04261017738469565,0.04149015141570611,0.25386292043181935,0.15331684364885734
2018-08,0.053680162179206375,0.04027905503877676,0.041702106445049625,0.054757862888286025,0.04920415496709662,0.040962570251162546,0.057989935636608377,0.07210660650370357,0.046078242572359776,0.051920631105290035,0.04260579727084734,0.04148700523302533,0.2538862350290209,0.15333963487956673
2018-09,0.05368303069594356,0.04028024502579683,0.04170374393372987,0.05476154594552349,0.04920456264128953,0.04095996629343875,0.05798879766634986,0.07210744074693744,0.04607420621918453,0.051918390777263325,0.042605553025439453,0.041486541059512626,0.2538747852883309,0.15335119068125982
2018-10,0.05370247816055245,0.040268833159688544,0.041729108722118775,0.05480497756198005,0.0492054096985777,0.040968530031302595,0.05802190619744089,0.07211423286076535,0.04608933901966336,0.05195027984359474,0.04260259611601351,0.04149500578304716,0.25368943556266005,0.15335786728259485
2018-11,0.05387245571518909,0.04035039605096563,0.041581970277129725,0.05449552285375501,0.049180280406893435,0.0409056382460126,0.05819173240208895,0.07232939252677036,0.04598019070176688,0.05178411001811483,0.04260874494988995,0.04143016553999126,0.25355634666784693,0.15373305364358522
2018-12,0.05390299250031718,0.04033631808475758,0.04157437738457188,0.05455195954390237,0.04915393913885878,0.040939340675972734,0.058193289138166994,0.07230985133956927,0.04598501307081918,0.051746719897596154,0.04261211197339153,0.04143124620419775,0.25349153402200075,0.15377130702587782
2019-01,0.053510947384305355,0.04019172146390153,0.04144996833124574,0.05410730205326373,0.04908785878835365,0.04087565021034923,0.057902347071832304,0.07208273864097234,0.045835272238126334,0.05153984539405629,0.0424175024580008,0.0413211038812352,0.25554529459581493,0.15413244748854255
2019-02,0.05347397293637976,0.04012668510292372,0.04135729299087964,0.053949177403708456,0.049142055936937906,0.04085501974177858,0.057933318910547545,0.07204181358717343,0.04580676009707997,0.051595745158710585,0.04236463884659203,0.041278495961734094,0.2561006811377838,0.15397434218777065
2019-03,0.053481484131644004,0.04011743382034606,0.04133310250525743,0.05394677494829404,0.049119909000389865,0.04083229066439931,0.0579162296845097,0.07199376648201355,0.04581924101765858,0.051580285757530916,0.04236058437637622,0.04126809973916743,0.25632351916855994,0.15390727870385293
2019-04,0.05347877217479658,0.040131936520269,0.04134342627957793,0.05394798102051546,0.049122257598819156,0.040830036296969525,0.05792403697997168,0.07198976850775639,0.04581801832443295,0.051588001108016056,0.042372567009826355,0.041272089597080466,0.2562325615776813,0.15394854700428712
2019-05,0.05346476795513117,0.040125021885128495,0.04133370261290597,0.05395517731323188,0.049102184335759406,0.04081235673300303,0.05788494436808044,0.07198622188485143,0.04580156500818887,0.05161739551915193,0.04234617273299032,0.04125268077876025,0.2563360899603509,0.1539817189124659
2019-06,0.053320434621170046,0.03995817802803876,0.04119606460745773,0.053619924524610015,0.04894283857053864,0.04070898073438398,0.05783686342620171,0.07193204144797424,0.04571114484976843,0.05156527533403425,0.04228961634987966,0.041181387192735876,0.25788413818577494,0.15385311212743172
2019-07,0.05341368186711255,0.03985201770271098,0.041177578532361536,0.053548593682583495,0.048910238381429945,0.04073701193082086,0.05790009840763496,0.07206146500438398,0.04573472158366217,0.05157983014691598,0.04235565089338066,0.04121453491307257,0.25813846498133575,0.15337611197259463
2019-08,0.05341300196044733,0.039852272731269,0.04117898917267238,0.05355383812537869,0.048907286768490814,0.0407350873335071,0.05789842259375933,0.0720660910008275,0.045734884999365,0.0515842813211604,0.042353797832442926,0.04121592148465885,0.25814705401797383,0.1533590706580467
2019-09,0.05342731426161393,0.03986398327627903,0.041188028209542045,0.05358478889925125,0.048916917940924905,0.040744635974216355,0.057907307878821895,0.07206592128125631,0.04574167049189928,0.05159572545528022,0.04236863895874489,0.041228596857428926,0.25803680803721335,0.1533296624775277
2019-10,0.05342457474875134,0.03986069702204012,0.04118398715719891,0.05357988170366838,0.04891328810415412,0.04074362362870955,0.05790552593503072,0.07205455062893472,0.045740975231689074,0.05159758479754689,0.04236601794546099,0.04122835597261331,0.25807663821560883,0.15332429890859295
2019-11,0.053424223426810066,0.039867142885892125,0.04118449459597089,0.05357645651435024,0.04891132343544407,0.04074650902376601,0.05790901340692077,0.07205032261869501,0.04574132535129395,0.0516045377990973,0.042369474415620376,0.04123088820517395,0.25806728528890105,0.1533170030320643
2019-12,0.053420201905379126,0.03986428531809643,0.0411791462406115,0.05357487440586264,0.04891096719902703,0.040740522506380404,0.057904163905460194,0.07206014234208012,0.0457390964804001,0.051593764464500314,0.04236179379843804,0.0412261002780357,0.2580945638793213,0.15333037727640728
2020-01,0.05340235097267445,0.039847252756949426,0.041181703507503976,0.05354051702585708,0.048905969854994576,0.040729970932370664,0.05790500139806356,0.07201654501457633,0.04573843788176833,0.0515771476695816,0.04235555275485247,0.041222523839609546,0.2582548020584619,0.15332222433273604
2020-02,0.05342598023127549,0.03983862287496577,0.041204142292820975,0.05362268358249069,0.04893475903392517,0.040730904870098075,0.05794003746468375,0.07199993906406903,0.0457500153702449,0.051607590636344736,0.04237829191802218,0.0412327934655332,0.25807058781968867,0.1532636513758374
2020-03,0.053162594857957914,0.039793689806251115,0.04110738310941255,0.05312973461789143,0.04874696391608676,0.0406710440099857,0.057769203898579896,0.07135877271874339,0.04565588468687611,0.051505891180768065,0.04220210349779609,0.041139384053262784,0.2602423012052609,0.1535150484411272
2020-04,0.052887972248085856,0.03932560055257084,0.040681896519629376,0.05124157685850618,0.0487087786999854,0.04075098336324083,0.05721820525778034,0.07027566395938789,0.04574667440450269,0.0516946698195318,0.04171683692758098,0.04083455511584021,0.26533991188151107,0.1535766743918467
2020-05,0.053138244634127065,0.03887658406419393,0.040899448000152494,0.04987342521485452,0.04871445378164536,0.04074211225498174,0.05731099449440107,0.07069412788299807,0.045418467680226476,0.05152419933333235,0.04181551418314434,0.040991921157419495,0.2669696870236861,0.15303082029483697
2020-06,0.053141665475411354,0.03884532870669318,0.040870557651444275,0.04992406258915728,0.04869454189474451,0.04070216419450816,0.05727144977328567,0.07061298739971508,0.04540785025959547,0.05150788506417424,0.04181893271168935,0.04096325931222769,0.26727038035471373,0.15296893461264002
2020-07,0.0531422967520202,0.03885099071352904,0.04087223594636566,0.0499241529304962,0.0486955641303261,0.04070486649762245,0.05727005165559065,0.07060745672270649,0.04541044506744347,0.0515075782001558,0.0418192693606182,0.04096437393485549,0.2672596121086909,0.1529711059795791
2020-08,0.05314668335891997,0.038644664243985306,0.040969534909656165,0.05025617798829446,0.04866067237319275,0.040721760578431486,0.057286380978174345,0.07048671815256297,0.04534299615243991,0.05156486711432039,0.041936605960952174,0.04097446161191634,0.2675857186713474,0.15242275790580645
2020-09,0.053137835368054886,0.03803407620833263,0.040961326591827635,0.05042901616935896,0.04866385160732544,0.040642022965741244,0.05722896938640484,0.07076883258597674,0.04527968415354642,0.05162672604248598,0.0419531182574671,0.04090534670922224,0.26865100860410585,0.15171818535015014
2020-10,0.05315739219494432,0.03796809492191236,0.041034667502672796,0.05014074642645783,0.04875136108406213,0.04062371979054309,0.057252668933361534,0.07086104432466324,0.045269550471414496,0.051667211491992986,0.0419521096259791,0.04096333893724641,0.2688249331109833,0.1515331611837663
2020-11,0.053167990903123914,0.03798381827519048,0.041083612597698736,0.050114490995559834,0.048807327294496265,0.04065881866358258,0.0572261889586046,0.07114298677317879,0.04528936406575894,0.05164607302318875,0.042003261044179854,0.040986060701764325,0.2683446988177635,0.15154530788590956
2020-12,0.05310314729108186,0.03731544037641363,0.04090048893930647,0.04911394983292889,0.048909112595285416,0.04072224745784676,0.056813763381024514,0.07160972467513478,0.04541695420479357,0.05159940975329935,0.041821303404483964,0.04086727059048583,0.2691843767363447,0.15262281076157022
2021-01,0.053065284026830015,0.03723878886225231,0.04090260031267655,0.0490714503415734,0.04891567580475559,0.04069566247023623,0.056763608037758456,0.07160846948054088,0.04542676731297034,0.051576551876709606,0.04178407178507253,0.04085772875189155,0.26943337736140244,0.15265996357532993
2021-02,0.053034427401987196,0.03731197049138251,0.04090402133886161,0.04913831116125462,0.04889093175691246,0.04072240437372081,0.05674043308954853,0.07164816024481993,0.045446255337902954,0.05162276887146028,0.04177944621668064,0.04085391544951284,0.26918917324256336,0.1527177810233922
2021-03,0.053044240655962166,0.03730858922170209,0.04091669834992196,0.04918210941486622,0.0488967769181431,0.04072775168623336,0.056755804157847874,0.07164175567207623,0.04544919821163878,0.05162751194534596,0.04179785122372265,0.040867628953624925,0.2690780194597113,0.15270606412920318
2021-04,0.05301400513410179,0.03730736305893782,0.04089732303208231,0.049175839843991535,0.048870417599931,0.04072502273829083,0.056748853054691545,0.07156468451540268,0.04543214693557874,0.05162707903171202,0.04178298796179549,0.04085632904228237,0.2692317144384671,0.15276623361273473
2021-05,0.05302233614262736,0.03731188362301549,0.04092200109925468,0.04922359133488969,0.04889044534670965,0.04070528057673318,0.05675752624203259,0.07152593506917825,0.04539275937732034,0.05164215906584542,0.04176153896480374,0.04084611114503638,0.26929007071022093,0.15270836130233226
2021-06,0.05302219497907785,0.037330964569348285,0.04091967103054087,0.04920769977565922,0.04888905979894238,0.04071404413233353,0.05676961465234775,0.07155191270815803,0.04540801464710023,0.05165288366018744,0.04175789102993924,0.040846099207370506,0.2692898786083527,0.15264007120064182
2021-07,0.05302396197350535,0.037330426484756846,0.04092039715767214,0.04920644333225095,0.048891255397733945,0.04071239146371231,0.05677065957896584,0.07155594813608543,0.045408164639118044,0.051652367571872214,0.04175941871497854,0.040847111435453984,0.26927717904215837,0.15264427507173595
2021-08,0.053021338109877934,0.03732859247066598,0.04091956082605124,0.04918192406856918,0.04889662798072905,0.04071791122851458,0.056768782999494324,0.0715572641823498,0.045403515491976194,0.051661592816429264,0.04175741429207997,0.0408417944327493,0.2693284894650131,0.15261519163550014
2021-09,0.05302072195542583,0.037330090686186944,0.040920121676183766,0.04918038503836136,0.048896884026573384,0.040721629578613465,0.05677059413980027,0.07156588848595014,0.045405970116905114,0.05166561007775586,0.04176014829296411,0.040844243240529654,0.26930968705781216,0.15260802562693793
2021-10,0.053012569346678785,0.03745338403852281,0.04090040004105416,0.04954397226821358,0.048888351888871986,0.04070743561945343,0.056714969686448985,0.07148213384337422,0.04542297645177842,0.051619437799726234,0.04183033738871215,0.04087472029243691,0.26884624829409,0.15270306304063833
2021-11,0.05301431115167746,0.03713612724291769,0.040914822320099145,0.04941904631410318,0.04884834121723855,0.04066201370360853,0.05694566440841994,0.0713741530825641,0.04541260936811032,0.05165457810128455,0.04179649228362483,0.04085766223488567,0.2691578496800887,0.1528063288913774
2021-12,0.05296488637126174,0.037161876521654875,0.040915435408115944,0.04936408184213026,0.0488634438327547,0.04068468609641691,0.05683428316164968,0.07133317899184367,0.045440427249888816,0.051603083365450914,0.04175452295738594,0.04082202376796249,0.2693447843568421,0.15291328607664206
2022-01,0.05288993317666026,0.03721157722292474,0.04090299744313297,0.049358753382678776,0.048785113272870696,0.040692668105240484,0.05680760654547577,0.07116745635355375,0.045448264217252364,0.051554648983766424,0.04173820278242185,0.04079888589086906,0.26962274814781906,0.1530211444753336
2022-02,0.05299614238562188,0.03714862879038438,0.04089777296894252,0.04985304563339789,0.04873559355158181,0.04064507299773076,0.05687313584575307,0.07120827414280805,0.045375675019763737,0.051434945276739655,0.041822283367144865,0.040770173785699595,0.26892297315642666,0.15331628307800518
2022-03,0.0529975667054983,0.03711957253907483,0.0409035564216168,0.04992818844303081,0.04871184414332923,0.04062453553382096,0.05688491200473237,0.07119236011379054,0.04537255213013654,0.05143246840992313,0.04181898163186875,0.040765936112884454,0.2688557141279674,0.15339181168232577
2022-04,0.052993355468175435,0.03704794939578013,0.04090069071190276,0.04985644381696172,0.04871497886573731,0.04060745200758449,0.056913640517353065,0.07101314413767783,0.04534961527400767,0.05138083088493357,0.041827552445497795,0.040741124254890834,0.2694829319802387,0.15317029023925874
2022-05,0.05360667986960902,0.036928072756872134,0.04100596226111721,0.050184907608809295,0.04917064682953349,0.04057495502915325,0.056780525836345914,0.07129470909299347,0.04537280730227857,0.051491788438033585,0.04193685778395959,0.04076160415956273,0.2671048072096187,0.15378567582211292
2022-06,0.05359893791939535,0.03691127261001652,0.04100601388154569,0.050236556281474214,0.049167326123804776,0.040571060003562094,0.05681898858967164,0.0713242854798296,0.04536103285726315,0.051495902479601015,0.041944354806581104,0.040755390899981495,0.26709952205501203,0.15370935601226132
2022-07,0.05374956772880129,0.03687264722596944,0.0409820993018008,0.04983374983448423,0.04912900323582031,0.040600192145589964,0.056806400999514214,0.07118671893940717,0.04537113133901259,0.051737063130323536,0.04194267733382938,0.040697400677126676,0.2671214827311261,0.1539698653771943
2022-08,0.05383666866514104,0.036569066797791795,0.04092567437669985,0.04971826692933949,0.0492467726308634,0.04052608210411895,0.057056360480915634,0.07110206200044467,0.04519300927273977,0.051867344647953305,0.04196297287444367,0.04063078547259038,0.26631432370889124,0.15505061003806686
2022-09,0.05391429900247032,0.03657789338126611,0.04094676884430338,0.04988159796084286,0.049321539048747774,0.04053678591054851,0.0571030897799936,0.07127740519755332,0.04524355794486305,0.05186525559477188,0.04202647564932549,0.0406737962985964,0.26518352921672655,0.15544800616999066
2022-10,0.054194211574780556,0.03694997474200492,0.04109891121442265,0.05009484373000736,0.04946002632035991,0.04070828910537561,0.0568996024382762,0.07104110424970365,0.04559281152410313,0.052615914461893544,0.042381916064486894,0.04098384253752689,0.2624463334772861,0.15553221855977264
2022-11,0.05400451433684336,0.03713558766876803,0.040924039085028834,0.049621443730612225,0.04939738863274979,0.04071753828501589,0.05667055043188218,0.0710313397282862,0.04560231197160211,0.05247051902413207,0.042234890425145284,0.04090353705775875,0.2635415763068326,0.15574476331534268
2022-12,0.05405809754918927,0.037379489212105446,0.040915031010893645,0.04977172511691071,0.049324977584426194,0.04076606798335342,0.05681011132298343,0.07097721858229394,0.04568846325358214,0.05252529568179877,0.0422977134845799,0.040910876231015685,0.2628398815513844,0.15573505143548297
2023-01,0.0541050649177944,0.03704235162019273,0.040984357571853675,0.04976747895425409,0.049396714683838175,0.0407277210628317,0.05670908559797985,0.07106790846714785,0.04562743912714975,0.052606995730191015,0.042304845292051765,0.040931545163563204,0.2623488314660465,0.15637966034510536
2023-02,0.05444513928681555,0.036703481087257656,0.04105141149201975,0.04994520575101282,0.04957646752402556,0.04075121785571725,0.05643710645493431,0.0715744889998466,0.045610316014185324,0.05295667828623736,0.04238792899421312,0.040939502835591016,0.26155315113579025,0.15606790428235354
2023-03,0.05455011616245488,0.036973935202461505,0.04115823423445446,0.049911911023931936,0.049634340574573034,0.040870785496842955,0.05638717558134092,0.07152579124661915,0.04564247378420114,0.05299824017622535,0.042474924514781257,0.04102345312420843,0.2607721467715599,0.15607647210634515
2023-04,0.054572070336792636,0.03701415955813573,0.041202754489524845,0.04996742245675375,0.049670860923920195,0.04083118684834767,0.05645396549931137,0.07152945712148327,0.04566055637606137,0.0530308735913239,0.04259775141950557,0.041057000694366415,0.2603382240221793,0.15607371666229394
2023-05,0.05456654332289296,0.037048768514499265,0.04121368635266855,0.04996410232856821,0.04966714150678951,0.040834750937310337,0.056456327327305496,0.07153813327214319,0.04565881363828993,0.053021981470487096,0.04259777576988342,0.041058711597282464,0.2603475695374992,0.1560256944243805
2023-06,0.05453136490501517,0.03728517754199879,0.04122586080904927,0.04985018037600244,0.04956678156577735,0.041044028783375444,0.05629681247402649,0.07143963508703743,0.04575515795330992,0.053031052078583385,0.0426210673494168,0.0411197640203495,0.26009967267262607,0.15613344438343182
2023-07,0.05453678840688662,0.03706359243075113,0.04112406799962108,0.04979481319995865,0.04946113421224213,0.04102432581946656,0.05625469806563622,0.07141317474174652,0.04568838251194725,0.05299095155067195,0.04259519680841877,0.04103964584176195,0.26061676479613244,0.15639646361475867
2023-08,0.0545291361665622,0.03705993644786966,0.041115706525395264,0.049762343594736795,0.049457149640913294,0.041011515565435155,0.05625633786392569,0.07139265652918894,0.0456833305074028,0.052998177844989586,0.04257352976805478,0.041029661792097896,0.26073710842223996,0.15639340933118803
2023-09,0.0545018477494411,0.03705601683512836,0.04113292030029997,0.049847190398237526,0.049459784196632876,0.04103357204972584,0.05631959062905704,0.07126890169260061,0.045727340822695486,0.053049762071542,0.0425715439860246,0.04103901450080071,0.2606736936407957,0.1563188211270181
2023-10,0.05455662365479617,0.037157286112488384,0.0411380984524167,0.05011447557972779,0.04945745311807486,0.0410690544135915,0.05642311635696885,0.07125597145477415,0.04576862441273553,0.053106381612151574,0.04270049528929028,0.04109259173841018,0.2595152524162929,0.15664457538828105
2023-11,0.054555701499821446,0.03700192293662436,0.041175697367579485,0.05006301067204959,0.04950612256753987,0.04112447886404083,0.05652892890787129,0.07144139085309953,0.04587163603533898,0.0530865751586999,0.04275872224128281,0.041113691646904024,0.2589820275765334,0.15679009367261448
2023-12,0.054735260138294085,0.036936574418514306,0.041212004696064494,0.050449236369925494,0.049627242903349696,0.04110897912203979,0.05659871874946537,0.07156883882789374,0.04598022348917842,0.05323521133404088,0.04277494571332685,0.04111903040486441,0.25777037964807364,0.15688335418496874
2024-01,0.05481960701214543,0.036963962417081664,0.04121221796770394,0.05058669942976093,0.0497167867623065,0.04116612729770908,0.05671314747629807,0.0717452205541667,0.04601312410765996,0.05323169741766833,0.04279225895776498,0.04113814049180069,0.25687780502583907,0.15702320508209466
2024-02,0.05480892890261385,0.03688327134964599,0.041210720499131756,0.050595756921487635,0.049732714975394554,0.04119122544044829,0.05677844804343757,0.07170576141971723,0.04603301294359227,0.0532763746383296,0.04280750176384772,0.041156811656870136,0.25677069226103333,0.15704877918445007
2024-03,0.054801828621607915,0.036861865015404525,0.04118737237371187,0.050583008859156564,0.049717596529443416,0.041168736479161076,0.056808489684361585,0.07167570880222289,0.04598359854751041,0.053246213047054805,0.04279434956917362,0.041131707444305325,0.25698058647856875,0.15705893854831712
2024-04,0.054835494814610496,0.03698570554353167,0.04120028274649116,0.05049122545463525,0.04973539299547158,0.041215759978424346,0.05683033027690819,0.07154816021667963,0.046018468217213684,0.053300924098376,0.04280259825442573,0.04115127418006075,0.25721673087146996,0.15666765235170155
2024-05,0.0548785670962931,0.0370219972221266,0.0412003571941142,0.05052229896632605,0.049739303484054156,0.04121558728536531,0.05676548322815682,0.0716939164719154,0.04601329285567627,0.053256527855355,0.0428070500302426,0.04114218519123951,0.2563773740587316,0.1573660590604033
2024-06,0.05492054516867188,0.03705821428452967,0.04120652526971199,0.050574515727070016,0.049761381319715185,0.04118331675506665,0.056762312684695955,0.07157271353640944,0.046030904113642024,0.05326458669864844,0.04281369286671807,0.04115515893084064,0.2562732729878378,0.1574228596564423
2024-07,0.054909059766869724,0.037068810727772294,0.04120086417377382,0.05056700135496387,0.04975267219923313,0.04119890549129986,0.05675703304583799,0.07154023819264108,0.04603914763956654,0.053273450199950174,0.04281161712755842,0.04115464613902858,0.25633322511237905,0.15739332882912552
2024-08,0.05491486505079746,0.037018714449139616,0.041225044212511316,0.0506283540208832,0.049820059980981435,0.04129715729178974,0.056777299197015865,0.07146302532738592,0.04612112905977424,0.053362429130091,0.04278857080165166,0.04117190774775973,0.2560607894163495,0.15735065431386921
2024-09,0.05490805756751308,0.03706745506986566,0.04124898601050155,0.05069025801162462,0.04980817949050134,0.041313563639556114,0.05680065752629415,0.0714303813107261,0.04614160663526523,0.05333179390439089,0.04279835541396591,0.04117249968456909,0.2559844613109149,0.15730374442431144
2024-10,0.05494362516315945,0.03700315485411374,0.04126140562566076,0.05077228603314228,0.049826276068352555,0.0413240750492612,0.056763393248011336,0.07136619592967712,0.046143776323501313,0.05340429936110208,0.04283899995165912,0.041189580743827774,0.25599020991403565,0.15717272173449565
2024-11,0.054945946777028735,0.03700697932756165,0.04125817508921503,0.0507902532324698,0.04980267543971314,0.04134870883308756,0.05683964303084023,0.0714373736004571,0.04616686880718286,0.05340085021528777,0.04289383967675317,0.04121192108250097,0.25540785305811137,0.1574889118297906
2024-12,0.05507114088809126,0.03669517026037642,0.04126223742450389,0.05076869282538922,0.04982017977115071,0.04139207204785547,0.05670644711440155,0.07132743674859067,0.046086214450847145,0.05357469426906282,0.04279097219882911,0.04119375093095962,0.2554253661926183,0.1578856248773239
2025-01,0.05512033518070642,0.03704046340465865,0.04126739171540894,0.050692866383801445,0.0497681831122951,0.04159131523207106,0.0566234083816681,0.07116091472030599,0.046233084861073546,0.05361393768338425,0.042804490308916456,0.04122520021394664,0.25463989622122163,0.15821851258054173
2025-02,0.055148839821801805,0.037059286126798006,0.04125697495835683,0.05071012862481644,0.049781385326489354,0.04161442351917438,0.056639129850896155,0.07114396630759932,0.04619921272797462,0.05357033674051723,0.04276959320843628,0.04121378082256285,0.2547296550151692,0.15816328694940754
2025-03,0.055136329706673204,0.03717152939922216,0.04129632563257178,0.050720279026591625,0.049804466352008574,0.04165853539184961,0.056585407287094235,0.07117408965442475,0.04625092577367311,0.053578854317049285,0.0428043464948822,0.04123314338010973,0.25455725468104123,0.15802851290280864
2025-04,0.05516580832892206,0.03711193787925302,0.04126531240775552,0.05079118163776661,0.04977680734252854,0.041587026586502866,0.056584904365009125,0.07120842617964686,0.046179854778562554,0.053527424083309676,0.042772219758652946,0.04121720216511763,0.25460731114391566,0.15820458334305684
2025-05,0.05516076891224545,0.03712466533811364,0.04126038822006133,0.05073244873635919,0.04975936163352808,0.04158799156746827,0.05655768514602413,0.07119408354374271,0.04618243643415768,0.05352229820299922,0.04276149012707139,0.0412185969062932,0.2546017165486242,0.15833606868331163
2025-06,0.05517230971827777,0.03701321909481034,0.04121224091194179,0.05074370809966049,0.04974245683250273,0.041518402116054634,0.05652573503509905,0.07113520359858112,0.046147256525450535,0.053612104048426486,0.04274509776538882,0.04120554642964235,0.25503939045389956,0.1581873293702643
2025-07,0.055210067879787286,0.037056632692139366,0.0411965703786484,0.050727710332128195,0.049789773139067524,0.04148702807850148,0.056518302629898015,0.07115975308476376,0.04615382863563044,0.053622464888139765,0.04273220411386287,0.041209958279010014,0.254933116633278,0.15820258923514482
2025-08,0.055201199910200116,0.03705616343994302,0.04121462792684882,0.05075043809855169,0.04978056944698598,0.0415126087841324,0.0564984181469495,0.07120259385093536,0.04616903694819322,0.05361919574886675,0.042733258513881905,0.041207640518847094,0.2548607663317831,0.158193482333881
2025-09,0.055200625758696775,0.037034315018877585,0.041236721535390146,0.05073791839267176,0.04977009365748799,0.041531775748478134,0.05648667880879205,0.07128174202645468,0.046192185236289166,0.05360079951730282,0.04272899202554037,0.0412020280432095,0.25476798670108897,0.1582281375297201
2025-10,0.05532469139887789,0.03687657703219818,0.04123731078877624,0.05081418165255828,0.04989177287341297,0.04151197349987212,0.05657465610378423,0.07124995288646553,0.04626297452790607,0.053629606866017615,0.04276522656769604,0.0412619104735454,0.2548338905878649,0.15776527474102453
2025-11,0.055372131868935054,0.036879625372212115,0.04123078381132397,0.05083865950282931,0.0499287124082777,0.041501497780455636,0.05664189838865009,0.07127054117684882,0.046267255663003264,0.053616720747697154,0.042789631336730936,0.04129076603948029,0.25487035810934616,0.15750141779420945
2025-12,0.055355563605991254,0.0368943002933069,0.04124080754343949,0.05083798926218513,0.049930849778300423,0.041516748474165845,0.056661419941113705,0.07126230818095657,0.04627518826443552,0.053572694988841624,0.042792435614419304,0.041290788516015024,0.2548543815781228,0.1575145239587065
2026-01,0.05535403535638994,0.03689928935254604,0.04124452329764874,0.050835911148799345,0.04992659299253934,0.0415156338853101,0.056671768741303544,0.07124584056445663,0.0462731964721388,0.053569447163262764,0.04279845890093445,0.04129094748145424,0.2548120150377527,0.15756233960546331
2026-02,0.055288372585869265,0.03700668939722889,0.041164872599896214,0.05065604980575098,0.04983754446634154,0.04162066310078842,0.05669759174843454,0.07130767370872283,0.046271210521660625,0.05367948482712547,0.042918020453496845,0.04137913392575155,0.25541643485985316,0.15675625799907977
2026-03,0.05525866287162743,0.03714204443593672,0.04116469489613208,0.05061628079636584,0.04979666996845812,0.041787824614734,0.05673392695862865,0.07111890377488046,0.046417142482921975,0.053714343900245036,0.04309946854897679,0.04142239330680421,0.2551836170592758,0.15654402638501302
2026-04,0.05516170892144112,0.037148661824522124,0.04111211254956967,0.05117857874348414,0.04970903488799155,0.04184736057107167,0.056837601170401535,0.07122722751729063,0.04648624368830544,0.05366689604030471,0.043184648209025685,0.04144384081363068,0.25465154779394295,0.15634453726901806
2026-05,0.05515085625248043,0.0371459476847305,0.041079620088027125,0.05121376424014222,0.049705206497377315,0.041777631545359704,0.05686712609704215,0.07120887727379803,0.04643220431517315,0.05369202269743396,0.04314905823732209,0.04143347991347554,0.25471457935663255,0.15642962580100514
2026-06,0.055157813134455114,0.03719719415376031,0.04111069634669667,0.05117967750858202,0.04969887441089264,0.04184102996011065,0.05686126036565232,0.07115349535044416,0.04641758102589279,0.05372399965062119,0.04315114499024399,0.0414405676725031,0.2547231845805715,0.15634348084957356
2026-07,0.05519429561708429,0.037194517707521454,0.041241651482941157,0.05113538099243857,0.04973684705040372,0.04181844952322366,0.0567534149694967,0.07123550587759335,0.046393833622962316,0.0538367077523333,0.04320956875288122,0.041469560372476774,0.25480871406754013,0.15597155221110337
2026-08,0.0552797652075847,0.037081405829197174,0.041156320376388354,0.05133604691667528,0.049764291925438825,0.04183752129251152,0.05684073294653533,0.07124972473019042,0.04649184463441286,0.05388165794844017,0.04328144174439323,0.04150410510405338,0.2544619438646104,0.15583319747956842
