,NoDur,Durbl,Manuf,Enrgy,Chems,BusEq,Telcm,Utils,Shops,Hlth,Money,Other,UST10,GOLD
1990-01,0.12003525322051478,0.040826096308905116,0.03066001134849625,0.057686605978750395,0.03533654380502326,0.020285393001440468,0.20743283826181788,0.13889463847953443,0.04802286790734797,0.04351776507736375,0.037628781336083605,0.03831639375126567,0.11546780393555336,0.06588900758790303
1990-02,0.050599194250076786,0.023669158718351426,0.034520619553211486,0.10751800595545047,0.04430610749572462,0.01920621711470055,0.10782765872964993,0.06002752859343917,0.031106306425557867,0.037753299772554726,0.03716893944430128,0.04904015239427141,0.11552406629090248,0.28173274526180786
1990-03,0.04871961995624857,0.025175116758300097,0.03535833521243429,0.11192876835142043,0.044994631689677524,0.019935110664845598,0.10407922195318786,0.05860075655066724,0.03126505698771802,0.035308587589764295,0.037761825305513544,0.05061295563669826,0.11125740285593562,0.2850026104875886
1990-04,0.052929037035070826,0.02548106133114126,0.03778397664011347,0.11263753496290124,0.04631525426599068,0.020682535980942777,0.11599523037989942,0.05636873127456329,0.03339499386748615,0.03683300529627376,0.03572423813899724,0.052268405563341606,0.10388189415182655,0.2697041011114516
1990-05,0.12504862268860054,0.04677349675277767,0.03086297535480434,0.06637982128588173,0.0331756551473452,0.02209757980324184,0.16662373441954234,0.15444404489926036,0.05384991101652002,0.043093905380960335,0.03246923815326907,0.0392484930355584,0.11510317507814881,0.0708293469840893
1990-06,0.127577831258974,0.04735171339310658,0.031847707886642575,0.06379764649096074,0.034815380292523054,0.02450823066582969,0.16904430729270606,0.14989798731866766,0.056680974775295025,0.047320317214495276,0.03432806533785909,0.040389764155763785,0.11200007587388396,0.0604399980432926
1990-07,0.13733310511456334,0.0455645614605915,0.032184305083688046,0.06168723523330607,0.03513850147212573,0.02443779984142129,0.14201585734361372,0.15516355578349017,0.06011621774965579,0.054274646391556554,0.033348542346407564,0.03990394384397039,0.12334724142660229,0.0554844869090075
1990-08,0.058414525546826135,0.024637939678664723,0.038535536147626955,0.11624454622254099,0.048499098634490256,0.021120397359150927,0.10765253360252464,0.05266034361617204,0.03504692737970795,0.042459743261863005,0.03466259061720155,0.054701475650372186,0.10325073229877903,0.26211360998407957
1990-09,0.0557228797253653,0.022963239530734078,0.035104969530294856,0.12007436300816404,0.04199693091298178,0.021181935078765618,0.08473338415714811,0.052231659002211536,0.032891519725411586,0.043900614662355376,0.032743890922112565,0.04774825009935262,0.11493270790841026,0.29377365573669223
1990-10,0.054023958706130845,0.021103964358499237,0.03225828624223432,0.1182964528692072,0.03948351700894065,0.021095804590366023,0.09351818518070537,0.056643522935260204,0.030625540696652992,0.04354213802402127,0.02863766104637177,0.04397953991425604,0.1304640900683284,0.28632733835902563
1990-11,0.05608477859085566,0.02023648301330152,0.030370929606387705,0.10832294060639633,0.04118504464816786,0.020287117497490258,0.09891103588005178,0.0649637221933827,0.02934671919866497,0.044565627100812834,0.025578028836969833,0.04025771299004925,0.13795779184517606,0.2819320679922932
1990-12,0.05797031689160262,0.018471170587702302,0.030021706589332085,0.1078298452295435,0.04281586360390984,0.020535602189637632,0.09695428739006852,0.06245712429514391,0.03018559096946006,0.04644395412720587,0.02772753870992678,0.03987617662881524,0.1327463466157674,0.2859644761718842
1991-01,0.06105598405538892,0.017180009099706746,0.03144521357349113,0.10263339865199604,0.044202506959015286,0.020706715060247186,0.09749865258388879,0.061246333918202424,0.030425147282704044,0.046991653236278824,0.0289639597886248,0.04201485934405439,0.13329823307473407,0.28233733337166744
1991-02,0.06484750439433935,0.016732809103224913,0.033015197576263755,0.09839430318116894,0.043456128776104684,0.023378419070672445,0.09357276902305689,0.0556094575816734,0.032314053935329975,0.04774551181672478,0.029723386068408863,0.0451790817089754,0.12268967954284786,0.2933416982212087
1991-03,0.1394049177070216,0.03928817495681745,0.03195523686257834,0.07330111897002742,0.036083061769149424,0.021657762222910826,0.11641513452749995,0.1616593746879719,0.054225350383120194,0.06226234973275507,0.02959840266499295,0.03790939533880032,0.1350264984829718,0.06121322169338278
1991-04,0.14246402135464697,0.03916394762204189,0.03233371826092655,0.0710600493121123,0.03596060482160259,0.0216783588484854,0.11438914360813074,0.15551745241220483,0.0604469844431802,0.06720999950503774,0.032876048611547005,0.035193968444778685,0.1312292484388687,0.06047645431643634
1991-05,0.1095670193054155,0.05115298432502865,0.051885634797884855,0.06620160121259465,0.059042999826807,0.03437233592465584,0.16685857137162038,0.09857061911681002,0.06520722936094069,0.05836420468442158,0.06892152834155688,0.03908501768233261,0.09028857964137615,0.04048167440855532
1991-06,0.10961602502407833,0.05660768273625945,0.054619881996869665,0.06351876569555295,0.0622990930026436,0.03496676278476214,0.1552134064019785,0.09540980049789627,0.06796919211073649,0.05926403431084147,0.07028421437577888,0.040507711374520354,0.08933961654800704,0.04038381314007475
1991-07,0.10740204803128235,0.056374504147618,0.054226373878615536,0.063220966751693,0.061443511582037785,0.032123156481525014,0.1622153287353384,0.0959587555123432,0.06816509070749428,0.059009554413992873,0.06827507624999297,0.03940070790984687,0.08994498641573295,0.04223993918248688
1991-08,0.10801891127936207,0.053694537785235946,0.053287128031538934,0.06386467786897165,0.06212184248267419,0.03271263553806513,0.15930557547768853,0.09699101870853193,0.06837845680186531,0.061252686176999235,0.06936915295246962,0.03924492718816564,0.08948926432465346,0.0422691853837784
1991-09,0.11057906732319916,0.0507831563636931,0.05300657874386673,0.06337531422609494,0.06122428650639458,0.0330838815580514,0.15363676957660316,0.09908299986931324,0.06863473473064172,0.06128694304144995,0.07073014671163314,0.03868490153633727,0.09480241718592715,0.041088802626794325
1991-10,0.10515680474434572,0.049163662312314255,0.05123941799005686,0.06285679433922052,0.05969737923571784,0.03245565659995782,0.1554659819304368,0.10617026124985511,0.0660190224816417,0.06124794264098736,0.07082460613904808,0.037898988559535184,0.10184093817465888,0.039962543602223906
1991-11,0.10284734359273673,0.04720755038110842,0.051438281291686525,0.06309355823844186,0.05950934683651249,0.032552952045684556,0.1581613156003701,0.10651867995942003,0.06348049903750276,0.0647828391349166,0.07167171009647785,0.03836638736644792,0.10049472795907209,0.03987480845962198
1991-12,0.13322408675919908,0.03577124954370183,0.03193528535158739,0.07082068344143708,0.03795090249320789,0.020481874406089992,0.1108441306173263,0.15846383115707374,0.06293583881479373,0.06733683545377141,0.03473819304655689,0.03509512476992366,0.14137732917733145,0.059024634967999604
1992-01,0.135090144815743,0.036335128228763176,0.03441521091819877,0.06472389519262312,0.040301768647491756,0.02155543122165532,0.11127304744449606,0.15077128194937048,0.0647286226337246,0.07112232142870585,0.037706981492393966,0.03684702518747879,0.14126789927218833,0.05386124156716701
1992-02,0.14259680055994597,0.04615557592534834,0.03652844558163899,0.06150977769848975,0.044413685759548405,0.023761444533351033,0.11251019351439094,0.14270720263392445,0.07127534468667121,0.06705985837492072,0.039421909466017396,0.042114954507608326,0.12177484396220921,0.048169962795935266
1992-03,0.1476565208759388,0.05732001662582808,0.037361539042255046,0.059077838375502435,0.04469242233311678,0.02447666113315143,0.10634233560345087,0.1355592175383982,0.07472161467320951,0.06150797202635943,0.040823860955265696,0.04409849367119165,0.12126557556022442,0.0450959315861077
1992-04,0.14491214398129892,0.06182265356417001,0.037684748403781734,0.05815376167859054,0.048260756403021944,0.023279724866903377,0.10769762278034677,0.13810924062265037,0.0755187789189224,0.05560894496698359,0.042347684572530304,0.041164076596217736,0.11995848355304928,0.04548137909153322
1992-05,0.13525674310329353,0.068855221239962,0.038402445413031526,0.06680264212848862,0.05182541382575027,0.022743498588678683,0.11887478363639867,0.13895950664824147,0.06564268499488803,0.05049486564020579,0.041751131080038584,0.03959072391740707,0.11622206524119003,0.044578274542425765
1992-06,0.1362645178670964,0.06456356551359385,0.03714132429104364,0.07002091544445928,0.050208084703655474,0.022523366224834727,0.10725553042515783,0.14607157023610093,0.06463476986535471,0.050753574877453966,0.04338912488003623,0.03823477608138285,0.12547010509396844,0.04346877449586184
1992-07,0.12682217942840457,0.06909256986729438,0.035886721408356116,0.06540122367845404,0.04413229977249871,0.021082938469560823,0.11331076717747729,0.15030470509273386,0.06293713707270157,0.04599942281693691,0.0455054071237984,0.03651112255256145,0.13746277368048995,0.04555073185873184
1992-08,0.05515150147988291,0.022560205901242317,0.026570650117055346,0.06537302516828525,0.033173038554717024,0.02172626125475792,0.12224833063975929,0.055931491204505294,0.020064953722941686,0.04265055821886994,0.024942494184730983,0.020592627393016216,0.1390148621602359,0.35
1992-09,0.05619750693638414,0.020043893987246295,0.025901263586012416,0.0685026849533348,0.03119567857264503,0.020945994343363267,0.11816662156561988,0.05625870918737583,0.020532933033634727,0.04063107796390124,0.0241952642798067,0.020017647003398472,0.14741072458727733,0.35
1992-10,0.05585305624789402,0.019300266813981528,0.025781950072746418,0.06718537432886064,0.03078681961414995,0.021127784650112422,0.12042160950229748,0.05533577145120447,0.020891401803933334,0.036702021112332006,0.02453684137712591,0.020281120049499446,0.15179598297586236,0.35
1992-11,0.05648955587531006,0.0192140552573994,0.026073321174998738,0.06514088818976409,0.03233681150422355,0.021761107596343917,0.12377976604132222,0.05518533589133577,0.022308253926111837,0.03931233802564726,0.025797561164374185,0.021335737666949572,0.14126526768621955,0.35
1992-12,0.05875640861749966,0.020195301239322654,0.026379228695472667,0.06105478731131837,0.03184827356983347,0.02229516020985849,0.13417737469905788,0.051771691958283975,0.023058495660560587,0.040631081535791876,0.02690877870355595,0.021413102559699956,0.13151031523974446,0.35000000000000003
1993-01,0.10555266838820654,0.046360455152418274,0.049644532090008214,0.05720794860301149,0.05775072175693404,0.032666325547300264,0.1481548776328497,0.11539516347083417,0.06690245513990062,0.0614716223598292,0.07203561270882214,0.03748136706701549,0.10921024845485633,0.04016600162801333
1993-02,0.05549082871369712,0.02062322227925881,0.0258458358566457,0.06014645207460462,0.02984443997206998,0.021370482530829966,0.14210113096959545,0.05242689578684147,0.02194484434862822,0.036718942517655395,0.027730877007337916,0.02092164366372896,0.13483440427910648,0.35
1993-03,0.05034994207240108,0.01991305079431667,0.02545296223934716,0.06213815600932711,0.029592049359477287,0.020581055230510216,0.1449655319589217,0.05765689179072768,0.020757332141410966,0.03040153705782101,0.02704919605236361,0.019922057458143683,0.14122023783523185,0.35
1993-04,0.048543278387027405,0.020660634624257077,0.025443017707520228,0.06372144602758091,0.029011680890665165,0.020409622360641512,0.14955609666349948,0.057484517838765,0.020699574908937843,0.029536155801357242,0.027817658211273216,0.019808419702238775,0.13730789687623626,0.35
1993-05,0.04189848958202869,0.02235441495072826,0.026177174238904158,0.0666827759889081,0.030721738707581936,0.020094706451412953,0.14227147335095075,0.059120689678104715,0.019080933658985777,0.03131188788800286,0.02699820362710408,0.01996456387778283,0.14332294799950493,0.35
1993-06,0.04224446565169612,0.022196713225887493,0.026563630524256664,0.06606369737622407,0.030516475349461787,0.022176186451035515,0.14541064991763752,0.05736513988969639,0.02011919246891872,0.032132473395494375,0.02649561097669742,0.02076511538304389,0.13795064938995008,0.35
1993-07,0.1134005387272194,0.0660723933335785,0.03520410516274352,0.06541375027472708,0.04315618498598619,0.02155979643998937,0.11977260236261952,0.16046008618400245,0.06071825323115868,0.041900773301186064,0.046704822323731895,0.035736806895452757,0.14538062681322947,0.044519259964375155
1993-08,0.10455408507409936,0.06733554599489561,0.03506832744192446,0.06524245066506766,0.04185192111629781,0.01987995047464521,0.12410536480903389,0.16632143878225616,0.06085384698266933,0.03639729180499946,0.048634380251678586,0.036251094419359566,0.14435199312547686,0.04915230905759597
1993-09,0.10407885198900833,0.0632449763487537,0.03595353521789472,0.06559415000666557,0.04145915173031935,0.021536886299104024,0.1259933241822934,0.16485388252328448,0.060403455951885746,0.036476552992079365,0.048339194809654026,0.03700070570238469,0.14972512068719115,0.045340211559481265
1993-10,0.0989971315282424,0.06529263275861384,0.03532838779311455,0.0682743301944796,0.04005692939229872,0.022775059181643367,0.12393000716419135,0.16047408254639536,0.06045366930895225,0.03791548116756475,0.05157266229734936,0.037944581897070576,0.1556450719056314,0.041339972864452554
1993-11,0.09721187506380562,0.05112913776233352,0.049567915518406586,0.057892632973282336,0.05400395823094292,0.03356648028746266,0.1533636456674098,0.11911329968570349,0.06437145865586846,0.05299925137110339,0.07384064415154867,0.037600089868085315,0.11547631897706936,0.039863291786978006
1993-12,0.10482232973882309,0.054184122825371085,0.0529119847556707,0.055184645666103524,0.058109650415815055,0.03474939394195296,0.14159771229656676,0.11049772134481418,0.06882286458846751,0.05638844903949391,0.07327069966734817,0.03885214571651236,0.10961274061842465,0.04099553938463607
1994-01,0.10543213290860834,0.05584836559255903,0.05471794407479297,0.05441546037707795,0.0590344595555674,0.035165722526983606,0.13796856452107592,0.11147778845586945,0.06612054829417528,0.05690098496582417,0.07423310472570167,0.03953197221343105,0.10809800527858243,0.041054946509750764
1994-02,0.10174648909039183,0.05819640318080968,0.055783403520073126,0.05540445731535689,0.06179103512723707,0.03581677769935319,0.13832024373640148,0.10604208701969438,0.0650717477274971,0.056356855924568905,0.07576482453891775,0.04055392568263093,0.10797338675890311,0.0411783626781645
1994-03,0.10644192413435538,0.05798085722989927,0.05886460088596306,0.05607343313692967,0.06512005142554697,0.03901444427676316,0.12894995983102703,0.09998440926934413,0.07163433909722698,0.05496549617629414,0.07530005188226213,0.04080303043821988,0.10310498537083139,0.04176241684533704
1994-04,0.10837906321542343,0.05723589171880559,0.059573691735723064,0.05726450561057553,0.06598832799887036,0.04005400409605492,0.12997235549459243,0.09916290295676217,0.07260262689132851,0.05357237652819896,0.07821235727012696,0.03962992333937046,0.09577128572579217,0.042580687418375444
1994-05,0.10745497400362153,0.056089252755433396,0.05763687827741848,0.06006362052791427,0.06808872046060435,0.039232435043941444,0.1305328475514397,0.1015414304782263,0.07145632738629817,0.054587942269961436,0.07940988391380525,0.03885869094552019,0.09249620190722033,0.04255079447859525
1994-06,0.10504099603448284,0.054316725949419484,0.059215649217963025,0.06077612511553761,0.07029317452270409,0.04026335564247006,0.13413016017543933,0.09111940563159342,0.06977006088276784,0.057585143652233,0.08430433972564207,0.03880681620416613,0.09162651633181439,0.0427515309137668
1994-07,0.10587830255796625,0.05368814180283409,0.05919579687040863,0.06031261789215245,0.06921130393765958,0.038692869787759675,0.14135710854595995,0.08801451140052799,0.06974226255750485,0.05672363287604702,0.08410696537981784,0.0384432140424543,0.09167955750896768,0.04295371483993966
1994-08,0.04054460292845728,0.02338833593458391,0.027097483256754665,0.0627670967893564,0.030221156710863412,0.022408772249793207,0.14810685676351704,0.05593831393298562,0.0191553585750042,0.029975332912352593,0.027999378692783992,0.02016333464551121,0.14223397660803647,0.35
1994-09,0.04275322799359827,0.021986344741546354,0.027197282964648156,0.06104773516581251,0.031833693344286484,0.023948117441985446,0.15212432115142496,0.05379892588776158,0.018992421304356556,0.0333253437706791,0.027978611152153398,0.019801812057023884,0.1352121630247233,0.35
1994-10,0.044371628152695186,0.021686611518946085,0.027901422637840827,0.06103539093172954,0.03279911207332453,0.025331690920925035,0.14910832318865516,0.05300575656341414,0.01964624895496151,0.036194675500529225,0.02728322985379936,0.020257835682620694,0.13137807402055884,0.35
1994-11,0.045217658742452475,0.020848122854868357,0.027557046961447625,0.06690924211958851,0.033034605758909784,0.027625632062837514,0.14602403029517758,0.05387533136652935,0.019706644105006024,0.03614034079473664,0.02699632958497946,0.01980429164505701,0.12626072370840977,0.35
1994-12,0.04660911149933061,0.020342566087432172,0.02672427329580686,0.06513677184751128,0.03169952281951333,0.028378914127064843,0.13648649484330264,0.0575233292604221,0.019802120857866555,0.03874462585062425,0.025997606318747177,0.019492274380358752,0.13306238881201943,0.35
1995-01,0.04679776399742407,0.02088614685745735,0.027951067499566114,0.06327267632972537,0.0323375551166963,0.02871358386049226,0.13831072092006738,0.056438035127823354,0.018493419841448238,0.038264246107718516,0.025838350532799283,0.01934102118011182,0.13335541262866996,0.35000000000000003
1995-02,0.04584213038608322,0.01865008483020777,0.026718449225012715,0.06052205423711367,0.030552321345059107,0.027257433092002674,0.1396635938244497,0.061213802061985,0.01821626880449652,0.039943282420812874,0.027023993097124208,0.01921910206028897,0.1351774846153637,0.35
1995-03,0.07118732972526638,0.01701274205585557,0.0342314181460251,0.10782709240313051,0.04703231959933927,0.023685441555000564,0.09433723094955951,0.05429714354577216,0.033280145486676155,0.04908389777681038,0.035647646113850504,0.04845567570220212,0.10998876810764255,0.2739331488328692
1995-04,0.07237191269125923,0.017093190475796393,0.03538044040903232,0.11486153234688096,0.04963725770658934,0.02520494750279877,0.09056425835641188,0.04976459791366117,0.03442360571476641,0.049974442939188374,0.03520127633541481,0.0499854876508082,0.10913670602578232,0.2664003439316099
1995-05,0.07209255129494202,0.016536995079781354,0.03551021059519127,0.11542603194157126,0.05111083403324889,0.028018470667908812,0.09001982623098186,0.05003015924317657,0.031565524231333374,0.05051478301983863,0.034628422282589895,0.04936668164642635,0.10868520638964396,0.2664943033433658
1995-06,0.07616599911644444,0.015611096549531633,0.03442849009366986,0.12176765381499186,0.05100705271233943,0.0264518748731453,0.08548028506262592,0.052782631669521275,0.03002606079357611,0.04810449033869462,0.0357067891798879,0.04619591073371944,0.12167828284704947,0.2545933822148029
1995-07,0.07740288929800342,0.014492972019009379,0.034737118196529436,0.11047658712011914,0.04978072622044872,0.030582337093451872,0.09263008677326924,0.04916754266522147,0.031506997427040696,0.05086158467719219,0.03528974954739744,0.04801244380157184,0.11867262387788373,0.25638634128286125
1995-08,0.11653032799717593,0.07064249872847587,0.037936563581213556,0.06338118607722229,0.04546332534041964,0.025536225216316925,0.124065218546442,0.1404926000910079,0.0644064566020006,0.04351868938793822,0.047631243536704594,0.037909892847222786,0.14435483105004246,0.038130940997817185
1995-09,0.11341038876373756,0.06987553665042402,0.037122620709056205,0.059973115784300424,0.04455527417794454,0.025408485819542033,0.13169567197444465,0.13867727227583218,0.059191104031957174,0.043627868534989414,0.05165201651004419,0.0374615910961168,0.14924311358585948,0.03810594008575144
1995-10,0.10560311811483965,0.051163184328726234,0.06022356713640058,0.059031442910384445,0.06932655791813887,0.04163707400099962,0.13859278430785035,0.09097141208502853,0.06607387698217444,0.05788458692610751,0.08378901188487177,0.03831532492140138,0.094183339577649,0.043204718905427715
1995-11,0.10807860563389665,0.048451509454752816,0.058460435825495545,0.059129784602051115,0.0673925667618632,0.0426855867361117,0.14057772425197473,0.09400667619321253,0.061753358459894464,0.05921731190508735,0.08242955293286584,0.03736453962868963,0.09743511099054356,0.04301723662356079
1995-12,0.10738891406194533,0.04886003155821226,0.059619304823182825,0.05940770913807669,0.06856017467277173,0.04101366174326275,0.13790815115441343,0.0919412458356677,0.06248971322824855,0.05934057024261052,0.08366883537155884,0.03776452434490954,0.09893073767562623,0.043106426149513606
1996-01,0.10566785792538128,0.04901333578152037,0.059170966825179104,0.06118787356569426,0.06685148214982652,0.03832760734099844,0.14074991756443903,0.095614697981492,0.060112558596419785,0.06111355981772729,0.08217103465443261,0.037082479800891174,0.10005131063537281,0.042885317360625494
1996-02,0.10576211483875358,0.04942203505314358,0.05940003753933524,0.059549819154702394,0.0684716507141882,0.0382047057473344,0.1407567697955829,0.09544526079070692,0.05838104055395181,0.06305918900655293,0.08328321830075813,0.037269020934360304,0.09821698277726158,0.042778154793367794
1996-03,0.11644423942468143,0.06470978070999063,0.03698294011668118,0.05842356380638224,0.04596086485824546,0.025482210406696366,0.13096787482729355,0.14297164213424696,0.057069665694427965,0.04769364776299381,0.05415700496957385,0.03665182291947449,0.14368796164114836,0.03879678072816381
1996-04,0.045837770960948154,0.018056973623122124,0.027157971766199215,0.0611903082432597,0.031060868741446805,0.028428730333197167,0.14226590666402075,0.0578576535833567,0.016937880308576153,0.04051620526134769,0.027840679130908756,0.01878689973248022,0.13406215165113655,0.35
1996-05,0.04541127594880855,0.018739550237426225,0.02785537913332975,0.06402107510914669,0.03043766300116315,0.03238983091295741,0.14970154583677106,0.053431498439582364,0.017723375638834714,0.03960166209624521,0.02693439951981703,0.019523654680985433,0.12422908944493251,0.35000000000000003
1996-06,0.049668972439791105,0.018769988876293133,0.028450715547757275,0.06359043037560544,0.030073840701657792,0.03355026901767352,0.14899988688650137,0.05350872022751925,0.018305825974132047,0.041269470715794315,0.026845289786326477,0.019445313163445662,0.11752127628750261,0.35000000000000003
1996-07,0.05148565717719651,0.017345467083149282,0.027952981330913406,0.06329425216315344,0.02935893883270095,0.030746550506066096,0.14545672464344703,0.059696297891194273,0.01775257767856869,0.040438474010581975,0.026869802373455764,0.018558004274423712,0.12104427203514888,0.35000000000000003
1996-08,0.05304844351917518,0.01785718923725199,0.02875668970742826,0.06462409884992502,0.031060857858016162,0.030131782557422108,0.12943037016996548,0.05635386411213048,0.017395806453230325,0.03993546365687283,0.028662430233014798,0.01786877125580614,0.13487423238976126,0.35000000000000003
1996-09,0.05173465026355765,0.017758722496954447,0.029484094049206804,0.0671124917469354,0.031356552133612485,0.03122817727598077,0.12784792891789917,0.05815509049674487,0.018103222469763987,0.04181595709009363,0.029745392743397773,0.017866849554120195,0.12779087076173293,0.35000000000000003
1996-10,0.051949669777269745,0.016724764348723713,0.030181670241766382,0.06749816035637066,0.03267889850937716,0.03389007338897176,0.12637594247770995,0.055082023706848074,0.017645428325587093,0.043924804571107354,0.030483086648548187,0.017316406590752703,0.12624907105696725,0.35
1996-11,0.05129568844811112,0.016765165275174982,0.02960969061231405,0.07145617182030617,0.03249053342868565,0.0316125548174934,0.12122574536679244,0.05715469791689234,0.016262507698518943,0.04155577418723507,0.03202656046823393,0.016461027654436564,0.13208388230580534,0.35
1996-12,0.07975352480602227,0.014966175953130394,0.03869709014899477,0.1173717013886608,0.05181627735182381,0.03571779076769062,0.09947182963821775,0.04692072212421882,0.032299592755987684,0.05878099695234384,0.04080135954115027,0.05209091080475757,0.10466738582694284,0.22664464194005857
1997-01,0.08165423228950466,0.015537926383908914,0.04048999053057199,0.1200195077872129,0.05126538217481495,0.035127212585480634,0.1120423080754409,0.04945940556752274,0.03138370324063506,0.05668416725565869,0.04076864628559115,0.05058967704891591,0.09896647728141438,0.216011363493327
1997-02,0.0871403981062977,0.01622506486841741,0.0420625685136652,0.12315520814358762,0.054302483134023825,0.040238343763170606,0.11269949606570746,0.04842782304776306,0.030171352131852534,0.06486469645384188,0.04434955776608005,0.052325236320648255,0.09450510216641436,0.18953266951852998
1997-03,0.11059074913751275,0.05093290835442143,0.061107177444291824,0.0616436049352064,0.07089386712585899,0.04156712385327678,0.12909343907240114,0.0900688394168176,0.06151012138439877,0.062494911238191175,0.08744878371254051,0.03861423604809158,0.0904727323908785,0.04356150588611263
1997-04,0.11046006282312211,0.052313272614696066,0.06204801367034693,0.0702192527013284,0.07343176030091324,0.04089875751680315,0.1176236651963116,0.09096164653812612,0.06520049957070626,0.06032181243362637,0.08558729399916158,0.038698084853547046,0.08783124035412311,0.044404637427188004
1997-05,0.11632325559476665,0.07016796249129935,0.04089040557995204,0.0656462949961053,0.051708197782111345,0.02519729424696342,0.11630583671329754,0.13502275694349752,0.06263969892975278,0.04853217552778375,0.057921637259858764,0.03874123238875719,0.13490270817056446,0.03600054337528988
1997-06,0.11067958399927436,0.05242807358538152,0.0632869893652785,0.06834225272987936,0.0743494207937211,0.04294737093632868,0.11626045985165852,0.0861027469399739,0.06409055344778161,0.0614681760798189,0.08648148828994329,0.03893538177771466,0.08988355874302492,0.04474394346022081
1997-07,0.10886927120769864,0.052048676738356454,0.06378184634708499,0.06697223477392861,0.07463522056207296,0.04222472290644808,0.11556196455945421,0.08635845756250157,0.06439797918359312,0.06329615263629734,0.0869599289671799,0.038967627484400295,0.09102349023455243,0.044902426836431295
1997-08,0.10543467042132798,0.05246452703885569,0.0641545447965662,0.06750562120104432,0.07482891559574163,0.04469157778736112,0.11204229086443743,0.08534787009076827,0.06485798855147484,0.061285970583826024,0.08795241171094753,0.03942742202987913,0.09410336372523417,0.04590282560253581
1997-09,0.10078637277333577,0.056212250245961146,0.06342436990616188,0.07090590807715011,0.07100219117883956,0.04615270401432424,0.11351264743930833,0.08755404595512756,0.06648523056901004,0.059704170158441844,0.08626142604218338,0.04011503106513375,0.09156046078044786,0.046323191794574586
1997-10,0.09993435432208424,0.0558838449849393,0.06259291191729983,0.07091837423646065,0.06893947110445413,0.04554715506578717,0.11600309882611712,0.0880191709121703,0.06607098618021154,0.059809311047248306,0.08667786175682328,0.04108949133714175,0.0920115425999233,0.0465024257093391
1997-11,0.09751735768424458,0.05472430521795124,0.058134792724866415,0.07025997584732137,0.06709002599473751,0.042071442601650605,0.12360375657370819,0.0904689014146156,0.06579127462355548,0.060993669425359186,0.08634285627735222,0.03905800373675454,0.09769340927758728,0.04625022860029588
1997-12,0.09768835302168123,0.05217677069937162,0.058026453582977346,0.06633678584297346,0.06734809548532766,0.04168602044475129,0.12863404227046926,0.09471519870236288,0.06601337574655108,0.060028047549711666,0.08411199279599833,0.03886358824566453,0.09808464015900424,0.04628663545315549
1998-01,0.09717037112195745,0.052539926838616746,0.05582058230912609,0.06437663719825536,0.06631757566908048,0.039579727378790744,0.12907184506113287,0.10051245342650215,0.063870394683973,0.06013501791901109,0.08493381799516292,0.03960796387617197,0.09996992971491922,0.046093756807300164
1998-02,0.09378375505425443,0.05274442664291713,0.056760030131072677,0.0607487313243601,0.06484984386234562,0.0413025042778678,0.13685232747776038,0.09397888739117133,0.06442260474992546,0.06319603450563373,0.08241243175653372,0.0395840080562581,0.10328314780303284,0.04608126696686683
1998-03,0.09339956989553652,0.05414579452973175,0.05734769984495278,0.061082352298481815,0.06591174681408721,0.04229294111581864,0.1339712497807115,0.09290056340718222,0.06564996949096218,0.0630786496309258,0.08327185513062633,0.04016844207764998,0.10077024734007128,0.04600891864326196
1998-04,0.0930341624342105,0.054310357846201654,0.05743307937233089,0.06125450642056655,0.065268786149786,0.04160124745182108,0.13517661632244438,0.09449141295312519,0.0658899647348459,0.06223564060400551,0.08269884763618786,0.040855614132703895,0.09957086817132717,0.04617889577044334
1998-05,0.1096583226420022,0.07228987531222789,0.04316481542429205,0.06506207268420028,0.05209779525655237,0.02785692199713084,0.12039298706741111,0.13220611779819033,0.06360458476435822,0.05054323666825051,0.059597470747584695,0.04058786342030809,0.12860685271564237,0.03433108350184912
1998-06,0.09076451036097684,0.055891922988081766,0.05792823045393668,0.06251781142136545,0.06678336317855406,0.04275404804866545,0.1306784078783142,0.09149995655228377,0.06627012223513534,0.06342188570300955,0.08513933418945975,0.04097487970200953,0.09903919064142377,0.04633633664678396
1998-07,0.09134716783708,0.05509589034196641,0.05598149483333318,0.06092733300242212,0.06521761743488917,0.044540304368698845,0.1302426604899061,0.09231860216210179,0.06724486641336432,0.06472304252851656,0.08503869945595022,0.040756666364674156,0.10017738958877055,0.046388265178326615
1998-08,0.08871869788957269,0.05610946848043494,0.054269816332967825,0.05814660144444267,0.060383227383574704,0.04606386353014353,0.141146143388045,0.08671170639175131,0.06695358064111313,0.06644490761183326,0.08646486541134839,0.04015358463645862,0.10195537938494496,0.04647815747336872
1998-09,0.1089349104862163,0.07827965679699836,0.03938226135451773,0.0597402222372542,0.05268353847371901,0.025758254232650688,0.11470214152197336,0.13248377102114994,0.0662076066170347,0.049664602120230016,0.05512377128627113,0.036153568056996765,0.14575339980326404,0.035132295991723864
1998-10,0.10369616652736222,0.07413842091162196,0.03800193773274142,0.06306872187147707,0.047706645222982715,0.027942112468406465,0.11946145371199873,0.13757852829265488,0.06322544334313211,0.052340235461887895,0.05341381078313643,0.03615723541411443,0.14950164554968007,0.03376764270880364
1998-11,0.1093253218023204,0.07806973879850962,0.04121430669121395,0.060762949481613544,0.05134181922561232,0.028656490314690704,0.1219196364325812,0.1250583577045966,0.06654780712984541,0.05199625385735943,0.05606519982716586,0.03697190845863245,0.1380580733021248,0.0340121369737338
1998-12,0.111754788309871,0.07909686317852883,0.04195945644103105,0.05862970731467616,0.050678668042447916,0.03133194556774774,0.1207955059126519,0.12087834447187731,0.06991969715196542,0.053450032170000425,0.057771602405286726,0.03819239122351505,0.13108726501992202,0.03445373279047848
1999-01,0.09530941741739542,0.01633817452730029,0.04037532171611979,0.10207708261347732,0.05437514473293452,0.03723736847616325,0.1450947265863373,0.04781171393425585,0.03446710422546632,0.0712112838285893,0.048454356371811676,0.04923511095398852,0.09472599833655862,0.16328719627960187
1999-02,0.05089692595540827,0.017383155006858737,0.029401190473443427,0.06739134100871091,0.03158515164295753,0.03783307217788416,0.14509750172711702,0.05574023399204284,0.016357408690723076,0.04527472391861866,0.03428498429839852,0.015591433752080974,0.13276702277585845,0.32039585457989755
1999-03,0.04964660880290545,0.017201240448638085,0.029602547394019792,0.06693720905634769,0.03430227994226569,0.032619531090960587,0.1422447644790919,0.05353720250592936,0.017196357243545773,0.04852056745717053,0.03719239267053227,0.01616118948632003,0.11711806132740032,0.3377200480948724
1999-04,0.04684199639522163,0.01703462030742153,0.031366590104268094,0.08079501749491574,0.0371450661804649,0.03606034907806734,0.13510232205197364,0.05072782992274989,0.017803566617255528,0.049483802761339034,0.0383438167603519,0.01620909162151898,0.11741411868053749,0.3256718120239142
1999-05,0.04742279374332894,0.018721820626029517,0.033911182218072995,0.09174904333012024,0.041793631834838016,0.03545071040609155,0.14345494519486998,0.05592113712774276,0.017241907046361738,0.043372569734377114,0.040151532203068684,0.01740190083306321,0.11079845492662994,0.3026083707754054
1999-06,0.05021523644558531,0.018239829707227994,0.03334402790120915,0.08832727093944075,0.039735273327948004,0.03625230334895379,0.1470574684521077,0.06866149599627036,0.017258253805860404,0.0432000555146975,0.03858077198972254,0.01710870661799648,0.10809055805433031,0.2939287478986497
1999-07,0.05054665853071002,0.018382280109669906,0.03667568711613746,0.08696103053794392,0.04039897770463211,0.042650034986201735,0.16564883961523622,0.06149214720595233,0.01942016594051377,0.04655932217510497,0.040518221598452794,0.018024345708287055,0.10417870270173818,0.2685435860694196
1999-08,0.050117493660770514,0.01790924551156394,0.0374307947440245,0.09155647104654438,0.04209812264359405,0.043277224848261256,0.15986481181275228,0.06370926871517542,0.019226730935283542,0.04481840304462549,0.038027367767633054,0.01735825232239754,0.10918315528667663,0.2654226576606974
1999-09,0.0471395326275588,0.018395959691393706,0.038206735689432184,0.09783166774085725,0.04244907658474391,0.04828342800845948,0.13627189445426888,0.06602818514830751,0.01785547324632876,0.04909000771318179,0.035603908788349466,0.016396366341981043,0.11076791797795946,0.27567984598717765
1999-10,0.04191488404171697,0.016923073671828166,0.03778464381700058,0.09025788350270601,0.037621413752230236,0.04856002295016042,0.14585267118932613,0.060597410141725976,0.01905769834312562,0.04384695893558211,0.032946146674257756,0.01684519242196313,0.11826190403046334,0.28953009652791356
1999-11,0.04288662334732358,0.01753075995592479,0.03799572924070027,0.08257824665233002,0.03916044068250847,0.04714679106072372,0.143761508117693,0.05958993476442823,0.019283994228370908,0.04636677081675728,0.036380676391709506,0.017103830667853512,0.11263068222228731,0.2975840118513895
1999-12,0.043182127618118064,0.01790323265221259,0.038079246310854485,0.0879988169038608,0.04051836620986082,0.05613248458158188,0.15418801399535945,0.052426692211302486,0.021432493763483034,0.04856508699570495,0.03535878935311359,0.0185008093713289,0.11426300141202654,0.27145083862119246
2000-01,0.04117169721683353,0.018598044498948012,0.04389717649853377,0.08732273761679986,0.043202008978815334,0.06749488974987827,0.16081228651667254,0.04991549370504128,0.023307497203991015,0.04450941355343545,0.03458870001871654,0.021123415569829024,0.10912444707371353,0.2549321917987919
2000-02,0.03918543189060553,0.01890038466031173,0.039454822147691665,0.09152146547352855,0.038851031345589454,0.06469796818334457,0.1523873019244275,0.05798848300796969,0.020712147036963207,0.051489790837245974,0.03328569195769915,0.02034637133542318,0.10811195260521819,0.2630671575939816
2000-03,0.03648427384119465,0.017928586246777456,0.03924634205386075,0.08314180298186961,0.034175415133159956,0.07675367606503344,0.13689508028053352,0.05216535688717015,0.020778711807231766,0.05022863189446942,0.030192268356573335,0.02095283709064036,0.12066777245698204,0.28038924490450357
2000-04,0.037592865894686536,0.01862797280155743,0.04182710959806988,0.08942597808811745,0.03112454154265735,0.07785425929909537,0.1474532155045716,0.05314335403323021,0.022125083093833653,0.04809194445435115,0.03382515142680086,0.020667030461037593,0.11976675676411538,0.25847473703787543
2000-05,0.036462796492585124,0.020123680410553003,0.044255132708598675,0.09279616605712347,0.030941830211983563,0.07309274033537412,0.1380023187025414,0.06096822100353907,0.020145750340189894,0.05310152856285945,0.03230024839536576,0.01985103810814471,0.11235781367523864,0.26560073499590325
2000-06,0.07803410154459152,0.01749201487143686,0.044886137176828086,0.09717269986756105,0.04690736149521474,0.05444150402344557,0.17032340503527074,0.0396858838203676,0.035302585516984494,0.0715548254370777,0.04728262075987496,0.05191969503245636,0.08999789160002164,0.15499927381886863
2000-07,0.07594894882358087,0.016170877766709786,0.043895854503085655,0.08063396897721134,0.041234102812190754,0.06399554795387494,0.1690636727138146,0.03668469845236845,0.034009967988100825,0.08190930623557112,0.042136796518430435,0.05074261943032294,0.10735385616199337,0.15621978166274506
2000-08,0.08504758488075632,0.0162639597118998,0.04360426271884238,0.08142069357857808,0.0409934611038322,0.06224445548083737,0.14692791035542901,0.039303196203217095,0.03348515309074379,0.07708415104181657,0.05247884121351868,0.05396273305351053,0.10204848339178381,0.16513511417523424
2000-09,0.07632378192329971,0.016023578949713953,0.04925886007263074,0.09111574959847696,0.03962000760169217,0.0726185337167255,0.13272848807145957,0.04685797199912555,0.02914482357262427,0.07804066917989162,0.059469035452270134,0.05870911049554314,0.10132873952585242,0.14876064984069423
2000-10,0.08537479676107027,0.014839269101507544,0.04085594764447695,0.10329991960350887,0.0395449691031292,0.052077211316085906,0.11439660850419606,0.06042715453150331,0.03155517643296478,0.0864177926624701,0.06408050260560012,0.054439722067315004,0.10148753270748846,0.1512033969586836
2000-11,0.1023806087642491,0.015469744673204371,0.04262836852139444,0.09602806388379455,0.045855571416624996,0.04417884355420508,0.11279300163435797,0.05696346782232464,0.03009140274825255,0.09063881490054493,0.06320263564175133,0.05072293760896417,0.1019895590035744,0.1470569798267575
2000-12,0.11442090007115485,0.01414371788871729,0.04120068001345274,0.0952880409394534,0.052338572953066875,0.028881345056550052,0.06431341096584822,0.06837628099094166,0.03315310168200904,0.09730807906938632,0.05964954822229032,0.04523761153467751,0.13260234089764056,0.15308636971481115
2001-01,0.1117363420468723,0.014672534860228702,0.04391734610560812,0.0982363972913636,0.05651891958723231,0.024680795101192646,0.05477575402899315,0.07333608288591123,0.0350326866735373,0.09234118642057215,0.06415615875575112,0.04164349559775255,0.1446948947573585,0.14425740588762617
2001-02,0.12475408013904593,0.015009099983303928,0.04516451449868856,0.10010020545898007,0.0490682699601725,0.029112037708872284,0.07579321690468828,0.05347812157471335,0.03816451756117396,0.08359015244899819,0.06913852048388539,0.044908043014518804,0.12604320685369644,0.14567601340926242
2001-03,0.10556501166969756,0.07680487558535547,0.04399350585830937,0.05861023166363109,0.04783035569795367,0.03377219431333027,0.11602329258503674,0.12363970589271653,0.07387160072143498,0.0562998006768581,0.058025449331903046,0.039013685918591196,0.1319299832724979,0.03462030681268416
2001-04,0.1018369425495801,0.07756257465364871,0.04190115662471382,0.06265679984886001,0.044970045348950584,0.028812448721542722,0.10855170266744912,0.13614244056389385,0.07566615799002413,0.05117962251633096,0.058551727964055854,0.036455214775472373,0.14122414019928112,0.03448902557619648
2001-05,0.09755368152802397,0.08066574137409165,0.044794925426578105,0.0659320068467525,0.0449803232109848,0.03192009411233657,0.1079677877403817,0.1388008537168319,0.07633982621842511,0.0513426873583814,0.058701594704040835,0.03919075576587717,0.1265837269091733,0.035225995088120986
2001-06,0.1022958011781506,0.0780845493154525,0.04525290890086546,0.06510639788759165,0.045982616385381696,0.030121531039002638,0.10426889213631947,0.13901994198312947,0.07752682932085708,0.05248801476902785,0.061084533636817054,0.04043015125337696,0.122993731904155,0.03534410028987248
2001-07,0.10469145142206872,0.08729579857479873,0.04183875776233147,0.05925519884937803,0.046792678507382564,0.03185181478108434,0.1040147906556338,0.12350663317678046,0.07810559768183259,0.052183839311615646,0.06494577998320787,0.04092928250705088,0.12909734566244416,0.03549103112439072
2001-08,0.10296433780977683,0.09153249922851958,0.04239486379474602,0.057473627612338055,0.047729122837426356,0.029140478737798518,0.10169021983870238,0.11221039213829814,0.08307825879666655,0.054136961171312434,0.06425501448685353,0.03722774950445337,0.14091084239267068,0.03525563165043755
2001-09,0.11531084056485241,0.07933314253687135,0.04179403339912021,0.05668084115095823,0.05072544055151974,0.025152701694972336,0.08897937782565717,0.12074839057256553,0.07801525434061382,0.05414775800704902,0.0615408040667683,0.0356231146397591,0.15686420903058387,0.03508409161870897
2001-10,0.1202331682189455,0.06027379506002083,0.032685629683978694,0.0560074550719627,0.05111047203294611,0.020701912350656677,0.09552143771880012,0.11104290822003912,0.0725221807255924,0.06032834644539805,0.061811103205968124,0.03012746985328523,0.18743280618164349,0.04020131523076294
2001-11,0.1238765755319828,0.06010216897028606,0.033690646452140316,0.058553825902753764,0.05155600668040161,0.023022469803986128,0.07826416922099147,0.11384285337951708,0.0737899343633955,0.06048767399500331,0.05941959047840262,0.029266131995159442,0.196971321017174,0.03715663220880579
2001-12,0.12417247061693176,0.06776935801036567,0.03689741706270812,0.053711185183821196,0.055613980924122924,0.026077219980243038,0.08206890468526747,0.10695513141932862,0.07966093764842952,0.06258858237788315,0.06299740893126983,0.031783722857099385,0.17325972202768936,0.03644395827484001
2002-01,0.12468529046687327,0.06569049059952155,0.03856647227462176,0.05729723423171575,0.05454225890277178,0.025667803315189724,0.08365632577637468,0.11264381119139934,0.08243245448190133,0.0587320525351071,0.06472655249868917,0.033702115467949004,0.16094089347763207,0.03671624478025352
2002-02,0.13061934757073823,0.06988193083417957,0.04031370332523088,0.05544182972819464,0.05598498522254981,0.025732854919375152,0.07393470685170529,0.10349416916577518,0.08805637570137348,0.05744453428615475,0.06471979901396696,0.03266699499703073,0.16480546333626733,0.036903305047458076
2002-03,0.08604072600983215,0.05029795505117849,0.052057721809487686,0.05931029290143417,0.06177125529760559,0.04204958586111252,0.11616303204112778,0.10957684962524981,0.06732580509478092,0.06940305478946687,0.0715973110299084,0.03441669511337592,0.13389370930138392,0.04609600607405583
2002-04,0.08616983374465136,0.05152891157226224,0.0529595484022043,0.06159374241004304,0.06272911768499302,0.04304524064423323,0.11283060329129242,0.11617483223664171,0.06655208669828612,0.06770815301896506,0.07264642280112525,0.034748924853476276,0.12487105139539414,0.04644153124643192
2002-05,0.09236152263258447,0.05436628179614026,0.05410238099296198,0.060083862391790206,0.0630609635810142,0.03941892938617273,0.09541258878967715,0.11971674351716942,0.06796624203463503,0.06432073909387256,0.07504481767178973,0.03259803661501744,0.13481943270476923,0.04672745879240575
2002-06,0.09535957556822602,0.05478852214927762,0.05418161846571041,0.06000140354181419,0.06457908774640134,0.038497141808602836,0.10006831116364204,0.10911083022595543,0.06791209951331047,0.06364691802219609,0.07621171847574446,0.0320927138640217,0.1365924501268693,0.0469576093282279
2002-07,0.09511286247821904,0.05348986706922156,0.05553079340857562,0.06365395012024758,0.06872624895917481,0.03571266955723143,0.08400131713102764,0.10553012954968305,0.06905825565113517,0.060570151608564576,0.07857537056909007,0.03116623100700576,0.1513617938683608,0.047510359022462825
2002-08,0.09564588447933638,0.0506114065327919,0.052862461105503154,0.05858051436551191,0.07131342168022146,0.03498173379932082,0.07542443790535876,0.0898204772427702,0.06476405560301414,0.0652264226429916,0.08005231635356977,0.03197513480003576,0.18192282965635334,0.04681890383322088
2002-09,0.12057456724070213,0.017403149047020127,0.041028271056386505,0.09612425926149569,0.05159692964255708,0.017188381935651444,0.04461743081595766,0.06234036762792995,0.03574626270859322,0.07649301890042402,0.06087506469065043,0.04175476694477154,0.1758714928421203,0.15838603728573988
2002-10,0.10065190046246096,0.01606061459278427,0.035699652993634645,0.08345851162433272,0.04917130074076901,0.014953092008908403,0.03803723264702282,0.049906048526756286,0.03224907161596261,0.07103369499534065,0.051090722142258176,0.035566340099296996,0.24418792244981313,0.1779338951006594
2002-11,0.109597785099933,0.01395482859458961,0.03652532557764343,0.0858224208782919,0.05014943314668873,0.017892998709359616,0.053892827129193896,0.04637507937085252,0.03364218804235398,0.07612420168819113,0.05581851374419609,0.03624499080033045,0.21261113206681992,0.17134827515155565
2002-12,0.11132271810225967,0.014529809373265654,0.04048345129381921,0.09131192572386192,0.050026415186127264,0.019687138608346425,0.06412166872231097,0.04371631299238794,0.03217715088994688,0.08202877503692975,0.05857590973220043,0.039205612511953,0.1798826728919489,0.172930438934642
2003-01,0.1047096619929936,0.01400590310046335,0.03649892246907494,0.09049574116207808,0.04872334703685221,0.016965803447901467,0.05070844740283226,0.050050211277496245,0.028537678584078012,0.0724650246006468,0.05230430081856141,0.034502531331795996,0.2185025664864598,0.18152986028876567
2003-02,0.09529843139512251,0.01407826427461165,0.034342897353583625,0.08675471985498412,0.04645420957489275,0.017636343486665984,0.04790325351483498,0.04802602603809346,0.027124734156735553,0.07304117931917106,0.051872022204390765,0.032542826975843764,0.21502461889368482,0.20990047295738498
2003-03,0.08736670255712463,0.013345398448231016,0.033396060929424175,0.08963596844312961,0.04342579205579159,0.01846501609987501,0.0418066320391913,0.04402089472660632,0.026953162203449746,0.0695320731395026,0.048371630223940185,0.03222296815850024,0.24281415782574894,0.20864354314948472
2003-04,0.08298110174551472,0.012752590117179764,0.03286549184145485,0.09352263431246677,0.049891752313750294,0.01833580548479422,0.04168355925395606,0.04897607479284907,0.029624067219451756,0.07561058763496042,0.0490437771898222,0.03467913093562206,0.23672267956743734,0.19331074759074057
2003-05,0.09099354433594406,0.013206044103142826,0.03362699932474208,0.09151341421238939,0.05218600384011889,0.017496499240371995,0.04553896086306827,0.05128393717110542,0.030849838617641533,0.08045012386205641,0.05693002001421857,0.03989517601452945,0.21611520018416897,0.17991423821650218
2003-06,0.13667532373588348,0.06947167952434392,0.040754623846543915,0.057784185855049505,0.05901273922458518,0.020693984037672315,0.06326537355497014,0.09619301071720897,0.08443256985685632,0.05427829505633762,0.0622057726960419,0.03192931684169,0.18364245679140304,0.03966066826141382
2003-07,0.1375608226135342,0.07096211877888392,0.04166519711873427,0.05647608864622502,0.05647221071488025,0.020840500299215033,0.06474431830195873,0.09697624735432928,0.08709564652987924,0.05708577739408967,0.06205959167390432,0.032611061775078144,0.17524425890069129,0.04020615989859673
2003-08,0.09426377072614738,0.04981221730607333,0.050510975188659574,0.057608148943392314,0.07130386789784568,0.034708280199811384,0.07413022259617856,0.09055606356037227,0.0646739002227326,0.06483117712995952,0.08017839811493138,0.031122685996603623,0.18960584183879875,0.04669445027849386
2003-09,0.09319464475962938,0.051904578124739024,0.05207559731743436,0.05910905937378115,0.0706932471138767,0.035376459434237235,0.07358051220557371,0.09062429478258344,0.06721123991840422,0.06203526945901427,0.07866940049960781,0.0313340376847805,0.18753762772602772,0.0466540316003106
2003-10,0.09487688216573593,0.049497230774287304,0.04865896038534206,0.05695886797644393,0.07012575162704661,0.03449161589140152,0.06824891273298384,0.09430356277276915,0.06386564362468022,0.06192211030557392,0.07952662115006641,0.03040890804273957,0.20120816383625414,0.045906768714675264
2003-11,0.09639208337914705,0.05087926176709464,0.051723415627875316,0.05666131930466882,0.0712719712789637,0.03586809793322467,0.07065488179454904,0.09313124399907671,0.06633003824725364,0.06054325245206134,0.08089324640788695,0.031371511283963434,0.18767502292314042,0.04660465360109427
2003-12,0.09912279428304244,0.051579423896779504,0.05240308915862304,0.05619330626732703,0.07104978088967044,0.03588353541747783,0.06926145793057253,0.09300226591233557,0.06591301992793122,0.06082733029421964,0.08079118651751908,0.03140019335339708,0.18599250898916525,0.046580107161939416
2004-01,0.09888351249269818,0.05344202024674718,0.05342143862561448,0.05856126780286337,0.0718778230748169,0.03512868264029876,0.07056531844298275,0.0944035830199409,0.06271744299105142,0.06117641731750977,0.08077564745193129,0.031407791737570794,0.18150622473437525,0.04613282942159878
2004-02,0.09778120618176933,0.05237674757703407,0.05221081042462714,0.05779272914795295,0.07068730143216831,0.03581338132067068,0.07078755567282019,0.09529232879260811,0.06216879958370354,0.06214908754862686,0.0825119870520299,0.031393471801312696,0.1830148654493772,0.046019728015299126
2004-03,0.09865828143404104,0.05107231471054109,0.05180377797661584,0.05911646965601928,0.07074961444929974,0.034481700549903536,0.06890052255072121,0.09534957226771472,0.06389646295976087,0.06105395524868489,0.08179860857023719,0.031152523378004025,0.1860799826239471,0.04588621362450956
2004-04,0.0986405118846574,0.050414224315048814,0.051467444006925656,0.05905012175687541,0.07107265944186202,0.03369516253765983,0.06719955415324468,0.09676778562174052,0.06411079879258633,0.05846619855052837,0.08125566237279618,0.030907723701979688,0.19127080772082958,0.04568134514326556
2004-05,0.04231366114116589,0.0162778865336505,0.04268791679611889,0.11211752908400723,0.03251581205110235,0.054585943441896066,0.08978444469671364,0.06397432415474018,0.018214560682166044,0.05485787496118959,0.03533232348651149,0.017545121453295,0.12074978926900308,0.29904281224844004
2004-06,0.04175217840989043,0.016084249409093674,0.04503266186071657,0.11667505792224313,0.033857697150216165,0.05963719432531255,0.08730623568047517,0.06709146431310672,0.018546359876491305,0.05578120818111887,0.03701227448517205,0.01838007596696143,0.11992767682088624,0.28291566559831577
2004-07,0.04147607914602685,0.01676967541457545,0.04740844955546617,0.12102252711221224,0.034520850871282774,0.05942571919575846,0.08547981073806031,0.06748486364882673,0.018007278922500897,0.053585503114983474,0.03610881690109073,0.018689686127549954,0.1184140669285818,0.2816066723230843
2004-08,0.03780444188144502,0.016243028917302872,0.04477224857530963,0.12602674946111328,0.03270629459369802,0.05311751456763514,0.0838666559610421,0.07011161419080104,0.017557162122396774,0.048876731675448155,0.035297915155383934,0.01857346491983544,0.12679379444495129,0.28825238353363725
2004-09,0.03736584394240062,0.015350745872668882,0.04382265207464727,0.12136925969005762,0.0340130437730931,0.049415191178547285,0.0837535242691818,0.0734310311871773,0.016820434932557537,0.04894601282792169,0.03603877447853049,0.017903617521344298,0.13575322609828328,0.2860166421535887
2004-10,0.09417234288613509,0.013356681777235091,0.03565143433996939,0.1002463739971546,0.04906465195373383,0.017826282612547026,0.04468903558403768,0.05727606955421992,0.02942492960483829,0.07389684441928576,0.05594435650911852,0.03921104997311227,0.21305275268071078,0.17618719410790173
2004-11,0.09618271537058934,0.012429786805639916,0.033596502258551264,0.09739600540754888,0.04553055023041019,0.01886639470677312,0.046760636172431556,0.061285389745078876,0.030403803301667084,0.06734762653290778,0.054511988471980195,0.039588000461362086,0.21579855708336015,0.18030204345169942
2004-12,0.10104388508767057,0.013379836745430885,0.03701823163722326,0.10538288554267104,0.04890146097213001,0.01931437798382045,0.04765332572232492,0.06463741412545104,0.03077631790458744,0.06470700668915508,0.056404179488203046,0.04109436759764503,0.18560073139333017,0.18408597911035698
2005-01,0.10794865856138862,0.013590770432558838,0.03651799690530977,0.0956236108189831,0.05001924073718113,0.0189108513940151,0.049080501882665335,0.06489380143764596,0.030995411136120428,0.06892417116461663,0.05829758746558718,0.04282394572730367,0.1842861236326441,0.17808732870398025
2005-02,0.10608114932694748,0.013040253078277244,0.03619078861429086,0.10182982735210623,0.049896824191661304,0.01835726810294497,0.04622288314128138,0.0693674245516581,0.03177833495586773,0.06327636663088386,0.0560305078095704,0.041661176078937656,0.20205442578370555,0.16421277038186738
2005-03,0.0992844705049524,0.01384702528192761,0.03847699810934842,0.12709760761511035,0.05278569971612556,0.018883296726121223,0.04570710072861738,0.07055993781843385,0.0319859740227676,0.06355621723967153,0.053191681445240495,0.041149638946804866,0.18797987156881607,0.15549448027606272
2005-04,0.03597858383010314,0.015565307118395788,0.04451170256821115,0.13160541173726573,0.03361116945295047,0.04958276234743017,0.08230145905480223,0.07579086161836603,0.017548889099147844,0.046397692673157284,0.035089747772667296,0.018865814168775787,0.13305649466729483,0.28009410389143236
2005-05,0.09678111528169502,0.012650980685719956,0.03797890498400592,0.11573201402827347,0.052431628083966945,0.019163194246154883,0.04730531835757985,0.07349320541069825,0.032985840111412305,0.06469557385509438,0.05071675657283361,0.04144662193201835,0.19076830244731718,0.1638505440032299
2005-06,0.1370144906688801,0.07852452610493073,0.0480804666849323,0.05927139848120176,0.062064567355044564,0.022730002831583444,0.06338611153489067,0.09383365017814362,0.09396521168533323,0.05787046279758052,0.0686503204239642,0.03530555784972827,0.13821484671075546,0.04108838669303133
2005-07,0.13016235640092993,0.07943870808946919,0.04674434404390539,0.06281101144670392,0.05874702066331056,0.021961087663836393,0.06245870745014334,0.10127866219780113,0.09559890104603799,0.056374410271489615,0.06999354457025812,0.03446409084292337,0.13830165156256216,0.041665503750628996
2005-08,0.10022420537923096,0.012990223691599115,0.03886564193705578,0.12202711023752048,0.05041695537552668,0.01943436306274372,0.04545722954401535,0.07423628587777356,0.03480274894014023,0.06417605764051161,0.05191367000034014,0.04183779163380058,0.18856714237535682,0.1550505743043849
2005-09,0.09492230322739546,0.012859810463940868,0.037920458005785515,0.12775727195338393,0.04590222652442115,0.01958472409155691,0.044156766756584594,0.07399921940235756,0.031078090678272247,0.061808369700718,0.04896304822683064,0.0393744684691445,0.20423185836639224,0.15744138413321657
2005-10,0.0910305545401257,0.013113560098984558,0.03893090292063512,0.13553911341993435,0.04634528431894043,0.02072013930035055,0.044043995303706916,0.0794948228466204,0.030814022322888008,0.05883752866504779,0.04927295173110657,0.040142651337765005,0.18882770753405145,0.16288676565984317
2005-11,0.09396126708367987,0.01241231907444343,0.03859416430254404,0.11621712950890459,0.0482965164581989,0.021182220610016993,0.04338026244639744,0.07163018489012495,0.033294260810574,0.058433811192832454,0.054662122805295206,0.041472122373005724,0.18522143949102018,0.18124217895296227
2005-12,0.0358091118809064,0.013911898943261811,0.04218285022003655,0.12111873324430039,0.03198663312686694,0.04820770259468554,0.079161413459437,0.08080265066171631,0.017013147716073526,0.04960132542001066,0.035664914449935976,0.01876501728159116,0.14581820879963925,0.27995639220153834
2006-01,0.03491883345429998,0.013674826511590708,0.04179395505011437,0.11678965139121339,0.031785457518783845,0.045882227684233216,0.07456609192586963,0.08016228044177771,0.016665561271552668,0.04980979931735002,0.034885299401931164,0.018482553552684522,0.1462617862037276,0.2943216762748713
2006-02,0.03402703774805316,0.014634362663893409,0.04283555594669388,0.12061631621213512,0.03208065586043859,0.0454246409326559,0.0740288056810887,0.08021675659772358,0.016984362490028097,0.04911942197481091,0.03422647100769051,0.018840410078690327,0.1397277513645377,0.2972374514415601
2006-03,0.034269984080604755,0.014204643518089975,0.043664632053564946,0.10919382860862759,0.03192249703889588,0.04506769270840539,0.07819918580716462,0.08030828702108728,0.016913380633876138,0.049741579620470606,0.0347926600430953,0.018445687581230653,0.1383509326207289,0.30492500866415795
2006-04,0.10234463195176342,0.051666842144757724,0.05373685843161713,0.0649083769571557,0.07447466769317558,0.03309290216125701,0.06829544146803426,0.09752160369378673,0.06431211466153307,0.06148919724940764,0.08013869883609992,0.03164172331239981,0.16990098582646512,0.04647595561254694
2006-05,0.034796562003305206,0.014725309820191355,0.046202545125104674,0.11404895530097521,0.03198088292509019,0.04613570904146986,0.0797664715997982,0.07467884871628781,0.017408554905151186,0.04857571154347183,0.03505318482723571,0.019538054412354372,0.12930939936518987,0.3077798104143745
2006-06,0.03465921058816493,0.014751800517795146,0.04304518983279301,0.10514913064277832,0.030112036557200485,0.04192443686311587,0.07740683478942828,0.07484862096359272,0.016881580793135988,0.04610506378409373,0.03275721751439845,0.018823042533610647,0.12692757792356668,0.33660825669632566
2006-07,0.03618932566624699,0.015438948936589772,0.04493567955580659,0.11717469471262655,0.031170522163114587,0.04341386483573021,0.08612970579488455,0.0821204347439812,0.017336807610160578,0.04821542826306973,0.03398256677059659,0.01928454334896621,0.1310458361694158,0.2935616414288106
2006-08,0.037460045080384224,0.015432383222605166,0.04111107596212288,0.11457729871266943,0.03039798187246681,0.04068475278445675,0.08431381959754367,0.08581450267600399,0.016960046592600638,0.049470426799824205,0.03397019209778294,0.018479730138893372,0.13553732136217758,0.29579042310046844
2006-09,0.13080074509378817,0.0807027816332801,0.04955531348769065,0.06531524958754083,0.06013965313917797,0.022555435925947498,0.06354320698779074,0.10304103755195795,0.09684819528189749,0.05653083955301206,0.06959263007150057,0.03510178964453663,0.12360166938031315,0.04267145266156619
2006-10,0.12404868186471694,0.08323194327756833,0.05049105353365849,0.06094859235599469,0.06092899912810365,0.02374404628216593,0.06623918837047027,0.09656823492571294,0.1007111740873142,0.05707009121106697,0.07180348321066424,0.03630226829289084,0.12721985709593178,0.040692386363740764
2006-11,0.12148282419096408,0.08361409734781233,0.05134550043439987,0.062185346909144686,0.06175904867173228,0.02420283179191862,0.06777537607389347,0.09962983686173736,0.09930066844567007,0.05604991013955579,0.07028091157600902,0.037273050989182634,0.125166541801389,0.039934054766590905
2006-12,0.12333918463014572,0.08398624765009842,0.0526451378671441,0.06589741478460381,0.06100771391559212,0.02358885536250514,0.0663741939709318,0.10192934652112598,0.0970128053709166,0.05437721735141041,0.06963678317886414,0.037068901216214284,0.123141478221291,0.039994719959156474
2007-01,0.12490810380569449,0.08188129508585451,0.05225541064800136,0.06356544996169437,0.06188647286312282,0.023498101311537872,0.06995307197850438,0.10193216668193479,0.09712088030483819,0.054102475812324954,0.07259198006678924,0.03802508576652385,0.11737220021969032,0.04090730549348888
2007-02,0.12411766431775634,0.08288839405195388,0.053555176209541526,0.061311659904803674,0.06322660861774827,0.023800818038477344,0.07117509125231206,0.10037012374671575,0.09882039166353206,0.055605152616645656,0.0712697935617374,0.03865595630065141,0.11404076062861818,0.04116240908950643
2007-03,0.12287162203504935,0.08316181863069547,0.05412402320991632,0.059146110963625986,0.06331317323855731,0.02266105593182962,0.06795656030171336,0.10789517403771358,0.09962643006973396,0.05299684317934886,0.06868962906448633,0.03721734086499989,0.11815582347335994,0.04218439499897025
2007-04,0.1239994371260891,0.07995641534752979,0.05467343447141047,0.06258828840414356,0.06295717092691834,0.02288186201177892,0.06895542283863813,0.11299447585735208,0.09759780860689297,0.05200774142868376,0.06676950128341361,0.03683954094358275,0.11588987975946864,0.04188902099409782
2007-05,0.10480109493049718,0.05169438208862945,0.05544554150706859,0.06615127110051766,0.07643321830295698,0.03188368685922934,0.06942543391807393,0.10125416918193285,0.06287608088158209,0.05983021896487957,0.08199779624747473,0.03089379630731792,0.1614882417571981,0.045825067952641525
2007-06,0.03788304594091632,0.015269122244991508,0.0413204032756528,0.11083211957014133,0.03179255783333362,0.042843098896175866,0.08769633213657363,0.08859908593388935,0.01672446431100631,0.049565866975613285,0.033635521531195284,0.01837720965896087,0.13519105455461813,0.2902701171369317
2007-07,0.03815739735274085,0.01598197245847943,0.042063258571470474,0.11557520940355033,0.03212891607150259,0.04428160994361296,0.08744944537655368,0.08225459753278798,0.01664188967838089,0.04830021484075901,0.032719768850156844,0.018523543814663257,0.13506674160611784,0.29085543449922385
2007-08,0.03638912147086619,0.01537271316100199,0.04253448081011903,0.11347126984589424,0.032784613437422436,0.04432535439018713,0.08335483729814107,0.0772957482161632,0.01606550752459212,0.04614608817125767,0.029996668883745116,0.018818432863642067,0.14694717716287237,0.29649798676409533
2007-09,0.09260937605222115,0.012246724694505036,0.04266750283797452,0.1166033786884989,0.0493531333912917,0.02173620338380134,0.044853778145422546,0.06954053235000626,0.0332568254176716,0.0566406942425834,0.054894501472353384,0.043715975291120104,0.178347249869664,0.183534124162886
2007-10,0.09167134633950842,0.012658661763929659,0.04384253937046791,0.11992353273573705,0.05208284750190482,0.022239035518270694,0.04481156550215342,0.06989504213860227,0.031711431110370045,0.056641245034358315,0.05310292052373142,0.04391147108417642,0.17123614633578926,0.18627221504100042
2007-11,0.09052280728112487,0.012654357705418692,0.04245793051805362,0.1187209873737531,0.05193502699187235,0.02331433148643628,0.041832884280405824,0.07486413764561245,0.031237135869890985,0.05562902690980243,0.049741118122169144,0.04435081597674546,0.17175219573871486,0.1909872440999999
2007-12,0.08822704812155246,0.011885240922104977,0.03942340255503176,0.10496203504023546,0.05187527083064358,0.021845317633455884,0.03814036250901442,0.07255863989771322,0.029881415736768165,0.05506978061798973,0.04422672235323194,0.040119041762272614,0.20080657066384122,0.20097915135614453
2008-01,0.08545732219440891,0.012009909367607135,0.040079843527851086,0.11545413646985525,0.05343351982480158,0.022658974496922227,0.0386547580538909,0.07361695642544364,0.029114996321971124,0.05170011225714964,0.04154724309602504,0.03886711429270958,0.19996633981808715,0.1974387738532768
2008-02,0.07744319854310121,0.01164728446652784,0.035905417521966174,0.09805402992256913,0.04725168527135445,0.02010861718265879,0.034581609721338835,0.06477513476134472,0.029626583124901608,0.048586739295871546,0.04148492659900685,0.03735273596586806,0.22726909379837257,0.2259129438251182
2008-03,0.07475941975815778,0.011741013992099597,0.03610149317458271,0.10318245835774842,0.049172569672605644,0.0201436417612222,0.033805576704313556,0.06107507828727236,0.028389067978383753,0.04793731414599195,0.03524232101344685,0.03599382384584128,0.2378273645821192,0.22462885672621483
2008-04,0.07450783392089554,0.01140260457050383,0.03541407061974904,0.09659448681740532,0.049560239849458856,0.020377091434930265,0.033910956594642896,0.06114889308577346,0.029032103268692332,0.04633669761922809,0.033229288851163025,0.03625534742003818,0.24135591400213363,0.23087447194538552
2008-05,0.07401130445407664,0.011665214531721636,0.038025627209911386,0.11105905138719893,0.05129353795852182,0.02107318970013303,0.03511977284605265,0.06675428293804667,0.03030105502204058,0.04623265974130463,0.035122422371260564,0.03616717782560935,0.2232342545028677,0.21994044951125416
2008-06,0.07782262301409763,0.011845917315563758,0.040217947826760636,0.1172691273003747,0.05238720054104217,0.022259595218858563,0.03755795850920918,0.07043983722372793,0.030741565205652285,0.0472283466600483,0.0331157097827572,0.03642810540222981,0.20890807253600702,0.21377799346367066
2008-07,0.06898489192585025,0.011262364631243929,0.0362832130074559,0.12035746361334412,0.05010472218939814,0.022750967055172676,0.03511424034846774,0.07321347916360438,0.03017589743641142,0.04835703914567066,0.027721510205572338,0.03354312523336461,0.23143061677214774,0.21070046927229594
2008-08,0.07252787527796277,0.010751073866916792,0.0353449581317156,0.09739053611513683,0.052824398951911766,0.02239959130731783,0.03319528331244862,0.06596654409402444,0.03043646118682503,0.052873010788668136,0.029963175387249456,0.033684039328776824,0.23291380834070954,0.22972924391033647
2008-09,0.07598553539523706,0.01037521535120247,0.03593867087259498,0.10002640292187485,0.05421192982025668,0.02252833447597789,0.0342978566630101,0.06589793170254832,0.03221054243670342,0.05443377468374908,0.029843221248753046,0.03413120842847676,0.24309582084463605,0.2070235551549794
2008-10,0.07831261456206065,0.010508705594276033,0.030487317592912767,0.08761577899824717,0.050110894217205236,0.021721143434469257,0.03067146893267377,0.056955124179861996,0.03275987569036745,0.05403504397347607,0.030879572298316095,0.03310304677898979,0.26571460648291567,0.21712480726422795
2008-11,0.13041260184589218,0.07451545300678716,0.053425977442220635,0.06398563081310224,0.06381089751001615,0.022523439461789023,0.06438030286871704,0.1129937837449537,0.09996608598976477,0.05465350223603646,0.06137051292263206,0.035495657428318936,0.11976895072975453,0.04269720400001512
2008-12,0.12587234517132959,0.06520806870281534,0.04882686805670689,0.06803458199628461,0.058306607033073395,0.020601620396275517,0.06628522162301413,0.12307919928431606,0.0921041472173768,0.050329775078616926,0.04778903973997975,0.031782727421020875,0.16238747662737624,0.039392321651813965
2009-01,0.12620242048496416,0.06335753766900622,0.049332846661025866,0.06368927455288607,0.05434538651955281,0.019739777110017006,0.06708909460936623,0.11590023218946348,0.09615495542342618,0.05250969418132386,0.04693205026701272,0.030191045083006317,0.17484603747057095,0.039709647778378133
2009-02,0.13292245926602783,0.05713939711950907,0.046859080742274455,0.06897242617878226,0.05135063605468956,0.021321037674428583,0.061314429646849765,0.13417433779244384,0.09808661685089942,0.058712100874114374,0.03337289181958053,0.026723435580973287,0.16089328557760812,0.04815786482181919
2009-03,0.13691404182841319,0.05351819086150618,0.03856985144461245,0.062285602434955595,0.048056441959118984,0.022202161135359482,0.06250335837448862,0.10957023612171253,0.11799404026444542,0.05505502503909817,0.027674336696081984,0.023181623892955354,0.17908010480013337,0.0633949851471187
2009-04,0.13722642144743014,0.05598388129607943,0.039839220711526166,0.06048064161717929,0.04850467199523753,0.023137018593702825,0.06391946510788803,0.1058869352441109,0.12013120851538417,0.05582131196983021,0.0303349493847932,0.02461473358628781,0.17607181921733328,0.05804772131321696
2009-05,0.1372793283536106,0.06101116428545596,0.04580382632519136,0.06094294528630134,0.052924922666724446,0.025192226409926587,0.06796641297146332,0.1031097108866151,0.12455948302490989,0.0529641832837067,0.03455610778138977,0.027930906692017303,0.15178552346490726,0.05397325856778052
2009-06,0.14652197623966134,0.056592367939269736,0.04690074530378212,0.06591709792878492,0.05534490443789532,0.024911823556720846,0.06629747753130182,0.10690743313213553,0.11820910256502805,0.05511963332011872,0.03712801311273576,0.02790134747204191,0.1374689819716256,0.0547790954888984
2009-07,0.1463961751475847,0.05891914177035448,0.045622810352048626,0.06036379140050725,0.05223908464297864,0.02599705719937748,0.0674089939850496,0.11519540171287433,0.11614427848837605,0.057640295076692404,0.03584352301846891,0.026836031508805046,0.13530832933363185,0.05608508636325053
2009-08,0.14492481225272824,0.06226810388007566,0.047706359550017056,0.06002672994941858,0.055977939560399925,0.0268271689729552,0.06740724605523343,0.11341010949338752,0.11341891783976246,0.0575746008434967,0.03718037086220206,0.02859230464006438,0.13023995241941508,0.05444538368084377
2009-09,0.10819195986378538,0.049067046330108305,0.05537229253789769,0.06822137416130665,0.0770654886944044,0.032564412851396676,0.06948574946199518,0.09844555382968674,0.06386840707447217,0.06036259261932338,0.07602817971924655,0.030181558257176336,0.16465331315774517,0.046492071441455195
2009-10,0.10976035283957877,0.048347128370214314,0.056611164689499,0.06854740301192802,0.07931721166204005,0.03257171887920966,0.07103570640257362,0.09774121050744738,0.06326070144220827,0.059634155883676494,0.07488944295175473,0.03066695839372276,0.16158110318021174,0.04603574178593516
2009-11,0.03601659306188721,0.014167983813691741,0.03879519062958484,0.10647121224285239,0.03257309725628797,0.04402647630257975,0.0737267161572808,0.07358884020483172,0.015971387397243096,0.045771945014379804,0.026997713363532863,0.017632812505749985,0.16058786280599174,0.3136721692441062
2009-12,0.03554130838306277,0.014526083107499681,0.03939622021754898,0.10511110227172059,0.03343177853129997,0.04340650878558991,0.07515836070643256,0.07358046849925061,0.01566462339072958,0.046782403171285805,0.026708177622252742,0.017846086050338498,0.15660226250194775,0.31624461676104054
2010-01,0.036699500767879985,0.01547794438724221,0.04136861623595785,0.10341004031304998,0.03318875664100677,0.0456418431674806,0.08099482660289127,0.08017295197999288,0.01604344283487366,0.04802484940876833,0.026821826206411273,0.018161395111343587,0.13815745539393567,0.3158365509491659
2010-02,0.03579773174248534,0.015217594471916084,0.03990411223348618,0.10141166777343576,0.03305729145280613,0.042797761731805585,0.07500107462001852,0.07509733492238048,0.015454946010897747,0.049137304251583455,0.026820701046848534,0.01798460547268526,0.14817642121571092,0.32414145305393993
2010-03,0.0361295887538158,0.0157346929364911,0.04207279311191511,0.10505374876055497,0.03389526103071193,0.04415825339974247,0.07741126426666856,0.07320841955017385,0.015458541297983804,0.04847296481699377,0.026942041207831575,0.018210832023870666,0.14558683773483966,0.3176647611084067
2010-04,0.037188813302055236,0.016359155903244715,0.04416883070866879,0.10625242926653758,0.03407477206804026,0.045153270036545956,0.08218460645466334,0.073620170535581,0.015601877353521037,0.048656334800610414,0.028208739944279526,0.018827190372201187,0.13442467192146518,0.3152791373325858
2010-05,0.035462564712626723,0.01713317176135273,0.044868115767198416,0.10751112434839481,0.03352805775029231,0.0446560224453552,0.08317429544807481,0.07451683216185871,0.015544545632027952,0.04574819239255885,0.027675266464202937,0.018863447421528498,0.13487574937559127,0.31644261431893683
2010-06,0.033166044899779555,0.01581455634620756,0.03991753883556697,0.09242547940148875,0.03098853812530468,0.04156406201765757,0.07645859457822965,0.06671499567892057,0.015018846180523876,0.041100344850157074,0.024911633650147837,0.01742467763875086,0.15714007722756337,0.34735461056970174
2010-07,0.03314311510235485,0.014649132090282282,0.03695800442961784,0.08361892789444653,0.029852102788685764,0.03924746688959059,0.07178258274031876,0.06713236865126347,0.014125887122594329,0.0410319672223437,0.023304585460069215,0.017036823979960078,0.17811703562847261,0.35
2010-08,0.1130920645653794,0.05007038929733109,0.055745934637982955,0.0704456255028275,0.08062278563679058,0.032330213547404923,0.06931835125044022,0.09593954915602948,0.06471827389608416,0.05801266774108607,0.07222711030719786,0.028890705428783418,0.16214473062745588,0.046441598405206605
2010-09,0.14458857263520183,0.06285007810591885,0.04898252738927086,0.05755373830843096,0.054518978426181655,0.026235163961272644,0.06676449001494876,0.11095610882220397,0.11604165097085936,0.05667103837259518,0.039087838319886915,0.029011806187729142,0.13204539421880654,0.05469261426669322
2010-10,0.14339121765745239,0.06386066664546505,0.05097825999811733,0.05861022269050403,0.054773609358256786,0.02728663822249583,0.06769580260961802,0.10860991531089695,0.11796868957947995,0.057933973930310724,0.03941324756781365,0.030326904818539564,0.12446653660455259,0.05468431500649701
2010-11,0.14620985463972352,0.06582560321834419,0.05151814071840246,0.0592881734641905,0.05689267623183179,0.027796417015228666,0.0687862452103172,0.10732327003519676,0.11636917840830557,0.05699075892311752,0.03859479352528651,0.030033846007635954,0.1179739568540212,0.05639708574839816
2010-12,0.1154735793947287,0.046463481167245774,0.05213417892768645,0.06932805346728131,0.08091243654757464,0.030552842000132356,0.06865283226852568,0.09789687926696705,0.06348341955769958,0.057593092921757356,0.0660452560697,0.027388316626857923,0.17827729996330047,0.04579833182054259
2011-01,0.11509566780748806,0.04809431604449331,0.05379445692579218,0.07210030959728557,0.0823999050725709,0.03135848448133231,0.07065978422047454,0.09804109321868815,0.06314351066884968,0.058488389206006,0.06897730932301144,0.028869744070558936,0.16252436582745886,0.04645266353599
2011-02,0.03433723261527418,0.016062821083549533,0.039923746328011926,0.08995379730800465,0.03140280245585737,0.04034819712024623,0.07776995013805607,0.07050797296779612,0.013822223466191219,0.04006129358691334,0.02361732813619215,0.017347533173934355,0.16842344653843155,0.3364216550815413
2011-03,0.035856473856347,0.015706807416548133,0.040412539188541534,0.09304887489922567,0.03210906843290974,0.04021611367438426,0.08175322537618727,0.07143223425240804,0.014227854576928316,0.040913638587479303,0.024078258983551544,0.01794525909930754,0.16668130186732413,0.3256183497888575
2011-04,0.036777873474578275,0.015925276114353674,0.040701326704485064,0.09258437265310164,0.03194914808478816,0.03893958040579191,0.08144490916318581,0.07119578085061097,0.01436615636094687,0.04144528023606974,0.023372539331788802,0.017765176874699744,0.16383978373312416,0.3296927960124752
2011-05,0.03745891884101037,0.015770932107083104,0.04007534074920452,0.09063243801594789,0.03255852764445493,0.03853722653668863,0.08151670389336858,0.07249511176103608,0.014518573660632498,0.04278973305782538,0.022727469234491933,0.01746763456780485,0.1630619185076409,0.3303894714228103
2011-06,0.07041672455338649,0.009527079608812987,0.025829367089972556,0.07446221007251376,0.044785108852062105,0.021891510555154245,0.029521665178715444,0.054402497810697156,0.03180581295464547,0.052778852142201814,0.026542117852032362,0.029571189792241288,0.28966306457033,0.23880279896723447
2011-07,0.07023108874696958,0.009602198416255012,0.026236571913094864,0.0733392740686734,0.044281981063464364,0.021759711436906547,0.02947754066864544,0.05492600613190848,0.031958322995003126,0.052244290855029324,0.026272644727147576,0.029405148797808044,0.286318122795787,0.24394709738330728
2011-08,0.0677487413646381,0.00944016250276289,0.02485089704411267,0.07165646174058933,0.04272857612407701,0.022056038392926747,0.028501739494626515,0.05429239102391799,0.031894885691426546,0.04939386889382798,0.025502549946699662,0.028496132528845468,0.3052532390356031,0.23818431621594602
2011-09,0.06388611688337652,0.009330178298816926,0.023289087553688116,0.06142620677593229,0.04053924230459361,0.021285344082036986,0.027834846821399195,0.05341784877775098,0.030932690855592943,0.046687892448777975,0.02353585355945152,0.026716678389974633,0.32991330714108724,0.2412047061075212
2011-10,0.0606544479516157,0.009178651014305489,0.02168991921440861,0.05438565714936655,0.037474343461806954,0.02168556149063178,0.02777096271112147,0.05400347519762775,0.031029798253889976,0.04598489960548069,0.022160582056681203,0.024957762619170647,0.35,0.23902393927389318
2011-11,0.06331252429016285,0.009003127013323012,0.02221857510481752,0.05833298466236471,0.038254522176360724,0.021059145371814178,0.026243901263439163,0.05445574933548931,0.031061780608546218,0.04569562491553809,0.022110130529273825,0.025463124915724285,0.34502317634849267,0.23776563346465346
2011-12,0.037750847558057674,0.014648056419712481,0.03722063119017666,0.08176098023485331,0.031440486565259086,0.036926919689160995,0.07878394197535803,0.07318290583840589,0.014600863206134665,0.042656915363036126,0.02117296149567573,0.01656889587120277,0.17644216841041105,0.33684342618255547
2012-01,0.11177161480603463,0.04575235105914621,0.05476103484742442,0.07501041346818196,0.0811989928479622,0.031863986610486755,0.06999495783289213,0.10197882197325212,0.062465393553807515,0.05782738770645534,0.0681624306721379,0.028648951508220683,0.164066499302537,0.0464971638114611
2012-02,0.10912049544022875,0.04887553003603423,0.05710411516243344,0.07365163839881048,0.0822195324427267,0.033035759049785826,0.06978008156828117,0.09590649455241126,0.0630950902456256,0.0580855367667103,0.07051325197935927,0.029801822213853225,0.16194762823260003,0.04686302391113979
2012-03,0.11054110983530838,0.04976811245820863,0.057650130947860485,0.07541055027878238,0.08303336874041699,0.03378721068593751,0.07122193869408991,0.09485591160233825,0.06320924454913361,0.057265932426261636,0.07244852826581531,0.0293235370742867,0.15482153500010493,0.04666288944145545
2012-04,0.11164391806123843,0.04962030080872716,0.056606699395135136,0.07180848829434351,0.08256120318144182,0.03517380922185302,0.07215966305205512,0.09533614579603741,0.06502618352832157,0.058841361898177555,0.07522572374950318,0.030144749577653795,0.14900919406965193,0.0468425593658603
2012-05,0.11204638634808596,0.045939343994441946,0.05566127829948348,0.07024908678072174,0.08185431336978082,0.034336907055442456,0.07312306376419406,0.09692197007310152,0.06529215753966118,0.058854494783841055,0.07284021466949206,0.029809859412785737,0.15669641166044856,0.04637451224851919
2012-06,0.1129115399385459,0.04386854827735603,0.05164964427606273,0.06364648909659011,0.07849052641339596,0.03273638505698488,0.07538774872506455,0.09941847085344978,0.06555406915414258,0.05874220562538423,0.06725763919470991,0.02878815041533564,0.1764106115083776,0.04513797146460007
2012-07,0.1455193829008096,0.06601912564064717,0.051673084017469346,0.06138411255058236,0.05492290763617637,0.027502912202707876,0.06727837367991878,0.10584544537301198,0.12237486474439625,0.054499139052361666,0.03750002642053085,0.03036444477323295,0.11608639023855973,0.059029790769595
2012-08,0.14387242120893087,0.06405460926377994,0.05090962598770102,0.062252482705825,0.05490629879909764,0.02709675092897244,0.06959137286862947,0.10941136892004248,0.12021149001801187,0.054574105131014475,0.03631871944170365,0.02936723641278023,0.11894487860932709,0.058488639704183915
2012-09,0.14312357180293162,0.06607443804976795,0.05245557297228053,0.06331329754580696,0.05641275615313947,0.02791662800848607,0.06970995923223977,0.10091850616337551,0.12388675344682766,0.05456850961047482,0.037573379733087116,0.029419125488042527,0.11557726367063986,0.05905023812290017
2012-10,0.11306650841928828,0.04106737249748582,0.05081352924730975,0.06526364621244335,0.07796720294335,0.03284346298512711,0.07877085821794545,0.10042248218559785,0.0652148149531428,0.060878457372758585,0.06816450273650847,0.029719573009026858,0.17056958191962124,0.04523800730039437
2012-11,0.11139624219348643,0.04377132519818778,0.0510788969383863,0.06456478931818804,0.07767550498473631,0.031257021447983764,0.07707905863181852,0.10287008041993262,0.06504976875294055,0.06011037629226936,0.07018368209447509,0.029788959398146898,0.16984430148572144,0.04532999284372702
2012-12,0.11400425994206324,0.04443033171686249,0.05221663205054062,0.06321285822040293,0.07872653016318866,0.03155410759318989,0.07645171895715527,0.09648727085620594,0.06541915696824475,0.06053955282681777,0.06871153819634135,0.029942330799243296,0.17300269322571657,0.04530101848402721
2013-01,0.10959297600691571,0.04715547523545526,0.054017774596314364,0.06394806206145516,0.07921309169304455,0.031753152660943126,0.07722115034178996,0.0963971848469082,0.06440266088237226,0.060056999574876646,0.07124869010945822,0.03083234425839617,0.16860292849571312,0.04555750923635732
2013-02,0.10901046199709392,0.046776550906880696,0.05453487977218259,0.0653090878319469,0.08016756059792138,0.031733554896793616,0.07762751646980746,0.09774796352992421,0.0648056890962532,0.06158985097632758,0.07140504867943794,0.03232732563515998,0.16092981579944154,0.04603469381082891
2013-03,0.10976798729148245,0.04577240333422904,0.05420987983968376,0.06468353657046512,0.07937533541653777,0.03162360749880803,0.07796996205437728,0.09851135641659531,0.06407834821232224,0.06124419388223164,0.07053442365322027,0.03261252214869639,0.16374745397102475,0.045868989710325915
2013-04,0.10959162615820743,0.04581067245157837,0.053858890244985504,0.06389621884698611,0.07744211489062873,0.03166833197693399,0.07897156996254873,0.10053206078881011,0.06428722030939432,0.06226866512305675,0.07014770404401265,0.03309313595095236,0.16235082742931595,0.0460809618225891
2013-05,0.1086456867298072,0.04610564808651948,0.052369297865276,0.06195396712245983,0.07667176835697864,0.03156590230168105,0.07983945840766137,0.1030954680308928,0.06395364755794478,0.06198653626365355,0.06858293585349651,0.032813463989538036,0.16662198325234756,0.0457942361817433
2013-06,0.10546490172422741,0.050080302264678855,0.05511353598101693,0.06445088312469525,0.07810616794185782,0.03335761940739223,0.07898494274198635,0.09412574354705944,0.06582858392928029,0.06354959006872632,0.07305193832526995,0.03472968389912652,0.15692468036717805,0.046231426677504586
2013-07,0.10603953076111465,0.0507059418319333,0.05509196536406797,0.06414479574056146,0.07647852779618743,0.033440753803391086,0.08182961232243564,0.09667613481974854,0.06670001681296128,0.0636117357882773,0.0733179143767114,0.03486799635882597,0.1511635737660718,0.04593150045771221
2013-08,0.0395446772185005,0.014737688797218448,0.03762638578110009,0.08375159175499457,0.03258133725133917,0.03713894198226882,0.08901558069608809,0.07864038858326067,0.01469794660419737,0.04684519146126545,0.022398981999733322,0.016828250254249565,0.18020750349890488,0.305985534116879
2013-09,0.10356143598141213,0.05166124888933799,0.05573699323077082,0.0645166338971298,0.07670813910958933,0.03406300289823311,0.08112727059229426,0.09697328655838239,0.06691402239572096,0.0646442212187053,0.07321376657771676,0.03540378042936915,0.14896988872100625,0.04650630950033187
2013-10,0.10246752373366515,0.05224077395755241,0.056718585785178556,0.06392189866972069,0.0762453819185295,0.034161521549471004,0.08163432575798694,0.09570936208529182,0.06729517992177414,0.06487902454379091,0.07279025422755286,0.03601398932827953,0.1493155595376417,0.04660661898356486
2013-11,0.10236074856609872,0.051107753802673114,0.05668425234728434,0.06418074157373495,0.07662507596135948,0.03430007579719644,0.0824331269950044,0.09576013080019456,0.06752001388797156,0.06456662032760464,0.07187842936157172,0.03657239064668397,0.14922204550735177,0.04678859442527036
2013-12,0.10152864632494087,0.051212877393893026,0.0574287915276423,0.06415214728079718,0.07692879718621592,0.0350534740758738,0.08148976284120002,0.09308018698659824,0.06850946882627691,0.06594187637664911,0.07366080391448979,0.03724794955110435,0.14682647629250958,0.04693874142180903
2014-01,0.10159921452978464,0.051066377659946253,0.058380012184861316,0.06502538555919746,0.07649179924847366,0.03587993214095892,0.08299744622302173,0.09375770638699314,0.06768799444406898,0.06541565572695542,0.07371596447966546,0.03833375091304172,0.1426352506555359,0.04701350984749554
2014-02,0.03777132948536791,0.015015230566032484,0.03768267020327725,0.08177866485598848,0.03231842405699316,0.03795193311536833,0.0854769392783937,0.07354754746354294,0.014379847972321716,0.04562401931006679,0.021821237433598487,0.016878125435266227,0.17625959702516591,0.3234944337986166
2014-03,0.037794636933192315,0.015441946663738916,0.038249638000009106,0.0830949411349637,0.032974308765294086,0.03805883662577511,0.08496985879362787,0.07371492409330362,0.014502728314636858,0.046897595412723155,0.021645469759335092,0.01683536065697616,0.17038993656314064,0.32542981828328343
2014-04,0.03902146129789241,0.015227253342094248,0.03764869228648207,0.08366110085241246,0.03315600972843573,0.03734911355420526,0.08343420082951811,0.07585500864526673,0.0143926920263787,0.044820190043058816,0.02216023374565309,0.017010532976704285,0.16708111610083626,0.32918239457106196
2014-05,0.03992743827704224,0.015459823274671242,0.03789857930580186,0.08850542940546376,0.033912276434149353,0.03704430258642425,0.08341076298660156,0.08083381703184334,0.014428581218558582,0.04470636442794911,0.02138626716508082,0.017349070084610223,0.17095859754657855,0.3141786902552252
2014-06,0.04100062111567229,0.015314027427045436,0.03785846147563163,0.08791960086750984,0.03382853109533439,0.037607872885762186,0.08634872052152699,0.07957215805859039,0.014346666950334144,0.04498008621767191,0.02143634306225266,0.017455478190789533,0.17572284455056128,0.3066085875813173
2014-07,0.04105879475007221,0.015782886545063317,0.03828499346475025,0.09047794370186878,0.03323822984243633,0.03806839835869613,0.08681512369276144,0.08485155209196878,0.014350243928907802,0.04590560221560904,0.021890117507319534,0.017499228428039942,0.1723862559416848,0.2993906295308217
2014-08,0.039111099312748455,0.015403705425502595,0.036542384644901664,0.08691643149693588,0.03254100593769587,0.03874557548528378,0.08858757272193363,0.07609210017944419,0.014427827836654968,0.04645826650812173,0.02183988809222671,0.01741462014112076,0.17459276424518366,0.31132675797224607
2014-09,0.04030046141144076,0.01526478882811078,0.037162744845892645,0.08777516491066752,0.033163855982214094,0.0389265438710775,0.0877769141291033,0.07929276468367887,0.014307901431460834,0.04778364280999757,0.02170944866316256,0.017320884800064554,0.17608680808949356,0.30312807554363536
2014-10,0.09837531520497196,0.05046609693966867,0.05738213273431106,0.06212057135004773,0.0750263549005496,0.0359458923714123,0.08175047536647652,0.09809826187589189,0.06507090640866953,0.06803138339057808,0.07306660058150567,0.03730669415742846,0.15046834022166786,0.04689097449682055
2014-11,0.09792179100018919,0.050438347600703405,0.05737059357087964,0.05947254190607491,0.07385336786368725,0.03575739469748219,0.08082859811275012,0.10089892073724897,0.06487517636926927,0.0690293414382212,0.07303034376576129,0.03749458621843704,0.15217649913310918,0.04685249758618621
2014-12,0.09894187586592748,0.050853300991669265,0.05716677719493122,0.05492463373117464,0.07365724389222379,0.03633145498055525,0.08079155319355656,0.09930287512261825,0.06671382016989989,0.06883878806410568,0.07216846775645142,0.03817820476423516,0.15533446155869957,0.04679654271395182
2015-01,0.09694149083545027,0.05098020579091872,0.05701880157499251,0.0549888915819373,0.07414491201651441,0.03595787974152786,0.07944283397223724,0.10103543224744518,0.06758135459555567,0.06847392238431982,0.07345341168283806,0.037966287458480685,0.15517203115338257,0.04684254496439955
2015-02,0.09824483958680404,0.04988115416163663,0.05573022056904497,0.053170187317813464,0.07273290286715793,0.03500809409181628,0.07690809092920232,0.10318254944653042,0.06815168061108284,0.07008487148652706,0.0697423698636273,0.03660863125920561,0.1640242019796168,0.04653020582993412
2015-03,0.13989294310955605,0.0677096541814031,0.05286987982522969,0.06179095669342664,0.05704651004676414,0.028062981843125518,0.07251320889141363,0.1010446883866012,0.12329230430657527,0.058354136546094726,0.03921483769180939,0.031019908803328035,0.10845665519735859,0.058731334477314025
2015-04,0.13474390708794357,0.06831429309748066,0.05269383030550546,0.06069512797599131,0.05531914483541285,0.027930431966239146,0.0712296543853823,0.10214320173788906,0.12591660692407297,0.060266414751045466,0.040174446538673324,0.030940267700706084,0.11312289689625495,0.05650977579740282
2015-05,0.13680287117215975,0.06768992796517828,0.051839949618865434,0.06532680425549338,0.05469027323127324,0.028098418158429755,0.07460731809684927,0.10229466729053542,0.12225993990183827,0.05864891382026236,0.04029771610856406,0.030826468406789324,0.10958885944752636,0.05702787252623509
2015-06,0.13844273830369266,0.06778901623319342,0.052248963170600536,0.06030311303638769,0.0548231274374878,0.02863738423258152,0.07442858058796735,0.10071371937945918,0.12239040453567725,0.06222047526118751,0.0416902998425157,0.03056407311915551,0.10839186886365128,0.05735623599644271
2015-07,0.13839220825089674,0.06845827892966261,0.05251207813494959,0.05898299922841186,0.05503667509026097,0.028506180313773017,0.07629745658259927,0.09259672926896209,0.12482143458681275,0.06479584507332671,0.04408924982108208,0.030660858208954176,0.10664840490130169,0.05820160160900656
2015-08,0.14198425109154314,0.06497790698269548,0.05045994443796498,0.05134413182760495,0.05257819304970772,0.029373822747626743,0.07628300614740689,0.09506654572138924,0.12648111384482258,0.06660111367872347,0.044729458028228634,0.03147266723230777,0.11223048962021437,0.05641735558976418
2015-09,0.14534751450774525,0.06595950731344677,0.05098631702798077,0.05217358770602931,0.04981108603134657,0.029142906187433204,0.07080692128657166,0.09439336108126353,0.12890144310362928,0.06222038899259214,0.04378829025781684,0.03096493254929211,0.11847272880192938,0.05703101515292325
2015-10,0.14969926439843612,0.06540632567512905,0.04915684996714456,0.04899246761193611,0.04793955282368186,0.02931344214132156,0.06994959015537836,0.0961591325967422,0.12990577818591972,0.056987952114579694,0.042981557443141076,0.030399011307430657,0.12517585198499087,0.05793322359416832
2015-11,0.06561548079154354,0.008648541907945792,0.022814964474106584,0.05668214914530752,0.03877313023502349,0.021098463648535886,0.027360463134496093,0.05491197012909392,0.0323559294920537,0.048719856179482636,0.02235060133082392,0.026055559043649496,0.3457461172248942,0.2288667732630434
2015-12,0.06636409941116622,0.008646849423428665,0.023036361730049037,0.058431949602350756,0.03937880262617064,0.02136977017368083,0.026719608196231964,0.053253237224039955,0.03307348927708272,0.04981305175522054,0.022933271453577837,0.026292344378212113,0.35,0.22068716474878877
2016-01,0.06832242437910555,0.00867354837283757,0.022841805667343076,0.05353375022441107,0.03997726713182591,0.02152831712071894,0.026593893603554603,0.05280219348026535,0.03393764921076079,0.05114856539306575,0.022914825596778213,0.026369659203153047,0.35,0.22135610061618016
2016-02,0.06886848835229062,0.008735998415710948,0.02263479391234921,0.05229196524708505,0.03909652280175506,0.021692604243276462,0.028548030607500347,0.05753357734344127,0.033589087132712046,0.04646339439582818,0.022002800584680116,0.02569806855146478,0.35,0.22284466841190587
2016-03,0.04295290310497942,0.013964154456334948,0.0370249643458549,0.0784042269944999,0.03394522528113351,0.04050064145085677,0.09121036954838257,0.07783812624360023,0.014674592093108573,0.05003171046341725,0.02230521550568823,0.017423202249312063,0.1810859594934092,0.29863870876942256
2016-04,0.04337574308383022,0.014563123796811482,0.0379563890369184,0.08168878210573871,0.034583402940297804,0.0412532514464173,0.09313392857551485,0.08121402336410723,0.014745063030118176,0.049872730043910095,0.022713957898160046,0.017976361975975182,0.17256691123539053,0.29435633146681006
2016-05,0.043241046317742074,0.014879396047370978,0.03883234432513381,0.08825569350444916,0.035174469472364245,0.03921623116883246,0.0925012601472237,0.07940016734111005,0.014753799453103265,0.05262564527709268,0.023851557593046663,0.017970101815571297,0.17051124114939523,0.28878704638756447
2016-06,0.04320322238320084,0.014641294929333413,0.03813107360655279,0.08635647643464141,0.034644163687241755,0.04071963472425181,0.09133839729950481,0.08121939779088513,0.014845932895916418,0.05362824733010222,0.024281582129519353,0.01776984278055327,0.16916545125198362,0.2900552827563132
2016-07,0.0447054617778295,0.014047909643603773,0.037428905997970545,0.08455463200017643,0.034603496535019505,0.039085129457292325,0.09097761609490872,0.086737823629666,0.015136198786945422,0.052078333900069516,0.022755336616899352,0.017988200273982864,0.17923264301428443,0.2806683122713516
2016-08,0.04327553200287307,0.01437061062059689,0.038092039061175816,0.08087563788212206,0.034467374279952855,0.04026316711988731,0.09188066570234421,0.08421348940606935,0.014899019776953756,0.05396711427894855,0.022708219051075354,0.0177319551822528,0.17408377564689054,0.28917139998885744
2016-09,0.04324211149659564,0.014355160164768819,0.03894887344336665,0.0838298901177532,0.03564302825413403,0.041410443168606,0.08905644017576192,0.07964769549654888,0.014582484786154842,0.052160395771244025,0.024157415501516694,0.01784843428426114,0.17008989138255173,0.29502773595673654
2016-10,0.041867445273684724,0.014366016087576459,0.03908518289127409,0.08599691024824312,0.0356782352724569,0.042407629501201555,0.08908371092417754,0.0820289065779268,0.01473781232885418,0.05265230028260527,0.023963208001815176,0.018067603979918904,0.17089920387519925,0.2891658347550661
2016-11,0.04396430419576622,0.01435245906700996,0.03972249282167226,0.08738504165515164,0.036255515216016575,0.04417876568410419,0.08968454640109343,0.08549656702001784,0.014550260498396373,0.04921777925006385,0.025682233870909826,0.018735578114100208,0.16751511477624337,0.2832593414294543
2016-12,0.04158687283684776,0.015289314959136355,0.04389129588840945,0.09679532812820626,0.03669508165296207,0.04457679415242967,0.09790343290697637,0.08207949916489109,0.015069740865120284,0.05069857389549979,0.029506888259183545,0.020417938132776266,0.14836313787953867,0.2771261012780224
2017-01,0.043895251744346296,0.01600243353460245,0.044391648122282086,0.09995850634960059,0.03734229919531686,0.04534129230135376,0.10543126489578593,0.08755075633389796,0.015063116660465708,0.051534027377952166,0.03107464364448414,0.020855973918830786,0.14705478355490006,0.2545040023661812
2017-02,0.0439593565366177,0.01609461436382043,0.04505619144557745,0.09350857024970409,0.03829283924716005,0.04638667947703432,0.10802795133991282,0.08726972237583355,0.01489383220784387,0.05177826471861938,0.030615584332972234,0.02080407597932215,0.1445180043570349,0.25879431336854697
2017-03,0.04461866943632644,0.015642300215103298,0.045694152509807406,0.08880944038945819,0.03898839509692959,0.04699182856774547,0.10520058903751921,0.08929720624556188,0.014798375987449418,0.054211785881709815,0.031106312884963228,0.02057709389114035,0.1427343775309634,0.26132947232532217
2017-04,0.0451725884265416,0.015698829187984657,0.04553550465279297,0.08747142198695827,0.03944531185920727,0.04801464871451446,0.1064415023966766,0.08982169425200587,0.014953755782945027,0.054232670364595434,0.03023632535279354,0.020522592402690335,0.14210672708780744,0.2603464275324865
2017-05,0.04464095245271496,0.01553609017981723,0.04626707471331188,0.08379420908342827,0.038831815485171846,0.048454390103001,0.10557751682462851,0.0888871921020594,0.014965944988924812,0.05396365049950831,0.029661971352347424,0.020212769847730218,0.14273375055074863,0.2664726718166075
2017-06,0.046517518389005606,0.015269938041877797,0.04719886384248056,0.08076552838361668,0.03901141743696413,0.050512969758119586,0.10400210212769229,0.09251301645148055,0.014995087077555562,0.053682698100391404,0.0290294814045981,0.020212501967757885,0.14449289570505044,0.2617959813134095
2017-07,0.09914221397316457,0.05091442154370634,0.057001273181288156,0.05298879877297054,0.07353417630513001,0.03659978429927889,0.07919288845022401,0.09734274818793558,0.06900247660687334,0.06978013260364198,0.07170525721638535,0.03807987811439278,0.1577839145237272,0.04693203622128148
2017-08,0.09754532689055058,0.050054821131227674,0.05720741542853527,0.05324557345292774,0.07363300524933378,0.037066104821962126,0.08115267222250569,0.09865982859411361,0.06822136118550744,0.0692280637390759,0.07156995709732017,0.0379993814817417,0.1574956290763992,0.0469208596287993
2017-09,0.09645166346880074,0.05001179515021698,0.05717763574157009,0.051117200680435286,0.07441741515023537,0.03745429236584382,0.07955142291593746,0.10043376118500627,0.06748449271582335,0.07056227340145818,0.07116897922709917,0.03792610251262194,0.15941046928674113,0.04683249619821029
2017-10,0.09552274476025568,0.05111762513297349,0.05859812643161575,0.05367880291647181,0.07501825542392843,0.03734251608590507,0.0781615194322892,0.09806474520164388,0.06816476934193204,0.07107998654546449,0.07297790113575212,0.03848751519369251,0.1547487111358357,0.04703678126223979
2017-11,0.04523061553960809,0.015657251631982106,0.048580084521931265,0.08130860837132735,0.03932023021396183,0.050000745681428524,0.0996625628049661,0.09002158412637958,0.01442631560232562,0.05757033488753661,0.031197532445195908,0.02047831952528599,0.13983724595791505,0.2667085686901561
2017-12,0.09476769377254697,0.051194178016242826,0.05976275259881923,0.05379626960806971,0.07498696920789445,0.03877616656047122,0.073983678983684,0.10025526765539822,0.0692503977362119,0.06930911523008941,0.07408457846019137,0.03862561284154447,0.15415880695270265,0.04704851237613369
2018-01,0.046652673576487766,0.015125118528067314,0.04951081404446486,0.08266368867223507,0.04020358788729193,0.04941851760989116,0.10339783926458604,0.09041612663155571,0.015329078427956314,0.05796780132751711,0.03183952647214128,0.020829592228493513,0.1355523153105818,0.26109332001873015
2018-02,0.046553760930793726,0.015161789555536829,0.051451317794343705,0.08278247887020472,0.038806870878987855,0.0515595937590079,0.10460474062638853,0.08404563078135356,0.016560190037873266,0.060696596785849655,0.03313365633342405,0.02159478733172924,0.12402144048607158,0.2690271458284354
2018-03,0.04419320637449574,0.014778905410783041,0.05226965188784945,0.07433981363245126,0.03721405361175855,0.05496394812582802,0.09783724186434564,0.08110812496132545,0.01634803460767635,0.060947960335403006,0.03385381985766647,0.02129485669357991,0.12564860557131277,0.2852017770655243
2018-04,0.04372690653101438,0.014097435439139836,0.05016821431186855,0.07725289579076716,0.03770270697763915,0.05321626726786629,0.09390319404056985,0.08592900548424448,0.016063061053338483,0.05905611209365164,0.03259471795154497,0.02122237238594075,0.13186522411904203,0.2832018865533724
2018-05,0.041231934267296884,0.01420094217153041,0.04774671950908821,0.08555315358624527,0.03628805149586418,0.0530615496291195,0.09018977845902498,0.0898363636263607,0.01698461763532635,0.05895764590688246,0.033165933648241254,0.021269319834054338,0.1267415434218466,0.28477244680911895
2018-06,0.04049203598590221,0.014407309760414707,0.049349997636964946,0.08872218360777709,0.036269194609836,0.05642136603947437,0.0883589443618651,0.08970978534504521,0.01685604270164443,0.06045493531506549,0.032992522074420313,0.021863265578500136,0.1287713398108462,0.27533107717224375
2018-07,0.04262122984743916,0.014442430550455273,0.047491466867289285,0.08828147344983106,0.03716331479597695,0.05565323037204415,0.09501574915092986,0.09255468620564783,0.017368516948688146,0.06106136157398746,0.03233497390307732,0.021544519143000578,0.1279366890408111,0.2665303581508217
2018-08,0.06676897817554645,0.008718870265633909,0.02324059911947518,0.05028640670210717,0.03937820653305086,0.021497867470310218,0.02781718335440347,0.05724747818541133,0.03317857746016446,0.04541124642893547,0.021479389518810045,0.026389872133765122,0.35,0.22858532465238646
2018-09,0.06596032531552011,0.008510747313668077,0.022819170865968668,0.04892644216090851,0.039677355850410705,0.022418019471207504,0.028320379921801975,0.057681806398895336,0.035492081998882284,0.04728543089559521,0.021734331735883898,0.026803944509094412,0.3499999999999999,0.2243699635621633
2018-10,0.06622864262931746,0.00831786562491931,0.023369884649552787,0.05034801328797626,0.03910632330990913,0.022422706160401054,0.028909765628455764,0.05715111810720795,0.03564062763418288,0.04823343628996514,0.02135161729151284,0.026691008881853703,0.35,0.22222899050474573
2018-11,0.14926667817108746,0.06443791984872353,0.050961007560525275,0.05034862485870017,0.0508163097759529,0.03112497005277884,0.07180428798873348,0.0950556730556483,0.1297414720955469,0.058002332105717154,0.04401416781301497,0.03183591763334748,0.11554588497178821,0.05704475406843524
2018-12,0.1446555035765086,0.06533975949642772,0.05184113643427249,0.04789314254419789,0.05275116652028069,0.02999723520853312,0.07191214261586594,0.09678434779539696,0.12882491939266724,0.06046262907179298,0.044221493925592235,0.032118055820814014,0.11654309884735559,0.05665536875029443
2019-01,0.13310306636498404,0.0652062068238122,0.050169882008037285,0.04172383655396589,0.05315060071150003,0.029215501820275932,0.06981387364995587,0.09938690571261563,0.13490569840938316,0.059303313552304136,0.04082806303587289,0.029932669564662704,0.13467120233029053,0.05858917946233978
2019-02,0.13350400646625646,0.06569585692332196,0.051952659066008954,0.04307497429979646,0.053242400238978325,0.02974415023984901,0.0693683000117996,0.09954135088456965,0.13431076444891005,0.058843506693379316,0.04194503534714617,0.03103925080767581,0.12960868245943657,0.05812906211287177
2019-03,0.13238416728963187,0.06616704768174526,0.053771553064899114,0.04309002289993928,0.05458159673200664,0.030491450947694048,0.07013574966943903,0.1021824438704556,0.13187726782486003,0.05958242582709309,0.042084842139966425,0.031467236265601474,0.1239881284354699,0.0581960673511983
2019-04,0.13533195127551964,0.06100808217441183,0.05098148183904736,0.04331139993284465,0.054687025789044816,0.031094737212556355,0.06897313082413577,0.10505908879452355,0.13305268388976552,0.058572484818248026,0.03990966086707329,0.031167652768565535,0.13039204317433542,0.05645857663992826
2019-05,0.13498267767868352,0.06096490797098796,0.05173569863907684,0.04270083756932876,0.056371730813243426,0.03232324169750883,0.07191538990757841,0.10331605062630705,0.13347584333849388,0.05460811714950154,0.04207381777673201,0.03268515504554056,0.1268884866033539,0.0559580451836631
2019-06,0.0944883353672151,0.050087387023311086,0.05978570553460255,0.054313520169077825,0.07519094906643572,0.03891370612184094,0.07617045167993315,0.09559217905753382,0.07044815597806578,0.06883873628107065,0.07390812811253161,0.03904331509299227,0.15607116908687746,0.04714826142851215
2019-07,0.0946670452574638,0.050714499416498644,0.06051784721138343,0.0544414082467748,0.076039891609499,0.03907977545975647,0.07604827600676098,0.09506444444407428,0.07079818557018187,0.06912022138128047,0.0741366411772269,0.03942257640518767,0.1535519248671605,0.04639726294675124
2019-08,0.09566716794582729,0.05077765873358471,0.06019290635887997,0.05326904857122811,0.07778347132284427,0.039656562733779675,0.07686371158496008,0.09378603892489724,0.0710906028354366,0.06780639488434773,0.07547521309568152,0.03906283065674296,0.1521481626428813,0.046420229708908745
2019-09,0.09557928400431813,0.049388184501981465,0.059564688416143076,0.0498484145088732,0.07794786143293497,0.038769182829662165,0.07721308785486584,0.09648857545926087,0.0716577590266599,0.06782255004937382,0.07354098686062013,0.0374801942116738,0.15870584738267962,0.04599338346095293
2019-10,0.09575070921411834,0.04996195104733864,0.060584540676234803,0.050630957334582755,0.07864412138940634,0.03880903456038964,0.07714250315198468,0.09859052459800727,0.07124823851094068,0.06660498173826586,0.0738907667636756,0.03737905343834435,0.15464774452149388,0.0461148730552173
2019-11,0.04327884339566048,0.014077066604076796,0.049443722409545456,0.08401847666579478,0.03874257592788549,0.056623918720012274,0.09855502588240188,0.09519633161019413,0.017840610161488447,0.06420255941982175,0.03340249922279131,0.02197678681082005,0.127258670404483,0.2553829127650242
2019-12,0.06767410092964873,0.008669057762303789,0.0217047353968854,0.04473325087515259,0.038185991716471156,0.02193713362390254,0.030393012086984476,0.059585518257081214,0.03364395811335534,0.04490559157014861,0.021256190877279712,0.02547295523129878,0.35,0.23183850355948768
2020-01,0.04430580489977893,0.014430550791220817,0.05149766805937239,0.08465174307899923,0.03881949091427564,0.05914197410198819,0.100802211704006,0.09128707614039899,0.018106736821319018,0.06812293347523345,0.03536614509043115,0.02279974736145119,0.12318993749636568,0.24747798006515942
2020-02,0.04273286559109156,0.014311587972277051,0.049160775979945684,0.07253455528108459,0.036271646256174316,0.06077856021947416,0.09842545996077191,0.09680646726069743,0.01713576979357462,0.06565010138096088,0.03320997795480047,0.021770995592795446,0.12771896981582845,0.26349226694052347
2020-03,0.06835308252384414,0.008776547096240131,0.02121536725591446,0.04508161157600301,0.03779676597785708,0.02199135757190978,0.029769891381309154,0.060653584579086345,0.03322536492842328,0.04520180911471867,0.021016561582621784,0.025236025381696246,0.35,0.231682031030376
2020-04,0.13114946310176054,0.05622737530500692,0.046480617305848924,0.03395680191517863,0.05191826842949658,0.030896437243179732,0.07313273599462743,0.10583021062909702,0.13530818106739184,0.05569853059193342,0.04041419054856449,0.030476262458031186,0.15086174758738163,0.057649177822501764
2020-05,0.13141908934268623,0.05736332920189934,0.04746100472968061,0.035458835832947365,0.053607822674549305,0.03183161598810986,0.07391196214367816,0.10492965711355433,0.13543893892761272,0.05724003983686435,0.041515049697187015,0.031488721576153816,0.1419846844132575,0.05634924852181944
2020-06,0.12993723636880095,0.05799604327533072,0.04860699564812974,0.034504368124369224,0.05435739556486977,0.03276161121708853,0.07478000588764995,0.10705912886029863,0.13423103709708817,0.05756664073349316,0.041508537120372106,0.032443014242603554,0.1376561214385905,0.05659186442131511
2020-07,0.12833536020162864,0.06422763417927992,0.05032076758104996,0.034334672386868895,0.05502313288973262,0.034524493807592864,0.07149450973312887,0.0962411935198807,0.13998633578839095,0.05619636285492569,0.04121601099909191,0.033064588312536766,0.13742210683411868,0.05761283091177354
2020-08,0.12735482515651275,0.0663584718456379,0.04919543455532228,0.03173905084856905,0.05622587379501955,0.03483352218098173,0.071231250060144,0.097874268810384,0.13931122197834725,0.05582972259154303,0.040173701248610236,0.03379653876560192,0.13568995210675375,0.0603861660565725
2020-09,0.12717421172305077,0.06855912772309264,0.05057833563895126,0.030950020269081904,0.05725872585781773,0.036554482932076145,0.07252875657778565,0.09117300954870022,0.14071797010546092,0.05538941214334498,0.040884781584918206,0.035704247666049196,0.12882383055131616,0.063703087678354
2020-10,0.09467404139775193,0.052263622760813304,0.06016959640341482,0.047135053528376644,0.07747500381771767,0.03998833672662169,0.07743676442635838,0.0949775810558569,0.0718872758801233,0.06886875644981151,0.07402631036853413,0.03797174326155479,0.1569827961981726,0.04614311772489242
2020-11,0.09349835356790971,0.05195653762834441,0.060864667214569484,0.04629229984908159,0.07831295459370202,0.04021125675003057,0.07577492585588945,0.10122758017483748,0.07138959126811976,0.06729976681387578,0.07484196910036019,0.03775412795609511,0.15440181264751845,0.04617415657966594
2020-12,0.03800522317923154,0.014167489083148641,0.04618222244932647,0.05705961500939797,0.03309819146360909,0.060782024058721754,0.09494234826986622,0.08013119078980747,0.016125799913066695,0.0646157326002457,0.02901118174360691,0.019899746003767458,0.14918128413232118,0.29679795130388303
2021-01,0.03943944507734357,0.01587342760779479,0.04673802986216093,0.059163809820314,0.03285248054611011,0.06270372388179166,0.09999478684944597,0.07896590953646956,0.01570933071498146,0.06712533694559651,0.030470692714558864,0.020114664825881617,0.14096212387547724,0.28988623774207367
2021-02,0.03708824225110229,0.018235530536107037,0.046251235762773846,0.06354568266125553,0.031034219184489308,0.06377212344077847,0.0950058986537306,0.07903523878578661,0.015812484745607012,0.07133669046021027,0.029538122070818344,0.019569013951106738,0.1348694615727549,0.29490605592347907
2021-03,0.038607818180433934,0.017388283060592466,0.050836685610753926,0.07768223950426058,0.03212678477044022,0.0640181025287518,0.09898031865958291,0.07299911883001262,0.016328355806525325,0.06956299550237093,0.03430935942044239,0.02266726249403269,0.1281495521026122,0.276343123529188
2021-04,0.04225599969368198,0.01729086281698696,0.05539940021522497,0.07949452000663663,0.035080252882417874,0.06447267518613212,0.10129592196335467,0.08419960923965214,0.017220930292028418,0.06921759930494195,0.03645862483243842,0.02360112954956646,0.11770760966550928,0.256304864351428
2021-05,0.04240146851243172,0.017165752593039638,0.05507591281997277,0.0776497644199825,0.03477811822604117,0.06624853233496944,0.1024785714598362,0.08597135211159977,0.017705279886623845,0.06944053810573006,0.03747970536678639,0.02393379827008511,0.11452019375552387,0.25515101213737745
2021-06,0.0427876941682511,0.016217196933912402,0.0553277309117048,0.07986365539511603,0.035357272841247026,0.06347324397792546,0.097841911967241,0.08218781705555471,0.017255559252507467,0.06730695986064772,0.038170583038347965,0.02433854258499539,0.11668660894325554,0.2631852230692933
2021-07,0.04181823061417726,0.016983745375770822,0.054547690765339316,0.08372933819993839,0.03372700073512117,0.06727848834416776,0.09684388867986905,0.07939458992087564,0.017682532537118455,0.07059951515813791,0.03670552771230631,0.023615671488287977,0.11944936632367155,0.2576244141452183
2021-08,0.04162068936225731,0.016540547422117257,0.055045476730952864,0.07518149516227751,0.03458028821766148,0.06999399169526183,0.09753649241453002,0.08297444171862724,0.01743575552859886,0.07330740648390166,0.03653525611204961,0.022815007727878412,0.12440587155044132,0.25202727987344475
2021-09,0.04108753484905752,0.016742335125497998,0.05498925885971016,0.0734868891427573,0.03443268765874351,0.0727650232058907,0.09851064357896684,0.08664251470471748,0.017845616395099947,0.07548850648539972,0.037526749996215775,0.02339636113812075,0.12196084546595466,0.24512503339386774
2021-10,0.03970529487087744,0.018086180437420888,0.05236827793093501,0.08766366826324161,0.03330545583859732,0.07031758518802254,0.093296788402369,0.08200789189930058,0.01748774082243194,0.07132644637562888,0.03843768182221005,0.023097162273413272,0.11915809081604095,0.2537417350595105
2021-11,0.039741346907721194,0.021570963981494568,0.05383936902955245,0.09469646327076392,0.03406648030617579,0.07472153211072245,0.08677104787396513,0.08513800173820542,0.017102632631648643,0.07175309850373245,0.03982484824649172,0.02321375262942605,0.1094237553346128,0.24813670743548746
2021-12,0.0373760017640198,0.022030565904496077,0.05423895542140709,0.09100661010093203,0.03436960290189247,0.07865637823135258,0.07798807954315352,0.08336908222228044,0.017214636587019834,0.06829397262827853,0.03701037572748915,0.021367425829007216,0.11225184058874069,0.2648264725499307
2022-01,0.04076779595032786,0.020623547283495792,0.055148656725021034,0.09039129016007631,0.03790867723736794,0.07693615930347666,0.07953524398040386,0.09139006127589713,0.017354883147247414,0.07184207718685069,0.038174497240817215,0.022451718969763158,0.10871039447318961,0.24876499706606525
2022-02,0.04236939683688467,0.01972648666492165,0.05142512222107625,0.10751958323834361,0.035838517796203555,0.06838109774179209,0.07771368760545062,0.08942388792947839,0.0168825055529192,0.06254271835133607,0.0394247680831718,0.02181111440021049,0.1105527938602744,0.25638831971793735
2022-03,0.042214875999459577,0.018764941460460306,0.05081432998975384,0.1136277281335709,0.03438490682039206,0.06377330899223133,0.07700177840740056,0.08706033915103643,0.017112375628791737,0.06118018264824402,0.03868268769171353,0.0217529219415961,0.11323110840477257,0.260398514730577
2022-04,0.0415982301449236,0.02109738297534641,0.049827505573739904,0.11654898046380513,0.033900946477192856,0.06314798286972224,0.07186518990175922,0.09442964705909583,0.01775712302973907,0.06276466121218711,0.03739707120803525,0.022724017705874823,0.10303830820724454,0.26390295317133383
2022-05,0.04761802395269919,0.019353583055734036,0.04786760280931309,0.1203478022780212,0.037822155847633,0.0569933431571427,0.0639101589877031,0.09462268281340598,0.017549230933521093,0.06048779238566172,0.03651174989665429,0.021711847524958392,0.09893725877833803,0.2762667675792143
2022-06,0.06502568329193505,0.00929241281731802,0.01994095866714722,0.035764508645051866,0.038289612013069955,0.023463317934446597,0.02855461217101304,0.0564015756327943,0.03466214305760145,0.04787242529583252,0.019868567388504715,0.02402784763317226,0.35,0.24683633545211311
2022-07,0.06508723725461427,0.009482036358874704,0.01973762011244069,0.03274017393729553,0.03712466187199381,0.023758080901240874,0.028850886069538926,0.055105126668832834,0.034200017142335885,0.04990669149929213,0.019904157735931526,0.023253099103484085,0.35000000000000003,0.2508502113441248
2022-08,0.06715023324902963,0.009940122351182799,0.01966858983000315,0.032923916532373226,0.03634739100592575,0.02370244717877417,0.026527093570630447,0.05616513718466671,0.03614977189064279,0.04941160150321792,0.01929481703233438,0.023546721973333407,0.35,0.24917215669788567
2022-09,0.06613642751214438,0.009675254316445663,0.01913070561980907,0.0342587081118975,0.03606970798742427,0.023010169423264386,0.02604924130842745,0.056814001370005196,0.035402039452145,0.04710091668704136,0.01918540492805844,0.023085818118665728,0.35000000000000003,0.25408160516467154
2022-10,0.06447573824214582,0.01010881992538786,0.01862538922332895,0.03430448913579632,0.034463588522579185,0.02284198231868789,0.023993287627242073,0.0527984906374832,0.03574528167958679,0.05087178181686661,0.019584136161909807,0.02321795229662751,0.35000000000000003,0.2589690624123581
2022-11,0.12883419598639229,0.06509971877518164,0.05306255061219353,0.029206385207507863,0.059670510151282594,0.03589462494345249,0.07094286659299259,0.09584653683977871,0.13605356069602761,0.05687960451435601,0.04158707907322604,0.03677482541651217,0.1272264633065921,0.06292107788450448
2022-12,0.13114894041964953,0.05868607736634488,0.05441625012529283,0.028054298133422678,0.06209784705458529,0.03563431942217362,0.06946929978558393,0.09874704532135611,0.13578596935736112,0.05721576720839727,0.04141726796599706,0.03742560415054248,0.12804788110633486,0.06185343258295816
2023-01,0.13936235584781315,0.04492253446814099,0.05686769395187953,0.027316447679383543,0.06464925190562801,0.03412664344114169,0.06630994992085831,0.10407436999504459,0.13419805952592168,0.059674064048499356,0.04059449770716082,0.03682666709220037,0.12478312458669298,0.06629433982963492
2023-02,0.1333085981906447,0.04799890866517667,0.058095973770110845,0.02666447515540433,0.06406975793586318,0.03493138213615552,0.0704292126007361,0.0979718311744397,0.13983037906618384,0.05651182570930058,0.04109833359762801,0.038162134457334365,0.12456317231663969,0.06636401522438239
2023-03,0.13488115970052486,0.055646502614950154,0.060698902490533745,0.02609554827290817,0.06399988832009966,0.03712673590496409,0.06675266973658305,0.09240317735114636,0.13645092450523405,0.056051338589964646,0.04228305998603,0.039167487770318275,0.12061709557395224,0.06782550918279061
2023-04,0.1365669675575951,0.053845061635875886,0.0588050710407424,0.025274851377773407,0.06335154681803942,0.03922905929795842,0.06470778931785513,0.09479719087026645,0.13746698985982833,0.05605030269480141,0.03669725547522062,0.0385024403947236,0.12613642045678322,0.06856905320253648
2023-05,0.14163243840776876,0.04617193102677299,0.05642327713188638,0.02519724432663688,0.06437169314656133,0.03855938669479946,0.06436825338295403,0.0955881178558024,0.14048595976182382,0.05776086522670368,0.036673565891496084,0.03832229364500898,0.12389096459862169,0.07055400890316366
2023-06,0.1332840656718436,0.05420927375124545,0.056201329525984084,0.02371321897178712,0.05856968458945588,0.04449177203955604,0.057713949366731736,0.08895276340524537,0.14906139507889507,0.05770237586975368,0.03692417963583938,0.0398423825300465,0.12530015614794657,0.07403345341566961
2023-07,0.09418370184393675,0.05045442866270708,0.06187000414912292,0.0484353578260165,0.07879029219764486,0.04165102796687933,0.07370816080516335,0.1011845564093505,0.07174756477372503,0.06830029824733938,0.0755384597950022,0.03948888016567264,0.1465443866911369,0.04810288046630255
2023-08,0.09415512014360204,0.05044693373870918,0.06232384956688289,0.0496291601421876,0.07854558973839647,0.04209585843609461,0.07320710180670369,0.10184788786167279,0.0716956823765341,0.06730392002057102,0.07685430755815387,0.04001797164447759,0.14364932557092197,0.04822729139509197
2023-09,0.09249694467729216,0.05016383733295993,0.06261541183097503,0.051335432558688464,0.07821623448032333,0.04250978420673093,0.07490309847545677,0.09756744135915216,0.07310204149833978,0.06868626087212568,0.07634239320716832,0.03982956604251217,0.14395597578003988,0.04827557767823537
2023-10,0.09246743216022935,0.051853719280547626,0.061463114331777514,0.054994989927713615,0.07661505198938881,0.042505765393711904,0.07618861376594226,0.09594585038718981,0.0727782993906932,0.06907601755018138,0.07916779646434252,0.03968416681590864,0.1383593638012447,0.048899818741128684
2023-11,0.128095025091087,0.057081314132490055,0.0589197444967099,0.025236839386039208,0.06085393881243871,0.045115834052106736,0.05868883921971291,0.08791804555941858,0.14798609204565671,0.058052975958108426,0.03823047255035931,0.041974338633157464,0.11982049921340009,0.07202604084931494
2023-12,0.09141389387797855,0.04664436536769084,0.061817606724460704,0.05371013717507506,0.0772269338515644,0.04320442388276441,0.07827924982757527,0.09959778260855506,0.07526110791230199,0.06810353114181848,0.0805093866694185,0.03941784663633506,0.1357722482605304,0.049041486063931106
2024-01,0.09121544724047376,0.04669766810917574,0.06245918666934717,0.05262797958435298,0.07676519813723617,0.04310447317454864,0.07749658416566928,0.09851125196576568,0.07563097805294906,0.06869857171768287,0.08094537145463089,0.03979609322614113,0.13716679054398737,0.048884405958039334
2024-02,0.09003271418031902,0.041821513944678916,0.06199505822350413,0.05291688901927556,0.07752419555636929,0.044207709446369155,0.08059971057951068,0.09600726956748329,0.076791053972608,0.07084326568261638,0.08188815383364613,0.040353882613835546,0.13610134686410608,0.048917236515677906
2024-03,0.08924723115407752,0.04250320794802037,0.0629046226530487,0.05318283035405343,0.07759912114609004,0.04499055867176318,0.07782608196353612,0.09621290392048247,0.07890252975349107,0.0714163359265324,0.08168288643328081,0.04139458869933729,0.13297696388917746,0.0491601374871091
2024-04,0.0896101234953433,0.04097722757050577,0.06344431710679142,0.05406971295114334,0.07824300040081121,0.044695931340301705,0.07787714161900612,0.09793087908892309,0.07894574393719136,0.07124516155515374,0.08257503028450137,0.04145566305653945,0.13047550723173928,0.048454560362048836
2024-05,0.0463868053999911,0.01846823101643738,0.0478392675201748,0.1281982829727731,0.037537172676804606,0.056186733442105986,0.06758935191921447,0.09728119407778131,0.018067312938562608,0.06099033270419557,0.0382380610314249,0.022328527062958306,0.10169488569332989,0.259193841544246
2024-06,0.09197495080411798,0.041864049457587954,0.0636615553380168,0.05501288096225354,0.07878294570108269,0.044603548124570735,0.07565034166432726,0.10288827285692621,0.07879612266893797,0.07011019996961607,0.0834703326368164,0.04062350012897496,0.12307323204224635,0.04948806764452508
2024-07,0.09026093321924351,0.043180688131932474,0.06288145508132742,0.05434287422622264,0.07749600988237565,0.046530792307079245,0.07533031211872217,0.09869397113769665,0.08083365220215838,0.07160775914881883,0.08344535960997523,0.04064267317813642,0.1252178763339057,0.049535643422405726
2024-08,0.09104445984316827,0.04402232383339894,0.063025458430608,0.05380525667054781,0.07681496969846748,0.045306916984389344,0.07543987520438723,0.10022886913980979,0.07959738643639876,0.07063352638670525,0.08470677405768869,0.040829436904463265,0.12529440060205171,0.04925034580791553
2024-09,0.12566619747947363,0.056630077306371235,0.059674950039554434,0.023879861105464965,0.06068775061580737,0.046164373423032964,0.05858868987704901,0.08873086687288272,0.14617286990194062,0.05828701778111473,0.039437174445932505,0.04337456627464853,0.120612080722265,0.0720935241544623
2024-10,0.12226595337797717,0.059143741692559516,0.059408582586223904,0.02296178684701517,0.06029066669496925,0.04606936985533458,0.06032505059679359,0.0920265886434054,0.1448652213959468,0.05549467303970099,0.038360020166524324,0.043138818070228194,0.12101649802932879,0.07463302900399242
2024-11,0.12016155065010789,0.059217398995808634,0.05805193484467084,0.023022371986190258,0.05734047684638006,0.046959146961700546,0.06342075236121471,0.0949354860632081,0.14754045506243732,0.05415487213970617,0.040180802095375084,0.04354422054182499,0.11130706426443174,0.0801634671869438
2024-12,0.11498939544879702,0.06157494700054932,0.058546882661585815,0.02387575284170324,0.05764087816176079,0.04671698862753509,0.06541361730613479,0.09668307798160954,0.146891338474265,0.05189331551405713,0.04227526377379167,0.04460658784659388,0.11117585137769531,0.07771610298392165
2025-01,0.0918333890800546,0.04315362982905348,0.06214938181978261,0.05208864575624923,0.07749379336836403,0.04523091582074207,0.07518621894384224,0.10181926223339327,0.07956769236846435,0.07165135853182913,0.08491202823804841,0.04112349722980962,0.1246799808431377,0.049110205937229374
2025-02,0.09049318635679941,0.04259698167659796,0.06260316473615667,0.05174208011390022,0.07691930557528821,0.04464909325501669,0.07458005946323397,0.1020786465472883,0.08085194157058702,0.07276371723722039,0.08627086984519201,0.041628255927718044,0.12379913015591379,0.049023567539087216
2025-03,0.09396796725940595,0.037179669571991605,0.06129446101347819,0.05193436106926318,0.07751376289945615,0.04328791179120087,0.07809641008107597,0.10319977526522628,0.07880306155284168,0.07427835290093072,0.08586905573579062,0.04134598075895009,0.12480526686528426,0.048423963235104374
2025-04,0.11230814380372513,0.06989900621948847,0.05622027504188759,0.0233823181801544,0.05412200222961446,0.050411225334550475,0.06229205669973471,0.08857931218384178,0.15107134484523863,0.05167600985167047,0.041246096422372085,0.043827157275552336,0.11066779107308072,0.08429726083908883
2025-05,0.11011725735127287,0.07190976233667994,0.055316718960150606,0.020762336596021534,0.051675882177519256,0.05100228664470188,0.05858245267398795,0.08682948531923644,0.14937779338248727,0.05156052618563259,0.04006170558416893,0.044316804938551495,0.11429027319266505,0.0941967146569243
2025-06,0.10677230536151198,0.07430568991909245,0.05712043843133184,0.02124308954083513,0.05217997298189971,0.053007369865328925,0.05915674120206544,0.08775540002719343,0.14703222100674626,0.04840341489121589,0.040743019149879815,0.04487491024111597,0.11086057254518442,0.09654485483659866
2025-07,0.10442115334165276,0.07100187981798511,0.05926197096460046,0.021399061205995162,0.049682412116462966,0.055526977571702794,0.06018368883034997,0.08725381440670246,0.1501466769924493,0.048338458551065736,0.04180063528174812,0.04511851994021184,0.11058784972795742,0.0952769012511158
2025-08,0.06647972192283405,0.009266936964939266,0.019819910129467766,0.03682445667855284,0.034171231901496166,0.023114801378046876,0.02458130356168675,0.05256788816763401,0.03600791161825184,0.05167623796092735,0.020459810734232777,0.02414605580951032,0.3407461249443656,0.2601376082280544
2025-09,0.04516753811626537,0.018340124561970015,0.047799336619422185,0.12198722377821967,0.03646528023297202,0.058425150611699894,0.06858498198540285,0.10279334996565544,0.01809689600059327,0.06043251702328154,0.03863686447163263,0.02242988990769795,0.10155787571705924,0.25928297100812797
2025-10,0.0670382238456941,0.009451119902854306,0.019246069827622902,0.03691539430788226,0.03435396241800375,0.022590644354635793,0.02441102555363812,0.050506067120161605,0.03521772425473965,0.05267575698344232,0.020397331109396656,0.024183446216469708,0.34222473017506205,0.2607885039303967
2025-11,0.06299950764726867,0.009765012615011821,0.019904632426258628,0.036240135444325736,0.033054409384416956,0.023332891793842393,0.023191435882772893,0.04998763182965501,0.03530326387779802,0.0538488926202978,0.01998373519685381,0.02339645856685806,0.33782426529517157,0.2711677274194686
2025-12,0.06501926598994656,0.009820018419775207,0.019916181950263536,0.0366275590039795,0.03356364540937825,0.02302091105308181,0.023236475263835293,0.05102510742487819,0.03518617014348411,0.05831706870939541,0.020398641775282566,0.02384615397671986,0.33719855734366505,0.2628242435363146
2026-01,0.10054642126231064,0.07097946722859604,0.061471229599478934,0.022074051242330993,0.04782050752452763,0.05808630760408747,0.05731619765216858,0.0905704202589132,0.1521458224026031,0.048099188855299874,0.04154770908973832,0.044163617417017284,0.10863999736638201,0.09653906249654606
2026-02,0.09716053946605019,0.0359087975961583,0.06116039481604211,0.05394959078059232,0.07671206691132688,0.04145788843307201,0.07858828711331821,0.10642533656856225,0.07598995702029362,0.0737976526106433,0.0856713178909619,0.04055984668363316,0.12407582663998984,0.0485424974693559
2026-03,0.04257321164377275,0.020652108502669773,0.04865745920106213,0.11700025924156747,0.034153627948334105,0.058676513516033306,0.06514673342297357,0.10331271417643975,0.017468508795211557,0.060053450570417034,0.037501190333683425,0.02164786616031283,0.1002658016286361,0.2728905548588864
2026-04,0.040112073127680364,0.020717453237206872,0.04476163968711237,0.13307132651865494,0.032230264458361524,0.05776656298738753,0.06541390473084353,0.10311936525366715,0.01819947973119211,0.05667051255237225,0.03802020729218893,0.021631373197728603,0.10237610410153972,0.26590973312406424
2026-05,0.040646030975213306,0.02075188604802769,0.048129004721023945,0.1304376170359145,0.03231470281248035,0.06465756527847806,0.06356062783525668,0.1055716142403505,0.019631726107185703,0.05512249354826403,0.04063711207486206,0.021925983760551795,0.09805490792381448,0.258558727638577
2026-06,0.04097144764476815,0.02288857741540877,0.051373480962039524,0.12575837334135256,0.03189559646107807,0.07221003970728133,0.0633765400330256,0.09975767446878689,0.019175192482875303,0.057773681747078975,0.04085074984083401,0.022108321466408624,0.09800036126465732,0.25385996316440496
2026-07,0.042635978232002394,0.022835396437020726,0.060164431231978774,0.1225158142423099,0.03325707866263399,0.07083556552588494,0.05750121853447813,0.1062405104647316,0.01871741768444341,0.06428090302401405,0.044123102755023264,0.022837904627830623,0.09992354333178452,0.2341311352458637
2026-08,0.045075108032276816,0.019798489408455605,0.05205776793992036,0.13595678777170253,0.03379926522228534,0.07038376813745585,0.060335995409174295,0.10380495471025948,0.02054441153221474,0.06536068335678853,0.04686079133295477,0.023618440212607377,0.09781647286487938,0.22458706406902507
