,Food,Mines,Oil,Clths,Durbl,Chems,Cnsum,Cnstr,Steel,FabPr,Machn,Cars,Trans,Utils,Rtail,Finan,Other,UST10,GOLD
1990-01,0.13625811576427885,0.03904209305919298,0.051090027705319674,0.0742904739621542,0.020451558826230627,0.03111031452653634,0.04919307603460023,0.024586704120435666,0.011343712472393679,0.02456866718557888,0.018959424185654886,0.0399279735813505,0.030558871415708823,0.12739530285942888,0.03941511612032228,0.03334177173424634,0.06387822362059875,0.11927487346218892,0.06531369936377955
1990-02,0.03540790140194456,0.07698115766397882,0.08336987109589555,0.031075235881041597,0.012647543836311732,0.04616314460454056,0.035856950971237506,0.037994795267000364,0.04814849679805093,0.04138445235471274,0.020078235070190537,0.019611014079755778,0.03893975597769182,0.04932165512102557,0.02323109667269956,0.03023483376692865,0.038833974742885205,0.11772443977043205,0.21299544492367656
1990-03,0.03418743395565291,0.07507307009647228,0.08537181874430358,0.031244050349635087,0.012487480808622393,0.047020469188401984,0.033627965041906904,0.039124490861283986,0.04937413379020873,0.04288284944958276,0.020824152089917388,0.021104740294693638,0.04042096270275912,0.048177089482330925,0.02328102038102003,0.030654815196109266,0.03855007027639597,0.11462738043946868,0.21196600685123443
1990-04,0.03680512243629933,0.07154472853628344,0.0852816825678109,0.033418810057850586,0.012596020697288546,0.04771515223243518,0.035303728539599274,0.042095996093437664,0.05438901767184028,0.04633490755068316,0.02142683167316606,0.021309832846591045,0.04347927342608604,0.046355043317208265,0.024427668232177843,0.02907055517001393,0.04058884563304923,0.10766177751158096,0.2001950058065982
1990-05,0.12256648865088723,0.05004593052683857,0.05516643346509767,0.07349091902480845,0.019722791690638154,0.030362738884007194,0.04820680487538678,0.026536537997110914,0.010369019835903359,0.026146124405528902,0.021243814226237483,0.045464993223968825,0.03194869206254053,0.12381864804658042,0.04186187402066116,0.029140662897601522,0.05441812758415193,0.11759613940487157,0.07189325917717942
1990-06,0.12753612223514724,0.04857727335260427,0.05360517153504891,0.071510934095649,0.020141893617665694,0.030403094423459044,0.05091383762317525,0.02792179865382033,0.01060283788656623,0.027122365829405304,0.022602434689971175,0.04591046035293491,0.03211737017679613,0.1213368681351942,0.043871906344399345,0.030633099180473643,0.05702338466513264,0.11482375500077063,0.06334539220178588
1990-07,0.1330743770349333,0.04392676339803227,0.051403210138421765,0.0664124349609119,0.020285450566255584,0.029264807514450625,0.05772972331502727,0.026751507215875204,0.010652833315731624,0.028264030757758223,0.022248411062503685,0.04386054968055523,0.031815779019799935,0.12284221106106549,0.045776736389216074,0.029592482405158722,0.054376830288963986,0.12339262646033872,0.058329235415000506
1990-08,0.040974744052016406,0.06699263823096127,0.08703917029147465,0.03418407117190062,0.011876142282981323,0.04749638376505446,0.04113813296301604,0.04399788807771414,0.0522936853677387,0.050422916643634935,0.022319221201007787,0.020993118103259052,0.04305049596872942,0.043534391735624754,0.025488704104346453,0.02830642314215173,0.040553859918442785,0.1069746616139877,0.19236335136595772
1990-09,0.040304992218836655,0.06404356205254859,0.09218314530756098,0.02898273235743633,0.012613783183715626,0.04040180300328466,0.040407339679760464,0.03932881386416008,0.047438978495005,0.042171201562781584,0.020470839841507358,0.01923002664970493,0.037692989904107285,0.04232929266310761,0.023439913027539425,0.026190610811840074,0.03585600119823155,0.11144530664696889,0.23546866753190301
1990-10,0.04085079936277036,0.06576718984984985,0.09337771885906465,0.025085329476945115,0.012610614928033967,0.03848201425908497,0.040208378554739445,0.03642360598325766,0.04568148384856939,0.03754936219596731,0.02002919101454153,0.01799974206112204,0.035708349839472145,0.046592059419390264,0.022206133619967733,0.02337504504979564,0.036102317635120035,0.12731028514498163,0.23464037889732625
1990-11,0.04548148192217254,0.053373043241137355,0.09011959940314648,0.022747006900853656,0.011831623806560216,0.04044626115038523,0.04334468739240119,0.03409425772918194,0.039413826624341654,0.036597448141811935,0.018953865172360453,0.01758986760634484,0.03677386806640916,0.05513041442887628,0.02173770644010889,0.021220562281620173,0.03700851661871745,0.13672277122753626,0.23741319184603435
1990-12,0.04598495314375498,0.05024381593701463,0.09010043212248124,0.023916023001895076,0.011639263161010011,0.04313459475872889,0.044970006134482175,0.03608892909049034,0.03831119960318036,0.037975081749981536,0.019084958725646153,0.015817943089026093,0.03668515739328643,0.053207924578247766,0.02238752387167115,0.02301266303739188,0.03720698583718469,0.13158164423169133,0.23865090053283514
1991-01,0.047469901008688975,0.054520524169357876,0.08439275566959685,0.02564311734792199,0.01156696533028037,0.04367698895323506,0.04561846713839761,0.03724955887548837,0.04126388209512699,0.03733138958487019,0.01973319074160823,0.014857376289826507,0.03793538826404332,0.05203711479196332,0.022469854579587147,0.02412787529116245,0.03828184346164658,0.13310428385073264,0.22871952255646552
1991-02,0.04815591789009128,0.0470794364448936,0.07971608988689119,0.028947851613319895,0.011361687038526113,0.04548242191304328,0.04412152175113377,0.03975634092013951,0.043857528118716314,0.041823166577598346,0.02140390201324864,0.01426930697447082,0.04111387250791379,0.04715058241335745,0.02371565731035328,0.024544392906204266,0.0391608045415037,0.12273450761496578,0.2356050115636291
1991-03,0.13789489474074537,0.046470564978913664,0.058259653317534216,0.058305009037472856,0.01874856004011464,0.029303407730984055,0.062890045510892,0.026898557227451353,0.011693638373956244,0.026183375653265603,0.02079389838419026,0.038517340625362356,0.02923489580353955,0.1255347628008968,0.04173036316771879,0.02621754522573838,0.04811611543536227,0.1307353125702727,0.062472059375588945
1991-04,0.14391396403011064,0.04311434829219473,0.05674293650745594,0.059222527440627455,0.020118991741265232,0.028364810974403912,0.06491144576800871,0.025941785680523795,0.011752441584094097,0.027597387805564037,0.020198778392408436,0.03625911609648667,0.02823181385586538,0.12242319187788091,0.04642146019987735,0.028377505875824733,0.04870986271561803,0.12683423148232054,0.06086339967946935
1991-05,0.11909928216992229,0.021572052627207527,0.055780938299702626,0.04907164154606697,0.0385764071746736,0.04371521136739421,0.07341953511099156,0.03135771104548862,0.030441711686179485,0.04400664082545746,0.029934878070809846,0.0376609898730628,0.04009001246118076,0.08833910715396143,0.06319876517927009,0.05954626085909607,0.05896075948013775,0.07866936996561225,0.036558725103784696
1991-06,0.11576128399508666,0.021378229113041086,0.05259535609307758,0.0481501848167028,0.039419178676418754,0.046152177662202094,0.07273319119781216,0.03287764151042272,0.03071591660395223,0.04540517203837798,0.03085546414136675,0.04174267966535257,0.04125203360005927,0.08394722851506596,0.06462464008843645,0.0597989294240764,0.05825019421039426,0.07740411886231931,0.03693637978583494
1991-07,0.11506720110324704,0.024286799096711977,0.05194889937291428,0.05064528996254684,0.037739834696908364,0.04660173267146368,0.07227121386117542,0.03238399298812825,0.029860870345425606,0.04844422654844443,0.02835792050803236,0.042142132270791575,0.04113029788439439,0.08431466341757261,0.06477969589456364,0.05805616068580219,0.05790674658230207,0.07643000447289804,0.037632317636677265
1991-08,0.1148149682325345,0.02326333267944678,0.052497690808859514,0.05077902725485797,0.03771151548557672,0.046749140254805116,0.07399830546984495,0.03286593488879781,0.03024925432688535,0.04837671140493344,0.028396417275697246,0.03952777471046129,0.04151140423023601,0.08499957230742995,0.0639766770694885,0.05873930759837256,0.05723342425148302,0.07669096100913209,0.037618580741157245
1991-09,0.11538102117537301,0.0216079841468433,0.05160561349971764,0.05180596358937856,0.03886749874013715,0.04516102046907774,0.07304273915652996,0.03318471891862498,0.029879044332768293,0.048217365748120196,0.02825601911748349,0.03674512006122875,0.04060567740554411,0.08637545941600425,0.06355614739522605,0.05935809706660956,0.05626873801424427,0.08261666716577958,0.03746510458130919
1991-10,0.10815147842989327,0.022419777392113854,0.05116892396253737,0.054577109591195806,0.0395785167879247,0.04332317351377837,0.07304165517125194,0.03192482065784534,0.028619521312396715,0.047836965412823035,0.027018959818195333,0.03580151955700033,0.04062308608834825,0.09335469279168705,0.06064163860415732,0.05966800659884197,0.05608113160301243,0.08898364361690349,0.03718537909009341
1991-11,0.10645787708256751,0.022574153347792496,0.051924782599736596,0.05158061747841355,0.041379331168526365,0.0441872034756907,0.07704412673029305,0.030390453704737325,0.027937314029723236,0.04640503240360843,0.026558063132081592,0.03369342773502982,0.04288838948305382,0.09430319563643295,0.05766713874998369,0.060869089447740776,0.0585123706261364,0.08850266844248875,0.03712476472596274
1991-12,0.1332831537527874,0.043714451486534245,0.05645848822994296,0.06145788433798835,0.020515007549428196,0.030163581797036074,0.0644637054631781,0.025995978846232497,0.011516158798043089,0.02806237246133037,0.01867953956963056,0.03320802716901297,0.029209398351852576,0.12450339955492826,0.04754001154465387,0.029570526117956533,0.04811988093349428,0.13449381201959199,0.05904462201637768
1992-01,0.13377591298263938,0.0396095970458839,0.05250287550542228,0.06299599974073541,0.021779093515313774,0.030985938386003827,0.06740456666250741,0.02771306408307916,0.011683492113170825,0.02951946685263616,0.019591753942826976,0.0329601827279783,0.03046278123327172,0.12047204974345037,0.049032966051398216,0.03168949671498227,0.05043421740873015,0.13323124253450472,0.05415530275546524
1992-02,0.12924317189499707,0.044973530562245796,0.04978588477095495,0.07458553542759484,0.023649523668404636,0.03168120035704988,0.06356456520764427,0.029700852113684652,0.011738527538037688,0.03207567320000605,0.02105498169388603,0.03952817649767003,0.03138874276456513,0.11104574684080364,0.05232800471414432,0.032734668227878905,0.05360580333219245,0.11686639268056978,0.05044901850766992
1992-03,0.12910172849817447,0.04372609283824846,0.04788016442617273,0.07957883797062126,0.02263191657590089,0.032097155742164395,0.060357093390722094,0.029632877386562582,0.01231928948570405,0.032976643070525335,0.02179623923379352,0.04822035698866334,0.03127112451266968,0.1053683230546212,0.053576184162906784,0.03344170274015917,0.05287719512462523,0.11556620617129859,0.04758086862646625
1992-04,0.12983487502336633,0.03946339683464291,0.04730800133280337,0.08072647814768054,0.02203797387472006,0.03437047214195516,0.05646760934243913,0.030186207959201797,0.012839775701862583,0.03130501217428372,0.021175895036608616,0.05216766820046885,0.031577321872135716,0.1082403938400269,0.05446683006358335,0.034601877842395254,0.05161898789362475,0.11428834527185515,0.0473228774463459
1992-05,0.1271488400834887,0.03720120293407835,0.05420211431482076,0.07446291560283473,0.02152879465551962,0.03735788650134828,0.055229830552068225,0.029567742327533092,0.013236297087761226,0.03152290922672419,0.020823709503331737,0.060279819854517865,0.03238161119676078,0.11328976822941832,0.04929373564564622,0.03438899617782718,0.05217501882243518,0.11122969108322231,0.044679116200663276
1992-06,0.12754403488802923,0.040561826868253985,0.056140245636542484,0.0700507797508526,0.021138148753692652,0.03585082362130953,0.05473920180229913,0.03059539123941508,0.013300928772529053,0.03008873112271575,0.020306232872162305,0.05677171984504101,0.030874377395029497,0.11742200057997146,0.047470441329330954,0.035393910097874084,0.04975883798834799,0.11837699766265213,0.04361536977395107
1992-07,0.12485460551123374,0.04635137161948131,0.05342407904311343,0.06322149135490761,0.01956558950014868,0.03322122808404545,0.04883893466475349,0.028511296555923576,0.014067379924460093,0.026316693321641535,0.019849201474504297,0.06289714107822199,0.029080853552474157,0.12197110352595479,0.04741212076200906,0.037232243787810586,0.04831305760815315,0.12941231271887688,0.045459295912286035
1992-08,0.06731778393483506,0.022601317727919335,0.06393377801667349,0.018580463490002117,0.014890727859261293,0.027632054513160226,0.05496547318361263,0.016965271730422355,0.020987639053287894,0.03185595593746499,0.0185435460536814,0.021639723102031164,0.01752530674855654,0.05007263075612142,0.016118248325874746,0.020486707508427193,0.030519023425292228,0.13536434863337596,0.35000000000000003
1992-09,0.06949477047974549,0.02156844781282077,0.06708960672367068,0.018684102018694134,0.014856741588663708,0.025835840873879194,0.05134121047497502,0.017393352143988315,0.01864635416854436,0.032184706601791395,0.017546832418511574,0.01840313831640497,0.016629327345615195,0.05025095546149656,0.016545151346622315,0.019711321568792167,0.02958438740286797,0.14423375325291632,0.35
1992-10,0.07043228024951682,0.02095894504470913,0.06665459244518446,0.019204029180965768,0.015070486293095193,0.025224929450342992,0.04719549911737794,0.017487955497861158,0.017881332526978162,0.031163833099676092,0.017795646185064826,0.017457594487607253,0.016430828757953885,0.04966335375527786,0.017091614129513658,0.02016914187050858,0.029745406033848874,0.15037253187451738,0.35
1992-11,0.07039825104794617,0.019701737769178468,0.06385587559128393,0.019692772533332913,0.014766185661133613,0.02591428174788757,0.051227246253306366,0.01843104327930872,0.01858351196909185,0.0328442744725247,0.017664984726490647,0.017580262044963713,0.01797502020651394,0.049808665318905175,0.01872420072363826,0.02161059735931779,0.03189052400216711,0.13933056529300913,0.35000000000000003
1992-12,0.07461726179064798,0.016697715421150235,0.06037807538557973,0.02130768347791347,0.01531984931326199,0.025673825418062214,0.05374692369321453,0.018361760627202513,0.019473412853464326,0.034283118704353056,0.018445149749616373,0.018922278720319718,0.01809784833780667,0.04696999638876641,0.019879301517405308,0.023115392612476766,0.03444000617604083,0.13027039981271799,0.35
1993-01,0.10953704932872413,0.022864281375710876,0.04647514052150788,0.05166091896592155,0.042318763975033674,0.04169903934668264,0.07225824384743888,0.03167587793336608,0.026819076672797305,0.044177476252539975,0.025733905335490984,0.032915001667625815,0.04017220822220975,0.10159187621674955,0.06013646319046643,0.06059347760101285,0.05593858553799707,0.0962361087444908,0.037196505264233674
1993-02,0.07328565446523043,0.016332815618405355,0.061524759042785836,0.02065299033385412,0.0145679082273405,0.02463691362277729,0.04846758529532065,0.01791344167036982,0.020010710115248305,0.034716715939714274,0.017954742048459076,0.019664677342585115,0.018468317879942495,0.04833538454980011,0.01854462203835514,0.024294040416520484,0.03480833654839113,0.13582038484489986,0.35
1993-03,0.06748312969813693,0.016528352412583817,0.06722711175304456,0.018923384742414416,0.014185356688947033,0.023827207722390685,0.042742681410112705,0.01850577551631111,0.019027475536428296,0.032558890586955054,0.017203712647451356,0.01879836107756501,0.018088601836611803,0.055170943152872916,0.017226798285867453,0.02373055508244328,0.03316484616028476,0.14560681568957895,0.35000000000000003
1993-04,0.06550651812344802,0.018396113303816828,0.07132050912298141,0.01918070016090711,0.014127281123974588,0.023634999670855437,0.041422994236351866,0.01802908026533149,0.017798755161905242,0.03391875424993652,0.016911201296030957,0.019671533735031405,0.018406877413035372,0.055297206226255086,0.017145594151384943,0.02466114119762241,0.0335754673523261,0.14099527320880534,0.35
1993-05,0.0499495031332539,0.020342723104052555,0.0738669107649733,0.018212928903083823,0.013276129720809356,0.02609826676749207,0.04327765050191761,0.017774741735380857,0.017967944597005008,0.03435687745147914,0.01713989322676413,0.022189450208731778,0.01965016339271565,0.056868453073179455,0.015255491044856843,0.023607630074711308,0.03238498107142522,0.14778026122816806,0.35000000000000003
1993-06,0.051188664363489546,0.021729838020211743,0.07324437500144715,0.018149917714830804,0.01381013884110679,0.02619703203811955,0.043671067999694196,0.018107441203802147,0.018684808003368688,0.0343570103938298,0.01892054056991074,0.021969192011519527,0.019977183610680117,0.05481621831586273,0.016326344605472432,0.023090084278102278,0.03460350448199867,0.14115663854655316,0.35000000000000003
1993-07,0.11488983884532872,0.043202381692875304,0.05418556166835779,0.06227037411616149,0.020508293613358843,0.03184375210133935,0.045729676973370444,0.029395454353888274,0.013156730675402808,0.02713526935254911,0.01961367494129896,0.06006332426814039,0.02891780087897754,0.1336216715725963,0.04602755067337669,0.03860218685695467,0.04958586674795661,0.13749624237903998,0.04375434828902664
1993-08,0.10756392842300944,0.0474896780844422,0.054473243259286715,0.05751189987273762,0.020999783895288716,0.03218854854540491,0.03888930934252506,0.02946956641111668,0.012521292294672678,0.02532897994696912,0.018761300861406583,0.06287791170707807,0.0306033592369558,0.14071709388499054,0.046375692656561975,0.04035444254303061,0.048941082020916495,0.137344297263933,0.04758858974967377
1993-09,0.10965393305520767,0.04024450314403507,0.054958033856225066,0.058725013072409696,0.022749580695850938,0.03219880864601784,0.03912206018956527,0.029290324114999225,0.012432795285133838,0.026309014078682632,0.01965848772524932,0.05865607798483026,0.03090013432198512,0.14325098490365673,0.04653894702646889,0.04022729452670851,0.05004051016914196,0.14234227228392482,0.04270122491990725
1993-10,0.10358920542538455,0.03592670516201959,0.057684253012563996,0.055539535092631945,0.02338041825913102,0.031394550780465845,0.03986236058304212,0.028863115188360437,0.012147234739501921,0.0276426838376212,0.02004922510686891,0.06068776852349172,0.03136801226516521,0.14039404007157938,0.047606110837291944,0.04331058425901845,0.05202539881842379,0.1492237808909204,0.03930501714651738
1993-11,0.10027639824650834,0.021988746641116354,0.047443247112679686,0.04878792124812514,0.0466784502678495,0.039606351565483824,0.061770480747580916,0.030700484437369936,0.027588213060909392,0.044577518020195696,0.026509350863542783,0.03718023060836764,0.040618103061080345,0.10739756134980731,0.05869801923239682,0.06363486192387968,0.05692002747666921,0.1024957591131487,0.037128275023288734
1993-12,0.1041452147101689,0.021688356718577672,0.04439736540509767,0.05103509412162536,0.04758593478421465,0.041438986599461984,0.06588405419118609,0.03274387400644866,0.028451015671946866,0.04567484558249075,0.02740083239795355,0.03889766976180935,0.042466266852851486,0.09644919138332309,0.06144791353027745,0.06121676887437076,0.055305863635609055,0.09591939782742645,0.03785135394516029
1994-01,0.10554616350763388,0.023172622435051624,0.04329271556991847,0.05028333114211706,0.047288564818317114,0.041747224143712354,0.06562766029222224,0.03230685975478233,0.029559716588584212,0.0467627458545662,0.028185210755896018,0.03966729130496907,0.04338356197747606,0.0970800341605713,0.05783493618838655,0.06201283954649597,0.0553558388181665,0.0930684444797533,0.0378242386613797
1994-02,0.10119659830900778,0.02265877634560726,0.04440589134145718,0.04731121099270956,0.047402515849338446,0.04477520986306588,0.06482091444729703,0.03244329397915182,0.031953154946097816,0.04593748047155805,0.028825142608047034,0.04210165187821496,0.044297273323941254,0.09241406697566934,0.05718603289401635,0.0640781113174762,0.0571630209489942,0.09305010654302934,0.037979546965320535
1994-03,0.10408423845557692,0.023390184150983886,0.04425487902581845,0.05098209285469654,0.048503995761844845,0.046163012583389396,0.0616712201917866,0.03407564824671695,0.03196154544712922,0.047554546502770044,0.030595012465401968,0.041027596394551995,0.045142966692066536,0.0848476597627053,0.061941947607353956,0.06203929640192625,0.05602341672425403,0.0873923180915548,0.038348422639472315
1994-04,0.10589243211706711,0.025644807642022267,0.04477625672761681,0.05545743551368658,0.04978874715248953,0.04795319950956695,0.058227757581727976,0.034195716999626154,0.03156192000320154,0.0475396457993259,0.030876696839125417,0.04013744544464323,0.04501379374218888,0.08316735475648045,0.06225745442189682,0.06397206381720917,0.054842246151718836,0.07959361281921581,0.039101412961190456
1994-05,0.10483394783969174,0.02315116150742954,0.0476716034167373,0.054830108988075776,0.04802306280244552,0.049059604828717095,0.06159670138340536,0.03442781430346008,0.03141083537949346,0.04736037761236788,0.03005051144032257,0.04023827907188197,0.0443192483004368,0.08592192169070495,0.06109188105504078,0.06527354145565527,0.054158761849206885,0.07758017269399263,0.03900046438093442
1994-06,0.10220870732009556,0.02343556662895193,0.048255877744884476,0.05238985257986695,0.049456004589837343,0.05168681228822021,0.06448165283828816,0.034987724656175896,0.03278052266952142,0.049599494169395096,0.030231082789344037,0.03918830341732896,0.044083024785973965,0.07638115201366576,0.05889247319480704,0.06982063424144236,0.05622964675503321,0.0766318964538965,0.03925957086327125
1994-07,0.10476467431857427,0.023294164436662473,0.047825111174958274,0.051493721148172224,0.04962489537417039,0.05152423126957882,0.063794024767722,0.034644716327233864,0.03428281767341244,0.051168735393900565,0.02911578299184429,0.03894464136278256,0.044699844157200734,0.07355212135512011,0.05956849600724426,0.06971744834803344,0.05591964306234382,0.07647294034423381,0.03959199048681165
1994-08,0.049307171800828484,0.022460827936820676,0.07004667509963262,0.015348621454214586,0.014114948573448796,0.025374035538232004,0.04007224587772199,0.01755655441051379,0.01993695350457172,0.03328922266106784,0.01939332871065092,0.024364243327538462,0.020318241710551438,0.0538217348484872,0.01510197836177788,0.02504777456869482,0.03526936446382025,0.14917607715142656,0.35000000000000003
1994-09,0.05367148778330964,0.022435887141606287,0.06724438995142532,0.015444554553075003,0.014164930358713586,0.026696964741122074,0.047217575347133244,0.01806654174815858,0.020288845047177068,0.03365995610214397,0.020434150975005744,0.022367874849783576,0.020090845451645748,0.05131503787429205,0.014965623942210666,0.025153248415864693,0.03661813295758322,0.14016395275974958,0.35
1994-10,0.056169884807168224,0.026257178826544783,0.06544384816381359,0.015614736251995156,0.014888951649600536,0.027600151479160933,0.04938478178964268,0.018075594788240102,0.0216696874387923,0.03312497056745158,0.02111756373207377,0.021482325920134746,0.01896660940789766,0.04961589063390168,0.015396759341753722,0.023986979027272932,0.037521898674504325,0.1336821875000514,0.35
1994-11,0.05710377040264361,0.022673487156011668,0.07269704825040828,0.015850272049251764,0.014751266573855476,0.026996522705761822,0.05046266638761386,0.018109434623506202,0.020049312553167907,0.03338147354161565,0.02272986604938409,0.020601992139639654,0.01943522396938528,0.05077784340806847,0.01563389406475848,0.023770394708922817,0.037427303014451414,0.12754822840155358,0.35
1994-12,0.058309294996074276,0.020685935905312137,0.06737762038303272,0.01597125638806096,0.014487960250168429,0.024760428998929815,0.05406572921027776,0.017941346731024606,0.018519212343723043,0.03261895394925821,0.022528247361883726,0.020164832952554338,0.019352322397020172,0.05424211315164298,0.015828266622353957,0.022560968786402163,0.0358448837349465,0.13474062583733423,0.35000000000000003
1995-01,0.058696113797728704,0.020882862468022668,0.06567249274171295,0.015728191421212484,0.014205718071239458,0.025683885393586202,0.05348560048257343,0.017644376466525856,0.01925071583000157,0.03262773568889017,0.023479268327349593,0.021129380346236272,0.0194983741162857,0.053205179889027746,0.014294337336788454,0.022477858507452982,0.03659834363670517,0.13543956547866073,0.35000000000000003
1995-02,0.058286579191734474,0.018573697438821098,0.06214231107741619,0.014674749058632126,0.014250031003607175,0.023635807605860745,0.05657516251798587,0.01743569363831448,0.01702472655663482,0.03261535182403856,0.022579965884529995,0.018659120459830016,0.019477421096048976,0.05961186037333516,0.01435161541192661,0.02417450877746897,0.03632004153903869,0.13961135654477605,0.35
1995-03,0.051029121083933954,0.04751400474419042,0.08418125499458641,0.030906084411154198,0.011465946939941692,0.04960595137618063,0.04425213659274411,0.04709844076629859,0.047301791739131564,0.04548760102849292,0.021585236740156593,0.015069401597887305,0.043292197661383564,0.046205161045342204,0.02348880927995121,0.029060658857868606,0.041465119064200036,0.1139053851130951,0.20708569696346088
1995-04,0.051676761217085886,0.05242114703471977,0.08757086842691468,0.029668206609419677,0.012021511509634854,0.05238313852444249,0.043960120323094765,0.04504044310234025,0.046846026500218234,0.04714897824291632,0.02249195842228154,0.01502936478094601,0.044566151872390915,0.04253426583850638,0.024322409533670698,0.028527852693089686,0.04163051742411706,0.11252516210380563,0.19963511584040525
1995-05,0.053580305320452486,0.049489307553288384,0.08840922631431486,0.028251697577511482,0.011871183646676815,0.053489279642757896,0.045181855203134315,0.04350147438659086,0.04538750557509234,0.046547351762861504,0.024804908349743734,0.014817127915171506,0.04567298460650466,0.043058931274345146,0.022495755658909107,0.028326024416868264,0.0416615663521322,0.11315858868879662,0.20029492575484772
1995-06,0.05588034220569678,0.04631594999192488,0.091533955917994,0.02688170152404309,0.011013949703042595,0.05370806883743823,0.04469018159512294,0.0423992993316665,0.04406934470034191,0.04813929557335169,0.024265918453103538,0.014414150202033488,0.044950336884893194,0.045354513818875807,0.021894136730474884,0.029245553249720294,0.039754522113292314,0.12607466192785885,0.1894141172391251
1995-07,0.056214373355306255,0.04563227108409856,0.08318844710200354,0.027057946813350584,0.010695436122155616,0.0536648855065366,0.04587527980535752,0.043491669026010475,0.048205019559882434,0.047111572376026666,0.02625176757448294,0.014110803409715387,0.04704483837510438,0.043152632404942784,0.02311130839558763,0.029199940035296343,0.043147496685722125,0.12585721057385826,0.18698710179456185
1995-08,0.12061900846804222,0.03674412730635335,0.05287296772820588,0.0571938027686398,0.024213268405038856,0.03334038965947132,0.04555486012999787,0.029260335393875375,0.012452504611606411,0.03051340767647962,0.021766793454865305,0.06617833271634818,0.03252927756839406,0.12033697167518337,0.04909768422997024,0.03959230661020001,0.05455681551050834,0.13651703731229053,0.03666010877452934
1995-09,0.11783999212044212,0.037103153870968304,0.050590891240032465,0.05655049242395528,0.024590246674845093,0.033015819130110965,0.04524075099641948,0.028204226525036735,0.012359536917252278,0.02955666755498962,0.021617042117505834,0.06624290418416708,0.03203429867228664,0.12107512029901338,0.045654133859119664,0.043307205383584464,0.05612213217269086,0.14252096731086855,0.03637441854671135
1995-10,0.1070732196107488,0.022563735489400636,0.046919004514805025,0.04881893499940646,0.048798927601031813,0.05117591048543616,0.06514345947302363,0.0339330829143537,0.03457733162636442,0.047810078587139135,0.03168294571631528,0.037337774262255596,0.04414916142658454,0.07715535966225441,0.056271757374501075,0.06998295403358953,0.05739939957542125,0.07954516281448898,0.03966179983287953
1995-11,0.11299618107537429,0.020710852371749185,0.04792392487368395,0.04613390596572276,0.04849301259363374,0.04799434631432856,0.06998904046392482,0.03366023614877652,0.032618496277006366,0.043434052738895924,0.03296750707976818,0.03550950507040018,0.0438002794980895,0.08118009881230596,0.05176973682307762,0.06927197738967103,0.0575385281012683,0.08460716020782906,0.03940115819449421
1995-12,0.11148684717103736,0.021404541709197675,0.047835666079878984,0.04492688545897416,0.0487542965860517,0.04843513221761058,0.069944686750271,0.03442459250188049,0.03354000389333551,0.044692541536970866,0.03154357142038779,0.035566649891209945,0.04476844195971961,0.07887266137758212,0.05199022181358682,0.07028093240787725,0.05704037179438495,0.08494839118379954,0.03954356424624362
1996-01,0.11076722362537143,0.021522039245850295,0.049765233579746576,0.045051400017776064,0.04681284822135508,0.04845750381007185,0.07176371220898357,0.034428436630857956,0.03224541227349451,0.04334215078688725,0.03008158894079657,0.036363365723810825,0.04429531381947964,0.08321879420343312,0.049502336191590085,0.06966024722827159,0.057096550181296696,0.08626746588971582,0.03935837742121106
1996-02,0.11256718291214096,0.023553861385193935,0.048069599163886007,0.04229411051211471,0.04721636073027216,0.05004256252782247,0.0743518860443892,0.033972867774018256,0.03264438092718347,0.04278225912007592,0.030322861224900615,0.036428262843520014,0.043439388679606665,0.08306324182617039,0.04824477039570044,0.07116310291646422,0.05709253378172333,0.08356219909732987,0.039188568137487334
1996-03,0.12249968513188021,0.03617002207487367,0.04959613381781126,0.05227767185105838,0.024683900073732227,0.033477849509167185,0.05022271632360613,0.02795241573129718,0.011966298178181276,0.026871018686822668,0.022347028948815757,0.06119454615218928,0.03308505473248159,0.124822435094468,0.0450936346264598,0.04570173374526798,0.055306482325591065,0.13860979212311322,0.03812158087318298
1996-04,0.05991333106263738,0.018164571126647374,0.06321544154965533,0.013486926841769784,0.013979729173806684,0.024673612637713508,0.057791452180944135,0.016376598031806182,0.016071106732148104,0.03187895115039837,0.024256544049922647,0.018398240825023372,0.02048325736100359,0.05629944044305656,0.01353257509581233,0.02542239323985022,0.0367404152223871,0.13931541327541747,0.35
1996-05,0.059540971319011274,0.018021067283081792,0.06819862147087262,0.014220445054303118,0.014820285230817893,0.0239202551153238,0.0571075683976643,0.01665904173924017,0.01610003321371793,0.03496749648952268,0.027135981185075982,0.019060727404387266,0.02084812912353504,0.0517072597160172,0.014229053402450289,0.024560393774157176,0.04024935644757563,0.12865331363324592,0.35000000000000003
1996-06,0.06619416151055427,0.0184852474407333,0.06650980530982287,0.015201449408199754,0.01511854870862905,0.022863940682924234,0.060392169507544544,0.016940031420763946,0.015436252964982777,0.034619130344082545,0.027897859254925654,0.01890249286946623,0.02039108754913621,0.05136540713605436,0.014680443085321994,0.02430067009630405,0.040707255659136014,0.11999404705141829,0.35
1996-07,0.06882837406259297,0.015839850454052617,0.06510115844529192,0.015311871640079267,0.015183731778538379,0.021692012183915595,0.06037349175834693,0.017176189613923875,0.014072716811354132,0.033714887572198496,0.0252452288127199,0.017340146302385992,0.02008738211988562,0.058333583031970566,0.014405877305011269,0.024423109666011415,0.038270048262243284,0.12460034017947794,0.35
1996-08,0.06741862169658526,0.016625941256542962,0.06405822400770712,0.01567724230600933,0.014815070039671615,0.02239518458221018,0.060347117684978614,0.017371319926592813,0.013927277785603574,0.03142685179157359,0.024507234907206518,0.017604954457452603,0.020207833419209138,0.05328926030305832,0.01387917250930259,0.025475553898375983,0.03440944762564125,0.13656369180227865,0.35000000000000003
1996-09,0.06743412276663002,0.016407735721766036,0.0658881261358736,0.016057580319571583,0.014583157134700292,0.022707047602235877,0.05940810423309324,0.01745187322526742,0.014398808156581438,0.03385840024907506,0.025471084614447498,0.017538198042408207,0.02038157466683689,0.054622125005480596,0.01462943459691105,0.026338403597675628,0.03473952288043408,0.1280847010510115,0.35
1996-10,0.06779933427261617,0.014841709032184222,0.06521191319791761,0.016122417211707842,0.014867616419875562,0.023426276656618755,0.062170610689729004,0.018023657854447532,0.013903908884447588,0.03290893420263283,0.028184102992604137,0.01637108735921839,0.019999480885081203,0.05167904159382524,0.014311304790796606,0.027246916964184152,0.03567235425089775,0.12725933274121543,0.35
1996-11,0.06511008342236876,0.01415602308525497,0.06844877788058751,0.015595606427739555,0.013940542051585668,0.022919286455288766,0.060815685851259564,0.01768976697907285,0.013035591015805243,0.03071777606591968,0.027495831589321586,0.01709478222096612,0.01981308255979516,0.05398661273591075,0.013410017209745771,0.028850009869010648,0.0327485842583751,0.13417194032199237,0.35000000000000003
1996-12,0.05718088443056299,0.04618745986144758,0.08644484148433412,0.028967842270836555,0.011068439435559086,0.0549928833388145,0.04991978556326146,0.0452589100131262,0.04953170760217615,0.04728978748077927,0.03035173496505531,0.014478772982584251,0.052403277691382776,0.04152347228414634,0.02338632536364108,0.03279595186405405,0.04643668695025647,0.1141492660736649,0.16763197034431693
1997-01,0.057283188332825266,0.046175689395147594,0.08890749586111542,0.031209808409135068,0.011469056465345753,0.054002209153693435,0.04949891405100147,0.04573198528572464,0.04954966384970165,0.04979332057204074,0.030006818120563373,0.014700323848798224,0.05464141375016835,0.04336509055660855,0.02270169457254095,0.03287752365168687,0.04726663078917697,0.10787737275127333,0.16294180058345217
1997-02,0.06257021822347392,0.0421235199975355,0.0911435616359339,0.03240254896209343,0.012050993586439532,0.05551391065236965,0.05618467944665058,0.046202509644436,0.050872882518440424,0.050740892595901414,0.03318448860511293,0.014805030646023589,0.05387502762591129,0.042359701627695326,0.021992628181848457,0.03520667431987225,0.04918518787728138,0.10239483668452112,0.14719070716845947
1997-03,0.1139884996492041,0.024133440944968776,0.04908020775459413,0.04480633603272618,0.04744892071014723,0.05072687684596121,0.07252441771561295,0.03343068603460061,0.03206453679389161,0.0456833004839901,0.032674293200790176,0.03694261584605137,0.0446967299073965,0.07656512671574084,0.050704060379312486,0.07318933502802294,0.055583227268221076,0.07604959675091379,0.03970779193785401
1997-04,0.11406404355611746,0.02211064211081381,0.05596847319255989,0.04504326372842873,0.04593365273771165,0.05281534242583114,0.06835224399462628,0.03338649093205314,0.03205687891888345,0.04553890347755149,0.03236046547097166,0.03710559205597905,0.04729603006369146,0.07646804955711808,0.054427113224961875,0.06998388491687789,0.052874139229865114,0.07387460682917939,0.040340183576778585
1997-05,0.11865263367438324,0.033781781884496404,0.05393506653424038,0.058496188144344985,0.025460873202670202,0.03596396299518951,0.051389546642768805,0.029856580517765952,0.012900427803317936,0.027751603773519016,0.022441347621662375,0.06564984323848276,0.034944350624101964,0.11581914507711653,0.04859717079260108,0.047704988141604725,0.05304312336717512,0.12846571145287297,0.03514565451168607
1997-06,0.11498636419902382,0.021243851923029224,0.054368314537600416,0.04189808617130208,0.04685064047461693,0.05189317647991669,0.07021938215578086,0.03470533012887554,0.03171874749450378,0.04688216383355124,0.03418790902059395,0.03756153387585143,0.04742080860807219,0.07209274001151449,0.05309266064294429,0.07059180514988146,0.05333906551485279,0.07640668132822838,0.04054073844986047
1997-07,0.11185952828560145,0.02137001038993115,0.05312027681282456,0.04170597036480951,0.046993272338947026,0.05264080244743549,0.07201941104392544,0.035046040220973025,0.03173435016159712,0.04679070007764247,0.03374026615620743,0.037164491599728317,0.04705614093962791,0.07238065224202006,0.053673150308085824,0.07121154106375806,0.053481137775237116,0.07731235076508161,0.04069990700656658
1997-08,0.10795652520547043,0.021165842552658087,0.05354824923420196,0.04091541651269833,0.04497421639891285,0.052499330391261534,0.06961009932808024,0.035898367922326285,0.03259615731966348,0.04584262613542137,0.036185232465857975,0.03771486451002438,0.0475516191803644,0.07153311247605598,0.054333941703025496,0.0723329123860782,0.0535173515610513,0.08017836484864876,0.04164576986819905
1997-09,0.09873501098521646,0.021699013088871212,0.05643861750564869,0.0408603315716693,0.04622603537079335,0.0526059396887984,0.06592898259686995,0.03475011267141742,0.0334488241105114,0.050309329438645176,0.0372789348014115,0.04028934002368423,0.047095613169265985,0.07342029741282738,0.05551507695812662,0.07114363493064338,0.054674596938248395,0.07742906187154701,0.04215124686580413
1997-10,0.09930319659291086,0.02200111770824984,0.05683028157384948,0.04123714354145346,0.04610327791397444,0.05036086854133286,0.06596763366221589,0.03494557759949016,0.03245582511495974,0.048706193474947396,0.037234944295286995,0.040321048626336856,0.047420385532367576,0.07427201185785957,0.055130442854773774,0.07221344750192031,0.05525148775350853,0.07802419345242873,0.042220922402133564
1997-11,0.09726540696648953,0.01953255005831082,0.05742198802312563,0.03910216232808096,0.04533013326298122,0.049642368018521385,0.0691604632354931,0.035770499953783286,0.03064654894417962,0.04717785845855221,0.03367280168158627,0.04025421183546624,0.04540067049426227,0.07813336727480306,0.05545726589124035,0.07285242300213428,0.05509194051933963,0.08590291621107764,0.042184423840572485
1997-12,0.0987399054370295,0.018668260220375647,0.05418606835817125,0.038463950933499094,0.04496706233435138,0.04928940682330471,0.06922124801024283,0.035874369212302123,0.02917432348555122,0.04689211636347794,0.03410265729776961,0.03849315801952182,0.04489228126593692,0.08361560692570343,0.056839878873654874,0.07146743892207717,0.05597526765070541,0.0872582729419477,0.04187872692437745
1998-01,0.09831350980195061,0.018248923177667364,0.05281385891390415,0.03590622357169659,0.044505073375892545,0.04798279756548252,0.07001758457359873,0.036639174912893174,0.028927558165415396,0.04641407782354239,0.03253913742333312,0.039445077106290805,0.04408691843162369,0.09030971280566155,0.05447849894634224,0.0728344485942162,0.055225683123235135,0.0898671788301692,0.041444562857084685
1998-02,0.09553308865066204,0.01811438137555258,0.04985382684280177,0.03599340310899391,0.045683962520915646,0.04675337901557862,0.07410126935017658,0.03727625801637627,0.029816244053056197,0.045392394136163326,0.03399149672388276,0.039717127680438793,0.04458231882303984,0.08442682721276294,0.05549709176993942,0.07101280966130313,0.05730063205651353,0.09338962256363949,0.04156386643820319
1998-03,0.09374113206309247,0.018224142004161302,0.049939465581669486,0.036741141403053186,0.046382255925084714,0.04704650379401794,0.07321723286788089,0.03786063983734515,0.02969229636010045,0.04622206373026478,0.03447262065210837,0.040686396952934537,0.044932472102266474,0.08299906706919466,0.056383255465497814,0.07131357312909595,0.057745537121627145,0.09100698565055093,0.041393218290053914
1998-04,0.09459839764579635,0.018976578510406388,0.04992637311543427,0.0368967439433992,0.0465453104057746,0.047059971937291195,0.07142203097559842,0.03857866803713335,0.029401905143182926,0.04619405735704816,0.033231221283508326,0.0407824259430304,0.04444476492008705,0.08453670245984544,0.05677360954431246,0.0710862944778987,0.058781609905486226,0.08919490841068042,0.041568425984086145
1998-05,0.1129517431234657,0.03235878459647553,0.05377063826648529,0.05656095787293586,0.02697656308732517,0.03558691465278957,0.05346559269964383,0.030951740254761693,0.013509348543729524,0.029704467782326684,0.02414077349312978,0.06693232421140272,0.03512432485871524,0.11656238128568659,0.04991483766553938,0.04965423642108598,0.056906462202385655,0.12304964594657333,0.031878263035542344
1998-06,0.09173937178436593,0.01882784081145079,0.05091484329731514,0.03736036786226027,0.048005861946451775,0.04845186251906106,0.07219493033687664,0.038579075532172574,0.029793497409393594,0.04443070045783838,0.03403860962926257,0.04185392872455872,0.04363164437021507,0.08139115870947614,0.05705146794061276,0.07283239387026166,0.05871242821673573,0.08861612453031405,0.041573892051377126
1998-07,0.09224514501281503,0.01859279522623335,0.04997560700309902,0.03682286065293282,0.04698872916894042,0.04579016868917385,0.07489365245355918,0.038418529266974734,0.028266206552575928,0.040509750472894436,0.03459685794200361,0.042237847713807626,0.04257327221289466,0.08303769348989717,0.05893975095207487,0.0730939740003167,0.06053499790367721,0.09115090702174744,0.04133125426438188
1998-08,0.08812181337033263,0.018900926113743433,0.04804504379322808,0.03397103045925834,0.049119935807963755,0.04281601268525088,0.07867270818229175,0.03858788425479831,0.027584050420305956,0.03863781701483341,0.036647501409154265,0.04441301544397437,0.04152705816505126,0.07864913314537818,0.06030527788511471,0.07588994013249312,0.06234528681313024,0.09410678136042071,0.04165878354327671
1998-09,0.1104073488584586,0.028073125803473195,0.049961993006913674,0.05216376983074378,0.026172027180848212,0.03627824413261634,0.05375705223057748,0.03191867003269759,0.012421751293810249,0.027231051307480506,0.022930980515719505,0.07520776926278534,0.03267921858167486,0.11604457020255754,0.052935427768522426,0.04613947912739733,0.05099841923158733,0.1404847804097443,0.03419432122239165
1998-10,0.10395300594371634,0.03058957413195986,0.05350319848315983,0.049784574332797545,0.02387704064435218,0.0347015654179565,0.056683773651065174,0.03035331780446269,0.012958049508290909,0.024925545252434404,0.02442934047998494,0.07249335748230257,0.032658647677220064,0.12176031737337209,0.050225262623988805,0.04516909754329757,0.0537414416762472,0.1450601155532749,0.03313277442011636
1998-11,0.11026573139488681,0.029881839796267354,0.05144148504487757,0.05016264565827967,0.025240248314184262,0.0335632870050582,0.057798979858435864,0.031926847519294636,0.013288682424798495,0.026724065408533088,0.025672356207495153,0.07599155140525772,0.03447170361252942,0.11224906805387917,0.053211102343515046,0.047198809355787255,0.05461655053498099,0.13444027850684806,0.03185476755509126
1998-12,0.10913706786756595,0.029453356963929186,0.049550900388983514,0.05114113896179925,0.02581125314055216,0.034147705821954755,0.0587887798201927,0.03342467188171652,0.013070396366050068,0.027318378685366074,0.02754459518535885,0.07583345724904364,0.03516059111353795,0.10796488897676891,0.055656425198934434,0.04851627728641317,0.05703882846818257,0.12824325226179908,0.03219803436185121
1999-01,0.06718096988828286,0.046977172608875566,0.08108760280106839,0.03075497805583972,0.011446687781416703,0.05455727157802661,0.06658347934647481,0.05125201912961301,0.047864416988236874,0.04396972203876774,0.03227123386991081,0.015041242282591828,0.05253188878336819,0.042867330846850175,0.02571101062872038,0.039049484988751854,0.05248751079998606,0.10377406919418856,0.13459190838902996
1999-02,0.06325766972289942,0.012402870921002177,0.06451362821186168,0.013515941943760096,0.014155498075880504,0.021030602572668054,0.07115980060108251,0.018164397024772714,0.012371589549418556,0.028413730540520172,0.033599434461723116,0.01877780288872647,0.019196344720704184,0.053909369375436694,0.014403132163071344,0.031660526955716146,0.036285659881289054,0.13770284252057186,0.3354791578688952
1999-03,0.063193349448488,0.013562912129059385,0.0638290001947846,0.014076865571590807,0.013787536916894433,0.022957881671314233,0.07569352903267582,0.01764800785082839,0.012023808065138992,0.02893007664730588,0.029038851035706865,0.018412005843098763,0.02078453733407858,0.05137679932983355,0.015268563850272131,0.03408136968610609,0.034101520785300314,0.12123338460752309,0.3499999999999998
1999-04,0.058071137647021445,0.01600601045037886,0.07550685019447045,0.013735274203917638,0.013425024688965418,0.023786092430179175,0.07495860464352423,0.0185272513464406,0.011476197138946894,0.029996474161698,0.030629049445442032,0.01760497879222007,0.02137013817151104,0.04814174329804827,0.01587842001066253,0.0348054445913054,0.036016637156996795,0.12008853766574894,0.33997613396252213
1999-05,0.059350876416048644,0.017889229255690513,0.09051660754721783,0.013151962410450205,0.01396710875595142,0.029025863640731012,0.06702650254310463,0.01674119795531248,0.01414994056467459,0.03456057876150393,0.030240099439611447,0.01710179889911521,0.022915296291603854,0.04950518517901369,0.013646507473712153,0.035770447283434474,0.036200067141581124,0.10412007780575452,0.33412065263548824
1999-06,0.06343358899049158,0.016217985643711155,0.08714718136688696,0.013791784669062673,0.014234632037005054,0.027088364796012617,0.06599940779728457,0.01705709573018718,0.01358892117633671,0.03603766997661956,0.0313658811466261,0.016598980654447232,0.022761066140143043,0.06326856629953896,0.013691785567945064,0.03447065171505797,0.03710904087224383,0.10310496573656973,0.3230324296838301
1999-07,0.062183422494625475,0.014531450080850371,0.09010078776822726,0.01438571952432635,0.015569827859684561,0.029142588913943147,0.07328370543109261,0.01711155418461316,0.015589944745822848,0.03802495888717434,0.038801653250644594,0.01656391871911881,0.024354219490364447,0.05678402955049851,0.015827126527249002,0.037089775909327015,0.04371428222387923,0.10045157807669303,0.29648945636186524
1999-08,0.06205997289912664,0.01380361559997335,0.095407950898245,0.013733602267561701,0.015844699442881593,0.03061980862690239,0.06594500932162335,0.017888498675311462,0.016580344072955097,0.038906842468596006,0.04182188082110253,0.015666272945546813,0.025200998337695867,0.05894895928685425,0.015424341642255786,0.034396735800233266,0.04186253748621575,0.10606347780261721,0.2898244516043021
1999-09,0.05818720902802861,0.015620456291978776,0.09595141716502002,0.012223341171524585,0.015191303433942767,0.02812041321660162,0.07089749566146397,0.017365005219737568,0.017095140991383144,0.03504937865956815,0.04714023257424003,0.017275739628418694,0.02385369789496319,0.06086223407557997,0.014607545598767379,0.03164202659909793,0.040058245464208164,0.10924512943577384,0.2896139878897014
1999-10,0.04837317924412927,0.015088618912713247,0.09268479177681885,0.012539789400303116,0.01318091557103817,0.026248877435781987,0.06204679262544363,0.017271485619183017,0.01688827204615019,0.033919710651207316,0.04726048046077231,0.015942054060317814,0.021943394651510784,0.055474089563866624,0.015279509789081725,0.029128167126013654,0.04272338726387507,0.11569212886527352,0.31831435493651977
1999-11,0.052515988465395944,0.01642553723719414,0.0804449434284827,0.012521764615719157,0.012861706587653518,0.025649532652211753,0.06465613898881215,0.017798529461926983,0.01664030706920702,0.03152252051278627,0.046019559744946495,0.016423546743022356,0.021422861738864617,0.0543638338366042,0.015778750386295868,0.03285109878927931,0.0420858510413919,0.10958883229340566,0.33042869640680006
1999-12,0.055214904720862434,0.01743284833460753,0.08683737328335608,0.012070936370815959,0.01336975135603081,0.026606034161507554,0.06668112181775707,0.019554417755751233,0.019367041800421793,0.030715443341101066,0.053302930270328064,0.016799125478695054,0.02104234407149948,0.04766187976073174,0.018026676037515333,0.032129488601211065,0.049710565538276505,0.11240759526810268,0.3010695220314287
2000-01,0.04858169067755805,0.019812528571821992,0.08812813585301292,0.012272078975785665,0.013287668146935582,0.02877801758559921,0.05774314743572508,0.023693953293745764,0.024273002723035127,0.0323490571493567,0.0645336007192667,0.01735441403175392,0.021258208173735877,0.04447999573573352,0.01834705186675089,0.031232176553797546,0.06159917738853947,0.1049860407048305,0.2872900544130156
2000-02,0.04521783049669607,0.027364475319308645,0.09111610771297282,0.011499460292116105,0.012713912678705365,0.02602801828622728,0.06256290084991034,0.019904298067959833,0.024625903520955058,0.028554053240307423,0.06421874529987738,0.018332246182301403,0.0194500140076554,0.053341218772728655,0.01623983826675282,0.03004294946314091,0.0544432684303245,0.10666703960225829,0.2876777195098019
2000-03,0.03879178762101551,0.02700394737462088,0.08005617707622961,0.011258116586472402,0.013035594744172641,0.024106589888271378,0.051833472419760884,0.020450499383617725,0.02737134492951704,0.024714517654442176,0.07651179867164644,0.017460191119290817,0.018824568608719224,0.04754648101248259,0.016040322068350026,0.026862061232551963,0.05765390574056567,0.12047570430685008,0.30000291956142294
2000-04,0.03887331810646165,0.024566447839414033,0.08912370859353146,0.01244424055208649,0.012072503649794232,0.0256709003226058,0.05038729170588812,0.02150530975040302,0.02665767813398377,0.026773391422619097,0.08287272208564661,0.017790366578377792,0.019577446590169436,0.04788176437042418,0.01709165230276964,0.030231444120102743,0.05851712153894205,0.11752754137603107,0.28043515096074884
2000-05,0.03919623721591158,0.021522306290740867,0.0904731575999922,0.012797591712007655,0.011919067960215792,0.024193139694878008,0.05880013584545979,0.01975353844098581,0.026591345902959595,0.027749692968145046,0.08357662225077966,0.02024680744929403,0.020802882265060864,0.05557109066653583,0.016099938559598643,0.02879023096713953,0.049411014569837264,0.11204012882238261,0.28046507081807526
2000-06,0.0585400056204983,0.0530424989375008,0.07863720331170312,0.030308383963789893,0.01105330752140295,0.04861552947116246,0.06173396709786457,0.05304849840242082,0.056458112511344284,0.042157152253750295,0.045104334178075536,0.01708699996597527,0.05025279764294497,0.0367665525428407,0.02692093698016676,0.03840732397837466,0.06209207195984213,0.10060973710430632,0.12916458655603624
2000-07,0.060027568231227325,0.05516369578701944,0.06498491022865238,0.02677776103800033,0.01193518622776838,0.04150972599738932,0.06800382748413374,0.04915851690757289,0.0663052626727671,0.03689466164863696,0.05113013372051378,0.015176020521551096,0.043154579325514204,0.03404068336523254,0.02620702771099127,0.03485589661057136,0.06753768745436747,0.1158256895147089,0.13131116555338157
2000-08,0.06374488693447969,0.052449654205512015,0.06439917136439748,0.02905103395495854,0.01070991289758903,0.042996637897477354,0.059825297158255054,0.05070623821686557,0.06140229388872017,0.040133922763610316,0.05036190859430212,0.01623008246714926,0.050433381401104156,0.03656233384103436,0.024678795032635373,0.0406236122900332,0.06018843126422048,0.11423491204199834,0.13126749378565755
2000-09,0.052852870554292594,0.05220887749597152,0.06876318228680331,0.027891395996702706,0.01105888435008651,0.041821798289150024,0.05660556657082031,0.04651763687401819,0.07324863017156011,0.04285495542608396,0.056264014393738994,0.016607284284120023,0.049326642998202205,0.04198297517835696,0.021456837397625633,0.04367449578477863,0.06302141729718395,0.11548757256566618,0.11835496208483819
2000-10,0.05960067568807223,0.047298560612567764,0.0766138371458122,0.02909436360636151,0.009536576470222083,0.040223824015350754,0.06381258703557575,0.049586671698178895,0.05961751511430319,0.038884109956340694,0.0400057750314512,0.016177949543065763,0.053109649456027246,0.05219926172443056,0.022916682752379517,0.04670094802663369,0.055057166803595056,0.11868364639173547,0.12088019892789631
2000-11,0.06820282476869506,0.04607867524343845,0.07233065179720113,0.030322807266782915,0.009541945318394899,0.04188483915842208,0.07142633178960711,0.045257872002968144,0.04931225922949927,0.041521054726344646,0.03668959067076442,0.016753832400237336,0.06354576171090673,0.05007748180399984,0.023224077573613448,0.04658396888076199,0.049465731190186435,0.1186853852444095,0.11909490922376664
2000-12,0.07498028483634166,0.05116953997053152,0.06796335606669322,0.03352790997991607,0.009447489048358544,0.04431278856677081,0.07696470774524983,0.04231409253760723,0.03897147530110855,0.036596829029102225,0.025080657147441555,0.014585558190023292,0.06437743156708259,0.0557554879350042,0.025497154024487326,0.04352969699544951,0.03612302634828708,0.13890209872616482,0.11990041598438
2001-01,0.07058946258554584,0.05234450102491079,0.07093443041575741,0.03648472730687515,0.010065547420480095,0.04716197901348888,0.07461004182382168,0.045863485323031486,0.03722111384484745,0.03927868171255823,0.021891328017919348,0.014168703965953378,0.06031862417717167,0.05806782319317868,0.02504720544367243,0.045891837557804335,0.0325319529450933,0.14362314684693658,0.11390540738095341
2001-02,0.06894833731373176,0.05703219314733447,0.06992922676570651,0.03949697215417569,0.009992066221433081,0.044249265936244155,0.06663266616790581,0.051354245308558255,0.04141097344731923,0.040871901524134925,0.02482040016985947,0.015267832268904921,0.06543150687066648,0.04552272179793726,0.02736455421206457,0.047484966186635884,0.03807651635097287,0.13298623054147948,0.1131274236149351
2001-03,0.09943261846287191,0.03289449506209654,0.049668137089281826,0.050795056934215196,0.024605547739655582,0.030749665431580912,0.05928787817216546,0.035777924531129844,0.013448293747501172,0.024717256504490116,0.030110626333936817,0.07447576333308076,0.03460451095233874,0.11064589908598876,0.05887711016970337,0.04902388090208679,0.059143466174581875,0.13003980244884009,0.031702066924454174
2001-04,0.09273902463017333,0.03512971929754602,0.05143708647110517,0.05255807772098534,0.024461855149862165,0.030136072357031682,0.05465283109473561,0.03791022799855812,0.012601406499671588,0.02486283086603665,0.02590112591696171,0.0758644591213195,0.03302825608606401,0.11959616218649366,0.059274567946586074,0.04885771480091746,0.050695142833086626,0.13712318930248885,0.03317024972037647
2001-05,0.08729943493567861,0.03576600865013197,0.05380434544607196,0.05395303336389134,0.02456156988939611,0.030879674673784947,0.054500168312044184,0.03835455650094399,0.013558920988280319,0.025699086710772034,0.02833639568448338,0.0787555916465455,0.03422540534330134,0.1227043217340141,0.05938098444353386,0.04907149586530266,0.053960120151884644,0.12380045984407931,0.031388425815859544
2001-06,0.09059344461944145,0.03700255253860694,0.05207522584251547,0.055658571788490235,0.025890893640687238,0.030517626123931985,0.055426304812870454,0.03932127616574769,0.013140167109351852,0.026915362909548393,0.025876720694230065,0.07473385904267427,0.03514242352723737,0.12197297617327983,0.05929694234286609,0.050604692757087705,0.053888652061230585,0.11998432580235432,0.03195798204784791
2001-07,0.08986302143602275,0.03583799931858755,0.04773316426551255,0.0570142413895921,0.0272072574023327,0.03038562308801552,0.053517100225643946,0.04003835585370553,0.012483171675522235,0.02765549671973898,0.026555471271383666,0.08384898461097312,0.03175326645264689,0.10771739800518128,0.059042047287077966,0.053486351033453505,0.05663481965540566,0.12640826665803828,0.0328179636511658
2001-08,0.09144752635017811,0.03262866091635599,0.04610809314329355,0.05737433564525092,0.026635341012809052,0.029106372680688573,0.05567481135214551,0.042004110302535355,0.012493425860157926,0.02700389981645703,0.025396501771076312,0.08823722419162687,0.032721165597416176,0.09744822375584351,0.06209297048132945,0.052475967124420334,0.05096569702245005,0.1366598664153929,0.03352580656057241
2001-09,0.10431160211534195,0.03524759571234442,0.044317476671147306,0.05615417567856057,0.02758984732909131,0.029417007876268744,0.05547817078986569,0.04159543979066912,0.011649074972762777,0.02709531773039225,0.02259493140065264,0.07343015830732835,0.03148082930469189,0.10310050912925466,0.0572081797269562,0.049930879461259986,0.045488201754847656,0.14965699576559077,0.0342536064829737
2001-10,0.11187309405501962,0.03801740538820629,0.04471798943395392,0.04470616273377711,0.023003396053611968,0.028984129131929097,0.06518447630771057,0.036583914608270755,0.01020837926290908,0.022667437724761947,0.01766479738870841,0.06086949727532732,0.02556129206871026,0.09509764394196668,0.05543917319762284,0.05125776760734311,0.04314357718829163,0.18092822873941491,0.04409163789246449
2001-11,0.11171209815910421,0.03740630209088887,0.04455529954620901,0.046627927645314794,0.023527410662411798,0.028852012218789105,0.06392250419756261,0.036468446656961515,0.00979676075718143,0.023490941632414056,0.019571358761449015,0.059612191804198605,0.025847503869494883,0.09508152056335947,0.056133484983747275,0.04874353219809113,0.042664887668995635,0.18457121989244266,0.04141459669138394
2001-12,0.11092773126642375,0.03585936644333477,0.040210602469534104,0.049764399635449874,0.024322746136122474,0.031053727866897012,0.06499974835293136,0.040357826005392144,0.010661162843319884,0.02489178028738371,0.021756015104572164,0.06582802174890942,0.02720327580995695,0.09072511003126449,0.06030748557666108,0.0512086575095205,0.04566470601096954,0.16608669164431988,0.03817094525703689
2002-01,0.1113131883829324,0.03701331448056692,0.042302009804216466,0.0526861954639246,0.025378690892683402,0.030237126433399916,0.06074657665022207,0.042595369822967535,0.010454417144374834,0.02690029610055322,0.02115947854845423,0.0628667431507868,0.028058040003744487,0.0943979045404529,0.06164912183048695,0.052184430483017546,0.04606070730035299,0.15550418173618957,0.038492207230673266
2002-02,0.11205896142779707,0.036799157354579747,0.04064518482415701,0.056264380517269105,0.025979220458867934,0.02952722701774956,0.06049235756213074,0.04276104060286472,0.01031919054616453,0.02664994592378391,0.02206003407851448,0.06493667478885191,0.03027998672043642,0.08648428344015195,0.06463774026105688,0.051380861271138605,0.0428660408000179,0.15662452054170478,0.039233191862762785
2002-03,0.07991918144627286,0.017627986170938713,0.04874147600172477,0.029512802976123333,0.04635932264056137,0.043216431501462246,0.08395244964190073,0.03754802373689109,0.02514631128708633,0.033016068371382414,0.034895614545459266,0.039502221308261545,0.03852752090987658,0.10004456185807269,0.06186325275721654,0.06147004264202688,0.051412275161224916,0.12636730698595403,0.04087715005756375
2002-04,0.08001630507263825,0.01840464512828492,0.05020333760497456,0.029754385121355083,0.047021818449840984,0.04369608368509936,0.08102581552845543,0.03629227926035136,0.025654683548050648,0.034621762248417086,0.036323621732841205,0.04030777055831812,0.03844822336702226,0.10543586237130752,0.06104517749221212,0.06235695930612286,0.05118499703809104,0.11693776291823599,0.041268509568381115
2002-05,0.08475885793026419,0.018142777212026444,0.04804914315927138,0.03095357505141546,0.048961903675371156,0.04191530392176496,0.07616007780058348,0.03658521637163409,0.024124254434078892,0.03601072614713234,0.03408703066568975,0.041369917132388516,0.03752085779391351,0.10655116557153989,0.06122271781729672,0.06306447330706774,0.04531024805424405,0.12398871138421949,0.04122304257009785
2002-06,0.08771231943464149,0.018814855422508103,0.04783355685342528,0.03072729070153411,0.04941180362593794,0.0432037723751108,0.07686702330260407,0.0358941537151372,0.024187811599667625,0.035280968869286056,0.033455168525298014,0.042464937838637244,0.03797635666642409,0.09705967062956784,0.06239651278260059,0.06455134509949821,0.045080400246784565,0.12557378539303998,0.041508266918296906
2002-07,0.09147884429681508,0.017779697351898487,0.05005333535479068,0.0313369215811873,0.04871093792712135,0.044863106021742,0.07055598621261078,0.0354260311892949,0.023729857408025534,0.035602980531276016,0.0289909475481984,0.0407571353176836,0.040131020813060886,0.09183583252830649,0.06298845898286902,0.06467621561529044,0.04170505915569261,0.13759822659784637,0.041779405566290055
2002-08,0.08861776739456338,0.016752658038195443,0.046586679339839676,0.02987453707594012,0.04668740886232077,0.043968581400421036,0.07782054715665106,0.03317060179780888,0.020564273977254518,0.03230678471976669,0.028895697199951255,0.039145092066033275,0.04017771835176478,0.0774304176409595,0.05966184790809476,0.06580602671990902,0.04139908857119242,0.1703067998396547,0.0408274719396787
2002-09,0.0679788713520575,0.06372811537719927,0.06549440058241376,0.03493691077464114,0.011460385992026863,0.04305012500062805,0.06492921536259996,0.04857136599642606,0.02584782362328869,0.042823658757625394,0.014688026389601776,0.016074942284146743,0.06423524493347717,0.05032639250088858,0.025909534213338064,0.043532621573712474,0.027483538431617136,0.16735077106796534,0.12157805578634606
2002-10,0.06475482743361971,0.058932282920102975,0.05905380903077624,0.034218006026833794,0.010688537258142684,0.037291225966572465,0.0584708464497556,0.041006972137424026,0.021258368401347892,0.03959193209632376,0.01294727359441864,0.015196006548301636,0.059530956244730204,0.04165992562223288,0.024032869863177958,0.037954772387260326,0.024269525665802934,0.22308807407974074,0.1360537882734355
2002-11,0.06913802241520618,0.05332519090286824,0.060898119229998667,0.037522045465359734,0.010811145169744523,0.03966441070634484,0.06394710915331235,0.043217966711734515,0.022236377522976233,0.04106252793446683,0.014781453960563249,0.013704674085595489,0.0597568442729347,0.03997169638552004,0.025267637614124896,0.04135446840404523,0.028477434719626913,0.20192238902197396,0.13294048632360345
2002-12,0.06774499234846364,0.05671513170042282,0.06280680459039914,0.03955609462116972,0.010765746198175257,0.044647806859212186,0.06525502319234147,0.04293966751269532,0.025465398297045957,0.043668142998227404,0.0165815524229951,0.013996655016732433,0.06414979721863867,0.03818206803513968,0.02503463766935043,0.0424532479110346,0.030603627968689432,0.1771706568087951,0.1322629486304715
2003-01,0.06394405051184292,0.06356345443580033,0.06213906048172962,0.03618148092455212,0.010892351753614388,0.040332193772710134,0.059855772411031835,0.038576852269195654,0.02248026036316907,0.040705253021534916,0.014360330604579476,0.01344626163052429,0.06028618181894227,0.042309372503741186,0.02252366382133605,0.038647161584406196,0.02687143080242438,0.20585402275568776,0.13703084453317751
2003-02,0.06049049495133463,0.06213640230150553,0.061658170375645915,0.035164167010482625,0.010533202945641333,0.03764383907304503,0.06066732170779899,0.036027268176164716,0.02200808117661061,0.03631279937048153,0.01461768609994029,0.013261022546304967,0.056824388979831955,0.04116599950609463,0.021953490742806888,0.03911713676633317,0.026754214109330515,0.20482483158558168,0.15883948257506497
2003-03,0.0565052281296401,0.05960152943578859,0.06380773822096944,0.033552842613842664,0.010300417345080925,0.03509148565250478,0.057785765678112076,0.038806673678456326,0.022674063680679084,0.035530726111787876,0.015297588695144974,0.012233329532021067,0.051318914517650076,0.03784767673645572,0.021051422877517656,0.03701464999908828,0.025743714901644624,0.22546022229840548,0.16037600989521023
2003-04,0.056935223583769956,0.0573732713423524,0.06592487363658775,0.036095915939929446,0.01046432454920279,0.03763665344509389,0.06107127150792724,0.04036433831577248,0.021889711105689644,0.03539475428007083,0.014890448938299836,0.011930135097301474,0.0522773305228332,0.04135570212740925,0.02316631954869842,0.03732818434306864,0.026352274451190472,0.22001076191554958,0.1495385053492528
2003-05,0.058265998165795696,0.05932400976923482,0.06292393590971569,0.037910391790589845,0.010064076029361668,0.04103771170806421,0.062020927368625585,0.0439405207287661,0.022533711826539984,0.03760737596059928,0.015075939555375567,0.013085259006424738,0.05778940749642795,0.043136839229984944,0.024030107983998194,0.04128305628958461,0.027634554506615096,0.20480845806973824,0.13752771860455784
2003-06,0.11549720586077651,0.037451345938362364,0.04167233079502231,0.0559669586207903,0.026626191481826454,0.029897515922971556,0.058322926880411845,0.041694565973034184,0.009542874902523134,0.02773343648947916,0.01810506831712114,0.06372618019033657,0.030638801738844746,0.08018885993381664,0.06245398894975492,0.0492973480348168,0.038030800459619096,0.1713744047113757,0.04177919479911662
2003-07,0.11474320098953225,0.03936015736778858,0.04090794588928865,0.05492344877675347,0.026018506018557812,0.029167949269844295,0.06188857515864361,0.04179634052668757,0.009822543710772147,0.027956558486100822,0.018137414675238127,0.06370924848503658,0.03142359817193538,0.08100458820732573,0.0645413723861833,0.049340715832409135,0.03853647108969066,0.16471886629398064,0.042002498664231315
2003-08,0.08643242907213408,0.017719421216170476,0.04566938615743109,0.0293537163181774,0.047415458273515364,0.04399044859754662,0.07818248975134037,0.03310088981349858,0.01962070433469677,0.03257292434281281,0.028074528008598845,0.038103419618141565,0.03750432813958762,0.07799914476337406,0.0590914988112721,0.06625769255928014,0.04095158224797093,0.17719543762328455,0.0407645003511667
2003-09,0.08485642811010859,0.01804184301797657,0.04668799951434805,0.029684657478411494,0.04831760144391004,0.043839083612620185,0.0749844906585368,0.03392873675583351,0.019578930495727797,0.03285377651459828,0.02890808784948018,0.03952206993011522,0.03768984624874921,0.07793478723083944,0.06166952237719139,0.06510510445133906,0.041075685889817685,0.17458627998546808,0.04073506843492843
2003-10,0.08621296425653406,0.017562136072143773,0.04517787999958633,0.028859469268318432,0.04506189940256335,0.04075561350865493,0.07704496336772897,0.03328796568963687,0.018670510257944608,0.03155959278665878,0.02751295072459963,0.03773486864786149,0.03580856133940328,0.08158108365468686,0.057988155098306335,0.0658493277519355,0.04013013717264603,0.18918791634659726,0.04001400465419363
2003-11,0.08683039514982414,0.018377592197565833,0.04420716859964097,0.030090813593087115,0.0465572797871102,0.041481636196007185,0.07547513990165719,0.035080569626995815,0.020334703994562803,0.033427298696547134,0.028940080842529803,0.03832987118526874,0.037182855331979445,0.07994396197718169,0.05975985244721784,0.06730133704279,0.04026914129275371,0.1755142734601445,0.04089602867713586
2003-12,0.08872951574404563,0.019082479735487854,0.043596391608636494,0.030267174275724316,0.04621159313263462,0.04208811547065666,0.07631249697448586,0.034993509650642095,0.02039604264824862,0.034261378838893575,0.029232478872871108,0.03863357245760411,0.03624240928509649,0.07965620949998571,0.05908025968634983,0.06738405035533167,0.03998929699627567,0.17300223521304658,0.04084078955398314
2004-01,0.08897941203730325,0.019136189572811168,0.04596051599831285,0.029339042328493263,0.045633189395031803,0.04372452230848782,0.07744236517254696,0.03406410992781468,0.020972530551025496,0.03502844829658387,0.02826252255192814,0.04018514662505993,0.03656353021471706,0.08136802443990947,0.055758529018843025,0.06782591003461821,0.0406289676072318,0.16873380516054076,0.04039323875874052
2004-02,0.08716257196253804,0.01772013529095677,0.045761556092420407,0.028706037790075092,0.04689818563734054,0.04258357684731001,0.07790205147721448,0.033131274860585244,0.02092002134873348,0.0342015712653682,0.028785432267096716,0.039173253804012174,0.035664961403144645,0.08262836706999303,0.05519249465205358,0.06928341077933528,0.04201664233410331,0.17204576893361248,0.040222686184106564
2004-03,0.08812981593839993,0.018290800965910105,0.046422431555512775,0.029565695795593976,0.04663628261082742,0.04245015200053558,0.07676403526637891,0.03377412287511528,0.021535470243879404,0.03431814009090628,0.02742701702172973,0.03812902641499033,0.03462493633518322,0.08225382775087993,0.057005446054560455,0.06861990370217365,0.040394589119942245,0.1733543674771971,0.040303938780283675
2004-04,0.08949939333749775,0.0186928699650286,0.04625803980901155,0.030162885264775317,0.045133067337311907,0.04160883208416534,0.07344649246538436,0.03465680352130705,0.0205936013843099,0.035503622672543436,0.026885195777755395,0.03749420312330223,0.03369966916789338,0.08353844938025116,0.056887920646225595,0.06827930988439924,0.03946287936984869,0.1780557648797254,0.04014099992926363
2004-05,0.04833086243855971,0.020801742382870202,0.10048391831318373,0.012536219404362087,0.011590703065779744,0.023739672223363824,0.062194532227983525,0.01701664535597284,0.022705015207025305,0.027879886168523493,0.05797199358102599,0.016331902115895157,0.020132751169306032,0.05738877408238476,0.015088736169432071,0.030879340103598718,0.0364341402147751,0.12098185394872303,0.29751131182723467
2004-06,0.04890911723566393,0.022414639234327263,0.10303579042208103,0.012630390136451196,0.01187296105101478,0.024264509660568444,0.06196310807612877,0.0177295561087278,0.02455361366240954,0.028392508563877,0.0633575831078589,0.016140994423320183,0.020830182760916607,0.059628357616352656,0.015270923892326297,0.03203609102491157,0.0373991390693123,0.11988923643453187,0.27968129751921994
2004-07,0.048076620320361994,0.022582267395893252,0.10663951562343642,0.012793084940162345,0.011963362628275102,0.025171659659971236,0.059375760933120476,0.01720462538219744,0.02604142275179057,0.029344734487599538,0.0628822284961015,0.01653063930571007,0.022029760005903714,0.05975656242633267,0.01470306152068449,0.031213360449219636,0.03763369222229468,0.11787311288933949,0.2781845285616053
2004-08,0.04335431996279299,0.023572035755780173,0.10832632888641602,0.012407748392037092,0.011252713206013395,0.024620678005366995,0.05390471171624673,0.016696608043521972,0.026544717138673915,0.02808455929191613,0.05548659333941393,0.015858619220816668,0.021943743530824893,0.06238880824681255,0.014682459131380578,0.030714621687798017,0.03570770050057108,0.12605406151903606,0.2883989724245809
2004-09,0.042541244263768506,0.023752659183427977,0.10712812335797196,0.012004648426557959,0.011057345588444364,0.024966931720637138,0.05509447415142293,0.017274881024329145,0.02588594703729699,0.02700211601833553,0.050803150872064745,0.014815462205212479,0.02124303281948186,0.06522538159209862,0.01383031632203072,0.031346783734561345,0.0345113044148135,0.13379206168612692,0.2877241355814173
2004-10,0.056846773196763456,0.0654434327973448,0.06696483384163572,0.036918902949474114,0.010166068071887049,0.038964589946566444,0.057672943179084585,0.045460201079614834,0.025277035648526798,0.03759208052826144,0.015748731628466864,0.013041966681744474,0.05704889030853125,0.04686017061337996,0.022748604624693906,0.04060744675347626,0.02778771623848422,0.20086215487155784,0.13398745704050605
2004-11,0.05770540668516621,0.06175765514083307,0.06553381147808855,0.03850037023917702,0.010017106156229113,0.038024947789069,0.05377378224238773,0.04521644942837106,0.023652787230034132,0.03974747306122124,0.01635977258996553,0.01240666285697373,0.057245408963488904,0.04941481389256169,0.023309789688652584,0.03980755596516106,0.02814113026437188,0.20291242261760475,0.1364726537106427
2004-12,0.05700799106127778,0.06519087426506862,0.06875396350573808,0.038773249194941115,0.01073596106316172,0.041100491381796146,0.052712151240529595,0.045740237677331624,0.025790814828341502,0.04383661620432669,0.016505851444513137,0.012770607450552723,0.059907836242175286,0.05099841419993825,0.023132792848634173,0.04055976015269055,0.028784270756310737,0.18015801672356377,0.1375400997591086
2005-01,0.0602567119352335,0.06144273827385776,0.06410587795642202,0.04041411384987135,0.010710243390154509,0.041537649121669906,0.0560242864635469,0.04786041582933606,0.02431332848035676,0.043252188351639194,0.01629689153974234,0.01291553459074545,0.060322770015312215,0.051417623610073834,0.023137810137049502,0.04187033234668169,0.0294805853803257,0.1797991926146832,0.1348417061132982
2005-02,0.060201603010899676,0.06080947628991006,0.06841328150946144,0.03939416143840538,0.010603553338662926,0.041229763754803396,0.05268697182204272,0.048880515828447726,0.024913156303089764,0.0410708991616493,0.015922017244582108,0.012212344237143046,0.05630777112855792,0.05440317881515544,0.023781849327372193,0.04093336818319535,0.028191185658537968,0.19252298040242946,0.12752192254565414
2005-03,0.05712322469174893,0.06469732164697792,0.0820698673268043,0.0389292537606891,0.010990487080790408,0.04477598033586228,0.053670563726568594,0.04772856957791989,0.027056494137692372,0.040599118871250325,0.01656033643107966,0.012769297820829816,0.05575064535658306,0.054877023204362885,0.02356622162348413,0.0391937455398891,0.02744470097568333,0.1801094478751545,0.12208770001662929
2005-04,0.03963835470052946,0.02496223587769628,0.10830172295902961,0.012363953210079251,0.01164421399402179,0.026446752490373353,0.05060538379509692,0.01841608870700968,0.0275885332546826,0.02831130089521702,0.05133585387870703,0.014517483001274955,0.021632472182765747,0.06743374442778262,0.014181391763002687,0.030593716151998282,0.03522109160136064,0.13071859226845187,0.2860871148409203
2005-05,0.05741972064471049,0.06011900052703057,0.07747950870908973,0.03854044811051789,0.010894201292168382,0.04366315437699137,0.05623788558703091,0.045737718544845915,0.02508956375418797,0.03899123145758111,0.016656525833224942,0.01176179789495873,0.057057691212289506,0.05742429662233556,0.02481570476844482,0.03809725328154785,0.0277586430083597,0.182817786475939,0.12943786789874537
2005-06,0.11619192204327969,0.043160918053636754,0.04178480890801926,0.060495572322813496,0.026754749864102232,0.03270487197371935,0.05844528695631341,0.043509937148359434,0.01071441336364122,0.03149188865422564,0.019510552921055205,0.06873418975459256,0.03337296695456341,0.07788015319166522,0.06918235276481072,0.05310857962590241,0.039857810923810154,0.13247370418159524,0.04062532039389471
2005-07,0.10755408612800292,0.044730477512966126,0.043932477263852264,0.06279790141955802,0.026845736324659964,0.031930754648946215,0.056409583402156405,0.04370874839617341,0.010402606635050042,0.03146973455246487,0.01916475216940599,0.0692184157431251,0.03228324403680705,0.08300603684117103,0.06981724852765607,0.05377598720523173,0.038621586060591774,0.13268642735706623,0.041644195775114794
2005-08,0.05688787576157338,0.06315001343984508,0.07850567770040635,0.04040483245339737,0.010814627550020665,0.04220693344913496,0.05476147533930164,0.04922405680943049,0.024152827346093374,0.03901457200008976,0.017326387413430767,0.012337714559254847,0.0594311791094664,0.057277496368812165,0.025699133607728124,0.03835618860442281,0.027580802998678,0.1809768208063247,0.12189138468258914
2005-09,0.054676146942999125,0.06499167151203436,0.08312460423213028,0.037927888352731164,0.010720678408672081,0.03744427896326533,0.05404744331318655,0.045698091472877025,0.0238706089270453,0.03744388294353523,0.017281422736696025,0.011911516044644136,0.056092939842115795,0.05770794566319854,0.02329680815293515,0.036924408953326084,0.027270779878091064,0.19455866078134926,0.12501022287916744
2005-10,0.05358982714727492,0.07023489591814981,0.08772708824081032,0.036188128593261426,0.01101090104669427,0.036314184105326865,0.05312783239171782,0.0446470086939516,0.024973637601804915,0.03565554314800573,0.018023703364720794,0.012076956636161429,0.05580260773961157,0.0613644659381372,0.023352109091430703,0.03718749255954832,0.027637359925393696,0.182229215347593,0.1288570425104055
2005-11,0.055082403874609005,0.06723783871351163,0.07667299977825659,0.03641120979034833,0.010857853069345995,0.039433870185833934,0.05286429547718427,0.04432441256441617,0.02480669218451711,0.03574911208592952,0.01786956115710398,0.011589849755138864,0.058059677305365244,0.0559841999337591,0.02513046695502562,0.04043001811951277,0.028264882094160247,0.1789088203637484,0.1403218365922333
2005-12,0.04048900892955868,0.023965219812868904,0.104814550496037,0.011907320414675633,0.010733341858610542,0.024025020273089427,0.053038676938579346,0.018183666459917314,0.02546816898164481,0.02828669463080835,0.04855989254353642,0.01315802271468586,0.02129862002733972,0.07162436941465229,0.013838309422318331,0.030971102580334694,0.034360937558563814,0.14401850072502298,0.2812585762177559
2006-01,0.03841195611626906,0.02450188127549914,0.10321432337888528,0.011729921282534861,0.010714521530968905,0.02360532669042812,0.053743043454936835,0.017497724930281986,0.025575768573192676,0.02739471852211166,0.04637755739308847,0.01276035958844763,0.0212899831206484,0.07057719728537747,0.013470966783056215,0.030114273779853373,0.032707402909779526,0.14339065668096987,0.2929224167036705
2006-02,0.03690755925831406,0.02713220029895151,0.10259554179074495,0.011742789823582305,0.011303384105247144,0.02369698170592333,0.05257447609575788,0.01813373082444562,0.027657851646630018,0.027826340416901765,0.04648130533151467,0.013300882704763897,0.021555270570296634,0.07053313626496922,0.013585090146519018,0.029523838966818337,0.032443146998518586,0.13698192993940747,0.2960245431106937
2006-03,0.03746687108184667,0.024793215925981132,0.09726159056305214,0.01157037013488459,0.011287893444992442,0.023471762776418097,0.05360694054303149,0.017689473783210275,0.026796535760226003,0.028744702186455456,0.04726823544168324,0.01267474181617233,0.022103394724071183,0.0705024769834152,0.013339418655270474,0.029961694014429538,0.03223622895175478,0.1352075814476092,0.30401687176549574
2006-04,0.09285333654404543,0.017923499283300386,0.051510174003444834,0.030838085305510785,0.04436139636903046,0.04334244697320591,0.07872066771026653,0.034689605286951954,0.02065880380774457,0.03621145272910917,0.025922186399824406,0.039024965786062356,0.03684914285057309,0.08445327637826937,0.05708263131567149,0.06739439566841057,0.040750585104754884,0.15653919363739585,0.04087415484642795
2006-05,0.037883161701694014,0.026521304222711966,0.10098539335348439,0.011681692475403975,0.01184380922976668,0.023624544701224295,0.05239143415116083,0.017745139455910254,0.029830273112284523,0.02976502868079856,0.04811953940147053,0.012799720936288835,0.023004878180989875,0.06535574676672085,0.013649457133603955,0.02996967597293146,0.03293963798447793,0.12612602829355715,0.3057635342455199
2006-06,0.03864103838734064,0.02412217635551212,0.09273061275796195,0.011241638592735137,0.011264899245433758,0.022625736719400394,0.0496564982014202,0.016256208456990582,0.02793195609641615,0.02742632482980071,0.04343657297862447,0.012994797163258619,0.02216252202170648,0.06569050427275343,0.013366128923284244,0.027992206681234613,0.031057009926118342,0.12415982912089538,0.33724333926911265
2006-07,0.040437760170367584,0.02515529148289933,0.10323542971979363,0.011719822900620215,0.011443539023761802,0.02350801685601837,0.05371275387884677,0.01620476396597007,0.03061017217371786,0.02806644787272479,0.045219265294546875,0.01374128062153913,0.02398001070085797,0.07277213415196825,0.014152046300089635,0.029356173906541917,0.03259618246757966,0.12984798756256233,0.29424092094959375
2006-08,0.040940869572939055,0.023698139427105375,0.10115416430531488,0.011715092094853432,0.011509879864252172,0.022172453791601567,0.05525465944820908,0.015319678400673397,0.02872641744824139,0.02709550837692505,0.04112543722701296,0.013858577069482856,0.02198058629512663,0.07659526828292472,0.013792395389250476,0.0294073728017248,0.031499591314013094,0.1348528079928582,0.29930110089749085
2006-09,0.10834121781966054,0.0478844281413245,0.0450980108495095,0.06278582350770176,0.02599158269810408,0.032124953872976696,0.05599429082448244,0.045026014825094975,0.011445752356641577,0.032515412980536514,0.019335454278408295,0.07122560501478667,0.03315655006699227,0.084663112682912,0.07117456903224498,0.05384595538080038,0.039268742121360244,0.11919374856031596,0.04092877498614666
2006-10,0.1054092453891336,0.0423681824936386,0.0425257711540578,0.06672817309114,0.027593140726269807,0.032789872330887565,0.05554358856787198,0.04451770759121414,0.011710084201568435,0.0338252142868814,0.01989218962789401,0.0730294232669226,0.03434092189538781,0.07949252932002637,0.07422708879894079,0.05525781951693864,0.04027942349747943,0.12166901966420701,0.038800604579539905
2006-11,0.1017207747684676,0.04407167703861846,0.0430647565546129,0.06857140654068195,0.028706426615798055,0.03368478869545869,0.05457855000089074,0.044764262542239024,0.012408840061858087,0.03448393719235203,0.019720308280784585,0.07332463098410825,0.03462098734568216,0.08177167483558528,0.07397740522778619,0.05438822936340626,0.04080030641175425,0.11845803587852766,0.036883001661387804
2006-12,0.10188555320577207,0.04545222577117671,0.045138567304636515,0.07096549623774755,0.028004646623586395,0.03360762078805408,0.05317936212877496,0.04577396527172435,0.012483565587359639,0.034427798268165465,0.019460644329038157,0.0736618915813006,0.03466916553017861,0.08323915632940458,0.07104171960329737,0.05376160963281931,0.040321158028500316,0.11619266413209449,0.036733189646368895
2007-01,0.10465081176092848,0.042567889040397544,0.04414663082531232,0.07015246766967166,0.028103916225576505,0.03423708864442544,0.053589528069679204,0.04637433069404961,0.012392866602252639,0.034535176095528426,0.01943132199432635,0.0731443788678566,0.03421268361624492,0.08385665264597023,0.07153424943334545,0.0563996586759522,0.04135734185252351,0.11151532644077881,0.03779768084518019
2007-02,0.10382366969173447,0.04373472014827104,0.04246135088165246,0.07108889034354468,0.02816884048196255,0.034898151286063404,0.05448455342262069,0.04707501380438834,0.01326810129727108,0.034999732275036555,0.019357350765763982,0.07486591346225474,0.035094878634607744,0.0824256338069337,0.07260112474337842,0.05533477987476128,0.041633840389111554,0.1074697379532021,0.03721371673744115
2007-03,0.10070791638096496,0.04589542720830145,0.04070099104938829,0.07331401811539269,0.028009963530013053,0.03545495456617441,0.051795139199705,0.046086433500580753,0.01306653617692923,0.03428532116001999,0.018789571479567946,0.07555902145119502,0.034314186945934924,0.0875448460009839,0.07276991742061571,0.05304176086779793,0.03981602729549108,0.11067856234972268,0.03816940530122104
2007-04,0.10326049553905658,0.046516420388500644,0.04305135520053227,0.07251207594562768,0.02764492237938981,0.03585659244049093,0.05157312813988803,0.042708848143399196,0.013692570744870527,0.03482306799822814,0.01869271485652474,0.07430763026746999,0.03380770170571596,0.09226456565022047,0.07287856728962933,0.05192734392026297,0.03980864575403281,0.10774622046726448,0.03692713316889552
2007-05,0.09629945574634163,0.018321752940735694,0.05276384495532624,0.030424054658948478,0.043407182359948907,0.044440553905508016,0.07950142056605165,0.032837891381111185,0.021431702913218952,0.03538227925820453,0.025379166354277425,0.03885856929916131,0.03688920109102951,0.08865039157807406,0.056975567946661296,0.07004279661086328,0.04005850082075859,0.14807170543989265,0.04026396217388673
2007-06,0.041590747561989265,0.022848377604952806,0.10001673842215064,0.01191324330187889,0.011672380873075518,0.022811562929055274,0.05652005646156067,0.014823447118845631,0.028514814270578587,0.027523412309131995,0.04369523789865773,0.013827101622171364,0.02140963762841901,0.07912655823435184,0.013715608014567705,0.029166110283976848,0.032316826437554284,0.13449957406982518,0.29400856495725675
2007-07,0.0421903573965177,0.02302489859018498,0.10270474304862491,0.012172175032806742,0.011517265839016669,0.024087330767104963,0.05473414463801006,0.014530134220199829,0.028308882700773603,0.028211277312868092,0.0458689245880706,0.014860455002404406,0.021383901714550364,0.07351503362020427,0.013693037299546417,0.028399417001055038,0.032640843332667736,0.13477720301643575,0.29337997487895784
2007-08,0.04077217737742348,0.023861506274772827,0.10105473564448367,0.012062974078737796,0.011051672787163206,0.024251578937072686,0.05178175720009646,0.01400629918190033,0.027365129409919763,0.028392425236605578,0.046211637858012536,0.014279230667416062,0.022184660062239566,0.06892101906573828,0.013383374306011438,0.026035662656339543,0.03196175175799036,0.14650941810966406,0.29591298938841226
2007-09,0.053584138109065746,0.06961447436082648,0.07608982807852112,0.03764154587653424,0.011353975107298794,0.040587733734290414,0.05067039638176422,0.043371196053823224,0.028186805038309466,0.03756395115743981,0.018465286641211807,0.011260980569974042,0.06092835104174251,0.0542070384621397,0.02483863498274801,0.04016321276069797,0.028800886956695054,0.17245669059773241,0.14021487408918504
2007-10,0.05535463768080829,0.07310427742870683,0.07851852899990205,0.03670230857362278,0.011186669031777209,0.04160711578330449,0.05055181246926604,0.03807049817426882,0.029108196561901778,0.0369862800032007,0.01878906730323628,0.011716742754571933,0.06019721460618456,0.05471465235354095,0.024431094708022186,0.03933959817845948,0.029468810673806186,0.1672526251356474,0.1428998695797721
2007-11,0.054969590861174124,0.07706922152448704,0.07727236266481836,0.035074221819033906,0.011100724321720018,0.041966272824445275,0.04999958968903473,0.03691593891541484,0.028870950278766405,0.03662010201557737,0.018846578111810765,0.011866041827622265,0.058131965743635855,0.057671712253725596,0.02413736661291925,0.03719441058924112,0.02985119087904342,0.16725053857020222,0.14519122049732758
2007-12,0.055703820525325826,0.06898436735168663,0.07155359851212487,0.031791864570313515,0.010471889435186031,0.039442719318484254,0.05176338211432048,0.03277020271738001,0.027127091918864168,0.03470129116421664,0.018016790678945536,0.010795658708210538,0.05476620277333221,0.05704251672912591,0.023800460676892985,0.03410452641122091,0.027713620484179236,0.19299014823806482,0.15645984767212542
2008-01,0.055065472408810295,0.07018221177141518,0.07806673237735284,0.029403371902861828,0.010385069051324037,0.04197283756194476,0.049182900701933596,0.03210592228545488,0.02798119405200517,0.033222354601901344,0.01864893923260716,0.011077089833338565,0.05303317962957941,0.058048620814089166,0.023392534625987955,0.0324722990683598,0.028039566003325668,0.19302726884453691,0.1546924352331714
2008-02,0.04905535650562838,0.06598852631954367,0.06792909649040255,0.02985424895368889,0.010116550625425338,0.038962021233733025,0.045786988229591666,0.03408015556605435,0.025570313700292755,0.03039313611942176,0.01648576349049944,0.010729949081952265,0.051925448664422245,0.05189480910961825,0.023461384021029142,0.03235415611251461,0.025748464143266734,0.21506954593612818,0.1745940856967867
2008-03,0.049471575498705365,0.06859667772450335,0.07119680358120334,0.028538734314542957,0.010114436298068397,0.040783505494251304,0.045058964140851566,0.030607490720476246,0.027461117036900004,0.029821476991407664,0.016919478524670524,0.010724751743460265,0.04813055334078812,0.04931267875929915,0.022727109936072593,0.02810062656265197,0.024953828443614826,0.22316921425433603,0.17431097663419645
2008-04,0.05073415780093692,0.06365028677434026,0.0682921372030349,0.029101867853048097,0.0099935702114236,0.03963423157428023,0.044169766056429645,0.0308071044378834,0.02727724564666132,0.030694341847126622,0.016811558672122726,0.010318134804867821,0.04736535930160488,0.049369631550237825,0.023151494909775628,0.02656847067671001,0.024767105348846862,0.22574935051350467,0.18154418481716464
2008-05,0.05009562797882663,0.0690133650543368,0.07424944396321452,0.02959815429509188,0.009808043443578107,0.043095527100214415,0.042243785644292,0.031790978846522835,0.028329679458193254,0.0327748019602814,0.01754489578507373,0.011376559350188931,0.05040848714165909,0.052544112004508974,0.024217788563951792,0.027755805432050355,0.025170668163354556,0.21067963688767719,0.16930263892698358
2008-06,0.05101967190716499,0.07354664494565596,0.07605660798473976,0.030322192569638615,0.010168204399617924,0.04417975978614808,0.043376576842221945,0.031736020761575195,0.030295919914899196,0.03449531022011392,0.01855059967817833,0.011504787023834352,0.05095056691251202,0.054630034477481805,0.02442848139776914,0.026394007429621807,0.02599511146789962,0.1991953735368993,0.16315412874402818
2008-07,0.04780291563442188,0.07831538236323132,0.07884700769461844,0.027607634470549237,0.010290771047009472,0.0434289873438436,0.04284608937645712,0.028648737939226905,0.030037161292011123,0.031313859609040595,0.018558249430640116,0.010834309165625902,0.04322927908603363,0.056690658133618385,0.02412129640423285,0.022440031733142712,0.02472270387014793,0.21660599709253334,0.16365892831361553
2008-08,0.05120329094947681,0.0694299090999706,0.06702335103436688,0.026446252593562047,0.010603187378843906,0.043923715430486926,0.04618667684908493,0.029376047755091582,0.0274057335468064,0.029957733904449408,0.017872159923749135,0.009915910798857376,0.046734754622712225,0.05194987276714698,0.024040859075352965,0.023943617302870736,0.024629458059279807,0.2177541452968009,0.18160332361109038
2008-09,0.052393898485592484,0.06758700203669307,0.06851946196410719,0.028808907180489285,0.01062679739426798,0.042605057024587646,0.048170244136058374,0.03213600582032178,0.025832297651490168,0.030823570315621152,0.01794286786969027,0.009558133448355821,0.049302480917628226,0.051764079232601526,0.025014905862735512,0.02381076058291065,0.024921357281984236,0.2255760251388444,0.16460614765602033
2008-10,0.05840858204425355,0.05015768656001189,0.06498902630224446,0.03170783282101684,0.010596194655596684,0.03452261204043975,0.049891653580257184,0.03254163045143836,0.0198931867676371,0.027276569391245706,0.01627357669526321,0.009079087961256435,0.046686471937940316,0.04583355758592204,0.02580238493415903,0.0246660142431632,0.02399053402313346,0.24620570041796963,0.18147769758705107
2008-11,0.10898748661358976,0.04634706262549313,0.043802370361764084,0.0708379159720753,0.02675422690169769,0.03478565887635545,0.05364594501750137,0.041406693021942026,0.012554734053374216,0.0339721158191882,0.018652788990292324,0.07075490536059043,0.03414913023405102,0.09125036417513775,0.07439446752426335,0.04766789681798764,0.03913811184111586,0.11224258562365994,0.03865554016992061
2008-12,0.10921390555079998,0.04442731292169349,0.04776132811522507,0.05649836820448098,0.023417925645707785,0.02688961884052553,0.05309094631990518,0.04209439242328447,0.011600427164308967,0.03437919420888359,0.01751491541431919,0.06682826240581242,0.030450572071124293,0.09992138698297008,0.06957324246212881,0.03778003966829292,0.03575528380268993,0.1564261986797481,0.036376679118099255
2009-01,0.10729035333844435,0.04618362138951572,0.04465665074735975,0.05781675635154086,0.022577736953276528,0.024762615607791753,0.053961295197065086,0.04205932729483591,0.01221615344593639,0.03588708206084544,0.01667752200683768,0.06700584951277418,0.03006723722742211,0.09440603378358788,0.07188422259709519,0.036924346432778074,0.03523277057810196,0.16445551873549183,0.0359349067392995
2009-02,0.11575008264742659,0.04884714653963419,0.048216400580361946,0.0524621188651099,0.019056683682714265,0.025893870641648747,0.05591324361253447,0.03907676500073545,0.011159003626866126,0.03390345850732299,0.01802121215417493,0.06448780397711852,0.028926173263370207,0.10750931566749541,0.07105293436285684,0.026980798474028077,0.03612011518061742,0.15113261308765696,0.045490260128326965
2009-03,0.1112423493279321,0.05538958621103211,0.04323448339432432,0.05059237983845176,0.016000036257391975,0.025920726349908947,0.05133207338224599,0.03766441105704551,0.01014629402519785,0.03350347101797743,0.018550928863730855,0.06998986530087906,0.02514734842839957,0.08495983531920584,0.07948467377934006,0.023380220593034604,0.03528212704174254,0.16463162401601592,0.06354756579614348
2009-04,0.11054426730481026,0.055633872489252195,0.04217085996356179,0.05282643318365752,0.016630674687654536,0.027825401777916238,0.051579361760359786,0.0393291872202923,0.01048382301138321,0.033223839248791194,0.01919012293161838,0.07116119908594837,0.02531637907897623,0.08269423070900259,0.08084288901514827,0.024939088689870832,0.036035859380394386,0.16074655437946764,0.058825956081894344
2009-05,0.11109020739433739,0.05658905125930769,0.041582522200372035,0.05714302897911452,0.018929303377610944,0.029953210121299447,0.04911491356061124,0.042329848675159175,0.011437991281278072,0.03598470125284191,0.020131087144995972,0.07451456523232976,0.027113035518388204,0.08084007261376644,0.08464401550113079,0.02677269712128429,0.037861629479255546,0.14172720539314765,0.05224091389376899
2009-06,0.11813755807922077,0.0630601074320799,0.04442613138312946,0.05705906782268469,0.01844524917978342,0.03142139251882655,0.052094050508002115,0.03844842997930553,0.01180126002758673,0.03440444913175031,0.01971857417525486,0.06817413781050877,0.02763415139458299,0.0839141350541749,0.08243092253837647,0.028531470093389577,0.038031614982192055,0.1299443754816446,0.052322922407506314
2009-07,0.12080764684848291,0.056870993526900816,0.04131583706302383,0.054734266497856204,0.01857698403348755,0.02813659678932082,0.05370486178525817,0.03842284497635807,0.011997812165498965,0.03549323191113391,0.020201390410854274,0.07234469036928907,0.026996040317692517,0.09100933300613474,0.08184612829850606,0.027672940410765845,0.03920623507384946,0.1278757810942333,0.052786385421353464
2009-08,0.11894062622724658,0.0570882828604425,0.04105474975716008,0.05602589147819676,0.020447860300669477,0.03041982262644602,0.05412230955513194,0.04001119780492273,0.012020343383078879,0.03544817027929168,0.02116984968156111,0.07396051821440579,0.027430438956933884,0.08985150525952933,0.08004756295826594,0.028507476931052055,0.03971332644151403,0.12295047694158019,0.050789590342571106
2009-09,0.10126412139005012,0.018591036661120115,0.054322191581539295,0.03010504878300753,0.04078690648921623,0.045013070785303866,0.0807457030655744,0.032990544248835976,0.021181469934458352,0.035528395020584524,0.02568002955813277,0.037454574561855386,0.03709988856014224,0.08551445323291998,0.0580301134576476,0.06437653674636996,0.039664861797026385,0.1506065259084068,0.0410445282178086
2009-10,0.10314914059908567,0.019091275328494303,0.05456019559309547,0.031559045911768974,0.041821174664353734,0.04644032333202424,0.08131457110856202,0.03132351813917827,0.021217618142683605,0.0362848635367876,0.025857487698148728,0.035982176519201645,0.03730124709421204,0.08496633950837165,0.0577047617052719,0.06359532697348723,0.0402888807360687,0.14696358091804249,0.040578472491161616
2009-11,0.04133420855959114,0.022666116151409423,0.09326425104534818,0.01156242884322424,0.01056953661230106,0.023761024474952628,0.051763544812620306,0.013468523844272459,0.02440980298464068,0.027158051060245172,0.044809621844956106,0.013424021615373519,0.020720342896882064,0.06543387019769767,0.013528823209632291,0.02352880279365599,0.030287687607133025,0.15978498360086776,0.3085243578451962
2009-12,0.04133213487886376,0.0234953729077542,0.09169077113080373,0.011216770625125317,0.0105540961113605,0.02467938348767278,0.052939642182658,0.013419259473956002,0.024505549030777694,0.02636800229500998,0.04448999095635793,0.014085468664349886,0.021569334970900057,0.06575412529730473,0.013448618041561035,0.02352148337730416,0.03066355805529515,0.1567944179646078,0.3094720205483372
2010-01,0.04170332266246587,0.02298116060830785,0.09098405168104115,0.011544475890259434,0.01090140331701355,0.025102321804696272,0.05322175217722114,0.014034299018206036,0.02735820090302103,0.027561156193335008,0.04695743934734049,0.014663083439823504,0.02215797625218099,0.07092832922705912,0.013282368262872456,0.02338922104854776,0.03194990194363179,0.13925531990775622,0.3120242163152204
2010-02,0.04145825589623848,0.020704831487337705,0.08833503231476336,0.011234371816018027,0.010525192354445923,0.024378380028152832,0.054428078368323175,0.013788767805374526,0.02484396656525604,0.02724015609199373,0.04442179774474627,0.014967408210773029,0.022077551677927243,0.06677382116451833,0.013233826382977423,0.023695189623534726,0.030976795382262962,0.1510358098613796,0.3158807672239767
2010-03,0.041369047518606525,0.021770659709835296,0.09159053247640338,0.011266609172212878,0.010957656913963597,0.025042740187998385,0.054506498736492145,0.013862559664959312,0.025078820612310856,0.028628431912344206,0.0470616929142905,0.015096059446794798,0.022579204942089644,0.06492153451484742,0.012897533418089762,0.02356820019755469,0.031002631228534958,0.1472117400252575,0.31158784640741416
2010-04,0.04222709928262763,0.02194027158829904,0.09299359499212037,0.011776212427549355,0.010940052804096366,0.0258772248884744,0.054802184266275505,0.013823279656377757,0.02632257221432366,0.029042797772305905,0.04898261418536166,0.01555919798601828,0.023590412417902648,0.06527663071543582,0.01299944981473744,0.024627093117688004,0.031923732880381875,0.13711869703519794,0.31017688195482646
2010-05,0.040089658966726005,0.02091571285504004,0.09587023171102879,0.011710784410350325,0.01120574984975844,0.025621932876034814,0.05181886370550764,0.01473182147419039,0.024834745664713397,0.0291756730824459,0.05007246531134487,0.015846797919691874,0.023407653392140203,0.06586708244160269,0.012484118531651045,0.023979173209481567,0.03132244381088029,0.13572299056493678,0.3153221002224751
2010-06,0.03781571282505615,0.01963767091926295,0.08264437666446751,0.01115287359022105,0.01066026324081292,0.022592401187927994,0.04744939178621639,0.013649048695725342,0.02346697665178589,0.025974167064898288,0.04588146380760743,0.014800754034012235,0.02161842823743852,0.058635834719207636,0.011834209146302784,0.021385679608252647,0.028158364699154517,0.15606041183671873,0.346581971284931
2010-07,0.03742397929783738,0.019077468911398807,0.07389754426166327,0.010690736526532749,0.010263007626528297,0.021004344452752573,0.04803554905349322,0.012224444461198174,0.02100938829339661,0.024505470480892803,0.0425003093345394,0.014197748470597488,0.02037961695368992,0.05903730647833316,0.011301190832633977,0.02008385436414803,0.02702126501083788,0.17821878866060195,0.34912798652892435
2010-08,0.1063813892811905,0.01925722085914525,0.05647439541421916,0.03130074912327435,0.0418153124402393,0.045414329150790224,0.08325471828719752,0.029410888344215534,0.01896496879162117,0.03592825976415291,0.025517572018855104,0.037245635476247554,0.035998111941663954,0.0833028715895475,0.06018542394222759,0.061004797626454735,0.0392366560141868,0.14837858775381443,0.04092811218095636
2010-09,0.11752236914094284,0.05742964652430539,0.039293995183363684,0.05689078535221645,0.021448567531394864,0.030193350115049176,0.05354046786636142,0.039749856400733884,0.01161625490563647,0.03595151683478178,0.02074897367929987,0.07299614575136358,0.02836530864833009,0.08787822737890615,0.08178095674779443,0.02977440701863279,0.039509166993995946,0.12441290296971799,0.05089710095717332
2010-10,0.11436932799892198,0.057751822751875535,0.039863493612155375,0.05883642379791558,0.022214659497347425,0.030888378119521616,0.0539116495945265,0.040441053249411454,0.011988547116771128,0.037094761802400955,0.021569309554394667,0.0737705719875412,0.029096543329405908,0.08633571299034677,0.08356107376357663,0.02995679235189038,0.04078880946484445,0.11754177916978863,0.05001928984736361
2010-11,0.11579876341620428,0.05900298361499116,0.04027207349231552,0.05831525769518667,0.021767232616555474,0.03232406679810986,0.05373036662874785,0.03843119925619874,0.01202890605534853,0.03880691876612234,0.021720011398393486,0.07645166534062305,0.029596844946657874,0.08531204191370971,0.08230382119341698,0.029378710775827346,0.041290681542190344,0.11197899837329536,0.05148945617610548
2010-12,0.10773296079614078,0.019467832131833278,0.055460374341294076,0.02949766908173342,0.040856164534870044,0.046582337078771546,0.08435915157750254,0.028203578388924358,0.017598035960297978,0.03582975497808785,0.023423410594568997,0.03484166426440434,0.03363121870445271,0.08490038901040961,0.059468753302978565,0.05504679525530546,0.037616764474064965,0.16519077756080308,0.040292367963556494
2011-01,0.10835544366545782,0.020829162658812364,0.05779491934932291,0.028911721049898552,0.042000605486517024,0.047947750059716056,0.08469979656641664,0.0304465549014708,0.018819060834891883,0.03662333483773701,0.02392160242144798,0.035765288105477605,0.03383129283717677,0.08507882804432174,0.05815353760469247,0.057994303102531244,0.03910168407484977,0.14875771119600462,0.04096740320325674
2011-02,0.03869800678630107,0.01975387745977745,0.07942289075419649,0.010906320270439102,0.010186392757926913,0.02353638996627443,0.04813008014314855,0.012273807431327341,0.02168932179525984,0.02672885151969115,0.0445576413813017,0.015806175070988564,0.021457269670852656,0.06228214760952731,0.011243547950819513,0.0205883455961938,0.028347539929193113,0.17059391501948468,0.33379747888729644
2011-03,0.03900140309822209,0.01950372216414234,0.08345227058815073,0.011603164245735112,0.010515365693149337,0.024234122376940455,0.04915707341489658,0.012355901617996708,0.021880883527183145,0.026921882588537952,0.04457540929835419,0.015077205901120298,0.021412388625315238,0.0630628162564793,0.011266348478247982,0.020809996290555955,0.02914318659039094,0.16801094975946215,0.3280159094851194
2011-04,0.0394352904311931,0.01959313762518423,0.08306343592584518,0.011048444762143688,0.010972397538482188,0.02417603934539435,0.0493699766703842,0.012362206164147686,0.02160646692580722,0.027337445254106196,0.04320717135992578,0.015172651710136017,0.021667599774152748,0.06272260354391528,0.011201662001637488,0.020060174632901003,0.02874118150252509,0.16433111539945183,0.3339309994326668
2011-05,0.03995489140865995,0.018715701919650683,0.0816996210642706,0.011404143511081537,0.011202510088663619,0.024489464705470688,0.05123442557626365,0.01189014041220909,0.020925144259961486,0.02687474779648663,0.04269951100868598,0.014934711427243908,0.021513370195291967,0.06395641852240462,0.011367928805717778,0.019497217119607002,0.028702957328127523,0.163370581058769,0.3355665137914343
2011-06,0.0538434544518859,0.03935245635089032,0.0579849639763371,0.02841373318495321,0.009739896668549236,0.030062803063026337,0.05056045552147899,0.029784198141269314,0.01677275571221472,0.023613610626028233,0.01608308690170697,0.00849521642356945,0.04561293410034616,0.04466588608907496,0.02561594266844739,0.021504653525017514,0.022441577344539075,0.26868355957183304,0.20676881567883204
2011-07,0.05458691927468681,0.038769110799454595,0.057144088054916865,0.02961152010492625,0.009942697699386483,0.030277572294221552,0.0492833807749996,0.029385406778327995,0.016707368195332167,0.023651774888872733,0.015873107069513975,0.008518830483853733,0.046144367868369826,0.04494732150949473,0.025609958665611245,0.02120869951279193,0.022295279381619647,0.2650583999653696,0.2109841966782501
2011-08,0.05227056201606765,0.03802331674884836,0.05621189313640996,0.029894722750027518,0.009719839739265296,0.029555443799923756,0.04744005058023995,0.02751259838931965,0.016067991523250304,0.02228172200312309,0.01580450242292752,0.00823546466436421,0.0423041020912474,0.04444813109133678,0.025874297160408934,0.020502094652198096,0.021801669972881348,0.2835305088524566,0.20852108840570355
2011-09,0.05022004538987129,0.034650390758481565,0.04856943072045041,0.02772291407240043,0.00950996322528444,0.026557576726229493,0.046464264011563894,0.025183169838812674,0.014652215329371334,0.0208324437979953,0.01502414043021903,0.008045965666112024,0.03778884510635367,0.043699571479116774,0.0250381991861383,0.018698294566030314,0.020504860156238307,0.3105589052218424,0.2162788043174885
2011-10,0.048213150359495124,0.02824453790371561,0.042942767669976484,0.027008913163359592,0.009026475691471888,0.022755098698943724,0.04561235532286928,0.02356087475890371,0.013118052456105107,0.018914806987937287,0.014834297927699925,0.007896195019768265,0.035437901567798046,0.043979569322915274,0.025145188323482625,0.017378566647879852,0.020027591326872103,0.34085832444158753,0.21504533240921858
2011-11,0.04886794238340337,0.0301926163152484,0.04598813605453917,0.028520930537128345,0.008859152940775848,0.02417202777931364,0.04576311257067658,0.024746911014538072,0.013119009280577633,0.019945568382347408,0.014706990351722215,0.007785611470326473,0.03789378270900287,0.044509802282294265,0.02518973320581795,0.017540220683050858,0.019959428059953804,0.32805825934787597,0.21418076463140706
2011-12,0.040130687837357085,0.017145671632320905,0.073746547448569,0.011374996816195205,0.010954913238798988,0.022578390128898333,0.05205447536431536,0.01126986087739731,0.019048997077118178,0.025924259836896446,0.039941740466474134,0.013946463394143889,0.020712398785615545,0.06437643435791496,0.011440293056602126,0.018039554359674286,0.027401035789889266,0.17618840916528586,0.3437248703665332
2012-01,0.10456033650900355,0.01916280169116118,0.060970004525305745,0.027999213973866264,0.04031423294934373,0.04755388667922337,0.08325534235891223,0.03125791035564543,0.018682567383164195,0.03703834086229621,0.024644669626090382,0.034083738829886585,0.03447093169216405,0.08918416274471114,0.05704007549349297,0.057381431394493414,0.03975933442237007,0.15161700865831026,0.0410240098505591
2012-02,0.10269619955253692,0.01985582274819073,0.059562279902454135,0.029074700631651563,0.042531766443186174,0.05049980597059448,0.07989379005748294,0.032129084727110395,0.019489601792335286,0.037786233930269246,0.02584997271728801,0.036031354039469124,0.03505987882641852,0.08337524147206242,0.0570580226907445,0.059494492904520316,0.040630828081284584,0.14740892387249888,0.04157199963990181
2012-03,0.10042246334131905,0.018833116624515683,0.06147487234495496,0.02997356183953245,0.0454193279444896,0.05005701588198341,0.0805812406385641,0.03295508753322007,0.018695367040750775,0.038861291373348206,0.026662171190323963,0.03658227321759258,0.03478574263885472,0.08251492590803891,0.05704077917011117,0.061469492140552646,0.0414803951539633,0.14078065786247443,0.04141021815540988
2012-04,0.10020283016519921,0.01812706467996279,0.058141040928116214,0.03046848785771331,0.046628741518104325,0.04995798461763757,0.08125956622722248,0.0344764161726439,0.019113115589104435,0.03861851450297818,0.02759819840165968,0.03646029259061049,0.03471073075353583,0.08266043472685816,0.058252179758911636,0.06357253084038257,0.042647264166399905,0.13554349771433966,0.04156110878861964
2012-05,0.10065858214078426,0.017995918088336,0.05682102445815873,0.030325497867615476,0.04411939199063713,0.04983214461238862,0.08091459872188392,0.03507657031993342,0.018398214138443347,0.03822612779713427,0.02677760147829314,0.034902763969269814,0.03480313595214223,0.08425074116020004,0.0585528156175561,0.06133930670342267,0.04219448032780032,0.1436825741322881,0.041128510523712566
2012-06,0.10280675065093854,0.016429647196259476,0.05154035569899309,0.0298896942362743,0.03954561728366857,0.04585886809150584,0.08127186006812338,0.03404209501133388,0.01675581623525654,0.03742928631289645,0.025570470788142122,0.033619695582470764,0.03439616617880166,0.08700863563100546,0.060333686529573285,0.056191624991835394,0.0409383458503855,0.16670148910549396,0.03966989455704174
2012-07,0.11479744718676495,0.05663716584942671,0.04137790355747187,0.06110974385284778,0.02257641543128541,0.03165561021615478,0.05064705043339706,0.03922308762296562,0.011836929742819283,0.03944029201858675,0.021856118306683756,0.07625684960963,0.029372388272341295,0.08400105479046696,0.08644932460333317,0.028471689165617643,0.04026139152666143,0.11045977761718329,0.05356976019636227
2012-08,0.1144777258836695,0.0535146271135557,0.04240256747924979,0.0614697415533864,0.022852079543529608,0.03078757325328376,0.0521399638983522,0.03739281069194751,0.011556447848086054,0.03976233292333008,0.021877069006404105,0.07491212975812103,0.028717983919912312,0.08772590083068217,0.08702359881555054,0.02773944149744833,0.03981932795390984,0.11310718833730429,0.05272148969227668
2012-09,0.11149321205429898,0.05478544517726293,0.042928993438032255,0.06483121431265043,0.024001684323658297,0.031254314789342603,0.050945332857679944,0.039889165351269934,0.011342531804487044,0.039676506953777765,0.022647592454542956,0.07550810656804983,0.028450898692733848,0.0807870384154707,0.08778966105878602,0.028624732389361023,0.040448493318500214,0.1107094819978798,0.05388559404221558
2012-10,0.1037355072679589,0.017106635367814683,0.05336452173118223,0.02694341534050584,0.03872212126672798,0.04604319445634172,0.08323394633577243,0.03543080611550503,0.01714692492675068,0.03698875611705281,0.025517823681054253,0.03127213355300271,0.03471357503896229,0.08846486529729307,0.06007801402499611,0.05725669972040036,0.04252222894501743,0.16176001225446124,0.03969881855920031
2012-11,0.1019561406312181,0.01759076038881958,0.05240643774303294,0.0268700279633951,0.03989745417027495,0.04500112843586089,0.08327040962000136,0.03679297870849229,0.01708484178009617,0.03688349150430524,0.024207206717963493,0.033295050893245144,0.0357129110518659,0.09044652629300164,0.05883577689129706,0.058909602792048536,0.0408478004818138,0.16018043368518817,0.039811020248079615
2012-12,0.10426115326028412,0.017071904248915172,0.05118058827040545,0.02765710577328531,0.040244839277495795,0.045569424096279634,0.08285324939727699,0.03810718102177891,0.017365867255789383,0.03757137468940429,0.024425675674877727,0.03397982247483219,0.035914360360237735,0.08430787517227314,0.05841454885449053,0.05741657761897699,0.041105608502943695,0.162692651137935,0.03986019291251801
2013-01,0.10171172101066045,0.017187726788397546,0.05174797584088261,0.027711310333800414,0.0404029612825071,0.04743760377520068,0.08065408818996873,0.038312074543270486,0.018305635662038727,0.03818059134537279,0.024534963774546698,0.03566969722240226,0.03691516036386691,0.08425569706403377,0.05725236977551486,0.059806618937089655,0.04183253072143001,0.1579394516141187,0.04014182175489752
2013-02,0.10061825606714718,0.017228635283210218,0.05303637046373995,0.02782798865099272,0.0417116714743658,0.047354533534601256,0.0818329341924766,0.03931000065946609,0.018656237258349872,0.038722625184555486,0.02434199727359119,0.03534312579144162,0.03747788715672774,0.08548779479895989,0.05700157205862134,0.0598073699935829,0.04298545372184478,0.1507023494494653,0.04055319698685995
2013-03,0.10135614161360555,0.016496534073533294,0.05257905013942637,0.028097917673077108,0.041941877502095035,0.04601999798028104,0.08125404915088046,0.03856569435116007,0.01831285023545309,0.03925772162674931,0.02425055128877448,0.034791141948347044,0.038194676392270505,0.08619413942008736,0.055962497378674876,0.05885916324768,0.043158702385727124,0.15436972492942444,0.04033756866275289
2013-04,0.10163391034354678,0.016551041237694856,0.051906821156602334,0.028260663539467518,0.04251684109194403,0.04478419418192872,0.08083090403757184,0.03825369533976198,0.01836657512537735,0.039353472326433735,0.02422548264387209,0.03479871883071356,0.03872704643865537,0.08802225248203893,0.05619583402009431,0.05843403434792245,0.043518349047680024,0.15310151702034186,0.040518646788352354
2013-05,0.09972725983694591,0.015790737439708314,0.05038137522938628,0.029948362921676887,0.04178649524296259,0.04486983402994196,0.0802289463317149,0.03797353168748889,0.017970829112362204,0.03799302504208467,0.024039234147197604,0.03544887455595719,0.03819076369064346,0.09071973159481497,0.056020868218191806,0.05714107518448617,0.04344532590623233,0.15817947472814306,0.04014425510006084
2013-06,0.09564639930628288,0.01619410189485038,0.05213508528868985,0.03058851510382129,0.04305221575685131,0.04635963825264854,0.07986282557114863,0.04008845002175476,0.01879222176988202,0.040378281302496,0.025414237412985364,0.038105750189008095,0.040023629421869884,0.08228915975437748,0.05677154187415093,0.060682917870356026,0.04495412481891089,0.14796970797632342,0.040691196413592305
2013-07,0.09692145539060573,0.01564173087166779,0.05217533637371807,0.031774857599349976,0.04295561400962169,0.044900274610263545,0.07987084237654854,0.039197617880676196,0.01886003291344769,0.04030839227907016,0.025461768456362107,0.03905250538059036,0.040926097770219355,0.08491018688753568,0.05788645503630063,0.061017879686184814,0.04536322890303531,0.14246217934037564,0.04031354423442657
2013-08,0.04327003797114913,0.015377104453777646,0.07674963138184379,0.01135181321630485,0.011061226847576678,0.023404908677014297,0.058213271630484786,0.012235820741655976,0.018377068770147487,0.026091976178755378,0.04088974421734752,0.014478492883720197,0.02176800574144742,0.07041431531159022,0.011742799731980615,0.019559531562211522,0.029154957793264113,0.18351663197189882,0.3123426609178295
2013-09,0.09455872905426012,0.015815200579516814,0.05240988272589705,0.031662180546667716,0.042804541260423504,0.04542630340549276,0.07992750220868661,0.03882750636841344,0.019357305127743033,0.041349745374063065,0.025809021105213804,0.03974753013993466,0.04135299950408762,0.08515894346931842,0.05790131878620106,0.060991275006160424,0.04609707008974769,0.13993383480538021,0.040869110442792025
2013-10,0.09240364030445689,0.015697019493132423,0.05185593047699012,0.0323189996035784,0.04345636230673259,0.04573964658685331,0.07950829387379184,0.03918060000417098,0.019775513457177346,0.04188335892470953,0.02597235662367606,0.04009182792026836,0.0421829131988155,0.08391515370088674,0.0581153189803073,0.06062206631146152,0.04648818185516727,0.1397488195121393,0.04104399686568462
2013-11,0.09235455319611734,0.01598163637532157,0.052051463196767754,0.03215851339530496,0.043891543538746754,0.04540525390459405,0.07964378729392699,0.03904286781209888,0.02025671471014281,0.04211254301140488,0.025893635506467855,0.03916702667493464,0.04250839157673203,0.08396069740057105,0.05840705394735876,0.0599260216230819,0.04677720563294596,0.13917956687170818,0.041281524331773664
2013-12,0.0912169411891016,0.01577151561382115,0.05185374273087483,0.03337607801282576,0.04452860727828387,0.045178191066197686,0.08018354113805785,0.03894559421139162,0.020515704746341307,0.042507651873842714,0.026235937851634,0.0391403383984649,0.043572805367332934,0.08118438623202606,0.059087527099000746,0.06114149041061352,0.04731506176188954,0.13680633781446466,0.04143854720383538
2014-01,0.09125121937318324,0.016406730097656072,0.05242039918119614,0.03341404089514694,0.04490218974036859,0.04628716501709098,0.0789813105946044,0.039485354220693415,0.021203469603185532,0.04325051795454766,0.026873850446246704,0.03905149774986007,0.0439977724342538,0.08165275528700722,0.05784768052449067,0.06126515563428892,0.048050289441162734,0.13198423630227504,0.04167436550274197
2014-02,0.04107000723330925,0.01606738833729089,0.07478267115955847,0.011330532594763422,0.010974375319870135,0.02367178395594441,0.055339086188659715,0.011924952668545902,0.018317352743912326,0.02606157273435686,0.040314476713006066,0.014518388987858837,0.021656634200338785,0.06562253565768414,0.011277915166214366,0.018867527255200463,0.029286341968946427,0.17845107577001149,0.3304653813445281
2014-03,0.04105581833453822,0.01608640575376772,0.0758711792661518,0.011376069464418229,0.010996547121207314,0.024423451210026908,0.05669508972758205,0.012229472383980316,0.017989460752992525,0.026529112964604952,0.04038269530146982,0.015116355779793436,0.021571387743323005,0.06579949715067276,0.01141927586025251,0.018802235513881906,0.029672846754393863,0.172976757334478,0.33100634158246467
2014-04,0.042109510917361835,0.01600566211621269,0.0759154776004133,0.011422824716957453,0.011200692080708884,0.024449302636201632,0.055740354123646814,0.011946029667634413,0.018429101280576718,0.02618566024412303,0.04031477223003457,0.014929716512939352,0.021656745434007862,0.06760225046502827,0.011451527694387386,0.019323973609165237,0.028933856830280432,0.1700461401833741,0.332336401656946
2014-05,0.04293652463864394,0.01677265738746126,0.07967324996617504,0.011319119400946796,0.01131762332834776,0.024569854628677102,0.05725324622177211,0.01192061166727955,0.018734975929650132,0.027041442828494952,0.039926507958826296,0.015300552902527999,0.02209386100468666,0.07193642753278212,0.011620251939897354,0.018769465844295462,0.02889461984058778,0.1744428945968065,0.31547611238214124
2014-06,0.044448657919763004,0.016289545948413902,0.07946314342340315,0.011449956560236764,0.011182298955785992,0.024931371990089404,0.05722848606068061,0.011990710994395403,0.01830681804718315,0.026693462244731708,0.040298572326026155,0.01524673974880493,0.022750280292604116,0.07109316107717617,0.011603087718134997,0.018964031829591627,0.029683801599873137,0.18012359915726853,0.3082522741058372
2014-07,0.04491531466461618,0.01680117362419602,0.08157051608093424,0.011411555754352936,0.011313947611020824,0.02474570634251119,0.057268563331301085,0.01210664860497077,0.018774815313392042,0.027183139865121504,0.041242874902718475,0.015674026550453225,0.022471839572692685,0.07557347165798914,0.011616237848233443,0.019390863303272627,0.03002659668520489,0.17709379045238455,0.30081891783463427
2014-08,0.04208943993225068,0.01702987376285996,0.07917033947778088,0.011488290268461938,0.010814454313525861,0.02430110042831391,0.05644216375196817,0.011744525738634468,0.019544689939094993,0.025175244392045285,0.040654277183272435,0.015237503420865156,0.022091416419246467,0.06814774085091782,0.0115974498738006,0.019261689008302215,0.030615948564047354,0.179080846616443,0.31551300605816884
2014-09,0.043720679016927215,0.01658252243149061,0.07965319495009443,0.01142363118804183,0.010851097852114024,0.024505401206987694,0.05792475193077839,0.01229785939237037,0.019723908316519895,0.025027165571036222,0.041254267777144304,0.0152835856279846,0.022383816792521192,0.07090491359230429,0.011547544012718491,0.019332021828858254,0.030966076461098915,0.1809825832176812,0.3056349788333281
2014-10,0.09001359253792081,0.015659066686839813,0.050158468824759904,0.03210164813887462,0.04209596615565625,0.04584266420862152,0.07954850192176487,0.03898746391554597,0.020776380708005276,0.04158738478882953,0.027058990970370893,0.03876198202005205,0.044380372914797,0.08608085936575713,0.05502442501065839,0.06069179711716877,0.048221459390342704,0.1415056597172588,0.041503315606775705
2014-11,0.0889621952724166,0.015040231987051518,0.047831263130536074,0.0319506540046603,0.042622822772253155,0.044174700876535515,0.07965048321551282,0.0393555313784997,0.020844323757541656,0.042278897114878485,0.02694866864807934,0.03888743952466573,0.04468226367441021,0.08861921732582759,0.05420394045257088,0.06041974824840352,0.04827028139318948,0.1438384218533164,0.04141891536965105
2014-12,0.08958289166861841,0.015086306232131539,0.04391291608272619,0.033190130734418836,0.04274923608412365,0.043666618157803025,0.07940971699597717,0.03954715271645515,0.020497480003223455,0.04162365157899417,0.027253383802864548,0.03922595028231742,0.045373043863756894,0.0869190579896458,0.05598187043505986,0.05946530800614349,0.048406905264534825,0.1466847269075962,0.041423653193609446
2015-01,0.08683169819883076,0.014505746536966298,0.044169981391419574,0.03307018977518205,0.042826834131658026,0.04360866964236416,0.07828492069647859,0.04061157419658005,0.019766748236042932,0.041991265837715556,0.02731800442051627,0.03956252621670634,0.045587596421745716,0.08844606149745766,0.05632348489226029,0.060349685799943396,0.04786093219959051,0.14740941751270012,0.04147466239584162
2015-02,0.08722576112987554,0.013842350608992991,0.042893990717038526,0.032393723532363305,0.042864137992259126,0.043142792374790025,0.07905721041218636,0.04025331477136754,0.01863638809423216,0.04000248500941359,0.026177316372282926,0.03814292628232077,0.045025703609452475,0.09022854333174216,0.05691570457486178,0.05679431220913726,0.04723158242926173,0.15800942854182423,0.04116232800659762
2015-03,0.11086752336231419,0.05310536909664784,0.04229958713555778,0.06386042012821044,0.024825998019509805,0.03128202229834384,0.05271639820717067,0.04173328451585825,0.011596469316079763,0.04112701797542652,0.022174124982073905,0.07686264589324668,0.02868381730119801,0.0813511223734113,0.08708860737612621,0.0298711344353772,0.04265771592007652,0.10438890011504107,0.05350784154833004
2015-04,0.10942127317444715,0.04915977555926607,0.041640833207963024,0.06528816451257777,0.02496898104932934,0.030414789730620742,0.05232974201627124,0.04226084233102902,0.01162700594440092,0.0421197147099621,0.021905050393416697,0.07717373652034432,0.028430103760772082,0.08183578327165429,0.0882331078884107,0.03048983031667347,0.04240127373071421,0.10862373708919866,0.05167625479294826
2015-05,0.10905352635086057,0.05407838310310095,0.04453466011466948,0.06400449982616636,0.02474561673504963,0.030873573029950252,0.052250584118945724,0.040005162139199496,0.01185916040087745,0.04229872922791618,0.021781255886154035,0.07732102074745689,0.02744828885944085,0.08214704570477667,0.08671523233820772,0.030610809126752212,0.0429903876824573,0.10531047529164213,0.051971589316376084
2015-06,0.11115447802976601,0.05057722364192061,0.041567184234085904,0.06379110749469076,0.024975375584476142,0.031122623059537568,0.05442652113358354,0.0411455980249511,0.011549312419469512,0.04225605034438463,0.022538394655846256,0.07746997658215383,0.027089782214950973,0.08126024205572378,0.08676525767542924,0.03173746760952095,0.04376769619972088,0.10443534791500023,0.05237036112478808
2015-07,0.10971170435248738,0.04777796059285663,0.040892829786021385,0.06827426365076945,0.025685378501234393,0.031008239939714646,0.05485552822501272,0.042212165704381334,0.0114943307350203,0.042660158356696225,0.022257680638343016,0.07801584955347152,0.02706540103129545,0.07498172150116707,0.08835230688639106,0.033526078010205546,0.044278619668193527,0.1033071658588212,0.05364261700791714
2015-08,0.11249203573513196,0.04052464024765828,0.03645856638638662,0.06903457285027521,0.02596364269477516,0.029195634452004907,0.057396540949532414,0.04267801493285295,0.011145308753621257,0.04037960040692532,0.022292986830012247,0.07438860475605111,0.027816669686312207,0.07751586281818931,0.0912326480809284,0.03427486835204033,0.045185306750525234,0.10950398747969589,0.05252050783708125
2015-09,0.11225866925850798,0.04269117898290022,0.03648220287705828,0.07087131483102191,0.02528249812513622,0.0282592762237093,0.0537944324415106,0.044234581975972284,0.01115100663232558,0.04173125967190954,0.02204066782044931,0.07489219059472538,0.027305286949333995,0.07571442362197915,0.08868169471896449,0.03319314202571175,0.04327148138286508,0.11471139777240441,0.053433294093514584
2015-10,0.1141355021316181,0.04015187032208246,0.03476413263266293,0.0716510768207299,0.024103396373536166,0.026313265959943453,0.052842174948776036,0.043269553292697056,0.010527565990146695,0.03846398200675864,0.022023517613229928,0.07523894290080274,0.027733892349757983,0.07689852645124459,0.08783374917414155,0.032814739270882215,0.04237751171796771,0.1228258709446571,0.056030729098364644
2015-11,0.049971235306581714,0.027749078033793992,0.04497191436923506,0.02842787172144529,0.008929655539305416,0.024026959097903533,0.04885111096895643,0.02743681925046706,0.012684172085269672,0.020966572282405924,0.014634698104790721,0.007608502470673346,0.03962075569810802,0.04502051709168216,0.025945938039416305,0.017815918937046392,0.02077601821096526,0.32900961901630515,0.2055526437756485
2015-12,0.05129003521067874,0.027169994586775853,0.04618840979880465,0.028418128475974268,0.008896111270557538,0.024688557237450823,0.049210883797298675,0.029347296451722484,0.012646163945156432,0.021293752069675164,0.01486125354749383,0.00758682388266931,0.04006622938634376,0.043652147046281814,0.0263216299391946,0.018337385678382896,0.021048141598735713,0.332188166605987,0.19678888947081655
2016-01,0.053183432178593074,0.026417234352772524,0.04215440583718212,0.027900011435636564,0.00883396905580761,0.024074728932488583,0.051359898281039734,0.02909031586297549,0.012749346108238097,0.02124287330580196,0.014927121196672015,0.007544004456093005,0.03923454195905856,0.043145422729259045,0.027168988759571123,0.018223545649605044,0.02098226436890197,0.3342299511767021,0.1975379443536014
2016-02,0.05196713645752365,0.02554450963290867,0.040333714848583176,0.028375693632318014,0.008849179433316236,0.021551484226162685,0.04855832036035211,0.027498571993857635,0.012315372255182236,0.020924647713061722,0.014556347441308461,0.0074377208420769595,0.03557302397833173,0.04613154608145097,0.026532708159849424,0.017011369600944348,0.020244367794615734,0.35,0.19659428554815628
2016-03,0.04642668382519241,0.01498426569084553,0.07167602890568144,0.01242446690474493,0.0105812418292555,0.024576453951240165,0.06320674599394357,0.012436058935622296,0.019054588073927917,0.02468887244415205,0.041824652400959464,0.01424680800285854,0.02334156476093353,0.06977080086333085,0.011952874722767107,0.01990922118393916,0.03173753773776951,0.18625411050949164,0.3009070232633445
2016-04,0.04679818843881353,0.015538579032828655,0.07474416353731814,0.01209234972428766,0.010958397549599872,0.025050469308347905,0.06270220919496192,0.01291371526027503,0.020252707530082112,0.025208404917705988,0.04275466070467493,0.014673204077377513,0.023452681641247208,0.07258195055660205,0.011895522349783194,0.020220869445535684,0.03269973961680255,0.17801189753105143,0.29745028958270475
2016-05,0.04639785832288651,0.017480625323621365,0.08015402554712958,0.011917219434936099,0.010902989582390492,0.026004538277407525,0.06414968325294136,0.012940802915134521,0.021678426047459544,0.025459942387514266,0.04178396091911194,0.014747606725580864,0.023668798348716096,0.07084751274442534,0.011848478527450882,0.021111174585885926,0.03182575616149745,0.1754985756446405,0.2915820252512698
2016-06,0.046693615833538246,0.016876468250849538,0.07799882418297203,0.011483706114076888,0.011159993103599448,0.02542395981597933,0.06485669639716178,0.013224067309934247,0.020106285753661704,0.025628935566992764,0.042880831085503446,0.014598598951561516,0.023118243021251254,0.07257108198768744,0.012040002725924225,0.021612943738177362,0.03267073917178446,0.17489671415744398,0.29215829283190037
2016-07,0.04817107187406827,0.017643601407838896,0.07672540988823424,0.011571628587335717,0.011174498898544945,0.024654013554299067,0.06501268887872239,0.012947834677016724,0.020121932998972025,0.024693401775827614,0.04134786312313916,0.013983322097613337,0.022516379641257026,0.07732659042448005,0.012192662328463503,0.02014345638400818,0.03176921050031023,0.1836494067809554,0.28435502617891334
2016-08,0.04680235087787709,0.01774753561379488,0.07371104576343687,0.011210862510879004,0.01135345924512243,0.024909148306313716,0.06590639823242186,0.012937942957422269,0.021166330435187463,0.024731879565870946,0.04279934233102108,0.014165541112717972,0.022651279127180676,0.07518268851271381,0.011901239310533284,0.020094441952354013,0.03240885600771253,0.17849876804252937,0.29182089009491075
2016-09,0.04688698470280519,0.016580905979662868,0.07584028587197979,0.011441784923936986,0.011677925753453635,0.026048425838056832,0.06372296526994893,0.012786713191373181,0.020020136073264645,0.025726144558375658,0.04425390987864216,0.014124709232175967,0.022962253617432246,0.07113809299713507,0.011897776187133271,0.021508579211257154,0.032823381326117625,0.17529520745737165,0.29526381792987716
2016-10,0.045787944224283374,0.017240872209383615,0.07728038673050042,0.011062141680889233,0.011450179884697143,0.025808247408953502,0.0625328408028169,0.012637057059002994,0.02065149422638201,0.026572802166449028,0.04545921022437903,0.014407700080741775,0.023537805864703207,0.0732117183206226,0.012322818900895682,0.021476945550198648,0.033405425301512,0.17688919024200617,0.2882652191215826
2016-11,0.0474971451299623,0.018126560275382574,0.07766242732072404,0.010986209262929106,0.011426599424006362,0.026992375609705622,0.06193542602608879,0.012483000682446043,0.021130734483166613,0.026863369146787712,0.0458820117338428,0.014598578574493943,0.024868078709378957,0.07588024573099993,0.012489260238349476,0.023032966303398596,0.033877428561326514,0.174252164588519,0.2800154181984916
2016-12,0.04491044397778168,0.019523126535643285,0.08554427254960263,0.010911583640485275,0.012102649103733465,0.028898727129470298,0.061780162745142995,0.013097919967286837,0.0241341103476756,0.02864950603883103,0.04861611810691102,0.01516306316964557,0.02735337463345596,0.07318152257882553,0.012539119796654142,0.025962294026764744,0.03480436616753764,0.15688927523568313,0.275938364248869
2017-01,0.04807709035549717,0.019526375843475482,0.08859597189527237,0.011034853993785867,0.012313514082001384,0.029519074653930027,0.06428275174034664,0.013493415654078985,0.024079868100873508,0.029057593501361747,0.049670429504783696,0.01590497176043971,0.02790118040936393,0.07837719506252136,0.012548798706183908,0.02753851038501653,0.03605555899204435,0.157063343152616,0.2549595022064073
2017-02,0.047518316624787345,0.02062977813411694,0.08366919365260149,0.010867864185499846,0.01192733295682782,0.02985972450185929,0.06459498416862926,0.013702418728047136,0.024280535872797725,0.029181241794279503,0.05043653815564569,0.01599116046679183,0.02794342442148318,0.07835225624031111,0.012391247386629379,0.02720319230084055,0.03699086394611279,0.15469620814071197,0.2597637183220273
2017-03,0.047498791355379634,0.019133203239169526,0.07896739312574391,0.010921045411912132,0.01205421158976097,0.029945033823319787,0.06760472216233342,0.013784311986351844,0.02507859218875964,0.02872221336156412,0.050519458336050205,0.015695579281166636,0.028305965105845574,0.07983920076273839,0.01251832576856763,0.027736769936164946,0.03744961226323603,0.15385926929385982,0.26036630100807573
2017-04,0.04796531835587298,0.018771453238709664,0.0781512700838479,0.01096780843432578,0.012083215613468184,0.030681285114524063,0.06811604792484943,0.014198133859690907,0.023893810968842938,0.029236481817166607,0.051301301893517455,0.01559522332492341,0.027635351670923992,0.0804498906047239,0.012589897269191514,0.027001320318775612,0.038076306446358954,0.15296340403901493,0.26032247902127176
2017-05,0.04788434618296743,0.01815181516374614,0.07520816707543374,0.010599450324340388,0.012145454816217432,0.030344101309338643,0.0667102820726476,0.014331036122835256,0.023394987420717737,0.029651065260268446,0.05155504565192921,0.01527347439295009,0.027948445742090655,0.07970940477377146,0.012723443313032837,0.026534753683193534,0.03827403565489132,0.15344998686462258,0.26611070417500565
2017-06,0.049300205336728686,0.017903770052170795,0.07198011144325196,0.010460099180332623,0.01245365414397093,0.030100132863362904,0.06878259788737037,0.013956587727923223,0.02251020355614272,0.029996057787633156,0.05303608907302205,0.015099418686957274,0.028680212065676787,0.08223997006141552,0.013084368479951737,0.026123820186409713,0.038858975317685604,0.1562419624125348,0.25919176373745917
2017-07,0.08756264884002467,0.014653962770509198,0.04245707153833354,0.032990150218056,0.043403252252290324,0.04400303967697631,0.07907127708656744,0.04146499066165315,0.018823306696630977,0.041687493318028644,0.02704312660380972,0.03875285925119854,0.04545574334650483,0.08514946661654589,0.05750570886304324,0.058477636129418954,0.048794199575200085,0.1510944859423059,0.04160958061290263
2017-08,0.08808942235690509,0.015163206427714966,0.042680291426427035,0.033058810446586456,0.041555040030802654,0.044275282265423994,0.07857355236616718,0.04078657137620861,0.01883138271511982,0.041641528622867845,0.027340208780066613,0.0380899082008421,0.04522397309398643,0.0868006994582404,0.057399907427631444,0.05880469285052453,0.0495596236104403,0.15055229777437423,0.041573600769670295
2017-09,0.08699734762886599,0.015014658185794666,0.04095405938603641,0.03197607007717769,0.040354432811791914,0.04478563044821905,0.07925590933990909,0.04068938629291632,0.0188203204188109,0.04116022877081092,0.027412153177527078,0.03824957889514219,0.045748167647530674,0.08853492869880113,0.05697332373436177,0.058452943502460455,0.050249574102192406,0.1529094504555646,0.0414618364260868
2017-10,0.08568224385517155,0.014845550479970621,0.04287569009203282,0.03190190460783826,0.04102537737970736,0.04548393942002703,0.07863151313202779,0.04195582233870645,0.0190021101819321,0.042488037905426455,0.027981896673004474,0.03928968618930088,0.04659642545819258,0.0861102666074324,0.056659908194049764,0.059616335948441394,0.04981829196134884,0.14840247613591553,0.0416325234394738
2017-11,0.04726315475609781,0.017716505700014536,0.07235455542360184,0.01110343102655329,0.012422283459644244,0.030728365322991297,0.06993101955737548,0.014108560470925059,0.022449049367646117,0.03048187152302639,0.052822264335847136,0.015123473790662225,0.029375399183734684,0.0801386835574217,0.012516660600304428,0.027838832003295243,0.03894716836038298,0.1514403217578427,0.2632383998026328
2017-12,0.08526829653844964,0.014955407843475281,0.04271841625531349,0.03239054152894779,0.040207324700970166,0.04638804657105605,0.0749978842388326,0.042678871450845174,0.01915658729081513,0.04254340280509684,0.028819069408074317,0.03918824853027534,0.046113397681824625,0.08754308316299315,0.05768863763508978,0.060208512269422726,0.050268244882301416,0.1471421631441605,0.04172386406205601
2018-01,0.04884046878568146,0.017387615757511327,0.07428698285929508,0.011384201798812471,0.012371186905933865,0.030815014672623486,0.07149572535061581,0.014544109507867957,0.02190248195887151,0.02994617708465209,0.05351535500481226,0.014904501414461053,0.030411654166808858,0.08085163395269472,0.013096608091026692,0.028313360788139258,0.039006336975975095,0.14628017393642972,0.2606464109877872
2018-02,0.04867536373636881,0.017323789784630284,0.07494281657382429,0.011693107675014901,0.012280488547388387,0.030614155707772327,0.07096720380106966,0.014619893572603659,0.02194937242417774,0.02983018304362231,0.055909816361739605,0.015126324473458613,0.03161313638163405,0.07581195217673455,0.014110173834862731,0.02938596259489045,0.04113236355369542,0.13458861206316278,0.2694252836933495
2018-03,0.045713827449460516,0.01773772137373979,0.06703570305656435,0.011829957933989077,0.01201193883451244,0.030048935735017525,0.06853256866952614,0.013658955022414647,0.022635346888033547,0.029154602089398095,0.05830563250274885,0.014686000303735234,0.03191149847587285,0.07285463443770045,0.014181553775714461,0.029821381050831833,0.041773489350377745,0.13576990903588212,0.2823363440144805
2018-04,0.045062997911478594,0.017783434054749966,0.06915655875362417,0.01205563382070168,0.011831456343384625,0.029466360901937928,0.06806849649561914,0.013760668079525393,0.0216512625664865,0.029189814743595357,0.05712943705293409,0.014105750449130584,0.031055438493884775,0.07656644245043867,0.013875484982157966,0.02869197888624437,0.03992716390935012,0.14167726177369816,0.27894435833105796
2018-05,0.04366437839754893,0.017404063468668154,0.07614105600678095,0.012326115112553326,0.011927751294813122,0.03014480548144042,0.06451474804089678,0.013619613405989939,0.022268263225772786,0.028609054624658507,0.054922241133973926,0.014097518850764663,0.030639842481743493,0.0796581259467455,0.014646581449732049,0.029038756209632748,0.03984360480837479,0.13590074302286773,0.2806327370370422
2018-06,0.04297170981077252,0.017733896584107678,0.07842386532390819,0.012556049568115691,0.011878531739771743,0.030726627238673615,0.06310401594176385,0.01381978874540241,0.022993905320238556,0.028935327451501017,0.05735615020376273,0.014517150374198191,0.03166737430294177,0.07933788963179993,0.014443159302836885,0.02888022029918135,0.04177888817247819,0.1379801689156815,0.27089528107286415
2018-07,0.04563446271359569,0.017320562343676873,0.07976998258926354,0.013145165807385511,0.011895163947586102,0.030448649109265622,0.06531490995965236,0.013899515640669408,0.02198710278460096,0.02749631216033117,0.05598712131596396,0.01444495236117771,0.030464319528829324,0.08279596118220844,0.014712202519698432,0.028395837719064634,0.042570847708594886,0.13616080729498803,0.26755612331344736
2018-08,0.050123058683850016,0.027051449614304772,0.038701071811955444,0.027820064000674438,0.008947388396728737,0.02259458359915724,0.046513483896474014,0.02697608428749892,0.012772199377237621,0.021081251867047995,0.014664974300010522,0.007284579526919993,0.037140818485212175,0.04574961115333257,0.026068665839249168,0.0165100473537627,0.01999395637118912,0.34905783793689577,0.20094887349849885
2018-09,0.04972042613027115,0.025275055691530202,0.03754180627762829,0.02884863322716527,0.008925955889235171,0.02237695496601586,0.047810053952640125,0.027371174251297526,0.012361094940513441,0.02145886491198181,0.014865271662304827,0.007174265182248779,0.03732898869060252,0.04604420899911237,0.02819522812137868,0.016669033956322164,0.020922215801524317,0.35,0.19711076734822758
2018-10,0.04964522504590035,0.025040260265754632,0.03896208840296447,0.029159433863508326,0.009144481348731144,0.021856964000581628,0.04961757983137062,0.027547740577359116,0.012444503001654674,0.02256560614401412,0.015043678817159503,0.007069519722683343,0.038739368153842886,0.04595199937590562,0.028513002045458702,0.016519652486290358,0.021152193716971177,0.34484016318757527,0.1961865400122741
2018-11,0.11560684168283894,0.04038301407228084,0.035547437574319204,0.06942861504672741,0.024269941769546582,0.02793966669895862,0.054043993001979276,0.04382799630683602,0.010703051043115794,0.03995837397749662,0.022858984092695267,0.07497908904680965,0.028579564870845106,0.07651950677312999,0.08932633311814088,0.03352030893314637,0.044571225032609726,0.1137203094249468,0.05421574753357699
2018-12,0.1166279267348167,0.03877678342656102,0.03404806741692072,0.06661145413720654,0.024569706108984332,0.02846865748841101,0.05532846287109161,0.04374735117099641,0.010382517950808757,0.041401753089785095,0.022995073298116373,0.07553562110573117,0.029023582244360392,0.07781776544753631,0.08856351501823068,0.03369396518929917,0.043560642770636385,0.11481318966250637,0.05403396486800106
2019-01,0.1060208008630363,0.039966185250665566,0.03031141416833141,0.06827090099985944,0.023028549307226764,0.02826357480047589,0.05368194014460353,0.04505912310397163,0.009510164167091838,0.03891973868307581,0.022897701462978,0.07603939358457922,0.02635558306196467,0.07804892582714677,0.08605120078802853,0.031365312943158495,0.04230379368722368,0.13462727156952087,0.05927842558706142
2019-02,0.10634772706354102,0.03992260139767319,0.030831125149535572,0.06970747577151215,0.02367771408331867,0.028037369818588672,0.05308241772516604,0.0454691535039388,0.00990424248058801,0.040161438498239777,0.022993174876209603,0.07599219905564907,0.027122850297015787,0.0781700653570559,0.08719698341346754,0.03193813674510957,0.04304377813346648,0.12902781752237796,0.05737372910754618
2019-03,0.10165429338846868,0.040669061465681874,0.03080152083170578,0.07144929540023205,0.024491866782442997,0.028305514528531965,0.05450023414736084,0.04581139155025148,0.009814405324340901,0.04156631433243897,0.02372952637681784,0.0772337328904387,0.02805034008677586,0.07987875732669497,0.08495732210841359,0.032002101770069416,0.04369240963994227,0.12416246492230228,0.05722944712708943
2019-04,0.10377481578470785,0.04127840597539847,0.031152420781389127,0.06869802168395635,0.02408426967771597,0.027449344427839046,0.05492644311065856,0.045776680272548845,0.009518305383856014,0.0407285863206366,0.023899623834085438,0.07283832866895777,0.026753931951861386,0.08191538038088428,0.08572632927733513,0.03069191097468843,0.0439716326235188,0.13051659279473715,0.056298976075224744
2019-05,0.10541108164237184,0.03992671629734897,0.030849811840184385,0.06885129423579582,0.024671032962728497,0.028407730108283527,0.052399098628162215,0.04680408277503216,0.009451186526755846,0.041685193325809035,0.024596609480413627,0.07172093718490774,0.027542230233984364,0.08082389416844511,0.08605004700530258,0.032143071450441325,0.04496709942884716,0.12772685477722273,0.05597202792796299
2019-06,0.08542331133257972,0.01544693425548804,0.04295001861718225,0.03305403361288001,0.0391603843995206,0.04565333332543726,0.07582013331905538,0.04319587921868621,0.019860011516150203,0.042467465048263285,0.02870159150613008,0.03869683445419591,0.046589897675811294,0.08358946092214714,0.058642054913618326,0.060323985459320204,0.0505010290895174,0.14801658724912442,0.041907054084892426
2019-07,0.08563787697352851,0.015570019639020636,0.04297793345456217,0.03320277072872847,0.03965625795536909,0.04633271858966331,0.07590780354768364,0.043649118934020625,0.02016671963459066,0.04298477921410856,0.0289890675133586,0.03901285338335376,0.04687620110143503,0.08298617072169882,0.058876264761784,0.0606549640676865,0.05096062359218771,0.14447486241530844,0.04108299377191145
2019-08,0.08619938221401324,0.015282542202940499,0.04209250508069765,0.0331369283990846,0.040681197764942445,0.0461497572135468,0.07500186761900253,0.044080848838767124,0.019836411727605745,0.04333499568132125,0.029117394413281584,0.03912374778921911,0.04683487881853743,0.08184652591808768,0.059031730994982316,0.06178924141557265,0.05171078951372909,0.1436145611978453,0.04113469319682287
2019-09,0.08886218878686417,0.014828691390900315,0.039365279228660774,0.03170790665451768,0.04030640523250252,0.0439584469676769,0.07502776825272167,0.04547174509444631,0.01840270963324643,0.043221595663133015,0.028208713708636226,0.037578884972358874,0.04608460128654986,0.08445385078107061,0.05907351777378091,0.05973046285609706,0.05085581065071265,0.15213771616572638,0.040723704900397624
2019-10,0.08861762465383184,0.014872628610883615,0.039886616427312636,0.03305181143001778,0.0398667986520989,0.04486208908273622,0.07444960871625586,0.045949017390302584,0.01884489571623756,0.04290466936505874,0.02854727324805474,0.03833770237937487,0.046053553191491674,0.08622918060518751,0.058454380540902476,0.06015587699423637,0.05048055972859161,0.1475430180843524,0.04089269518307263
2019-11,0.04632812927637179,0.01667925586416585,0.07589899654965655,0.013013915109972195,0.01220904774375181,0.03064425949195531,0.06976122684585612,0.014181783008995162,0.021860133915348585,0.029860700289761902,0.05710536643218034,0.01427781002722811,0.032049966024178214,0.08506205645981264,0.015164196324877291,0.029345036769650983,0.04355961933750982,0.13606471959453184,0.2569337809341954
2019-12,0.051598010737173065,0.024251909499600266,0.0345820727368472,0.027254271714095325,0.008750883505842699,0.02024863689308521,0.05002096953087712,0.025185420594127938,0.011933259653837763,0.02102424346752107,0.014536519362513942,0.007582668065224622,0.03561616902523842,0.04818973695884112,0.027156117593580994,0.016542143088563166,0.020425893025497823,0.35,0.20510107454753232
2020-01,0.04672710555713062,0.01704807726358579,0.07653029014662942,0.013608844534813206,0.012177160836000012,0.03170860647409647,0.07157973686259289,0.014021422878404678,0.02270585479756172,0.03096035699318421,0.05876889523996556,0.014643372305911954,0.03309010942107997,0.08186303974764478,0.015493029160534423,0.031029633034891296,0.04607505167549135,0.13228462110667666,0.24968479196380503
2020-02,0.046607640134702664,0.01582892059287855,0.06491421253294541,0.01250981344935613,0.011407574485724773,0.028498131267108394,0.07012187544853665,0.013894731689006163,0.019613873879546502,0.0307872145894159,0.05665759676269533,0.015011734163104948,0.032770101753487504,0.08631499130304551,0.015405008358026839,0.029574514298765217,0.046427967072834135,0.14135732569600254,0.2622967725228169
2020-03,0.05204288576191148,0.025017025761835614,0.034982548795688,0.028014537159205877,0.008579232745041682,0.019882343150742755,0.05092394069891042,0.02474521231550346,0.011636343768309612,0.0208797254578565,0.014683457883733604,0.007759939337565322,0.03419904475742979,0.04923708753526718,0.02698518409636365,0.01645554480761672,0.020543095029087223,0.3482454094329118,0.20518744150501922
2020-04,0.10514810007119985,0.03882021910960466,0.025885953047139216,0.063315763213217,0.02365941870648107,0.024714978942548992,0.05322342906902772,0.044669422926432174,0.008520493247956104,0.04046094279746739,0.02303633454622061,0.06696374254997935,0.025706801909578435,0.0819525777878466,0.08544705593803291,0.031369293308583686,0.04398340127815712,0.1529331910589964,0.06018888049153086
2020-05,0.105532803980757,0.03948804005672852,0.026511426791517308,0.06379847723173492,0.024589374439156667,0.025657893454868085,0.053960542576646196,0.04567705436221486,0.008745872456266067,0.04110261048909721,0.0235374623985413,0.06610569935071245,0.026179351483818426,0.0817222547597231,0.085418540486705,0.03212109240074708,0.045164211178151135,0.14627485313753694,0.05841243896507774
2020-06,0.10404201627488971,0.03880651041700055,0.02590866900590388,0.06543149540772258,0.024868329028126225,0.026442271479942082,0.05318216546646842,0.047729363964928086,0.00893516239203553,0.04209419909921712,0.024058493125008386,0.06690309470533136,0.026712518876785635,0.0827648356475144,0.08321075686909424,0.03205635223734618,0.04602016709240277,0.14248558307232811,0.05834801583795484
2020-07,0.10100931807097002,0.04046193916457694,0.025644094532910302,0.06585732670379459,0.02602016512325868,0.026531935897758274,0.05118817648151755,0.04803330412583959,0.009213642886028545,0.04305602307931656,0.024420872666656906,0.07107796609442471,0.026958445480980538,0.07545837251513537,0.08587044190154004,0.031650879993176825,0.047323592451007555,0.14139194191799595,0.058831560913111
2020-08,0.10101487148172089,0.04071902150668938,0.024119732361766563,0.0624827449760634,0.027095591460240275,0.026898104493109386,0.05123863085293114,0.048446128610820954,0.009247365128521664,0.04238105914946274,0.02461717608890139,0.07247589394451788,0.026527283559621962,0.07677178360524242,0.08649308664284455,0.031092024268852533,0.047679734865163435,0.13998504181874907,0.06071472518478037
2020-09,0.10080422557667458,0.04070216137566267,0.023585417715142866,0.06410013060149687,0.027570765747293297,0.027221631696870342,0.051378001490062906,0.04906207934531646,0.009649263105940262,0.04367161040593178,0.02497846423861203,0.07127605946127426,0.027697784571150103,0.0726576349651333,0.08761490238067501,0.031480546628350675,0.049234955811304826,0.13453480153823408,0.06277956334487376
2020-10,0.08630944198160015,0.015056117856325369,0.03698969331010145,0.03268841397411855,0.040956269836588406,0.04349563148149233,0.07623487901089382,0.04654740898634185,0.01897327978989788,0.04293032564903971,0.029314035286264705,0.040097848570251574,0.044943607441828036,0.0829497841661393,0.059050256654205706,0.06038878593785647,0.05218316809194728,0.15001466431496044,0.04087638766014712
2020-11,0.08468871935546252,0.015661681329967283,0.03597952661586131,0.032671435398298046,0.042834558106437354,0.04396888022124493,0.07347189016642577,0.04599069168401197,0.019879074791756553,0.045402664390481184,0.029503238190095406,0.03958302505575663,0.04377817371658357,0.08799346501736677,0.058654335095015046,0.061111357455760386,0.05180816542364705,0.14600456216824817,0.04101455581758023
2020-12,0.04187240771941399,0.015068672834761281,0.05159114745019313,0.011526515619601095,0.01012698102211468,0.026454225671747256,0.06556692292070417,0.013243018587319928,0.018670867988941867,0.03040594942003152,0.05631642860066378,0.015069329595671772,0.029381170129594625,0.07214204393666501,0.014781117221228292,0.026180611154270117,0.045280773043758146,0.16498974746437395,0.29133206961894537
2021-01,0.04273301234492269,0.015443009911043751,0.05363321627844249,0.011511469062932211,0.010795245792880447,0.027104407824829275,0.06759931853024541,0.012724028865311824,0.019008446874407885,0.03060368496480898,0.05808243225742665,0.016667605015029643,0.02907960480282227,0.07148559271966404,0.014395129754616367,0.02741508250148235,0.04725031335663006,0.15696001354759945,0.2875083855949042
2021-02,0.039873704172635346,0.015690854161678792,0.05709833728933343,0.011045767361927162,0.01130954119250343,0.027654181330520354,0.06761697769140404,0.013114055341643326,0.018355024397267262,0.0303954721470015,0.06006933327341738,0.01857846484566876,0.027456318995774276,0.07139081449576228,0.01448871681486702,0.02661417151283014,0.0473733017292473,0.15087846660415863,0.29099649664235966
2021-03,0.04015037227323529,0.017245218753205248,0.0685557919192533,0.01191470844987647,0.011919972103031298,0.028891302656042804,0.06593091053083411,0.01341843261294111,0.02115669435400056,0.03230392171720758,0.062172761437847585,0.017321701230648218,0.030151071999993482,0.06637363217937915,0.014480964054482993,0.030216839931207565,0.04873456157285282,0.14246571247694426,0.2765954297470161
2021-04,0.04350007467456099,0.017471027940846456,0.0692264674843666,0.012000794951742649,0.011759994134734598,0.030729196484578284,0.06899468734172848,0.015344472372396969,0.024253959102656406,0.03301888752922038,0.06328630069617668,0.017592318551581214,0.03259552184781991,0.07479480233142403,0.015008010286414937,0.03188195691622825,0.04869596870119706,0.1338171972278999,0.25602836142442625
2021-05,0.04369569491038119,0.01735394620046841,0.06809780547920287,0.011933142849952423,0.011639280352048427,0.03048088160139299,0.06800881002852638,0.015623128023828188,0.02391891346662182,0.033598045699432304,0.06319346395717022,0.01761837132180854,0.0325638877828509,0.07651528700748138,0.015441409857310335,0.03280638925959463,0.05081465188292126,0.1304941432227212,0.2562027470962865
2021-06,0.04368557027407766,0.01839646492539288,0.06941604021711409,0.01177670722873184,0.012057144352605966,0.031192077392280294,0.0675692325859196,0.015342522399162251,0.025666014163115817,0.03148709452808107,0.06207517473098337,0.016481844827707984,0.0325364346655148,0.07308726018619996,0.014873435049204534,0.03310054492907967,0.04861776042808372,0.13090519399521897,0.26173348312152533
2021-07,0.04212568206615327,0.016802333877779532,0.07327116503283714,0.01244319683495997,0.01261730782390254,0.029162448406621928,0.06917466094626856,0.014801588919897888,0.024238079940967855,0.03204563213569772,0.06487362925869083,0.017077728807953517,0.030976363480739753,0.07096414458928374,0.015243045123233205,0.031935749117884035,0.05130207608895618,0.1328649366674838,0.25808023088068865
2021-08,0.041801273117519494,0.016715309882608144,0.06623972058846246,0.012743790289259335,0.012210458986842762,0.028792877346516855,0.07263671603581559,0.014836450755581296,0.02539010872713364,0.03188752774486068,0.0661987141682529,0.016861255826911066,0.02966413482034048,0.07387416233598552,0.014837158322809754,0.03177798139562873,0.05303866781717683,0.13730275074862316,0.25319094108967144
2021-09,0.04136839925977063,0.016482742179134147,0.06427064686655874,0.012818601503291773,0.011862846576621344,0.028667552894063916,0.07369851136200463,0.015224471551657731,0.02594929648527423,0.033684702729202605,0.06728657960572039,0.017303755581162955,0.02929389551508667,0.07683396332051798,0.01552733655297764,0.03268279881104164,0.05496030002178068,0.13665398076200655,0.24542961842212577
2021-10,0.04107826286273446,0.01616680335737581,0.0749883982699841,0.012349378025149666,0.011458799314329398,0.02835427943405195,0.06886208833660783,0.015488271140250287,0.02457092561930399,0.03255531607485638,0.06431022481695589,0.01918284182318896,0.029882625067019917,0.07279299721693402,0.015420157389147713,0.0335159536427951,0.05210529873524931,0.13620763598418487,0.2507097428898804
2021-11,0.04103451293301484,0.016354878183747753,0.07798770451857755,0.01294177866257021,0.011326623446996024,0.02916199772456261,0.06930196825069133,0.016270388404177567,0.025130040517149746,0.032554717029651035,0.06616321242979108,0.022366121360520012,0.030357799928841193,0.0743498300377976,0.015301176709908024,0.03444007320336833,0.053249796311976634,0.12997930476943897,0.2417280755772194
2021-12,0.03939152592240189,0.01636310896662926,0.07336927694830342,0.012963927496260531,0.01037047322197443,0.028742876861448566,0.06826359201978148,0.017184184807259178,0.02391022429113637,0.032666145083770144,0.07063680027350425,0.022961401806173353,0.028538584430054498,0.07197907948396827,0.015539287840251853,0.03211592219603529,0.051196142986764843,0.13425053754386,0.24955690782042242
2022-01,0.04295132437880739,0.01727728554113335,0.07243278604659271,0.012605476392102095,0.010688063891651488,0.029680130246897665,0.07301588298126825,0.01797598352395288,0.024897671095430046,0.032779032432026185,0.0692324421477872,0.021907115585014136,0.029850463401325907,0.07726720881081905,0.015502037891646525,0.03292115252019489,0.05101508537818276,0.13146409848798782,0.2365367592471795
2022-02,0.044420297828368385,0.017669043438948567,0.08505431942317558,0.012311340121885521,0.010109687589056362,0.029014135950016045,0.07008188428993395,0.01681101380814012,0.02367433313012308,0.032379798877041864,0.05979071770643576,0.02094352800293474,0.029873266031003386,0.07611069080288921,0.015214198580141362,0.03389153946706948,0.04659423617184104,0.13248361456065244,0.24357235422034323
2022-03,0.04424586127985702,0.01935888781206908,0.08894200829368255,0.011941327217433222,0.010054880797644595,0.028854889225193726,0.06663548178513928,0.015809786792673586,0.027102964442065933,0.03162715849104546,0.058005244097064326,0.019898346706075036,0.0305780868664131,0.07433640899331632,0.015455248240928074,0.0332466532553281,0.04402400763283013,0.1333637889737981,0.2465189690974424
2022-04,0.043659726595639846,0.02061725293876276,0.08914141047034416,0.01218151988718262,0.010061282429813497,0.029467301745140215,0.06694298007466534,0.015298149934734915,0.028625762871966914,0.031065649017093595,0.056525641741799804,0.02196556467460392,0.030496804097097926,0.07887250567424006,0.016366816208713587,0.03234210025477653,0.04394948871315114,0.12562424359405236,0.24679579907622085
2022-05,0.048995678611698554,0.020005985554965775,0.09153016148604073,0.012573809565865039,0.009994880594388324,0.030029070471463033,0.07219505825873261,0.01652763000582655,0.028947583832023074,0.029858551805097132,0.05035825200282607,0.02014815139384518,0.029327252192263835,0.07862413537770363,0.015507067231630969,0.031383853213905716,0.039834016288642964,0.11845400720930546,0.2557048549037754
2022-06,0.050070488042401134,0.02584959308761407,0.027433007918948517,0.02588987048147769,0.008518346540651249,0.019041022326532025,0.0558726405118295,0.022950378741426497,0.011807644606333621,0.019597672663961424,0.01542924115783658,0.007926651048636756,0.02912990877883657,0.04536565438573213,0.029029857358075627,0.015315984041810551,0.020465154343560634,0.35,0.2203068839643354
2022-07,0.05283556175282859,0.024163416748268277,0.025099205644945454,0.024830772563142006,0.00871410564075497,0.017788958722887157,0.05789238382696405,0.02234297895801888,0.011181006992116393,0.019694698887460473,0.015255024193533187,0.00820706912979279,0.029233940473138667,0.04436050948770876,0.02855272048790326,0.015403976750009615,0.020623915748959196,0.35,0.22381975399156825
2022-08,0.0538072328647973,0.02337032274018485,0.025098789012043248,0.02540563637223244,0.008147342547885099,0.017343685465663526,0.05677515128742279,0.02296783311141683,0.01124947414133693,0.020068999429026377,0.015199317428289078,0.008544072955983834,0.029677287992825267,0.04498685909869985,0.03045365502135781,0.014883497784327907,0.020601251701539446,0.35,0.2214195910449674
2022-09,0.05320068345208638,0.02329597849493443,0.026315124121486722,0.024469429346661624,0.007922079516139493,0.017522995521058432,0.05404616078130926,0.022577590949875815,0.01139764365672941,0.018642206621363535,0.014625087403464479,0.008398026625198788,0.02975673585087477,0.04582280141421031,0.029881941581486236,0.01490933851813768,0.020143198209678744,0.35000000000000003,0.22707297793530393
2022-10,0.052600793368290794,0.024534796895795814,0.026368150748482356,0.022588211833699755,0.0076216917839190415,0.017327431843765003,0.057675555030529235,0.023465230494980116,0.01102270726389318,0.01877279703054241,0.014660737383287293,0.008868957201900386,0.028321074535834614,0.0425033591562156,0.03004176680037177,0.015261037219515296,0.019729807110862856,0.3490801000875727,0.22955579421054192
2022-11,0.10223664607607955,0.04215156740390497,0.022136605546330696,0.0678508967520654,0.028773694562208695,0.028342961410179203,0.05186359401274308,0.05081313499248238,0.009946079449318638,0.044974291845575914,0.025570339593376477,0.06736293530026931,0.02820233389912577,0.07507356671587927,0.08386279754894564,0.03161083376380732,0.04739296037856859,0.1308112661856541,0.06102349456348502
2022-12,0.10327446985426275,0.04354883803563448,0.021302942182640543,0.07061585718845242,0.028545688027344404,0.02882631161075812,0.052104700742579696,0.05183787975576558,0.010098069992093216,0.0452574999325689,0.026054322090653528,0.062348397586658326,0.028575635367844625,0.07652826965698496,0.08323248484039059,0.0314295074696265,0.047239321418987366,0.12967275572651377,0.059507048520240254
2023-01,0.10607909170373875,0.04467728041990165,0.021027642399200543,0.07690999709252914,0.0283230332880856,0.0281936919845559,0.054704534120089264,0.05393465920856609,0.009632405311052491,0.044646120197709964,0.025562110067438956,0.04960155601152253,0.02881300030693985,0.07962162007587412,0.07893613621756637,0.03092987429312059,0.046085395942000444,0.12788299046502546,0.06443886089508244
2023-02,0.10123352303969839,0.04608680820577606,0.020466602348413167,0.0790533861157709,0.02935379258060804,0.028904862952390472,0.05148976347023951,0.05479709109624322,0.010125170305865372,0.04637835442042053,0.025909723345235693,0.05162987139862954,0.02900143546115078,0.07592877551172962,0.08199924902710808,0.031102003196100785,0.04713647230826373,0.12585411914956218,0.06354899606679379
2023-03,0.1031973759687293,0.04585971571097809,0.019808098893857828,0.07656008941299074,0.030329566700288916,0.02865287453689294,0.05004864067725046,0.05494613440336728,0.010725692720402783,0.049961655096578884,0.027198451044523685,0.05814595052093028,0.030144389612237747,0.07162171344411493,0.07918989845829462,0.03153955147422706,0.04795270335106154,0.1204692286514814,0.06364826932179156
2023-04,0.10422820585367197,0.04507100312205063,0.01965836171542288,0.07585894896262796,0.029595133380622436,0.027018124465837803,0.05050726586924237,0.05323643308790475,0.010170453056059413,0.047607790954083476,0.028012489113804318,0.05610324022011529,0.029612830500826515,0.07331878278300398,0.07960668305337253,0.02819826751031972,0.04964377009501951,0.12702583514442078,0.06552638111159363
2023-05,0.10717372319783622,0.04366781594858457,0.019970517660735064,0.07636316608593785,0.029222688914270694,0.02639627407992096,0.05274146410909425,0.054414921113584994,0.009661752121005724,0.046150852587024976,0.026593087784629765,0.049865792981355586,0.02892508680904292,0.07415364041180894,0.0804318556939611,0.028473302744811944,0.050249502718805635,0.12706245926394613,0.06848209577364277
2023-06,0.10286998793567245,0.042985250305276716,0.018968233188706028,0.06688537490357269,0.02861096762357537,0.02526716005242481,0.052091128300410454,0.05472028698688561,0.009518092253707325,0.04606641046441159,0.029924422837647534,0.056213584977300064,0.029598463940289584,0.06949150789215765,0.08543666655982747,0.028553020095526387,0.0540625555456732,0.12764104141732863,0.07109584471960648
2023-07,0.08501121090287929,0.016266341544029513,0.037766146123512055,0.03271938246317126,0.04244552558157821,0.0445605509082963,0.0743821847016178,0.04669745599504829,0.021156566795876703,0.04599157026119492,0.03059509259518468,0.03918153918350959,0.04437610262856097,0.08705612929044566,0.0580078644170842,0.06154540129461476,0.05242459248265883,0.1369661642640441,0.042850178566692716
2023-08,0.0846874454361937,0.016691126356466957,0.03864814318120311,0.032509273407520405,0.042679663536688985,0.04516058974959098,0.0726200989332719,0.04719033510402998,0.021256584827554142,0.046032061281051674,0.031035372111573655,0.03899166166926239,0.04497581035328979,0.08751990059943651,0.05791419745946878,0.0626648530473498,0.05269478433350666,0.13371799364828146,0.043010104964259305
2023-09,0.08248086220012958,0.01647738567306488,0.04002444888953431,0.03169391961947452,0.04408004036617034,0.04423316302032019,0.07576694801930445,0.04768011065162648,0.021518117417490417,0.047396850063384635,0.03157867368682585,0.03876830644006194,0.04427579504367223,0.08339496543057057,0.059022048633442126,0.06195203945229298,0.05257176051473418,0.1340663158983475,0.043018248979552844
2023-10,0.08252519882069953,0.016618139471570013,0.04316203576695923,0.032103053329054776,0.04341923046579354,0.0443140609063914,0.07641305183195142,0.04668874174473161,0.021903318959673613,0.047269028226501794,0.03130730641765369,0.04029192999032785,0.04387295475001898,0.08208657170855423,0.058990854618371114,0.06468031332097188,0.05258480982022666,0.12814143688888374,0.04362796296166506
2023-11,0.09927849051284672,0.04398139192736668,0.019455246304870114,0.06742699844548428,0.029551706667569774,0.0259755576809565,0.05276257360588653,0.056364608022496446,0.01028904362687144,0.04829121428171535,0.03048236062418889,0.05789164383632961,0.03049185317125771,0.06860885494338834,0.08640402436235617,0.02905687099339867,0.054548454072018776,0.12100022183663275,0.0681388850843652
2023-12,0.08226169899308737,0.016575411867105583,0.042201673218671756,0.034137796285164015,0.0405931264034322,0.04320643049186944,0.07760605539602537,0.045808764921632064,0.02202216360819442,0.04667490003841867,0.030761866237397868,0.03671378837366115,0.04449883017348246,0.08569815668463138,0.06212541664392814,0.06608924424997599,0.053747933595657084,0.12550088941696652,0.04377585340069845
2024-01,0.08175746903753077,0.016719098310988067,0.04122313960568933,0.034057009755040064,0.04107497877760422,0.04362692520416459,0.07667468838254263,0.04678474373022342,0.022188083388902755,0.047053752729185314,0.031175874956145787,0.036544710177860505,0.044857438207872934,0.08462016254239774,0.06222706372423124,0.06646702300464068,0.05365051455683921,0.12561241631088188,0.0436849075972587
2024-02,0.08235239282768443,0.01652591972683488,0.04159515607311721,0.03317166885910515,0.04052044887259682,0.04197566047540127,0.08020410843287169,0.046794150422663106,0.022559619003968898,0.04695497225262925,0.03250922724744965,0.03306098409405538,0.044570352073909,0.08246314076191551,0.06336533715197648,0.06740954094118413,0.055091239750891856,0.12517031915879087,0.04370576187295453
2024-03,0.08080241434860543,0.01664352115099286,0.041567438309212126,0.03363403646798954,0.040482442669695924,0.04162137848606527,0.08038393350961294,0.04756813786824149,0.022772478721939007,0.04829171296550863,0.03367237648839197,0.03344315088157558,0.044821763947278534,0.08204751035026078,0.0645921736083795,0.06664662208351133,0.054839275337364005,0.12218614981688829,0.04398348298848683
2024-04,0.08138723026618863,0.017049333049936086,0.042372904669958404,0.032058514962865124,0.040926978558430804,0.04221713687331298,0.08036697270920036,0.04815146907113582,0.022758755657097476,0.04878233810776097,0.03402252679149499,0.03230155938521017,0.044629331856725164,0.08363441486514647,0.06452492378409917,0.06759684882388553,0.054554459064646246,0.1193848072165204,0.043279494286385174
2024-05,0.04777322836899969,0.020274723012570012,0.0986017514712606,0.012376219157643096,0.010395928392342617,0.031232099507618346,0.0726475286349824,0.017463260934828972,0.02772529792519592,0.029875523433188222,0.05196491388507464,0.019177653021878988,0.02891415054734575,0.08114129287756314,0.015490552637295813,0.03266404417780718,0.039435884200603365,0.11919192563200055,0.2436540221818006
2024-06,0.08385809077137318,0.0174318789500616,0.04321693320008762,0.03127869629582947,0.0395787261108732,0.0420097143476334,0.08119954071644188,0.04597774942186203,0.02193586455290589,0.05011050708980511,0.03393516865018519,0.03288256264501984,0.044228691936506824,0.08822549023853098,0.06542451168273819,0.06837256417478431,0.054049277606868416,0.11198965659677952,0.044294375011713336
2024-07,0.08189886296251238,0.017047487784899465,0.04294890623221296,0.02880104377688206,0.03878513235813402,0.04025159157599379,0.08337611247545045,0.045362379342115275,0.021474518716655056,0.04824613926767897,0.03548747499573064,0.03437781423229028,0.04460643416737424,0.08447912557826892,0.06790263295017046,0.06829545645291685,0.05660888891613876,0.11593080574861649,0.04411919246595892
2024-08,0.08226856751640664,0.017034214307439757,0.042547992188599365,0.028177815670308703,0.03916168066932937,0.04043911144551187,0.08150230911041406,0.0466616884334516,0.021608972705014745,0.049361511693335386,0.03453319089161203,0.0350475714112646,0.0446874246308084,0.08593647006428934,0.06593261062069418,0.06944352917233243,0.05571846930797787,0.11607634417584886,0.043860525985360777
2024-09,0.09773373174738792,0.04372015035912518,0.018632329200851387,0.0660598656012264,0.029469624653317344,0.02567118352209528,0.052749155920597576,0.057041583698474126,0.010480907002433832,0.04947125373243498,0.031399967110423414,0.057279167383447314,0.03108247599360766,0.06921808599415027,0.08591998277842164,0.029839565231629943,0.055496869908368655,0.12071028624939188,0.06802381391261529
2024-10,0.09564055109727514,0.04427539404653822,0.0181102544463913,0.06605279953467276,0.029360208479032503,0.02597790387701699,0.04965611670405916,0.057619939553325124,0.010591871967777833,0.0499906642420339,0.031301132034174506,0.05864508012668069,0.030772713660638804,0.07128420807612273,0.08505731501304577,0.029190227630417436,0.055028308335503845,0.12129764522871983,0.07014766594657333
2024-11,0.09111225124836089,0.044463174286626286,0.01820157160524945,0.06404396003836081,0.029532805506389863,0.02571509659322009,0.04852888653320182,0.057519372073501475,0.010560153753094402,0.051121885471526164,0.032220623472110015,0.05932981606732619,0.03137343372450589,0.07382859148771191,0.08764919983230787,0.030583918689536423,0.05628718091921343,0.11288516971603657,0.07504290898172042
2024-12,0.08802850032823496,0.042691205780919936,0.018694317940088856,0.06406242269649091,0.029638129513465044,0.02522514150791101,0.0474774693181179,0.057881538919624165,0.011018302069352337,0.05329166803161346,0.03192147997158254,0.06088298697290295,0.03178545566975573,0.0752051413793027,0.08851264280332673,0.03195240797587023,0.056555961910237464,0.11226888307761212,0.072906344133591
2025-01,0.08252826317554995,0.016640005983479117,0.04121457359581012,0.028797599888016508,0.03831849073054483,0.03978442748916782,0.08329532290624887,0.04599415863270123,0.020645999474902983,0.050145855617243565,0.03426734822603925,0.03441144642277247,0.04466664783072357,0.08753505207524571,0.06606136238008348,0.06940525462011601,0.05609605404167147,0.11653245494619992,0.04365968196348319
2025-02,0.08004567766597123,0.016703993991410114,0.04094258010058954,0.02879689833833518,0.03819501134835537,0.04005470610614842,0.08346263157709549,0.04625688312451576,0.020943625169555807,0.05137603092704384,0.033300614587079995,0.034014618430118077,0.04465270084269987,0.08780528214098127,0.06723319208880486,0.07065681260951284,0.05638057760153184,0.11560033867412663,0.04357782467612395
2025-03,0.08425416318576726,0.016184493509496,0.04171636154273795,0.027720799764145213,0.036264994596277716,0.0388316455034731,0.08841434812981559,0.04467494897956643,0.02120119902671063,0.04892967251670232,0.032822582350487246,0.029883606197418307,0.04501297276686054,0.08987530149032051,0.06561744066847446,0.07096311825813914,0.055839053283999296,0.11855778831105228,0.04323550991855587
2025-04,0.08574294204226766,0.04037660868488863,0.01869828000965459,0.06687285359879519,0.029666007146835854,0.02392535732084366,0.04706069002859572,0.05238213103243508,0.010433602395561315,0.049996560932007786,0.03361052603759537,0.06705049216356565,0.031432571537460416,0.06950898629777842,0.09216587169636083,0.031377159964139686,0.05832742952413604,0.11228792483561882,0.07908400475145937
2025-05,0.08334045398131006,0.040951126023821664,0.016794761533999857,0.061885876881412595,0.028937977353071985,0.022798108915220164,0.047228565930054874,0.051836667675977,0.01061962801991167,0.05152274970337515,0.03363300143683636,0.06856285451874747,0.03134021818020061,0.06829964617240789,0.09221841182319573,0.030552445744265456,0.058466528488019795,0.11461829290920232,0.0863926847089694
2025-06,0.08013734051609041,0.0405648112872173,0.017054046616189877,0.06277842346085279,0.029088217007956347,0.02296899629877646,0.04426386358690808,0.05099179879478865,0.010899202131117176,0.05331654293013666,0.03546911088106731,0.06984466261601496,0.03235458264650353,0.06892193263757707,0.09219627602521621,0.03096204990090968,0.059012451520351616,0.11140029925846047,0.08777539188386536
2025-07,0.07786530045310998,0.041650244502922984,0.017060918486777724,0.06304521185676387,0.02930239355026929,0.022664092903259696,0.04353968823288584,0.05130095893802032,0.01110132384176659,0.054834328051520304,0.03728211907182669,0.06696119223346096,0.03279668232591745,0.06828344195336698,0.09357885101996925,0.03145935878787912,0.06032129976445371,0.11054843747696207,0.0864041565488672
2025-08,0.05460314629179482,0.025501550645863305,0.029174098151137924,0.023307059963306682,0.007518118130711732,0.017550444360530146,0.06032299289201624,0.024375102890134157,0.012029991646172399,0.020800318478177437,0.01577482555463379,0.008524474139264082,0.030451491409135084,0.043370531091103705,0.030634393223976604,0.016493468186085224,0.020841275541011953,0.32502233194816743,0.23370438545677724
2025-09,0.04586568698839805,0.02019962149967332,0.09421361867196913,0.012399619199361576,0.0103132200120045,0.031159417463725015,0.07184439642902682,0.01737604211631219,0.02755634730278508,0.02940816261188415,0.054563227680588425,0.018998958130086514,0.028915124856721035,0.08488256953254407,0.01572168203939878,0.033019244957283034,0.040280595837743065,0.11949890818232209,0.24378355648817304
2025-10,0.05423514020551658,0.026572185389325743,0.029198074638881553,0.023351563265563924,0.007558906925995604,0.0175517314385603,0.0612533293901341,0.02517772353258031,0.011875563314019979,0.020300396452456924,0.015305014156086498,0.00870041665859668,0.03037021377979064,0.04167224853950457,0.029608996906557203,0.016434133459591854,0.020570966544362215,0.325994253910501,0.2342691414919743
2025-11,0.05248883509075872,0.026475123102089933,0.02859289892397867,0.022005541002884543,0.007460793882506748,0.016878934323941136,0.06134111761982525,0.02422467409472055,0.012566889499699814,0.020199176043030394,0.016243545832496504,0.00879969954660453,0.030062138613883578,0.04114244770717051,0.030127201165983632,0.0160160796035745,0.020555050408878603,0.32161038838912087,0.24320946514885153
2025-12,0.05362881224593276,0.02655543565642584,0.028604721892310923,0.02223014406905944,0.00792328318587228,0.01720132826725108,0.06693254276089963,0.023688263105013083,0.012734279159649626,0.019656747983110737,0.01556798300649733,0.008534670413170256,0.02916373161121778,0.0415933604800036,0.02964521291867633,0.015992302568104414,0.020320012518362532,0.3205434879375949,0.23948368022084754
2026-01,0.07639844420302623,0.04205285588430965,0.01733058533007899,0.06333804894728919,0.029669287901046622,0.022566733135399888,0.04240388576886398,0.05181381306395091,0.011336702902708677,0.05434257166007895,0.0388808025083192,0.06641517858829733,0.032807697415084935,0.0698714020154316,0.09437635451513503,0.031048295377058253,0.060809454641702766,0.10794687549653402,0.08659101064568393
2026-02,0.08834013024222577,0.01685555528159656,0.04387780800616601,0.02429933217174027,0.03575104295665099,0.037928814277615554,0.0898011948232694,0.044385294513501615,0.020796192096057063,0.04826414179800221,0.0316097270411546,0.029375762461747234,0.04483013251841921,0.09352954182425004,0.06270671905016165,0.07114266863235305,0.05421340390125988,0.11893711120490962,0.043355427198919445
2026-03,0.043674744147265215,0.021140108791619303,0.0902170189968919,0.01193430315152671,0.01027512188456464,0.029614155968306986,0.07093858233313328,0.0170560718121155,0.027271097700730697,0.028528569471399114,0.05502565250162768,0.020786944133691143,0.028818957403136784,0.08493054639257867,0.015400313181641203,0.0322501515893075,0.039966271841521794,0.11921835412780218,0.2529530345711398
2026-04,0.04107311751789248,0.019924906577818185,0.10251976339858689,0.011819951182558752,0.010246457168361752,0.032094038386512876,0.06581540354236658,0.016656206643125768,0.027626273911779974,0.02628125686223063,0.05418397035315303,0.020862390342899436,0.02784721944950926,0.0854742624456258,0.01638201909941566,0.0328435022999822,0.03936957529549699,0.1210117720490706,0.24796791347361313
2026-05,0.041462188067737105,0.019889674251330827,0.0996552386616444,0.011462298078466654,0.01053007835079971,0.03242447033058012,0.06456155213496716,0.01734377047376927,0.02938664453661773,0.02616783698209776,0.0594599060956613,0.021010739993057977,0.02826233568551978,0.08631033119461433,0.017731483403443226,0.03449848972275519,0.041308184146488194,0.11796267599239686,0.2405721018980525
2026-06,0.041041652081148315,0.020645434726379048,0.09515487114537091,0.011826738237552287,0.0105010906630473,0.03169249822151939,0.06734470157906122,0.017083134856688123,0.03126183575367377,0.025795605029837555,0.06440041478942961,0.02248764495084464,0.029485357584869826,0.0817325902058335,0.0176239883745046,0.0345042646305706,0.043822439077696174,0.11884162023459177,0.23475411785738143
2026-07,0.042407890213431186,0.019805747248580082,0.09286042447524961,0.01152368966512543,0.011267072050137541,0.03119839174733184,0.07266672051894986,0.018271574634236256,0.03086456446341437,0.029557548884068106,0.06782796351613721,0.02229888871684966,0.030621362821134198,0.08547667522001204,0.016760817163528594,0.03646082769100147,0.04178676714723106,0.11953910549364292,0.21880396832993868
2026-08,0.04475348944349595,0.020117962566694653,0.10367112102849918,0.01193955065838813,0.01115076668008317,0.03159461324979518,0.07435099687335814,0.01747060099257669,0.026815904947799635,0.029520669819257328,0.0623599255300138,0.01976707979663984,0.03135601071004058,0.08467501343693168,0.018333645410954502,0.03865020237381503,0.04448427230649583,0.11632414809856591,0.21266402607659465
