,Food,Mines,Oil,Clths,Durbl,Chems,Cnsum,Cnstr,Steel,FabPr,Machn,Cars,Trans,Utils,Rtail,Finan,Other,UST10,GOLD
1990-01,0.04542377682332577,0.035131286358245514,0.048391148567837446,0.03559099597500861,0.03894321575381475,0.0365770147048216,0.04647824987219244,0.031284583617981504,0.03607018591357008,0.03937047421930409,0.03731001645497351,0.03973541421027142,0.03380005747590332,0.06339658661568351,0.03639703939111803,0.03952691698377186,0.041359759495091526,0.19355916383830338,0.12165411372878163
1990-02,0.04517853700021283,0.03566799520827368,0.048472438615450565,0.035519977115103976,0.0390491844063008,0.03658263435317309,0.04641167936444625,0.031435989250061816,0.0360155117939061,0.03953604578816489,0.037615901961447006,0.03998401103880633,0.03390420075039027,0.06327918879930035,0.03651200246040014,0.03941040671059863,0.041110979740774024,0.19222976445267292,0.12208355119051637
1990-03,0.04519301687790929,0.03567625435049949,0.048460363254205205,0.035518554119074126,0.03905229183659812,0.03657753385294049,0.046438853930774356,0.03142866294226037,0.03600750222406198,0.03952457233565988,0.037604075499371864,0.03995771758969491,0.03389373345654669,0.06329439300314275,0.03651073395437798,0.039404874020362364,0.04111360280122742,0.19227008847500762,0.122073175476285
1990-04,0.045184159734222226,0.035681944810295525,0.04846309404604777,0.03551270977524485,0.039046769632781406,0.03657705410675662,0.04643138319004057,0.03142434587252069,0.03599941972709002,0.039517757570872176,0.03759893185537424,0.03995366447812932,0.033888826778530196,0.06330140049597469,0.03650541368442796,0.03940840944948861,0.04110888425012492,0.19227935398732487,0.12211647655475341
1990-05,0.04544044431165009,0.035606090391993805,0.04850290297778261,0.035651749549822295,0.03902997064179792,0.036650932223344444,0.04677599150808704,0.03154946187446951,0.03597567489758645,0.03975324511930824,0.037769306219604414,0.040011451819919296,0.033955685660249195,0.06304944141933598,0.03662413664874055,0.03946278642319453,0.04121419334306998,0.19151653107054809,0.12146000389949546
1990-06,0.045195292111759114,0.0356391551026515,0.04857122438343685,0.035784983137693224,0.03912562982435609,0.03673721123050517,0.04657748868719091,0.03151097592329749,0.03602268225661724,0.03977217922761167,0.03769879343394952,0.040013347552988736,0.03404088350629995,0.06311757594426115,0.036526699499717756,0.03942679650500823,0.04111882614739788,0.1904524723636451,0.1226677831616125
1990-07,0.045238604771394866,0.035584802037754236,0.04852969535141996,0.03575330267125511,0.039131305283509464,0.036716825025882374,0.046700839308442973,0.03149206312956604,0.03602922858285691,0.03980801425920965,0.03769256234393203,0.039987353323446787,0.03404066482760061,0.06313514115052667,0.03655970935911275,0.03940437716111697,0.041095011162846744,0.1908449365738213,0.12225556367630465
1990-08,0.045235570596407204,0.035613678625992184,0.048575851045666286,0.03573569009431202,0.039108218683766766,0.03671427871640609,0.04671529534582505,0.03149215626690993,0.03604696707405029,0.03979568313797343,0.037674153662967856,0.03997188116242587,0.03402753068980627,0.06313950991669412,0.03654326644738457,0.03937892509623828,0.041070412675048545,0.1908760874167256,0.12228484334539952
1990-09,0.045281511288753316,0.035642236016360566,0.049032961615700796,0.03538611678639481,0.039180375209447116,0.036466872450940616,0.04669808339601162,0.031444511614607346,0.03594268214085519,0.039469791247052216,0.03742621430239677,0.039600397676136954,0.033880273566454414,0.06284931959643386,0.036360381170595445,0.039216201094429054,0.04088127522895491,0.18956759374737364,0.12567320185110145
1990-10,0.045321800293785276,0.035811535116146966,0.049162647454133436,0.03503400026525745,0.039067344430081245,0.03641223525897507,0.046643667959632096,0.031368844519687196,0.035931720476209524,0.03923287805864352,0.03734566037243456,0.03931806250360245,0.03382266138238943,0.06323286249949249,0.03619697738215962,0.0388874056562884,0.04094075705858177,0.19090838030859458,0.12536055900390475
1990-11,0.045495958257995524,0.035524528937833706,0.049042221550059086,0.03489482149418049,0.03899120750004377,0.036482162073742885,0.04676686213413915,0.031295977721966274,0.03574431221393522,0.03919806871400159,0.03728606018139847,0.03929320560805424,0.033859121682391045,0.06371619116149367,0.036161685510579064,0.038737424944134,0.04097504795214082,0.19146630619777982,0.125068836164131
1990-12,0.04558992488647916,0.035832550711210734,0.049292928290697896,0.034725780129993895,0.03885385941505768,0.03639758867182272,0.046658510055446474,0.031253183778919336,0.035881449282568804,0.03915352256878209,0.03719036977778368,0.03947015792359535,0.03395992745252562,0.06399637027854897,0.03605213417311525,0.03845171924024956,0.04104240756103122,0.1906272666594197,0.12557034914275192
1991-01,0.0455702416631086,0.03575409668488449,0.04940088175288871,0.034673508739051485,0.03886180748108477,0.03640123983800406,0.04665521320434531,0.031242563069559248,0.03581989868292578,0.03918204132678121,0.037166916140004995,0.039536385778843566,0.03394503995024304,0.06405535726742509,0.036059902713783176,0.0384157624687535,0.04103272611359697,0.19043325322856527,0.1257931638961505
1991-02,0.04559601369468615,0.03610301020354069,0.04967418796750401,0.03442441760647372,0.03874581844111414,0.03638232249918491,0.046759214696913624,0.03119490965908953,0.03573478456772074,0.038975060152786546,0.03695359539708851,0.039481478893685244,0.033853574941497586,0.06441668184949893,0.03592379487465507,0.038339583445206764,0.0410176415518964,0.19064665885112966,0.12577725070632767
1991-03,0.045272623258705555,0.03598429787940957,0.04942305568974664,0.03418239020836385,0.038644878361975415,0.036376683405658056,0.046547129753441725,0.0310549179502183,0.0356869101728969,0.03895443104028826,0.03691650313310319,0.03926301478049037,0.03393898153033801,0.06430801637705777,0.03586104814480139,0.038139172875788475,0.041011462007195604,0.19130269463945074,0.12713178879107032
1991-04,0.04523694539776112,0.03600535563351308,0.04942567296346139,0.034171884648173674,0.03862662678629556,0.03639015441523311,0.04652550511707019,0.031064127163533805,0.03569458947121421,0.038940489304964666,0.03693195322826133,0.03928656255436924,0.033950595229942156,0.06428959793979826,0.03581706678260033,0.038114009791019726,0.041004662721069625,0.19135063237673863,0.1271735684749799
1991-05,0.04521365438142463,0.03601138689252277,0.04945189178769092,0.034182660268261625,0.03861963762299722,0.03641370768770836,0.046513924818080594,0.031066729074483844,0.03569597886244522,0.038944237705517366,0.03691800412550444,0.03927160717024494,0.03396047343084958,0.06428289165942663,0.03582970974156404,0.038127670823026955,0.04100710375144879,0.1913967906107894,0.1270919395860126
1991-06,0.04521584850662777,0.03604550657050024,0.04959297764338103,0.034204622533042975,0.03857161089372287,0.03629206429397599,0.046486023078309825,0.031006526620194624,0.03568250807835474,0.03887660986900182,0.03687017935091664,0.03899612173498556,0.0339121232305734,0.06440425003566486,0.03575927095354368,0.0380993013730115,0.041015222215626417,0.1916888402082955,0.12728039281027073
1991-07,0.045123229129941565,0.036297759248594505,0.04949877945494583,0.03425340091171141,0.038511005522069486,0.0362828654449737,0.04640808986347774,0.03099757025179007,0.03564455889651253,0.038964479872951804,0.03676200561517335,0.03899141946204318,0.033905653325721374,0.06434969106286623,0.035730700820392154,0.0380462924635698,0.04098991929045869,0.19157209306209574,0.1276704863007109
1991-08,0.04504891596477822,0.03639517891272001,0.049441906455132224,0.03422982988829195,0.038507400170712525,0.03625926314909397,0.046293118736737505,0.030984888123439507,0.03562849012919134,0.03895493350357659,0.036772071905233975,0.039084085384814254,0.033887945569704946,0.06428005798577113,0.03571496622753042,0.03800829072727378,0.04099411089199486,0.19170730405690883,0.1278072422170939
1991-09,0.0450283786657079,0.03644352904916848,0.04945466307909057,0.034217650638469634,0.03849271446706317,0.03627225402472245,0.04629384031986389,0.03098441212410969,0.03563625943039328,0.0389547577770442,0.03678042748284741,0.039124709894391,0.03389791294870641,0.06426592678032485,0.03571242696365185,0.03800097247457226,0.0410020295962891,0.19146967700310258,0.1279674572804814
1991-10,0.04495070025397068,0.03647591584894627,0.049426591348643835,0.034238213494900444,0.03849988131604322,0.03623516425776224,0.04626772761942612,0.03095875691054535,0.03560534756048565,0.03893914138309487,0.03674770429819091,0.039096030892146985,0.0338901903707407,0.06433942335214737,0.03566859820585221,0.03798922854915244,0.04098518884236079,0.1918989213563564,0.1277872741392334
1991-11,0.044951994020439374,0.036476229469893665,0.049427139538361954,0.03423974523383597,0.038499213649002474,0.03623520509967619,0.046267075842523035,0.030959938983382132,0.03560609802349938,0.038940210139482956,0.03674838710123793,0.03909774828758494,0.03388970231914516,0.0643419212975116,0.035669945888706,0.03798932631411951,0.04098493042984334,0.191890776083117,0.12778441227863727
1991-12,0.045044787464685,0.036548860927582943,0.049140630913257925,0.03421460394190522,0.03853341945513465,0.03615640286325303,0.04624636879927735,0.030978406710000492,0.03549409229378588,0.03885802822922798,0.036675451566123486,0.03892304849301086,0.03379904318562443,0.06456977564931914,0.035710840614167516,0.037909892935781966,0.040899654892657386,0.1924886419564675,0.1278080491087372
1992-01,0.04468829780662655,0.03714211869765961,0.04978016191481919,0.03414453854893855,0.03859659029275232,0.03624589406176285,0.045776855931820924,0.030913896267992836,0.03571240174837725,0.03889625221797355,0.03677896190750472,0.03921407439251634,0.03384223286110187,0.06502551095469777,0.03569137779813142,0.03781879081795384,0.04081808917167668,0.19000350620674136,0.1289104484009523
1992-02,0.04465785353651463,0.03723993583708569,0.04974454695257465,0.034225594245667554,0.03869331860021742,0.036282030671064835,0.045745593339523306,0.030964852521439032,0.03577548182019553,0.03897614159451316,0.03686485106672041,0.039365561369685526,0.033879868792667085,0.06495000307253296,0.03573393556009439,0.037869576557746226,0.04086774293403511,0.18933721906227238,0.1288258924654502
1992-03,0.044675212748597315,0.03725363391348568,0.04976286407383484,0.034218815446348076,0.03870486028660092,0.036280752729948754,0.04577350858971766,0.03096751875971301,0.03575017145825735,0.03896971126723401,0.03685110446309004,0.039283766885155696,0.03388289567993912,0.06497936860902528,0.0357348383419658,0.03786527274530684,0.040880087346933075,0.18930613336734645,0.12885948328750002
1992-04,0.04474017058082197,0.03715560301329767,0.04976664129703473,0.0342802620004137,0.03871652569509352,0.036402476614416944,0.04571695498927051,0.031026909429966977,0.03583023876777716,0.03895752619336462,0.03686336028352865,0.03943421325545519,0.0339373234586365,0.06510571498944505,0.03579652362104933,0.037953575324164,0.04090670792730839,0.18883995098882728,0.12856932157012793
1992-05,0.04474424884335222,0.03716198624763561,0.04974453863993055,0.03428707613911823,0.038718088583840266,0.0363954009572121,0.04572054256113256,0.031028675300125656,0.0358265945235756,0.03895725413907098,0.03686443775914781,0.03941763107702207,0.033935768680492924,0.06510048013686694,0.035804967771883946,0.0379544100911481,0.04090656114490435,0.18884063798812536,0.12859069941541462
1992-06,0.044744635874946745,0.037162220391182416,0.0497451074783203,0.03428747751782912,0.03871832857995004,0.03639571235115525,0.04572098092522634,0.03102891309594687,0.03582682507053103,0.038957532587408965,0.03686474046911998,0.03941790136265355,0.0339360634639901,0.0651025149808383,0.0358053406889807,0.03795461992644869,0.04090692883312731,0.18883333060126747,0.1285908258010769
1992-07,0.044708416441503675,0.03726573018282431,0.04965847917874289,0.03422185897312905,0.038661826531713274,0.03633730359455255,0.045604385187547634,0.03098642577710703,0.0358612618265495,0.038862685773758364,0.036846794275745526,0.03949032401691245,0.03389537323553404,0.06511176375962156,0.03579544477688995,0.037980293366182576,0.0408758063560495,0.189236645217625,0.12859918152801106
1992-08,0.044749530270584335,0.0373975617705622,0.049651518613135895,0.03423253507731476,0.038676021561240476,0.036387600655847605,0.045591038756596404,0.030999080203782236,0.03599446913248442,0.03887276541007488,0.03694580391651462,0.03966489621933414,0.033989820542939926,0.06495266711679537,0.03586922717499582,0.0380528701538866,0.040929279861878096,0.18853208733909324,0.12851122622293898
1992-09,0.04485805467441107,0.03735382015997422,0.049819130416609216,0.03426001722214066,0.038690955574688345,0.03634378644854856,0.045528839489430546,0.031050468432457196,0.03586254344932638,0.03893510345871561,0.036906063459341915,0.03944105836866359,0.033952639215583474,0.0649586231116262,0.03591550385847636,0.038025778002265795,0.040927406509742546,0.18904490160282353,0.1281253065451747
1992-10,0.04486339455667335,0.03735808365051669,0.04982749851875152,0.03425727120782543,0.03868692369609712,0.03634811164358442,0.045550279086347296,0.031051064955767562,0.035867092076241766,0.03894231036946185,0.03690287107637453,0.03944915891694976,0.03395448274615001,0.06496975864720163,0.03591035289516944,0.038023116973557786,0.04092902000781289,0.18897258152211696,0.12813662745339996
1992-11,0.04486622471283605,0.03733344649787949,0.049791424121675754,0.034281700697700715,0.03869417065122975,0.03637339578589091,0.04561761714715812,0.031087441168234465,0.03590234271325859,0.038983074416085735,0.03691608010616145,0.03946850090351133,0.03401303114903363,0.06500029478636694,0.0359726390971331,0.038077482319350604,0.04098329839579352,0.18848454909412385,0.128153286236576
1992-12,0.04485251091613081,0.03739323416266745,0.049839940282174575,0.034230562350512576,0.038649272487302926,0.03637069296863696,0.045594973448355766,0.031077338921659342,0.03585580013132871,0.03895731891501879,0.03687619986231929,0.03940450449633448,0.0339980529541316,0.06502535544443401,0.035935336944317955,0.038031081060110036,0.040936743926595166,0.18867969136047255,0.12829138936749693
1993-01,0.04487340415384575,0.037387420469568285,0.04984461175585132,0.034240906477161714,0.03866748249697795,0.03638140781734067,0.04563499533425948,0.031082046965330016,0.035847548894552224,0.038958468521739655,0.03688348241964103,0.039395120376369816,0.033986278292317054,0.06501865955926979,0.03595337567824686,0.038019173091005144,0.040938617068770555,0.18853286290584173,0.128354137721911
1993-02,0.04489347434466629,0.03740237761875645,0.04983812739175585,0.034251592202481425,0.0386502426940989,0.03639502653360772,0.045676262558421436,0.031089513902855182,0.03583663156598937,0.03896177425565895,0.03687854020624632,0.03937284674493087,0.033990802934965564,0.06501440535760225,0.035961750977525006,0.03801830384297963,0.04094393241621804,0.1884151838227922,0.12840921062844843
1993-03,0.04490262259694554,0.03739843500887782,0.0498276755065036,0.034256927102966475,0.03864972959225251,0.03639611571917643,0.04568839863372592,0.031086468668951317,0.03583712996734234,0.03896560991712406,0.03687969740498704,0.03937443547645989,0.033994107641238946,0.06499406026829689,0.035966639794056315,0.038019037766959696,0.040947735085098,0.1883802685609455,0.1284349052880916
1993-04,0.04493982208200413,0.03733113289101362,0.04980767790777462,0.03424903811914079,0.038636639113401504,0.03639955550388636,0.04571544583398276,0.031097823305110198,0.035866407823264994,0.038950297222112115,0.03687876984658317,0.03933920543415484,0.0339748271519211,0.0650089960929385,0.03595623234427075,0.037998743624196654,0.040946653320435344,0.18843006105965837,0.12847267132415005
1993-05,0.044718717534039415,0.037370528030210536,0.04983416946988854,0.034195028265611147,0.03856682097068661,0.03645733673098739,0.045751588742525426,0.031078714630159248,0.03585119266794069,0.038953853855336514,0.03687217239693123,0.03941916414906048,0.03400972460438264,0.06501519608107786,0.035860768117666,0.03795785652973333,0.04091470774131872,0.1884681367753873,0.1287043227070569
1993-06,0.044709956616341,0.03734187218158239,0.04986525243142769,0.03421626323407459,0.038557596018987554,0.03647665135246973,0.045760170494174496,0.03108747869137842,0.03584070868810698,0.03897620607880722,0.036819314743705256,0.03944975839470283,0.034016890972765446,0.06509910490230682,0.03582372216420867,0.03799684179565321,0.040877134625636524,0.1888399305334602,0.1282451460802111
1993-07,0.04469941110123563,0.03734602572006322,0.04984976155704869,0.034189648521937704,0.03855198246148933,0.03646051738628377,0.04574070154567835,0.031079796768366554,0.035841795103109836,0.03896289211017218,0.03681634675417776,0.03945934704129047,0.034013209796030106,0.06511280555787975,0.03580898436565089,0.03800313322890844,0.04087649416955421,0.1889470709228499,0.1282400758882732
1993-08,0.04468941037763772,0.03735637746040165,0.04984699778738936,0.0341812097375435,0.03855584751295312,0.03646116634073363,0.04571669772666977,0.031079421789341737,0.03583603690070769,0.03895446793156786,0.03681194456875048,0.03946428757752274,0.03402097071235938,0.06512357861590559,0.03581045489413897,0.03800757254801277,0.04087405624117628,0.1889192016547799,0.12829029962240784
1993-09,0.04468608097170925,0.03748359234717406,0.04982063249604745,0.03417355140879246,0.038503906924480386,0.036466630909830766,0.04572336634668869,0.031090117680364834,0.03583822162876968,0.03893562174038639,0.036785025551034675,0.03952461418713615,0.03402118769817426,0.06509885161980497,0.035817383238950604,0.03802460914930813,0.040868080132695224,0.1884943612535547,0.12864416471509743
1993-10,0.044660822004519075,0.037389967532205255,0.049925847132046314,0.03415388772636732,0.038539427304161905,0.03646352462867714,0.045754531058525214,0.031100844919594355,0.035816707257035674,0.03899893793238915,0.036815466359598974,0.03959203231992153,0.034060551015123786,0.06510852233920415,0.03585902166322148,0.03811727239805489,0.04093562978579279,0.188722724060604,0.12798428256295713
1993-11,0.04460047575721724,0.037341716041205356,0.05001360206528939,0.03414126866857747,0.03851623589632273,0.03646986960747081,0.04567666841794558,0.031102101425308257,0.03580733339272122,0.038940628809318124,0.036834836463612984,0.03949388350727174,0.034056726631011586,0.0652314461312181,0.03583439305506297,0.03819953133777923,0.0409316884538014,0.1889035808168269,0.1279040135220388
1993-12,0.044647442218932236,0.03734370441110645,0.04991904689920281,0.034184543926588866,0.03855031087298778,0.036522986155966865,0.045769274201214225,0.031164980506688766,0.03584696208883678,0.03897693825577548,0.03688441340839863,0.039554509744415337,0.0341074673580036,0.06508171483818785,0.03588438783890975,0.03818775147601538,0.040922486371959055,0.18829434279205165,0.12815673663475854
1994-01,0.04465791284530562,0.037269692615789295,0.0499440953825086,0.03420792975040022,0.038558096328943296,0.03652344622531412,0.04578269327068935,0.03117558339633172,0.03581450659141654,0.03896471853910637,0.03685791874625774,0.0395347275655835,0.03410593523526855,0.06507690712387208,0.035935567266195366,0.03818731184789895,0.04093363400273204,0.18835761318027075,0.12811171008611597
1994-02,0.04471737501754512,0.037294306861998985,0.04990630026287528,0.0342563607598505,0.03856358160438682,0.0364676398425376,0.04580886113868482,0.031181540496341774,0.03574326331672373,0.0389915414780562,0.036841958586251194,0.039470690578584516,0.03410189220727524,0.06518624703270803,0.03595392587994303,0.03817207931300356,0.040918689163850545,0.18826950209423116,0.12815424436515183
1994-03,0.04482548855887181,0.037386875156337464,0.049919106326955606,0.03440467864606913,0.038655776995684475,0.03656061387007824,0.04576684306009267,0.031288709328211886,0.035782137956487096,0.03909701137294402,0.0369872083364493,0.039459980644217456,0.03417171935506638,0.0650274939507556,0.03612041896015093,0.03819575673879784,0.040953808775557314,0.18725547984779042,0.1281408921194824
1994-04,0.04491826448853224,0.03766943001943385,0.049976285240929716,0.034612656482772286,0.03878393987711794,0.03669111132507345,0.045681980354686076,0.03137371175992421,0.03581407186411332,0.039169432857150674,0.037090721692098996,0.03944750241199262,0.03423874579287514,0.06503678024279387,0.03619401475649957,0.03833542392068301,0.04100334159796347,0.18539663951943328,0.12856594579592626
1994-05,0.04494901880645734,0.037593663036621976,0.05006792613421736,0.03463237631125342,0.03878318230750529,0.03672909897609006,0.045763514207702416,0.031390950602393726,0.035819017182486326,0.039187645660659035,0.03708579574198158,0.03946810219118728,0.034253377105640886,0.06510987561207349,0.03620563733388632,0.03837663080574181,0.04101913831706448,0.18509201065778288,0.12847303900925433
1994-06,0.04493845471192673,0.037601781682292314,0.050074510839175745,0.03461818906212957,0.038796856261311,0.036749497098749355,0.04578789910156925,0.03139724452062797,0.035837091093993974,0.03920620265642005,0.037090699435467445,0.03945705862190482,0.03425274875678426,0.06502853927584655,0.0361947328779917,0.03840302451305272,0.04103486688219921,0.18504484945609742,0.12848575315245991
1994-07,0.0449633739104728,0.03760570501052596,0.05003664725251102,0.03460256486143448,0.03881122151635848,0.036747194122927686,0.04576211078885581,0.03140175252069992,0.03590721676305366,0.03925383005820099,0.03705961896387613,0.039445302653758736,0.0342769139639001,0.0649191414819358,0.03621264527454179,0.03840722837690173,0.04103770778879723,0.18489512715837297,0.1286546975328749
1994-08,0.04496394118971556,0.03762642028890574,0.05002515837588804,0.03462286096015124,0.038821384348146276,0.0367415358602031,0.04579059320604859,0.03141091385105316,0.035870639042614255,0.039302863827893546,0.037042675757629484,0.039443232868886687,0.03429835593558942,0.06484156982969065,0.03624488601002998,0.038417592567594055,0.04103495721259869,0.18470648118556465,0.12879393768179687
1994-09,0.04488999540215266,0.037595406279302086,0.050083084773156976,0.03459773786599807,0.03879028560302472,0.03669655603201864,0.04562183176858961,0.03138353505583526,0.03583255319038419,0.039291226224486164,0.03698725162750568,0.0394995686563333,0.03429307610890364,0.06488283416521651,0.03623022888230077,0.03840356064912359,0.041004633091633616,0.18493789884578568,0.12897873577824887
1994-10,0.044976196976300946,0.03773491949795586,0.050068215756976134,0.034595805523384635,0.03882072764979205,0.03673289460138902,0.045702696022189924,0.03138779843601369,0.03588188290362325,0.03929344151587088,0.03701542048515291,0.03945165148370791,0.03424607712226625,0.06483015674994595,0.03624359182641403,0.03837360048111719,0.041053073916181605,0.18427485105428568,0.12931699799743193
1994-11,0.04498900723151015,0.03770096151883232,0.05012195127895726,0.03460304152858892,0.03882181652444256,0.03673314816955849,0.045717053098208955,0.03139275497724072,0.035867869382277824,0.03930231570644504,0.037036928299576076,0.03944591687270657,0.034255499387339176,0.06484799961831025,0.036249743251985614,0.0383764823357837,0.04105958128410139,0.1841790600463254,0.12929886948780941
1994-12,0.04507580513896191,0.037550034780020045,0.049999413376826556,0.034619485903948505,0.03880093027232275,0.03664279219552061,0.045900159782678716,0.031413706626504515,0.035760020307248994,0.039315782038157936,0.03706280445662862,0.03941947092034005,0.03427621241289441,0.0650495414073011,0.0362717861572197,0.03832703813012436,0.041042095013195966,0.18431158670208292,0.12916133437802224
1995-01,0.04507580097241451,0.037550645736478705,0.05000008767593088,0.03462013436636374,0.03880108946718082,0.03664227305294294,0.04590026704950392,0.031414521495113715,0.035759108755720644,0.03931597657893246,0.03706228631271996,0.03941913578994738,0.03427624334314411,0.06504963738272654,0.036272428230120696,0.03832717532341942,0.04104212667521017,0.1843072697041458,0.12916379208798373
1995-02,0.045076269254677004,0.03755101721730764,0.05000054091332933,0.03462033015714426,0.03880135712833079,0.03664206223462673,0.04590131005949016,0.03141545835732148,0.035758333622910636,0.039316533220530296,0.03706238730970603,0.0394184528788714,0.03427671675678961,0.06505129208249635,0.03627236469084607,0.038328017714389,0.04104269044514753,0.18430220705538525,0.1291626589007004
1995-03,0.04511616315563023,0.03755422020187501,0.049973517937194185,0.03465966952333271,0.038789714177874524,0.036621868051863946,0.045970223010344,0.03145047151973106,0.03578159184418337,0.03932256032555623,0.037022580559252685,0.0394160556538958,0.034253968287903086,0.06518675791708345,0.03630852111451147,0.038327120600373014,0.04106434315087965,0.18373810475918237,0.1294425482093331
1995-04,0.04510386206452152,0.03746976941988736,0.04992390053680234,0.034687614105889275,0.038773172910217125,0.0365899824358112,0.04597900446663107,0.03147305625249604,0.0357885629465859,0.03930043653166549,0.03700573776227006,0.0394308624210658,0.03423751444616271,0.06530566466119668,0.0362898229889218,0.03834360935139721,0.04106802386635035,0.18377026273124422,0.1294591401008838
1995-05,0.045092881544550115,0.03750101000253543,0.04992729187952036,0.034709554984575806,0.038777856267927104,0.0365889006530687,0.045970029284477965,0.03148928534111454,0.03580448558354437,0.03931194424478943,0.03696829634088998,0.03943643877089659,0.03423408507107048,0.06529864462780219,0.03632391829841379,0.038350855510800995,0.04107519225533414,0.18371454376987817,0.12942478556880974
1995-06,0.04512039986130799,0.037615650982173704,0.0499534044273168,0.03479104730417342,0.03884612738634267,0.036647661406313724,0.046046610269335646,0.03156474038771756,0.03587134437410859,0.03933129216536111,0.03701298325391554,0.0394547126575013,0.03430595014772545,0.06523416695096455,0.03637970671287753,0.03836092356346245,0.041187914234988604,0.18239805880990284,0.12987730510451045
1995-07,0.04512496762030629,0.037623001175251705,0.05001042190147213,0.03479072403503505,0.03885491107516943,0.03665332951284907,0.04603736697855877,0.03156113173073971,0.0358410288465182,0.03934375389933008,0.0369860138973094,0.03946200320092003,0.034295569516786376,0.06527390582791026,0.03636134771943984,0.03836380204106455,0.041162043746893376,0.18236336458901603,0.1298913126854297
1995-08,0.04513274330235881,0.03758323646734576,0.04999702629564725,0.034752766733599984,0.03883888891531505,0.036643901107011975,0.046018328734689716,0.03154118802440858,0.03579435451585158,0.03932414685912102,0.03692648007773834,0.03945327765129109,0.034245009642219396,0.065307343086865,0.03634590153317305,0.03833301240797922,0.04111390405159252,0.1826879326553334,0.12996055793845823
1995-09,0.045125264945297554,0.037587309540724555,0.04997675867513513,0.03475041358984854,0.03884171117527527,0.03664080289385658,0.04601345081847408,0.03153343983276188,0.03579040092201868,0.039314875683301144,0.036923721683761936,0.03945429061316847,0.034241051763147796,0.06530848058591987,0.03632836936966921,0.038355695408215935,0.04112104312609198,0.1827727040525052,0.12992021532082626
1995-10,0.04506204221061693,0.03759325340776421,0.0499934661542288,0.03476217731862938,0.038862629512578566,0.03664602115907085,0.04595471090296765,0.031536609905691744,0.035840446798598304,0.03937247677620764,0.03693522351028441,0.039477467753267076,0.03423970304970488,0.06521079834132211,0.036323275164249914,0.03833280265700928,0.04111659505466775,0.18276055314963902,0.12997974717350144
1995-11,0.04512130701688095,0.0374654464308721,0.05000886042812225,0.03469911585522368,0.03885432834147514,0.03657128349526856,0.04605723294403826,0.03153178484889965,0.03577151577067431,0.039258393111401384,0.03698619752726279,0.03939587415595377,0.034231671008096286,0.0653027645688987,0.036228536656279994,0.038316074069207,0.04111499761875093,0.1831345774203384,0.12995003873235586
1995-12,0.0451523892027977,0.03739825250209309,0.04999221200123606,0.03477517995468392,0.03884375813658052,0.03655549721740975,0.04603987350211969,0.03151753628813811,0.03570437136207195,0.03920182384543564,0.03711739681692828,0.03939013509567706,0.03420104679228852,0.06545798275007858,0.03622427158669746,0.03828523766265478,0.041163742809938016,0.18276810643271657,0.13021118604045429
1996-01,0.045162055048199486,0.03739804900237687,0.04996342772365201,0.034776614774689074,0.03886281697145491,0.03655742139006447,0.04602790933000114,0.03152098987366273,0.03572239807561622,0.039217742347312595,0.037138758544199575,0.03937925801861148,0.03420751791574616,0.06541457792443349,0.0362459023309442,0.03829312942445232,0.041167808910682994,0.18270294013683344,0.13024068225706698
1996-02,0.0451547044575107,0.037279215621371896,0.05002743256554046,0.03483510010597164,0.03885382818245574,0.03652923384468206,0.045977381166490916,0.03153580289851665,0.03571027095767607,0.03923577994940218,0.037130310052995094,0.039372868073865114,0.03422965714748899,0.06541345261389907,0.03627214538444483,0.038279032026062344,0.04117601951995336,0.1828421263921063,0.1301456390395666
1996-03,0.045171603443094184,0.03728795832412036,0.050035004444219724,0.03484361905411148,0.038860860236210784,0.03653946625477737,0.04597746942757036,0.03153591590746123,0.035710629066468554,0.03925597783320889,0.037145610671307734,0.03938182907603583,0.0342396705446907,0.06540249343736065,0.03629010843168324,0.03828919643190731,0.041182256572085386,0.1826792097396403,0.13017112110404586
1996-04,0.0451765491781164,0.037288596758499805,0.05002346963240029,0.034834035598185015,0.03885977569034976,0.03653199905494232,0.04597812129433452,0.03153216998771831,0.035702825140036434,0.03925409431087029,0.037149525962838464,0.03937174910662467,0.03423579443893924,0.0654066761793544,0.03628168247764033,0.038288193346814506,0.04118278809208319,0.1827099977346384,0.1301919560156136
1996-05,0.0451767476886253,0.03728991772808886,0.0500279171305291,0.03483720912782671,0.03886353817437644,0.03653161347193512,0.04597811089685116,0.0315338726556495,0.035704138443076475,0.03925814001087634,0.03715416559044375,0.03937458384030542,0.034237146991329855,0.06540300736986329,0.03628484590606493,0.03828816827883447,0.0411869857224635,0.18268164394191394,0.13018824703094586
1996-06,0.04513364390239798,0.03727330095110666,0.05003361756939069,0.034813396106410946,0.03885146904785482,0.03653975360550021,0.04595288151985395,0.031526546320679874,0.03571019645280808,0.03925697240746378,0.03714141133666668,0.039371018427073703,0.034238454647889285,0.0653952697753877,0.0362713232437165,0.038286484923576496,0.0411799095570693,0.18281274356567684,0.13021160663947645
1996-07,0.04519479226243578,0.03716465648771021,0.050054579228899145,0.03481978551558754,0.038854488998038485,0.036519388453800455,0.04598061014515503,0.0315406381646162,0.035654970943988944,0.039262405026574326,0.03709749615384152,0.03931152949971741,0.03423987329968123,0.0655610975822516,0.03625528517285738,0.038295653553584455,0.04115989967886869,0.18296168030862495,0.13007116952376668
1996-08,0.04517025793412095,0.037232820744612885,0.04998858488434948,0.03485370193646466,0.038813567222549056,0.03658930037260735,0.04599542776930713,0.03158056416805639,0.03561705045174321,0.039157788262095636,0.037068498405922225,0.03932853652517641,0.034262490597675985,0.06520364671474341,0.03618056635464405,0.03839332580802527,0.04099275026269476,0.18344255834452983,0.13012856324068112
1996-09,0.0451902653516821,0.03722581878580829,0.04997295014715092,0.03482724370741132,0.03880762803559683,0.03657789969900738,0.046024162804750704,0.03157448039403535,0.03557715781200624,0.0391068050316252,0.03703937228327712,0.039317686264587384,0.03425374849510377,0.0651521582518851,0.03613032026214255,0.03836783128331082,0.04099040772022137,0.1837363646344947,0.130127699035903
1996-10,0.04517968037957489,0.037318186460364,0.04995347400825231,0.03482083209852952,0.03879217568001889,0.036548296440652044,0.04595745699489565,0.031554090452431294,0.035598209686156054,0.03912896776138463,0.03693919326333169,0.03938599480137224,0.03426857861876538,0.06525098056025737,0.03615470994495108,0.038340835518743295,0.04096378946481173,0.1834895829567843,0.13035496490872356
1996-11,0.045185864664805245,0.037326624907101064,0.04993937405863464,0.03482633888316936,0.038803023470619966,0.03655183289785459,0.04596033784934763,0.03155725355250738,0.035607995045936626,0.03913807104708186,0.036942140887698045,0.03938090752489358,0.03427063725980719,0.0652429798599476,0.03616549629173698,0.0383351613260856,0.04097625055449356,0.1834093610947637,0.13038034882351535
1996-12,0.04522769552696434,0.03739277364707275,0.049907656123252514,0.03495224602991507,0.038800526153745095,0.03658053768504774,0.0458406921454967,0.03163854713515597,0.03555994517704822,0.03911800278503759,0.03677823434549507,0.03935681008408477,0.03427077125852311,0.06533306345990658,0.03623139662743835,0.038270591048996334,0.04097621140901756,0.18295755341216569,0.1308067459456364
1997-01,0.045269546154015156,0.03742691602885634,0.04999342736356548,0.03504072015952186,0.03883205761709366,0.036606655746735293,0.045861352075513784,0.0316840549072553,0.035599451311666426,0.039204567277865594,0.0367950550108188,0.03936792353233524,0.03434545038294102,0.06543846156961601,0.036220619454552606,0.03830174581962064,0.04103247922916215,0.182344236606363,0.13063527975250153
1997-02,0.04519176087974356,0.03746756732696196,0.04995147610602664,0.03501480370812606,0.03880383447919109,0.036586087085730294,0.045747435619438774,0.03167348105529786,0.03557197607639933,0.039187057840791406,0.03673136212696078,0.03936087924948254,0.03434617348056544,0.06545192373243051,0.03623821780636743,0.038254833930513966,0.04100657463304709,0.182533751526823,0.13088080333610233
1997-03,0.04521224566223743,0.03754426486917655,0.04990327727914296,0.03502872652763943,0.038817312709826884,0.03659223217992637,0.045768555867491775,0.03167526411014182,0.035576037793105,0.03917474290140746,0.036707622204864856,0.039366247291870236,0.03434216888537522,0.06544239584645967,0.03625811091689768,0.038277070910474637,0.04100085737913664,0.18251065351771042,0.13080221314711502
1997-04,0.04519444295017846,0.03736371631197613,0.050313362862624604,0.03505384633986532,0.03877773212170992,0.03666648726525953,0.04560894595878599,0.03170567314177047,0.03559071157944677,0.03918604849398127,0.03671639817604099,0.03937551577185201,0.03445201544432615,0.06542240841605787,0.0364037424045368,0.038218777027076045,0.04093800287743755,0.18179776786068677,0.13121440499638723
1997-05,0.0451346049790591,0.03742533318939789,0.050347561629403854,0.03510769678110795,0.03875238077232467,0.036664234003331624,0.045547600283580084,0.031682163633138284,0.03560282443991922,0.03916118392611514,0.03667739146498339,0.03935612624346001,0.03444392814112208,0.06551870821271841,0.03641524050857666,0.038190757645664195,0.040930672843124086,0.1816530295304198,0.13138856177255356
1997-06,0.04515957695207763,0.03735730772362993,0.050213039867400396,0.03511542648585362,0.03871650116034223,0.036703573167574256,0.04546103470580836,0.03168573435392991,0.0355255332745909,0.038998024912927934,0.03657097565655453,0.03935490363326958,0.03443711316782049,0.0655064430695323,0.03642801403623183,0.038191253609550196,0.04081168595934418,0.1820280130256425,0.13173584523791929
1997-07,0.04518110064528701,0.037363849828624465,0.05026261372358646,0.035125116769154675,0.03870279269407652,0.03666329030734298,0.04536061282555709,0.03167996805795491,0.035524644105091326,0.03899871131734005,0.03659656035698192,0.03936804659845832,0.0344451454361551,0.06548281741737468,0.036401039366240534,0.03815949406608467,0.04080803018410843,0.1819385735259648,0.13193759277461609
1997-08,0.045253798520955166,0.03745092038815428,0.050154802264893154,0.03520944379182942,0.03885021970578906,0.03664803586992825,0.0454594699871592,0.03164771872235322,0.03544059751260398,0.039078527137773204,0.03634888513621779,0.03930544286549093,0.034420330160344084,0.06558676833102291,0.03634643749070493,0.03805413662733377,0.04082657402557827,0.1809370396704247,0.1329808517914436
1997-09,0.04505560388792792,0.03755358723849875,0.050280603319607285,0.035220042866967706,0.038910755288150495,0.03663608277155274,0.045302010514886845,0.03162266660594663,0.03549887547690499,0.03925909951015996,0.03641169754479945,0.039444361758115,0.034409604674478345,0.06567616838048097,0.03637947712157222,0.03801476020800686,0.04087101307313733,0.180376204073044,0.1330773856857626
1997-10,0.044988870309189244,0.03753955050299782,0.05020766872222072,0.03520812940735103,0.03891530094723416,0.03672827895511849,0.045267879716545494,0.031628426947078916,0.03557547902300712,0.03934263105507998,0.036420363275664815,0.03942815381106728,0.03439672754564275,0.06560444589722161,0.036389959824349685,0.03795186681767821,0.040852586746385366,0.1802151170719808,0.13333856342418662
1997-11,0.04488983688912834,0.0372716836192356,0.050167267544430134,0.03510738325594021,0.038864652877727064,0.03668046866655046,0.045316376820480196,0.031648345428821174,0.03546395431280936,0.03926805683398237,0.036234639477920806,0.03938935595440538,0.034317878982741884,0.06567885007103792,0.03637363714759611,0.037930878735802476,0.04082173691198984,0.18116698171317605,0.13340801475622466
1997-12,0.04491942331438192,0.03725066676140064,0.05014936849743083,0.03510693676837796,0.03887100951567659,0.03669033913000592,0.045333894427904003,0.03165480619179146,0.03545458857552685,0.0392750048106979,0.036243686376014786,0.03938240039817172,0.03432358003618063,0.06574094191533984,0.036392167997055226,0.037941093711102165,0.04083725827277562,0.1811279816148222,0.1333048516853437
1998-01,0.04493879459373475,0.03722949286703145,0.0501355393002039,0.03508077988594904,0.03887514312414378,0.03668973609056547,0.045360061405431966,0.03166902356997553,0.03545476035653313,0.03927910750146715,0.03622671082400305,0.03940596388712759,0.03432467844525988,0.06584981346879804,0.036383301266637656,0.03796775073723455,0.04084123513409376,0.18115492407971812,0.13313318346209105
1998-02,0.04490597277353224,0.03722652392135827,0.050070011734222285,0.035078401933903575,0.03888701826657518,0.03666910603510181,0.045397055252006616,0.0316736835723547,0.035472639070423466,0.039261224268809285,0.03625022957342248,0.03940475458107899,0.03432566549266096,0.06575420456903414,0.036387052351125417,0.03794618748670489,0.040857235793492826,0.1813253185536091,0.13310771477058395
1998-03,0.04495367737040104,0.03728749416706416,0.04995270319068091,0.0349876533719893,0.03877749157869181,0.03662442530680908,0.04538411504687162,0.031632002760418845,0.035540288129382425,0.03916542288027885,0.03619386443527246,0.03915863432127455,0.03429884819668722,0.06583538685340987,0.03621541520861677,0.03784425839100535,0.04081580747067632,0.1824136098554405,0.13291890146502897
1998-04,0.04481557380009919,0.03717056034705823,0.04991410151882211,0.03497700547542224,0.03874039856591091,0.03659903343953292,0.04542599288279915,0.03158086260882361,0.03557242669789897,0.039157705864617365,0.03629399251262915,0.03911389696071807,0.03431751618518277,0.06558814587584835,0.0361556723017335,0.037810299125710885,0.04073061010184118,0.18290589598568324,0.13313030974966805
1998-05,0.04482993146581383,0.037168432941355814,0.04990761320417862,0.0349758803779334,0.038734392162011175,0.036597063662383036,0.04542794918894387,0.03158388353344799,0.035567766623751725,0.039167810480972426,0.03628831146954823,0.03911398161527909,0.03432271819071509,0.06560974211946653,0.036159056495015114,0.037809260403524676,0.04073310425348603,0.18290802168379186,0.13309508012838137
1998-06,0.04491624139345488,0.03702707631494326,0.049823823335532536,0.034984665034182065,0.0386913952911061,0.03665792097154748,0.04541437160870955,0.03163508797552533,0.03545520224923986,0.03913783497289196,0.036217174945979126,0.039355190056132805,0.0342991135779645,0.06557596225200961,0.03623852581464301,0.03779463077523571,0.04066909005814652,0.18329739636239847,0.13280929701035718
1998-07,0.044927302345407906,0.037017020076052336,0.04981525473296519,0.03498089264818064,0.03868840476901941,0.03664571052309709,0.04544217169513027,0.031636857878042525,0.035439410850374296,0.039112505322881505,0.03622432670051721,0.03936306290179318,0.03429544670664916,0.06559530601183088,0.036255442512277934,0.03780344950609507,0.0406853713843707,0.18331231835880463,0.13275974507651023
1998-08,0.044794758466712305,0.037068159974268655,0.049627425370402024,0.03482858070516468,0.038796588357861546,0.03650811426621739,0.04555211542153213,0.03165713690709159,0.03539042654502216,0.039015835677500804,0.03635859345530149,0.03948085146313506,0.03425989021047621,0.06530690483184398,0.03630036216056413,0.037878330250674185,0.04075536497208012,0.1834954818758789,0.13292507908827264
1998-09,0.04399605533861136,0.03632434938290286,0.04921514550924587,0.034229525825061405,0.03847683631872242,0.036476288266106216,0.04528949454387386,0.031432601961718244,0.03500359373630117,0.03827505884242597,0.03608514468271596,0.038651448531894395,0.033859458059241156,0.06681400319700007,0.03608748006897683,0.03689022457622888,0.04003859314712667,0.1905852655231828,0.13226943248866385
1998-10,0.04431125473396159,0.0360312361693406,0.04891548398878799,0.034420708239727295,0.03880693931695407,0.03669607826108094,0.045161522438981416,0.03163093462703718,0.03498707823144072,0.03859999067464334,0.036023361546455045,0.038844862185298465,0.03396889793310155,0.06660566378257834,0.03630873899941,0.03707142603914967,0.03999684649620557,0.18900446908317714,0.13261450725266916
1998-11,0.043977608635962444,0.03607096821876142,0.0490392486326503,0.034427614830452626,0.03864685837212651,0.03679753699141593,0.04507070900757022,0.03151992988045448,0.03490751649865342,0.03839590513736573,0.03589230679009389,0.0386479040799799,0.033840627332002826,0.06698131748351722,0.0361123541611792,0.03694717030215101,0.03997219051973036,0.19034679487696798,0.1324054382489645
1998-12,0.043939201597655284,0.03607361143734448,0.0490754108266203,0.03438979122307045,0.038640457168164555,0.036778174089067986,0.045012448734254855,0.031470462555830546,0.034958830338836545,0.03838561493122286,0.03582114839987881,0.03861070340382453,0.033817758032887654,0.06699260433032805,0.036028836587840285,0.03690083438641497,0.039889472656135676,0.19070642910729224,0.13250821019333
1999-01,0.04398483904904193,0.03603432715369385,0.04912981183116841,0.0343795129379221,0.038655478411049375,0.0368444798441472,0.04500485687287343,0.03141814617303225,0.034982868576008304,0.03845722255947549,0.03574447844732167,0.038591663838895486,0.033851982223313794,0.06696586404759365,0.03597799491016902,0.03689920085587965,0.03979583345830929,0.19068743781486674,0.13259400099523838
1999-02,0.0439737148311002,0.036055689501513964,0.04910452885249922,0.03438789187522514,0.03865540029480318,0.03683007888006544,0.04499815325202089,0.03143396843102348,0.034996350282785436,0.0384580019502837,0.0357815371622613,0.03862204456558031,0.03385202377584413,0.0669008469175519,0.03598987593400286,0.03690225666706646,0.039829676821164235,0.19067490510574114,0.13255305489946714
1999-03,0.044053776165078176,0.036251936682469274,0.04913669438576203,0.03450986231624821,0.038705636429293484,0.03702499737798748,0.04518384467189543,0.031474927688741376,0.03501715249937466,0.038559718186593435,0.03566944974888707,0.038660198421959065,0.034022650742499,0.06690474025965919,0.036145984509292045,0.037083089198901804,0.039830690820214454,0.18893541772124042,0.13282923217390338
1999-04,0.04410755835506536,0.03617143987196255,0.048981537666863736,0.03452987751830411,0.038729206750975714,0.03701536806051382,0.04519171742660784,0.03146325237030435,0.03505317381913205,0.03854677738031094,0.03564884208032804,0.0386938262723913,0.034016898522381975,0.06698912297814474,0.036134009610654536,0.037079319009271444,0.039808590760025915,0.1889303202059481,0.13290916134081338
1999-05,0.044233874394596834,0.03564784750542327,0.04839065358985575,0.03449923278835248,0.038438830475182,0.0364546768608095,0.04585570359886113,0.03167240261573508,0.034309216793327685,0.03819982368958244,0.035769148961950395,0.03864853010543465,0.03385019475185935,0.06656612792503508,0.03639747369942246,0.03710611466402158,0.0399130612354359,0.19027110316274554,0.13377598318236883
1999-06,0.04436846063615048,0.03552343925583428,0.04838630302220537,0.034551393693766946,0.0384655486360166,0.036406875895843724,0.045877237208059,0.031707894016613544,0.034262475143939514,0.03829137033659747,0.03584638782426932,0.038608321552669134,0.03386828948503537,0.0671803034462226,0.03639320930091811,0.03710261126010795,0.03998031445582007,0.1895866258302449,0.13359293899968555
1999-07,0.04436109619472691,0.0355037173752009,0.04839377715510506,0.03456099125620489,0.03848650113178446,0.036422069328631096,0.04590095782497421,0.031710357403028175,0.034295238250159864,0.03830250531184366,0.03588862985735377,0.038609437206202385,0.03388162546554315,0.06713508881751899,0.036422853193903856,0.037116761879248415,0.04001442371858943,0.18950726029409132,0.1334867083358892
1999-08,0.044406434403129615,0.035388751430839305,0.048576389114391993,0.03448232669142665,0.03849336986215514,0.03650332378413425,0.04579072739089178,0.03175791830695856,0.03435918250713427,0.038368492886663684,0.03601612378248757,0.038503726365665396,0.03393523837032326,0.06720811705364318,0.036368508391330455,0.03706244535809531,0.03999979176195333,0.18947323624955076,0.13330589628922557
1999-09,0.044369303616742156,0.035480273129114656,0.04862515526289298,0.034371159034160326,0.03844670888901737,0.03644347436322442,0.04590075199214277,0.03173930825699885,0.03437805115861308,0.03830082300847268,0.036138809290892,0.03858233664612427,0.03390173448868154,0.06726253561952779,0.03631037383920794,0.03701165288561101,0.03998019323660187,0.18943585462764967,0.1333215006543246
1999-10,0.04412230171801347,0.035446125645902264,0.048544563899841305,0.03443636815729831,0.03829563172990469,0.03637961443748793,0.04570574411358961,0.0317620429817391,0.03438204768133751,0.038282969244571634,0.03615598518273255,0.038494305020795934,0.03383110053123937,0.06702862221911739,0.036401397842976066,0.03694199867543358,0.040085451289329145,0.18995382725181248,0.13374990237687778
1999-11,0.043850961205857415,0.035430427398834015,0.04897438883004304,0.03458950885584607,0.03854335759967779,0.036519940134797,0.045503132273951995,0.031826378977948655,0.03455830506597868,0.03852576117168749,0.03622006987593358,0.038575385934535224,0.0339746056886706,0.06717616004084932,0.03646667228687873,0.036731333949971974,0.040158295021287885,0.19121650005886043,0.13115881562839
1999-12,0.04391300159333781,0.03547162099521433,0.049103093558534164,0.03453312512422529,0.038555443045278984,0.0365490426646279,0.04554724867008285,0.03188637283811483,0.03468579357542543,0.038506266234713815,0.03635964737497127,0.03857618246449927,0.03395757269037213,0.06692009528680538,0.03656304709209096,0.03671956789770269,0.04032165373065828,0.19109330970119895,0.1307379154621457
2000-01,0.04401881948823616,0.035370883024273714,0.0491125839644039,0.03451630790840658,0.03854990413853628,0.036501176864900446,0.04567582697534051,0.031787264418178814,0.03451890619470568,0.03847618341719388,0.036230501268121953,0.0385494312140479,0.033953643444470646,0.06699350391481772,0.03654817425724636,0.03673895377060268,0.040161114641649724,0.1913463363080247,0.1309504847868424
2000-02,0.043951758564662526,0.03586732753250558,0.04925508493699333,0.034392440207456576,0.038452447899603136,0.0363861372939827,0.04589231964877548,0.03161567791027187,0.03454402794697246,0.038333532412270735,0.03630551617958291,0.038620796597062024,0.033852228503031254,0.06749531839386477,0.03636488710160396,0.03672181214487539,0.04006246384203968,0.19090510635120048,0.13098111653324504
2000-03,0.04373499733974908,0.03580555839009934,0.04911126503104809,0.03427107892678027,0.038388598895452174,0.036272619738665975,0.045635249566875764,0.0316208124669066,0.03468521988579154,0.038129753434498245,0.0366789191605951,0.03847635781262596,0.03378235779469917,0.06710787868667986,0.03627998460971015,0.03658286745203932,0.04020551319129132,0.19170415038331567,0.13152681723317622
2000-04,0.04387240803341033,0.03613828221143914,0.04869880458593008,0.03392292351445436,0.038567807313644606,0.036119491517772224,0.045970933408117205,0.03155264332792409,0.0348143074490487,0.037909247821812625,0.03666422780454823,0.038380835291538025,0.033704658177868066,0.06704541714785495,0.03607429879165695,0.03630200494886998,0.04041670020329229,0.19087026535288484,0.13297474309793336
2000-05,0.04388131198133914,0.036054034636858745,0.048683713211230814,0.03397219249292235,0.03860118671599608,0.03609202914704649,0.046115218693137804,0.03152168868483262,0.034826272731473325,0.03794925652690652,0.03664993693864729,0.03850434434996369,0.033760293900653875,0.06729781954193689,0.03605600828440376,0.036279119939241385,0.04029585269708176,0.1905857120104226,0.13287400751590497
2000-06,0.044114085226432044,0.03598545009874725,0.0489013039698282,0.03393909164062221,0.03861196309499256,0.036118833463025315,0.04623652568090368,0.03144979575220756,0.03480100834401839,0.03793572642787633,0.036556777477668764,0.03834560041675653,0.03375511837680973,0.06742337609337358,0.03605278062479948,0.03635438693848742,0.0401969880530971,0.1904786292625176,0.13274255905783638
2000-07,0.04412355434185552,0.03599533086185949,0.0488771367359449,0.03392648661312042,0.03860778882504126,0.036106697165548124,0.04625738302301088,0.031448646206931136,0.034826487417258675,0.037923881263511316,0.03657427585414899,0.03832205351645719,0.033745565857347976,0.06739057437971402,0.03604800313317136,0.036346055131970444,0.0402114265468268,0.19050104455387096,0.1327676085724106
2000-08,0.04414040141285536,0.03597317580595174,0.04886247755440201,0.033957613404271614,0.03858683375740951,0.03611794405512482,0.046187049375176786,0.03145279863802588,0.034796770563298246,0.03795520633006656,0.03656547521687978,0.03836324807927689,0.033793878089039865,0.06746314321175984,0.0360294799275666,0.036401561937683805,0.04016801167409576,0.19047505023229103,0.13270988073482398
2000-09,0.04452299009391599,0.03599482864809003,0.048709298323044645,0.034047672438733766,0.03859212848680291,0.036202918306321344,0.046336037135517164,0.031590253069350226,0.034424008553799845,0.03788694424075139,0.03639131745346288,0.03837193381813745,0.03386093266297176,0.06690532056424779,0.036279978855556484,0.03632285398259521,0.04013997544242413,0.18999318037181226,0.13342742755246492
2000-10,0.04463443557513537,0.03592293778858478,0.04883736183541943,0.03407401641915779,0.03843350525575117,0.03617837173756671,0.04645983068234926,0.03164226046990987,0.03431355765459549,0.03782142062200136,0.03617143458244784,0.038330657725093246,0.03392095325929428,0.06730565931181165,0.036317565786622465,0.036367207802982575,0.04005348829768422,0.18978325502832671,0.13343208016526587
2000-11,0.044699400021561635,0.03591744235389726,0.048801158655063334,0.03409226680138763,0.038443819888568265,0.036195640403958326,0.04651701495591797,0.03161609499409259,0.034251270768072495,0.0378502049751223,0.0361405567393863,0.038356701872922006,0.03398622444497362,0.06726296259582008,0.03632619285190062,0.036364696144443764,0.040015291308709885,0.18979328706495768,0.13336977315924417
2000-12,0.04485822807923419,0.03608878659954657,0.04868306654462088,0.03420452786460857,0.03838775375354949,0.03627085343043383,0.04664095055082476,0.03157199328800535,0.0340178911772625,0.03771533016965549,0.03569874300876787,0.03810526655257109,0.03403257697771725,0.0674664623501322,0.03641126811789793,0.03628611094704497,0.03966864761197695,0.1907552173744009,0.13313632560174912
2001-01,0.045007393016325614,0.03603199693938752,0.04854621224789789,0.034083791258964186,0.038417444546311956,0.03620273829614448,0.04671848390590411,0.03146082917229034,0.034111649612471054,0.037633636625520245,0.035999732076651726,0.03827624959027681,0.034142471578862674,0.06731086978609165,0.036512965772217444,0.03623124963434081,0.039915078803138056,0.19016982546686506,0.13322738167033848
2001-02,0.04499412731481204,0.03603604414621726,0.04854012600329549,0.034092097728931195,0.038443979362747106,0.03619149806025656,0.0466941204340347,0.031469936673463775,0.03412699930260319,0.03763847290502114,0.03602598529206644,0.03830986581535286,0.0341435598400582,0.0672704373194714,0.03653104936310507,0.036229460673685196,0.039942223465626744,0.1901192928415496,0.13320072345770187
2001-03,0.044962275411538716,0.036203209247587936,0.04852242240558352,0.03394050027669547,0.03853714661022995,0.036196380100426105,0.04673454971964869,0.03145055521266942,0.033726401062949704,0.037681176136894395,0.03545335989704763,0.038351334861086175,0.034191879227683124,0.06771939163321447,0.03646598056791911,0.0361516273375742,0.039698724819125494,0.19101625182797194,0.13299683364415388
2001-04,0.044846204929075865,0.03629730915578376,0.04855688630489533,0.03398940166787096,0.038548176456355235,0.036175206755003166,0.046558769793839855,0.03152295841761833,0.033641691580943316,0.03770042811851334,0.03526932979364716,0.03837754840471987,0.03414520770575729,0.06788964739136752,0.036477199753755574,0.03615091959866909,0.039511204715058285,0.19123464801144083,0.13310726144568524
2001-05,0.04495579871435836,0.036207943569589236,0.0483108622139829,0.0339223426282629,0.03851786866932899,0.0361100203573773,0.04651308522202159,0.03149103704655062,0.03347678388570277,0.037617075560834184,0.03501591908656413,0.03824846098124205,0.034064353415433034,0.06760713999538288,0.03644962845495421,0.03612418794321946,0.03931285279287904,0.19272093796682735,0.13333370149548904
2001-06,0.04494282297781147,0.036189671451746425,0.048342794296005846,0.03391336263545733,0.038486545901321896,0.03611734759311839,0.0465072910157879,0.03148473497529607,0.03348728685283283,0.03759304684110982,0.0350577383411351,0.038279929984771886,0.034056382050832765,0.06762396110080113,0.03645537488178115,0.03611516457300254,0.03931897162437303,0.1928316416649349,0.1331959312378796
2001-07,0.04493267516397168,0.03614334283646035,0.04817185944572451,0.033947545969395254,0.03856001863786007,0.03612110599239978,0.046434836464676214,0.03151002357194975,0.03342636368498934,0.03763662836320752,0.03508765502309991,0.03844452127277882,0.03396657101756523,0.06731057810937104,0.036450794260503655,0.03618557620748447,0.03938727231523103,0.19310510686205012,0.13317752480128134
2001-08,0.0449417605818156,0.03609369521920494,0.048139687956429277,0.0339512344952641,0.03853910107499293,0.03609575997986242,0.04645481386406811,0.03152617126719587,0.03341178914831556,0.0376173482843002,0.03505778877808449,0.038476714326973145,0.03397158562799489,0.06718906104283157,0.036475962937456516,0.036175179316584705,0.03933622469540738,0.19343071911618084,0.13311540228703755
2001-09,0.0450780263631415,0.03617730505131569,0.04801308735268007,0.03391313034743699,0.03858604585561513,0.03609922375726035,0.046387774118426435,0.03150046937218844,0.03334973613030873,0.03762082698113198,0.03492413423226461,0.03825888531974162,0.03392237460604901,0.0672123570596941,0.036364208699521554,0.036101632745225674,0.03918661992001263,0.19407890877322095,0.13322525331476456
2001-10,0.0452737842047192,0.03624965610466469,0.04781836511963227,0.03352478929896422,0.03806910042452757,0.03600262322097943,0.04681484569980224,0.03127237840158504,0.03281938087732475,0.03713091053517959,0.03420218940220073,0.03783034604945788,0.03345961593418012,0.06655741299407995,0.03628804374810821,0.03614899363694461,0.03902029026684189,0.19687654061383592,0.13464073346697183
2001-11,0.04533683346299215,0.036281336659793766,0.047836440011097665,0.033496502473218066,0.03803811233783683,0.03601990158735176,0.04689292193181065,0.031298731687857476,0.03284580467151732,0.03708394404540235,0.03403838742461271,0.03789018366194428,0.033458252074803595,0.06661426139231895,0.03630469064558427,0.03623735203552354,0.039066178139988944,0.19646719898861886,0.1347929667677268
2001-12,0.04535533319740404,0.03632418114674336,0.04804126029110656,0.03339208905891441,0.03794773593325528,0.03585996085477003,0.046824133698787226,0.031113803213602558,0.032651976193053316,0.0369490400144765,0.033784400624125265,0.03762234460817933,0.03335923868767048,0.06669008858049337,0.03616594755743305,0.036140742155609536,0.03891773462385972,0.1978416949736775,0.13501829458683842
2002-01,0.04534534172731348,0.036308922759587095,0.048013227523297064,0.03337065148466683,0.037933374985434795,0.03586610690964139,0.04684390224971734,0.031096281317798364,0.032661210410246014,0.03692517166820994,0.0337910395748722,0.03763055650618019,0.03334927922088975,0.06664883002461307,0.03615320280955369,0.036131891067481055,0.038910091977335755,0.19800234516173718,0.1350185726214248
2002-02,0.04534387652865906,0.036307348748409345,0.04799684634413925,0.03338421775371965,0.03794116420534628,0.035861135071055913,0.04683985394439481,0.031096249980360344,0.03266123978451574,0.0369235764116305,0.03380314558310899,0.03763808360421581,0.03336756329015297,0.06660073049973335,0.03616376388052336,0.036127979456253546,0.03889088021415634,0.19799651342594127,0.13505583127368348
2002-03,0.04533998239857138,0.03631401995122674,0.04797062538865419,0.033406360371053725,0.03792743054705663,0.03585715790526416,0.0468619421629164,0.031102902166162287,0.032676611231899313,0.03689759211252261,0.033902248135542934,0.037642603687525734,0.03336660329847979,0.06666429931175277,0.03618421661243607,0.03616027265783002,0.038946158648543276,0.19787049009634283,0.13490848331621924
2002-04,0.04527628158944778,0.0362164401021029,0.047840075133575764,0.03337183028702923,0.037863272045103466,0.035809244864555834,0.04688434717703738,0.031130142740102618,0.032634003112082546,0.036791987513027945,0.03379860137249001,0.0375593218029292,0.033342067638185306,0.06624890881115818,0.03616567815024558,0.03609306195362519,0.03892292922730578,0.19906833344656008,0.13498347303343528
2002-05,0.04530212584646432,0.036202396388850526,0.04775651179732775,0.0333968910820462,0.037883997492457515,0.03575967918583697,0.04677345459603097,0.031123270410586552,0.03258111348302908,0.036815835117840444,0.03374178493923796,0.03756613520959828,0.03331479167340466,0.0662155648703103,0.036144380937720016,0.03607506848250398,0.0388132981785622,0.19943694435379128,0.13509675595440093
2002-06,0.04530799653759098,0.03623849677535369,0.047740570078846786,0.033389532519994054,0.03788234024604497,0.035771575262319305,0.046757969259588576,0.031109084831255702,0.032585648930141896,0.03680007646925334,0.03372377919842605,0.03757628652375162,0.033313267932624104,0.0660584839997782,0.03614415628293169,0.036076636700129984,0.03880323894483595,0.19949991739855458,0.13522094210857838
2002-07,0.045304323204659054,0.036103877439285934,0.04780946980519095,0.033418097141321976,0.03782512203165125,0.03580664319005168,0.046439281155285964,0.031070705739876508,0.03255186109459102,0.036799434580402114,0.03346636018477558,0.03743856857739689,0.03339004910789232,0.0656736159176497,0.03611314959882365,0.03602323410282534,0.03863717108848743,0.20059380734575138,0.13553522869408144
2002-08,0.04506220253168078,0.03582004360997961,0.04731729946441703,0.03328036667843316,0.03767631201231209,0.03573378078424853,0.046707104166444136,0.03093287285871651,0.0321294757342416,0.03649782718853377,0.033429283357117354,0.03721565453291181,0.03340311178678296,0.0643071949331715,0.035922396485516636,0.03603620234506832,0.038600217292965165,0.20480985385632167,0.13511880038113733
2002-09,0.045070144191256045,0.03581422670056041,0.04732486018330633,0.03328765830911142,0.037674456760848324,0.035737666774091126,0.046708866998340384,0.030932282502977432,0.0321394794507151,0.0364986832729153,0.033442045129424246,0.03722238471283797,0.033420399245859024,0.06430322377411887,0.03592849246116392,0.036039549659131864,0.038606712258990906,0.2047075841359692,0.13514128347838214
2002-10,0.04493866090736198,0.03568043845263077,0.04701899582501181,0.033260123010244974,0.03739334971490926,0.035510981718815914,0.04637794535185362,0.03072170692437743,0.0317556400100535,0.03639048467975189,0.033075104925459065,0.03699101943770888,0.03336264797341494,0.06318806840386033,0.03573555179242325,0.03578778825067459,0.038318429213751566,0.2087031022717645,0.13578996113593175
2002-11,0.0448859209366305,0.03574268996903078,0.04698546899771136,0.033200571282548504,0.03736431084298823,0.03547203971220502,0.04629134405425472,0.030696112256492384,0.031717498178576393,0.03636748468538689,0.03297367230659774,0.03704102917392864,0.03336385345014123,0.06321169617824027,0.035696914853955784,0.03573070546307145,0.038203715370598273,0.20924418346154022,0.13581078882610148
2002-12,0.04497314512290066,0.03570935869418375,0.04696781879160667,0.03315328738451715,0.03723299369739173,0.03535616738846391,0.046287330299695686,0.03073772158468201,0.03152719420561986,0.03632039808642552,0.03274523057849332,0.03689387009854474,0.03335097485481598,0.06318240626671962,0.03566870235793787,0.03571697416826959,0.0380879333303007,0.21028499317585064,0.13580349991358062
2003-01,0.04493357936697811,0.03581170089996014,0.04695145612901179,0.03310520507829482,0.0371739255938143,0.035298744082705676,0.046209716097173906,0.030692038350919198,0.03144050602776449,0.03628039965548022,0.032614732073623684,0.036805811877007134,0.033335849882889165,0.06325173710950227,0.035580947527346314,0.03565708331958764,0.037986325497551945,0.210909347576227,0.13596089385416216
2003-02,0.04486749986723964,0.035774001487287904,0.04692986641665641,0.03309212025126694,0.037142676279783245,0.03524860928477592,0.04622970351161513,0.030652556403373214,0.03141752494783685,0.03619055545082396,0.0326267520895124,0.03678743161265546,0.03330318931434409,0.06316863062537956,0.03556508073782295,0.035679864748115867,0.037989110688520754,0.21050404686013777,0.13683077942285182
2003-03,0.04480757869101872,0.03574335987705824,0.04695178987225239,0.03306696397886985,0.03713254237651217,0.03521145862435646,0.046180181865437576,0.030686948205797145,0.03143695477907637,0.03617909068154301,0.03265420814843029,0.036737876595760326,0.033254034103143426,0.06303821882440974,0.03554012061827602,0.03564604727785836,0.037963594782555225,0.2109635584493838,0.1368054722482609
2003-04,0.044814346776161786,0.035739680908106294,0.04697650790091874,0.033098292621114765,0.0371469436510942,0.03524345261393829,0.046214832271470704,0.0307054635518655,0.031434303836416974,0.03618508939464765,0.032650486365382494,0.03673465039213649,0.03326662004065676,0.06312453326190423,0.03558187054922316,0.0356547693230312,0.03798013294955338,0.21081918670785468,0.13662883688452268
2003-05,0.04481811263568299,0.03570058516459746,0.04713200830846006,0.03304529785194481,0.03708649942941773,0.035125084668355525,0.046216985341305084,0.030630669326537806,0.03133830898316206,0.036104168185725885,0.032536553632346095,0.03644763968655907,0.03317452593209888,0.06280489364688487,0.0354938483427775,0.03550701759574332,0.03787165341478949,0.211603595237533,0.1373625526160783
2003-06,0.04494764324620132,0.03563274225037305,0.04719279020283449,0.03327404832035342,0.03731812503966484,0.03548734776246967,0.04651987950023351,0.030713418459715553,0.03132249355110672,0.0364054170190556,0.032533518635366916,0.03675210253119745,0.03336112909472699,0.06250716477970154,0.03580170974230555,0.03571897693593502,0.038066249493194274,0.21004246369833537,0.1364027797372287
2003-07,0.04495030984675023,0.03564665308071907,0.047189564505239555,0.03327424298225752,0.037316525909101096,0.035485447464863304,0.046539738619160054,0.03071660552722632,0.03132817477977734,0.03640893844149111,0.03253519789753294,0.03675561244649438,0.03336759569774592,0.06251637374333681,0.03581122218327292,0.035722048917851815,0.03807155573643829,0.20996162612026076,0.13640256610048054
2003-08,0.04498920277524024,0.035710776956867245,0.04720305411853261,0.0333240725863415,0.0373667167413356,0.035558353541570865,0.046552767019852684,0.030742953411783534,0.03137994239335339,0.03647795229582906,0.032602171562875655,0.03682636164263203,0.033412534277390604,0.06249818480527775,0.03586630325698092,0.035781285104676576,0.03811648744655114,0.2091484663984672,0.1364424136644414
2003-09,0.04506258852290599,0.03565816900251897,0.04713983009811933,0.03331062567664185,0.0373526806279664,0.03558273543659019,0.046673789284665104,0.0307268156189562,0.0313777416277176,0.036472935277586244,0.03256302438818665,0.03676747764869571,0.033420350420152824,0.06251019167214182,0.03581843771536148,0.03583612040271576,0.03812861736442977,0.20924679332244173,0.13635107589220627
2003-10,0.045052321258279265,0.035648370847503386,0.047117784568484346,0.03330097740570345,0.03733026735906679,0.03556042534470062,0.046668913412627494,0.03071801638982066,0.03136671691250329,0.0364590164127511,0.03254879062736174,0.03674934100906377,0.03340448666570364,0.06251607600357462,0.03579700895558628,0.03582839056976667,0.038116641894771895,0.20941522535611587,0.13640122900661514
2003-11,0.044975183791731266,0.03544152751849564,0.04715897081146414,0.03316533680676522,0.037200641660180896,0.03549440923166402,0.04669306758568196,0.030579755941787037,0.0311173480190728,0.036264653484607015,0.032386002245732105,0.036665613929134366,0.03329132327141359,0.06249811081278311,0.035677176816104765,0.035740286419068006,0.03809608972389771,0.2110723599495906,0.1364821419808258
2003-12,0.0449684766415891,0.035406708954483786,0.047174703764212816,0.033161270140703476,0.037208441089938406,0.035489132174695744,0.046691597318912384,0.030584319405866874,0.031112852900631652,0.03624951252727146,0.03238013353697031,0.036661354225293374,0.033308184999111264,0.06250617898257423,0.03569026598348079,0.03574801563887918,0.03810374256441004,0.21114432795194354,0.1364107811990316
2004-01,0.045026247385946655,0.03540586800161007,0.0468848595167575,0.033259379728791956,0.03728129129118439,0.035420321899335805,0.046668139668886104,0.030680378407517018,0.031054444116265165,0.03622210748312164,0.03249028237387902,0.036533240608117426,0.03332730307178525,0.062383987215078464,0.035877896859626585,0.03579218594302422,0.03810208541827372,0.2114692818793249,0.13612069913147407
2004-02,0.045020202197458115,0.03538312049828108,0.04688219360224906,0.03325431733374057,0.03728889903856852,0.03541495357389313,0.04667023157914815,0.03067546556334105,0.031053747400041132,0.0362165316474051,0.03249381658026349,0.036527158206152294,0.033322211760057965,0.06239017090191685,0.03587607075037114,0.03579762680879928,0.03810955170952426,0.2114868406545464,0.13613689019424255
2004-03,0.04499841943227164,0.0353570094532753,0.046857972664045865,0.033235913267736436,0.03728895098606193,0.0354150221941299,0.04667695847186068,0.030665140986641276,0.03103349472110652,0.03621440256475442,0.03252722135636882,0.03654499435310399,0.03334275976707864,0.062392077151215364,0.03584322822582015,0.035799287470717575,0.038139560293812234,0.2113701965260425,0.13629739011395692
2004-04,0.04500039029671474,0.03537241551051704,0.046851665741628974,0.033245297555536735,0.03727348669390891,0.03540487502748768,0.04664075295983363,0.030674226042415882,0.03101705461590958,0.036231318367763984,0.03252005266919586,0.03653493867584566,0.03333139739390923,0.062397960449457446,0.03583967030017722,0.03579287116464754,0.03812826680870538,0.21145570874419045,0.13628765098215398
2004-05,0.045239943509715136,0.03523577994932351,0.04712953764764575,0.03334283847957304,0.037328980978993044,0.03553272343274607,0.04697232012492213,0.03072126733512735,0.031002698813337354,0.03630777465759415,0.03251959470336782,0.036770755886012196,0.03349541720974345,0.06244109077523762,0.035918209577227925,0.03584916217067637,0.0382756666588875,0.2094107650291618,0.13650547306070787
2004-06,0.04524718251230581,0.03527422586714146,0.04714140178740714,0.03334859556320758,0.037343869833027676,0.035543687802515815,0.046970177400806126,0.030737613818826923,0.031034121750955365,0.036317203478518384,0.032551737933010194,0.0367685127166872,0.033510615031678175,0.062472537992928553,0.03592563053846536,0.035865137376857315,0.03828793013133514,0.20931458319513474,0.13634523526919087
2004-07,0.04527159564417221,0.03527045703752492,0.04710224323047285,0.03334137023867162,0.037341871135115154,0.03552126230681249,0.04702450316971076,0.03076245137265255,0.03099196371584931,0.03629854056364195,0.03256309685304804,0.03675233377135265,0.03347655019199587,0.06247409628774464,0.03595971322433478,0.035892168155983256,0.038289421442142146,0.20936858896288596,0.1362977726958888
2004-08,0.04513064204443795,0.03530522325615338,0.04720039198469552,0.03330352116117222,0.037271472832770845,0.03550024414682549,0.04688891991580496,0.030738638311833617,0.031014352653809845,0.036258877829119504,0.032472246732550704,0.03669941316030806,0.033474222566473734,0.06253213309221611,0.03595502196046917,0.03587966841221968,0.03824278815501205,0.20973325386124278,0.13639896792288442
2004-09,0.045139202403914315,0.03530427991625778,0.04721338682799277,0.03330792849527175,0.037273574717715,0.03550004761464563,0.04688966316500722,0.03073647290733507,0.031018367007068132,0.0362661237419043,0.03248561514563771,0.03670980816513722,0.03347987186441212,0.06252622972950023,0.03596423674570676,0.0358802311073167,0.0382503182892767,0.2096436031464672,0.13641103900943338
2004-10,0.0451938651072787,0.03528124873727997,0.04714051147842056,0.03330419259179526,0.03725523678556978,0.03548467272888178,0.04695275146728886,0.030719013102608772,0.030992587225232432,0.036251022165895895,0.03248426306624823,0.036717825163403335,0.03348015859788948,0.06252691289192379,0.03596116209859946,0.03589348729526489,0.03824295528262942,0.20970468454422334,0.1364134496695662
2004-11,0.04519184604773586,0.03529903858400233,0.04715336386660984,0.03329427503242886,0.037267468403730825,0.03549414219347625,0.04698578997753791,0.030722424282271617,0.03101230728465634,0.03623915514295218,0.03247713798474958,0.03674094721237427,0.033480483963199054,0.06249618386382052,0.035958667087318,0.035902394680082925,0.03824425436484443,0.20969943292971568,0.13634068709849353
2004-12,0.04521216256938474,0.035229658549618056,0.04706437897999712,0.03329059758525402,0.037155989431118135,0.03540273148187811,0.047012444773294054,0.03072162337210258,0.030895889002082726,0.03611809623728036,0.0324555690668651,0.03668679504434185,0.03344162853991,0.062324145080714995,0.0359620327804432,0.035880277356215684,0.03821392993627872,0.2110385160955725,0.1358935341176481
2005-01,0.04518815706656855,0.03526719893729246,0.04712472001894975,0.033276231670506334,0.037147081027018754,0.03540435372980668,0.04697479715446736,0.03071270903141226,0.030920862835978488,0.03613194207360012,0.03245547320173156,0.03667029956554269,0.03344980784785954,0.06231621306973655,0.035964207441493305,0.03587358961348391,0.038203825099237254,0.211006154107966,0.1359123765073483
2005-02,0.04520602619259399,0.03529003429392635,0.04722909010253883,0.03327252936180795,0.037119732122498396,0.03541771260801361,0.0469066568797764,0.030753634643029496,0.030952590877699047,0.03611168464068212,0.03242760933011809,0.0365957483178179,0.03342846795680104,0.062414550575429585,0.035989021094071136,0.03587023625564325,0.03817062553470854,0.211334876910783,0.13550917230206136
2005-03,0.045225985645967484,0.03522130086777259,0.0469791691080913,0.03326931798953103,0.03712900086032631,0.035362054050939,0.04687275276939934,0.03075015380313009,0.030905248594206427,0.03611450417139898,0.0324176617359221,0.03659714500234522,0.03341798652683826,0.06238458420920025,0.03599916448531666,0.035886374999410955,0.03819376577428689,0.2117063249943304,0.13556750441158674
2005-04,0.045234602137172494,0.035181260559568404,0.046931779482491914,0.033282494664531745,0.03712246742508589,0.03536776746578988,0.0469243685892447,0.030742612396879466,0.030860068549029097,0.03609576203940751,0.032419698708512946,0.03651517708433589,0.03345969219792537,0.06245738020370781,0.03605498178197565,0.03587367460673281,0.038211127255518534,0.2114224709318985,0.13584261392019134
2005-05,0.04528615267809168,0.035066437893907884,0.046785177849849514,0.03319897544539761,0.03697443539794245,0.035268404529762994,0.04704322387144167,0.030711118559860303,0.03077148340794615,0.03610918795923842,0.03238568362119199,0.03635279112969694,0.033431849515257225,0.06257010725162267,0.03597868245634273,0.03587983672894287,0.03818857391501312,0.21234431066342246,0.13565356712507137
2005-06,0.04530770053361792,0.03504661987251946,0.046806538277803705,0.033177429608899765,0.03695497853914449,0.03530861338721912,0.04708463302654293,0.03068780920406809,0.03080344029437497,0.036127685224204134,0.03233534282768568,0.03629202691017728,0.03342190940045144,0.06260323384357476,0.03595519556403534,0.03588888519884272,0.03819698942362514,0.21211563066610867,0.1358853381971042
2005-07,0.04533452494494588,0.035035910107636806,0.046787021607699625,0.0331674286918808,0.036956553658558065,0.035318322721855595,0.04710181534067693,0.030689062376521015,0.030815972676389393,0.03613130704682414,0.03234276292813383,0.036289748464361116,0.03343272783107717,0.0625637060752585,0.035952293118335185,0.03588824281891409,0.03820859670520422,0.2121215093881835,0.13586249349754403
2005-08,0.04531628671782292,0.03494517779616811,0.04671541633300593,0.03315260417389381,0.036954623484505116,0.035283538983230674,0.04708305755493951,0.03061752964047043,0.03072750094215069,0.03606570457818042,0.03230065259346869,0.03622320564252987,0.033398645923124394,0.06248397818337675,0.03591216091508156,0.0358797663437662,0.038164651445807614,0.21278966018667175,0.13598583856180568
2005-09,0.045299846845314046,0.03495422405214351,0.046739353988268686,0.033137448237375335,0.03694041438060293,0.03525376531154102,0.04707357258289965,0.03060342382448607,0.030721199308415856,0.03605364872759673,0.03229321351287837,0.03620115696799638,0.03338708520448167,0.06247759010737169,0.03588194549271996,0.03586701815134748,0.03815570756483928,0.21292930222570533,0.13603008351401605
2005-10,0.045301807731010675,0.03496737825056267,0.04675318845864162,0.0331357471819386,0.036937328003717906,0.0352526610922798,0.04707468806809668,0.030605740118958932,0.03072465987133581,0.036050995407388216,0.03229464322435223,0.03619636811936611,0.03339070960106605,0.062494718452354464,0.03588173878074701,0.035869924968717444,0.03815664218618283,0.2128497909921238,0.13606126949115918
2005-11,0.045349509603273365,0.0349131581833863,0.04654068242217304,0.03315388991602918,0.03695041311028413,0.035361468337237856,0.04706982307578979,0.03061279236492907,0.030726754514357867,0.036071791365450676,0.032293008081909706,0.03616247856374263,0.03344402924287425,0.062263675583512416,0.03598715569426034,0.03598429449905332,0.0382049520860644,0.21237988339222688,0.136530239963445
2005-12,0.04539245676076454,0.03489897077265388,0.046585353020493686,0.033133676914226,0.03690367067591818,0.035365955825246376,0.04712764391864874,0.030602636688826807,0.030648467796826128,0.03605292041133862,0.0322664192589848,0.0361975662138216,0.03342204718415374,0.06235474827870483,0.035988124368126505,0.035974310276008004,0.0381876737488821,0.21237280070950065,0.13652455717687487
2006-01,0.0454210849117304,0.03489398759780874,0.046604085191007644,0.0331427425130627,0.036910512830726765,0.03537431411153345,0.047117157621493336,0.030617969686833345,0.030647460670109462,0.03606587783903895,0.03227893666352426,0.0362149355919635,0.03342444520337073,0.06236431104868429,0.0360024207397629,0.03598566473618298,0.038207272822171436,0.21235903102234618,0.13636778919864906
2006-02,0.04554715210532803,0.0347101265170252,0.04636386827921098,0.03321048606412764,0.03690352933849085,0.035416421453555176,0.04716496401182453,0.03061501513613375,0.03053015050305638,0.036078465342626556,0.03227557772723893,0.03621410331838556,0.03344919121654254,0.06235173957673114,0.03605138892490848,0.03605084664183801,0.03825728881254726,0.21318959778930638,0.1356200872411226
2006-03,0.04556190711070166,0.0346687120474341,0.046286038317731246,0.033219001551601963,0.03692353851682429,0.03542048707964689,0.047178312192987605,0.030614918408365152,0.03052252282393626,0.03610102054099896,0.03228288265403818,0.0362066560909515,0.03346838612003366,0.062357608519748725,0.036057690267318934,0.03606308331423606,0.03826085990129653,0.21315031919727667,0.13565605534487168
2006-04,0.045557015947552064,0.034659555891106655,0.046277023412097426,0.03321649539184684,0.036915698106216,0.035418797128852396,0.04717885208230708,0.030613161078453334,0.030509772543320948,0.03609517953129758,0.03227982151824094,0.03620391582039265,0.03346273683708049,0.06237124827975025,0.036053063532646104,0.036061360175331666,0.038256175561387204,0.2132179940402401,0.13565213312188032
2006-05,0.045564649717908114,0.03461557994673789,0.04626317282153555,0.033229020099601284,0.03694348932964298,0.03541744936205993,0.04720143993077973,0.03063367495466038,0.030489377201584213,0.03611680393809763,0.03228364617095019,0.03622529513996853,0.03346395145755465,0.06235807917466164,0.03606789413135071,0.03605462771979,0.038273829811687345,0.21351828095608594,0.13527973813534322
2006-06,0.045590389907073696,0.03455127153804382,0.046213265804255874,0.033210568142724294,0.03691760619829605,0.035400965989562085,0.04717109828665062,0.03059825961886892,0.030464206092885256,0.03608106314871805,0.03224775728459769,0.03623701358160013,0.033451328672521256,0.06237969180970161,0.03606017168246876,0.036026704806814,0.0382511853909813,0.21341534816155017,0.13573210388268653
2006-07,0.045622701020648526,0.034597922984998856,0.046335464093008434,0.033251561069164645,0.0369449939476325,0.03543161543237333,0.047246294406358004,0.03059889446925762,0.030542310959920292,0.03609553449508554,0.032264877455545016,0.03630000872039253,0.033520266133007785,0.06253016246756685,0.03611607663483463,0.0360606793061491,0.03829075909914881,0.2135166989911858,0.13473317831372147
2006-08,0.04562350469595968,0.034577335781805725,0.04634877347582557,0.033241975322796186,0.036934121628535314,0.03541619179729366,0.047257182872887084,0.0305837077380584,0.03053197413771488,0.03608693943167228,0.032251657820715623,0.03629206557278886,0.033500877644887135,0.0625503986499721,0.03610047861327073,0.03605864152106554,0.038282306180085796,0.2135497349451368,0.13481213216952853
2006-09,0.0456217524428293,0.034598605459830095,0.046391181575699464,0.03323847167444774,0.03693004988136968,0.03541226315125246,0.047252083520337544,0.030595519751785177,0.03055042591413372,0.03609131856678813,0.032235817030689465,0.03629321374603339,0.0335166605723166,0.06255025515004294,0.036101672180168826,0.03606750579323372,0.03828003613511759,0.21341458048893613,0.134858586964988
2006-10,0.04562195637945644,0.0345833011440272,0.046378171728567376,0.03325716650484312,0.03694236128557113,0.03541803174858279,0.04725317885156095,0.03059497455761067,0.030550838553635745,0.03610137485126095,0.03224391332594529,0.036305751624253306,0.03352550854659554,0.0625293347452514,0.036116839499407645,0.03607654169180352,0.03828841278677888,0.21344540313875343,0.13476693903609469
2006-11,0.04567272938390239,0.03449239634845934,0.04634097789110336,0.03321464013673132,0.03688815889158786,0.035385465439498685,0.0472754102164316,0.03059069477005336,0.030487716325813485,0.03607732479708694,0.03225210242486579,0.036288462324805294,0.03351704126907053,0.06241386184994584,0.03611446649419465,0.036097493368798625,0.03826767786290519,0.21356446807819118,0.13505891212655444
2006-12,0.04575043858891428,0.03449273345633593,0.04625393125311287,0.03322525613859034,0.03692830404493752,0.03541476785812419,0.04737102158021801,0.030608695908755954,0.030462090589980364,0.036105764110987565,0.03226524398788821,0.03633596701383879,0.03354676302981377,0.062431738890786466,0.036218626398774725,0.03616086069738472,0.038320141154064964,0.2134984122229715,0.13460924307451966
2007-01,0.0457894257438147,0.0344697512703455,0.046246807079605975,0.03323548501888552,0.03693989898319603,0.03543400997233689,0.0473909433929526,0.03062767615631023,0.030460437758707843,0.036117325940211255,0.03226865825395687,0.03634913160209786,0.033551114657883394,0.06246513010728334,0.03623873265769196,0.036199140335918846,0.03834797075350799,0.21322068317136017,0.13464767714393297
2007-02,0.04578818803940774,0.034452566324018406,0.046265571165392816,0.03322785971399472,0.03693576050998609,0.03542458737711515,0.04737473685793798,0.030620240775607956,0.030434211619055292,0.03610973634946429,0.03226801799998048,0.03633468282040058,0.03353942652328108,0.06246732090925986,0.03622899324532611,0.036202515307208735,0.03834177952452404,0.21332558116423786,0.1346582237738009
2007-03,0.04580733697407605,0.03445091952862064,0.04628659705719102,0.03323226825871323,0.036939955928280796,0.035426633893790395,0.04739745395969513,0.030627436197796676,0.030435207702469866,0.03611883172674342,0.03227918498843982,0.03634199942850097,0.03354898775723309,0.06245177453727417,0.03623740797965929,0.03621768372745472,0.03835685851815964,0.21324222712327243,0.1346012347126287
2007-04,0.045810090172666705,0.034452837743050795,0.0462923647869763,0.03323265604492779,0.03694030620360652,0.03542805644966151,0.04739809621930831,0.030625283688041224,0.030438085924465667,0.036120513414909274,0.0322797477600631,0.03634215447686537,0.03354910826572928,0.06245896379135362,0.036238470523215244,0.03621752817195444,0.03835787246741934,0.21322554333119567,0.13459232056458992
2007-05,0.04580356458113463,0.034412223987551865,0.046273055259464804,0.0332678782270167,0.036888059391286594,0.03546860538374792,0.047354702883283036,0.03065396893583265,0.030457665564790022,0.03611229061708655,0.03226967345079118,0.0363239596341046,0.033557911141949545,0.0624123656765509,0.03626485805042737,0.03623087277263405,0.038370152065533424,0.2134778960204044,0.13440029635640977
2007-06,0.04577811853187345,0.03436973217729944,0.04620696518829489,0.03324249265718447,0.036880231380116826,0.035442043912152915,0.04734465370129872,0.030624794682957517,0.030410666904528188,0.03607893044576686,0.03225025363430742,0.036313218058553004,0.033531761259708824,0.06239476731978145,0.03625852004007863,0.03621596577110924,0.03834756039546365,0.21381609279173797,0.13449323114778655
2007-07,0.04580819353303928,0.034381484771354824,0.04627201789252958,0.03327091311598022,0.03687932791989534,0.0355077616024337,0.0473063075769747,0.030619361048892704,0.03040919694811323,0.03611466719742277,0.032303752869736996,0.036399328538197356,0.03354049427999265,0.062263332531499085,0.03626411719739224,0.036203059501558076,0.038370577102704105,0.2136952576031784,0.13439084876910476
2007-08,0.045748689726824776,0.03440257263799335,0.046257056370279735,0.033230807024217546,0.03679688290783767,0.035508579034042254,0.047218481918566375,0.030571824308206208,0.030377511635461495,0.036120161133132704,0.032319711215733245,0.036321997715980596,0.03356859293668199,0.06210632107865688,0.036205341654099034,0.03610550333841149,0.038344504128140965,0.2143587207662744,0.13443674046945917
2007-09,0.04574986097999916,0.03440151434513295,0.04625654772728198,0.03323182683457209,0.036796677523962755,0.03550882499813097,0.0472195581177228,0.03056944644375582,0.03037500136211234,0.03612082360514617,0.032325741930397126,0.03632215689589519,0.033567750158942464,0.062104106525051696,0.036206531151157025,0.03610643011262342,0.03834485690082611,0.21436279007271922,0.1344295543145708
2007-10,0.04568464534885551,0.03430992822623398,0.04618002649263929,0.0332630427659121,0.036877876971138125,0.03549315503629209,0.047230219305874455,0.03069026699511273,0.030354850847433217,0.036157158486020566,0.032333260675383946,0.036336676152593804,0.03357450181201671,0.06207759514675011,0.03624915593145925,0.03613921445381659,0.038343506587701935,0.21475861230251364,0.13394630646225208
2007-11,0.04570485777332105,0.03424690091097058,0.046214835974439344,0.033311044096399026,0.036918522510368645,0.03549907291733866,0.047260903861130354,0.030724922628187025,0.03037545588566265,0.03618243555691764,0.03234521167385919,0.03635710652761306,0.03361006280637281,0.061963768963392375,0.03627694098973539,0.03620539697513439,0.038350195751272916,0.21477616493276822,0.1336761992651167
2007-12,0.0456840243783108,0.03414024165460198,0.046092852263812156,0.033219400316460916,0.03681988877250474,0.035433486753888514,0.047261738814465354,0.030631079620472856,0.030312449234279677,0.03612212650561636,0.032278921130947734,0.036218453609420075,0.0335577387645466,0.061862936669997114,0.036236939355683215,0.03610688566466134,0.03825546498953024,0.215724014104583,0.13404135739621734
2008-01,0.045689270555647324,0.0341683051532219,0.04620072079229109,0.0331784319458064,0.03680094632326323,0.035483091062991565,0.047221247977452536,0.0306303540969314,0.030335425500074256,0.03610200533806678,0.03229708486231695,0.03622045096899797,0.03355452601006613,0.06189714911241277,0.03622693739080075,0.03608294478750069,0.03826570625529786,0.21564043078689435,0.13400497107996595
2008-02,0.0455116209315488,0.034084698795462644,0.045988733498474425,0.03318113337479706,0.036745236035184495,0.03540489959321206,0.04708679869318023,0.030670200491562896,0.0302422169412563,0.03600726913969025,0.03214915453190454,0.03615120987126109,0.03352909403716365,0.06159583683152423,0.036211973604539316,0.03606095347724368,0.03815980894757679,0.2164289220964639,0.13479023910795368
2008-03,0.045525889755087694,0.03412476554720141,0.04603953993056535,0.03316289577320033,0.036711414074998866,0.03542931054414587,0.04707402077804395,0.030632506440751252,0.030271089755613056,0.035995555830859616,0.032150209859449226,0.03611550089940648,0.03350931950875742,0.061531926034956476,0.03618937332437293,0.035997293214969465,0.03813448897786689,0.21654375059939798,0.13486114915035585
2008-04,0.045528382920498586,0.03411613041307059,0.046032217655634595,0.03316427997584254,0.03671049613593061,0.03542628151448287,0.04707003893658402,0.030633339936514455,0.030270717505344356,0.03599811977301201,0.03214865342871259,0.03611127842579336,0.03350739068434677,0.06153206479205728,0.03619102398507159,0.03599117689312913,0.03813339494344637,0.21654423674925685,0.13489077533127145
2008-05,0.04552998434622095,0.03402532002000781,0.045910660406456236,0.033148361365090306,0.03671815759820865,0.03535390520939791,0.047108320438675265,0.030606676288461067,0.030238427354569677,0.03594311931004628,0.03210761534847472,0.036022413217134466,0.03345652335437988,0.061385085291019,0.036147320666513674,0.03594768766236438,0.03811430037820214,0.21703289322236305,0.13520322852241468
2008-06,0.045523369502364394,0.03400997366454641,0.045902607176252594,0.03314386517159542,0.03671430268364773,0.03534872462357579,0.04710031842949704,0.030604944799305603,0.030227539672641315,0.03593458757157869,0.03209973945466083,0.036022691197448366,0.033452766030780054,0.06136690951658341,0.03614574034609549,0.03595417439065753,0.03810894461008593,0.21711184122078836,0.135226959937895
2008-07,0.04540578091597723,0.034375926514884435,0.04618450337335136,0.032982231072009746,0.036552423286633655,0.035413347189137696,0.04707107081446813,0.03048100829074861,0.03025437031195402,0.03578082096668595,0.03204391084196714,0.03564038318542225,0.033261475527097316,0.061564257038260455,0.03611387246401424,0.035567282916000705,0.037971732064910446,0.21809944737365786,0.13523615585281887
2008-08,0.04545244644428573,0.03425650809895864,0.0459937296348756,0.032958622554692694,0.03664003467302525,0.03541095533459942,0.04714989991061796,0.030494005308429863,0.03019493210255224,0.03575509457448373,0.03204082386528654,0.03563377448532371,0.0332981693209843,0.0614042458854558,0.03612606147406635,0.03563538983263044,0.03798938031122093,0.21801824571803238,0.13554768047047844
2008-09,0.0454598400474209,0.034239578130218364,0.046006008286984985,0.03300988791008941,0.0366718960528262,0.03539548897507755,0.04718360289608896,0.030541487756643892,0.030175408019385782,0.03577750096130993,0.032055394847933266,0.03564466990116109,0.03332089426425249,0.061395987713354604,0.03615408674422617,0.03563974687912071,0.03800772289755889,0.21820397391601626,0.13511682380033072
2008-10,0.0459248933264554,0.03345265375450259,0.04581066333683145,0.0333905396559963,0.036890457734176575,0.03496650042227551,0.04735689264453741,0.03068026598664484,0.029589311794048036,0.03557634667493297,0.031847173154101134,0.03566675814713664,0.03328653211034425,0.06051115819221158,0.036357458577350614,0.035864421286939535,0.038043040444420986,0.21925861404626673,0.13552631871082746
2008-11,0.04591062673249278,0.03262773937101989,0.04554970462643579,0.03322493761076013,0.036268483671315216,0.03474425213617233,0.047842336452662795,0.030814369588822103,0.029121752126766258,0.035229013953950804,0.03188031206308194,0.03493533401658204,0.03374924072395935,0.060333554490790274,0.0366584225564346,0.035713312722346575,0.03805192325148447,0.22112429423050875,0.1362203896744139
2008-12,0.04572089934349393,0.032475388982217336,0.045551740846303715,0.03290527410318492,0.03599068561098139,0.034355942586354625,0.04759213970763235,0.030739380862242777,0.028954114350593068,0.03514566033861408,0.03169430328422448,0.034767801845882726,0.03351022275714746,0.06022587522841396,0.036449285635785006,0.03533894089175665,0.03780376193750493,0.2258972826130033,0.13488129907466329
2009-01,0.045969573844790106,0.03249943720861017,0.04584799092682995,0.03298306449666686,0.03611267502595758,0.03455729323153712,0.04769295647838979,0.030849497195687636,0.02887754530061823,0.03514987254038629,0.03181419036906309,0.03488128766874138,0.03361893583138649,0.06066393979775458,0.03652602463092732,0.03548224626873639,0.03793452312728928,0.2240212117938464,0.13451773426278127
2009-02,0.04627893493599685,0.03261513202226921,0.046062919790708604,0.03295031984625543,0.03592823665887912,0.03473572122606438,0.047867536309288,0.030853458405809955,0.0287728618170037,0.035160274999997874,0.03202412793179368,0.03491743838550187,0.033649792284186665,0.06125448345652825,0.036626466963624746,0.03512382207279216,0.03809392853341875,0.22058781366749827,0.1364967306923825
2009-03,0.04620967636125178,0.032776823472006986,0.04566002645831756,0.03290941901882403,0.03558624674740723,0.03472137157698778,0.04758543531655561,0.030808065472559498,0.02854724674713344,0.035138120022821566,0.03202313074149148,0.03506227930759801,0.03340950590233849,0.06047433276266457,0.0368503570698937,0.03487845668345761,0.03803617167065294,0.2203554546351305,0.1389678800329072
2009-04,0.046307776741674654,0.03270006123398358,0.04581045456743522,0.03273662706873949,0.03555351755376175,0.034501576615711925,0.04760850386725706,0.03070288182497871,0.028516914448862295,0.03525677692936822,0.03194723498977008,0.03499860620543649,0.0334736773840487,0.06072056687300028,0.036813312588361256,0.03471570812259721,0.038038455080935424,0.21962178669060167,0.13997556121347593
2009-05,0.04636105068287791,0.03264689192281588,0.04581772191209831,0.032259527669478164,0.034754803015161886,0.03414272951579315,0.04786903259452792,0.030435422263331565,0.02812685507796415,0.03485153577216672,0.031724825043315356,0.03418909892082201,0.033183697447731156,0.060740193626305845,0.036751856738820164,0.03434018052442904,0.03783732064157842,0.22307526548145465,0.1408919911493277
2009-06,0.046267598092985585,0.032471650665187736,0.04568253461280314,0.03226320877025709,0.034760234209328944,0.03408421149579771,0.04774067794899934,0.030509550763513707,0.02808205317701959,0.03489771496518703,0.031737149163398565,0.034283490318377755,0.03315700867220583,0.060615957524296916,0.03678290810418269,0.03424865306864612,0.037827443745059315,0.22398827255406692,0.14059968214868612
2009-07,0.046270500333239976,0.03244883337432807,0.04565558747327347,0.03225227919690096,0.03476722425250536,0.03406128147638519,0.047752269525823364,0.030512732974467938,0.028090950391582027,0.03490782607494553,0.03174347806232388,0.03429929164070994,0.033153393659980046,0.06066967196567825,0.03677964286362966,0.03424287561854399,0.037837427535922154,0.22392045662513485,0.14063427695462535
2009-08,0.04625072622846802,0.032321279799488935,0.045671046917290764,0.0321231973712788,0.03451301952901848,0.033824340101474774,0.04768413616081908,0.030385270540641836,0.028166654184268565,0.03495513226174543,0.031649463595894954,0.03407396348029228,0.0331581242490207,0.06062410945969368,0.03681203167476654,0.034199410436349546,0.0378247304645917,0.22458307166048683,0.14118029188440911
2009-09,0.046284552271350615,0.032323413176101,0.04569800979560625,0.03212429350795174,0.03447794133483311,0.0338355303801727,0.047703227244125665,0.03038423096394752,0.028163929134583647,0.03495193105149699,0.03165676541100965,0.034101429685007165,0.033137755735506196,0.0606735859399411,0.03680315664233803,0.034148411205759344,0.03782943506453571,0.2245335903314256,0.14116881112430804
2009-10,0.04630028959894769,0.032257694731372404,0.04570066573653464,0.032045080703549014,0.03445085268026655,0.033809102448931275,0.04772672980855018,0.030479596501082076,0.02816269306041969,0.034932917709852906,0.03165109706791604,0.034191671216263875,0.033152852946608004,0.060749059569655144,0.036844221085255806,0.03420794066189139,0.03782488378592354,0.22467031960260767,0.14084233108437214
2009-11,0.04631272561277559,0.03227961985792929,0.04576075566285855,0.03204218702437092,0.03445062419645712,0.033789427191411064,0.047739848374274474,0.030445498251592606,0.028106456146125246,0.03492761146608176,0.031646378506828346,0.03420209072126933,0.03312352663469351,0.060667975708262045,0.03688861082327881,0.03418378002189622,0.037810127544669975,0.22445417120525488,0.14116858504997043
2009-12,0.04639879921958055,0.03220580042513674,0.045925927909341156,0.03218032354286824,0.034528765209011866,0.033757479838464555,0.047690203365347385,0.03052707905825139,0.02814752748188261,0.03509467206582667,0.031728876808911205,0.03412746725784385,0.033085081415456505,0.06071886581399787,0.03696649939900855,0.03426858661914876,0.03785278534719671,0.22446115817383308,0.1403341010488924
2010-01,0.046387145785974346,0.032207269552741856,0.04592468037088002,0.03216816230264068,0.03451513282887611,0.033749003211652806,0.047679602577291834,0.0305127072284356,0.028126563850426944,0.03508085541100253,0.03171700747498469,0.03411320520910549,0.03307420139949851,0.06066222658893925,0.03696149750368056,0.03426422500369496,0.037838498144608566,0.2247181737302413,0.1402998418253238
2010-02,0.046355939193808864,0.03207738306146644,0.04584517857649386,0.03215255918321447,0.03450064038761939,0.03372274964638485,0.047694307686412384,0.030508827308944938,0.028039832829818836,0.0350767071396766,0.03166039153588811,0.034158004036939346,0.03307833693332962,0.06048408064115776,0.036969241590537556,0.03428719421098807,0.03780455812549171,0.2254793206362059,0.1401047472756214
2010-03,0.046363198096620345,0.03199975561141837,0.0458468139924994,0.032119593947640926,0.03443253856587474,0.03369772545693024,0.0477101546619422,0.03048724631101463,0.02803298097643296,0.03503181608190397,0.03162774704043359,0.03412459809371598,0.033053814191659384,0.0605456208771647,0.036961513569301704,0.034285716402458456,0.03780648753549422,0.2255478754980248,0.14032480308946935
2010-04,0.0462938406485449,0.03195637074733006,0.04584163237403049,0.032021786357918615,0.034398443688501486,0.033643587619284404,0.047685245698963576,0.030471085159177267,0.027956783025200802,0.03500990648130908,0.031578109395561764,0.034048169991779585,0.03297931276710606,0.060489546172082985,0.03690586433952242,0.03420842563851009,0.03775118604508296,0.2265329689502751,0.14022773489981827
2010-05,0.0463610088613194,0.031993530957830384,0.04582830721929536,0.032016590480697577,0.03437209331093647,0.03365560602796522,0.04776392348902076,0.030429662087286594,0.02799710162996996,0.03501332911562041,0.031575515076199476,0.0340281438746141,0.03298862576896126,0.06047719845029382,0.036928210565231524,0.0342309897142474,0.03777258083964035,0.22643552993471705,0.14013205259615283
2010-06,0.046225061946686796,0.031885756755745696,0.04552100169701347,0.03195693497878689,0.034319155261026364,0.03349743920409572,0.047555970200240695,0.03034431693257613,0.02794448996310362,0.03486902893563321,0.03148714537422483,0.03393881690486215,0.03289262700721772,0.060116940882113286,0.03684324592867401,0.034088813269814916,0.03762620678083062,0.22816928118143223,0.14071776679592166
2010-07,0.04617726958539737,0.031803038954631394,0.04535568929885981,0.03184266806868205,0.03420226505663024,0.0333950509255346,0.04757561191533179,0.030170984873191534,0.02782158634689215,0.03479406013415899,0.03143930594814779,0.033839967003917226,0.032807138692311714,0.06008631798599599,0.036683512818188616,0.03398856083533437,0.03756293135224905,0.22954783828505118,0.14090620191949407
2010-08,0.04609387507363897,0.031735005921786935,0.045264420281600284,0.031808110574953564,0.034227584851054114,0.03322333912531771,0.0475982288905751,0.03019180619613894,0.02779746576180835,0.03469253874682818,0.031410485653009995,0.033649751197826906,0.03273868171167287,0.059905906781944754,0.03669315652106832,0.033967675438955146,0.037512909764808644,0.22991458788616034,0.141574469620851
2010-09,0.04604775601195095,0.031726246777408595,0.04518786042976978,0.031738378745690486,0.03418276262860393,0.0332124121227746,0.04756109690167588,0.03014909925138319,0.027737231255443483,0.03465822980450348,0.03133300334552712,0.033564846932704416,0.0326692161408276,0.059870347617008185,0.036642827365211364,0.03386880276549913,0.037454005050176604,0.23083879256614076,0.1415570842877004
2010-10,0.04620378379203019,0.0316724757641356,0.045072623645106814,0.031531254572643205,0.03408090615897369,0.03317973289342,0.047494161017635705,0.030122089886636193,0.027707063911776353,0.03458757301103409,0.031213897761089848,0.03347046013325418,0.03263343710199473,0.059942028958726905,0.03648560217620259,0.03389169619661358,0.03735650176854608,0.2323191487233122,0.14103556252686794
2010-11,0.04617848752385202,0.031644140960174164,0.045053375273561166,0.031538226166181085,0.03410439673037322,0.03312477472298751,0.047492113119919015,0.030171350349036886,0.027711276711342856,0.03453238040649804,0.031206665538595867,0.033403789065187484,0.03261787711461115,0.05995343735825747,0.036499147731433965,0.03391388672213571,0.03734194807401918,0.23286208261279892,0.14065064381903436
2010-12,0.04617786804100025,0.03163067327058129,0.04503458446349358,0.031527345966220394,0.03409693782305808,0.03312658350200963,0.04750901161546282,0.030163729627053312,0.02771189488001123,0.03452925748507427,0.031205205226211834,0.03339050290138988,0.03261816556025524,0.05995107534978996,0.03648902928352919,0.03391808582726067,0.03734561562986282,0.23293963003979587,0.1406348035079397
2011-01,0.04608823181154431,0.03150875214009317,0.04487593952295676,0.03152912375865109,0.034022825929950005,0.033059671415598256,0.047413489899197477,0.03004762163010348,0.02761811475334907,0.03447381987705334,0.031159090971962053,0.033317576306991385,0.03259005726648214,0.05984795067019541,0.03648044437425176,0.03379131192109694,0.037259270469063265,0.23445112972962648,0.14046557755183364
2011-02,0.046078463958166935,0.031497758671612225,0.04492654059451409,0.031522312076860355,0.034021049476993616,0.03307055586843743,0.047406264698633134,0.030063832134830975,0.027632608433969322,0.034489351197367714,0.031179999102762493,0.03331881368164038,0.03260420195204719,0.05987928216031018,0.03647815465902286,0.03380639582218576,0.03727598192297626,0.23434554821734874,0.1404028853703202
2011-03,0.046077123971502376,0.03151045784330138,0.04486562769915116,0.03149051230409222,0.03400927961885312,0.03305625759740913,0.04738721489670118,0.030065754174911356,0.027628757071427996,0.03448955448891177,0.03118111687923585,0.033354590785701604,0.032610050704007784,0.05986839709235155,0.03648542290328094,0.03380558411312342,0.0372619070343862,0.2344493019258197,0.14040308889583145
2011-04,0.046072127373219085,0.03150395963104107,0.04486213913441376,0.0315016960399623,0.03400421876114085,0.033057365817800936,0.04738406599389968,0.030060578009233594,0.027633279486807924,0.034488768708141826,0.031186741951580263,0.033353761568445245,0.0326077336956264,0.059859137457257544,0.036486575078020965,0.0338148177595357,0.03726259380954435,0.23448258600280625,0.14037785372152217
2011-05,0.04607115090386453,0.03156245880955346,0.044900789360353396,0.031474644146037345,0.03399360152312203,0.03305457073904553,0.047333764220213674,0.030107442902033613,0.027663752422196944,0.03451850647912702,0.031203987080001782,0.03337588740850596,0.03262605821208508,0.05983935893638676,0.0364789492626279,0.03385657442031005,0.037276652414546876,0.23445471353579067,0.1402071372241973
2011-06,0.046072528293722326,0.03154293105085713,0.04486850633043149,0.031472230776977965,0.0339917524350641,0.033039117751001656,0.04734081309854379,0.030095248399849662,0.027650598253694068,0.03451297748443554,0.031192443885363928,0.03336357423077304,0.03261876197555744,0.05983558654295104,0.036478128517320685,0.033842167505430024,0.03726679430584367,0.23459215125550983,0.14022368790667264
2011-07,0.0460958610280304,0.031537104717067124,0.04485678964976765,0.03150929423229807,0.03401798796605324,0.033052868269728704,0.0473206258315018,0.030096440872025756,0.02765552469829938,0.034523213720045326,0.031189525313207633,0.03337323000150893,0.03263591493086146,0.05985419636822905,0.03648710034705774,0.03384251655473321,0.03727230837082087,0.23438044865385035,0.14029904847491337
2011-08,0.04605452496787517,0.03152865476845369,0.04484538416099108,0.031514400190301786,0.03397136924287074,0.033035333297850425,0.047272577703488056,0.030059602432325215,0.027624321783822948,0.034476062375557226,0.03117189959579714,0.033311128982381144,0.0325931208593062,0.05981385321250072,0.03648407567376445,0.033807000841537385,0.037240810072977804,0.23484312243140118,0.1403527574067976
2011-09,0.046005815458774725,0.031459986923595536,0.04469150354596059,0.031458680311936195,0.03389677043568873,0.03295337912147178,0.04722851362412331,0.029999133040531617,0.027543883219886087,0.03440509703817153,0.031109980912114837,0.0332281776520892,0.03252375777902386,0.05975238784654681,0.03643815669383532,0.03370934050718771,0.037164803910049164,0.2356130163488185,0.14081761563019446
2011-10,0.04592487480263036,0.031023109910657577,0.044328262768180755,0.03146280083409469,0.03369432711990658,0.03266231995763013,0.04718863185647725,0.02991739860175089,0.027312404732248698,0.03420419286994677,0.03107070767759322,0.033077884686653236,0.03248039812949701,0.05977279078749849,0.036484395470211844,0.03353380560146032,0.03711725631039081,0.23778209477736276,0.14096234310580866
2011-11,0.04596620737180209,0.030657885344931787,0.043820073627858815,0.031241382758667023,0.033407555306205663,0.03236564292650813,0.047152377251227555,0.02973278761571217,0.0271335667484183,0.0338691059808832,0.030896911918452806,0.032713835337800146,0.03231767702231051,0.05948425046035969,0.03639749999547167,0.033329642736599815,0.03696969813889031,0.24007178152856534,0.14247211792933487
2011-12,0.04596625677737103,0.030657513132823937,0.043820216136877706,0.031239825295639585,0.03340612684643778,0.032364800939397115,0.047154253851180834,0.029734564821768786,0.027133030972449648,0.03387006398451219,0.03089633027742025,0.032711032641648374,0.03231797016519117,0.05948432683204024,0.036397140429020966,0.033328344632804534,0.03696895188623304,0.2400683419156316,0.1424809084615513
2012-01,0.04598850067627237,0.030625015061811044,0.043821851625149406,0.03122967836509327,0.03339409026520923,0.03237048623711625,0.0471965948642319,0.029752947535711283,0.027119889395682464,0.03385202896525103,0.030892904977257964,0.032711019289698946,0.03232636624257145,0.059529437881510036,0.03639916775752705,0.03334058366706298,0.03697543964934711,0.24029603997450796,0.1421779575689884
2012-02,0.046058239273616616,0.03054778844690115,0.043886305218948415,0.031178051389557614,0.03331697767250677,0.03228600462482494,0.047314670353731623,0.029728671502111104,0.02706252047181273,0.033835288581192016,0.030820868484552177,0.03261135907594809,0.03231619048225365,0.059753059155280265,0.03641972341205772,0.03330041308162891,0.03695690329032348,0.2403549122939431,0.1422520531888096
2012-03,0.04608282402775598,0.030605655237140685,0.04382343834904173,0.031151662993164346,0.03324786664968984,0.03229447644300996,0.04728990493191477,0.029709919038315116,0.02709772049179998,0.033810556420437475,0.030795095280402012,0.032594123084602473,0.03232599322833941,0.05975717205474447,0.036414831486977745,0.033265689144883474,0.03693785994889288,0.2408683776435753,0.1419268335453125
2012-04,0.046114854360420114,0.03059621019628529,0.04381510605333195,0.03116202901564255,0.03326985423915488,0.03230887681653778,0.047324568776604146,0.029731618502595366,0.027106306374764442,0.03381942025833559,0.030811370759391096,0.03260408913442794,0.03233419734130486,0.05978767398020714,0.03643914820492057,0.03329621238047487,0.03695856717903215,0.24066633127029421,0.14185356515627504
2012-05,0.046111298380614445,0.030592280936453477,0.043796387738912465,0.031157724212060516,0.033249865627031465,0.03230685688074704,0.04731539820525537,0.029735146404532956,0.02709449805524464,0.033813902559317065,0.030799645487122627,0.032586238136778384,0.03233279856818025,0.05979156914907614,0.03643783435629355,0.033281766057562966,0.03695148305881198,0.2408872464540284,0.14175805973197633
2012-06,0.0461080081941773,0.030427184904345254,0.04352674363794947,0.031127196187125127,0.03309484813891968,0.03219897345757736,0.0472592444888555,0.029693672938350048,0.02697743448268386,0.033781434683408246,0.030726025568002857,0.0325164813442864,0.03231408056925158,0.0597933428982536,0.03647005838403632,0.03315379741946012,0.03689696816889046,0.24287422480505705,0.14106027972936971
2012-07,0.04609162885694873,0.03041566525826697,0.043505450309923366,0.031155067453587024,0.033099529433195295,0.0321934322029188,0.04723685532488199,0.0296814689555679,0.026970596420428556,0.03378336349054979,0.030725873323388737,0.03253594096265295,0.03230752148777901,0.05977124422271001,0.03646538619159205,0.033143208508460476,0.036881744407088975,0.24297460872499227,0.14106141446506706
2012-08,0.04609117740667308,0.030413952137337313,0.04350602986078807,0.031155120622382602,0.0331000255507528,0.03219229331082121,0.04723859094836946,0.029680034365294636,0.026969993729874117,0.03378344791782401,0.03072604136342027,0.032535399665203586,0.03230660966671066,0.059774652742398196,0.036465261251253864,0.03314221219291894,0.03688096100292464,0.24298138667422023,0.14105680959083236
2012-09,0.04610017197432514,0.03040436762130382,0.043497731995626815,0.031133753380786788,0.03308149281607638,0.03218760229781067,0.04724908372825942,0.029658566934452815,0.026976844672593554,0.03378395952334337,0.030714869537495217,0.03253016032183534,0.03230957695804967,0.059821486622921305,0.03645923300390215,0.03313109080268038,0.03687444980557061,0.24307533033333406,0.14101022766963237
2012-10,0.04611694664608555,0.030378817984610396,0.043486102938146795,0.031152472810802953,0.033075045779277244,0.032202883170668765,0.047239170587960566,0.02964287358544006,0.026977520125018275,0.03377318307772682,0.030736935077757453,0.032532836657042076,0.03233934671604003,0.05981231645131547,0.0364642611781306,0.03312304492329722,0.03685713559030421,0.24342401040140493,0.14066509629897064
2012-11,0.04610773173140497,0.03039897547009913,0.043473539173565307,0.03115599939237199,0.03309528178903752,0.032196972871319764,0.04724313237431462,0.02966295444156725,0.026981881068615213,0.03377651631797443,0.03071900570508665,0.03257154744363572,0.032356885259071586,0.059840522385218475,0.036457184451743056,0.03314075939585117,0.036843723764115696,0.2433096116756161,0.14066777528939142
2012-12,0.04611221987786162,0.030396447084575524,0.043470814282167466,0.03115841142923526,0.03309655436949497,0.032198703348425374,0.04724358781777485,0.02966590825471311,0.026983354879338083,0.033778565499495226,0.030719998416121184,0.032573921589537744,0.032357568288832385,0.05982893271445446,0.036456855514737575,0.03313940731468115,0.03684464159348925,0.24332045991522228,0.14065364780984252
2013-01,0.046111744932254874,0.03040350042395946,0.04348332921361483,0.031163917584172328,0.033104880789015176,0.03221834245234903,0.047240529418005814,0.029673241034016133,0.027003149418788147,0.03379002490501872,0.03072620122359634,0.03259821344157375,0.03237222115380139,0.059842005591280736,0.03645681616131831,0.033161345455474396,0.036858118852690865,0.2431855507578682,0.1406068671912014
2013-02,0.04604928962891089,0.030410429295041747,0.04340074597931895,0.031156740897696288,0.033046185275773514,0.032194202865242424,0.0471296618135032,0.029628678925288175,0.026990563048369567,0.03375960305804572,0.030731891153767302,0.03258758544944616,0.03234411012078856,0.059731522308144734,0.03642469987229291,0.033121855977208965,0.036807411766325224,0.24382714228197816,0.14065768028285744
2013-03,0.046057428935464315,0.030401327022549607,0.04340097206783836,0.031158103298543696,0.03304927488969108,0.032192178933491876,0.04713238743546935,0.029627236823862105,0.026987797550866492,0.03376363324373947,0.03073127763528744,0.03258629248285858,0.03234831520851906,0.059738019001145455,0.0364235367984849,0.03312218379459826,0.036809767819007334,0.2438553529589161,0.1406149140996663
2013-04,0.046009621205587846,0.030404823442483506,0.04340121631857338,0.03115555441944864,0.03302643740070092,0.03220138367746441,0.04710310095794976,0.029624958307230102,0.026988643436095586,0.033754681625029946,0.03073332934630884,0.032576424765369504,0.032332146990613375,0.059659902617515886,0.03640271611876574,0.03310993070529012,0.03679496846072406,0.24395841143213168,0.14076174877271658
2013-05,0.046018534595360185,0.030388019896391352,0.04339535967580666,0.031172618982513393,0.033027112932908456,0.03220906586089256,0.04711436690683883,0.02962733759186019,0.02698318917107592,0.033749208098908426,0.030731135701904857,0.03258718700310864,0.03233210183118301,0.05969356979681941,0.03640902108679004,0.033112050066664706,0.03679947952631136,0.24402849493475726,0.14062214633990472
2013-06,0.046028286379585684,0.030417999042368575,0.043462190478325564,0.03120236792114939,0.03307100049522041,0.032253515209277814,0.04715632542160995,0.029682147428381933,0.02701977609222012,0.033814877175049274,0.030781933691836308,0.03266389295990529,0.03238460375419932,0.05962210584283449,0.03644712696994971,0.033186730235740154,0.03685030880839575,0.24347001383531763,0.1404847982586327
2013-07,0.04618462341407592,0.03038207479771969,0.043535910414109175,0.03130755212441919,0.03313972094188349,0.032280517310969925,0.047270143606580335,0.02972004112047109,0.02705948347402747,0.03387862612722746,0.030827364592919296,0.03276526780525067,0.03248316336630669,0.05985121187212855,0.036562378853519234,0.03328318981807437,0.036943392988092225,0.24238897838618423,0.14013635898604104
2013-08,0.04616804817220264,0.030379265285814912,0.04349507327412702,0.03130723871532487,0.03312600323534779,0.03224845805051242,0.04719968381352184,0.02971409196942061,0.027034397444513157,0.03383105105192715,0.03080980285757617,0.032720737176183845,0.032458059028535234,0.059773454311326975,0.03652902992615154,0.03324990783019775,0.03690649786059836,0.24263721479204758,0.14041198520467013
2013-09,0.04613595596358952,0.030424643870988807,0.04348941950723161,0.03131801267692053,0.03313402342471001,0.03227088859451136,0.04716291101233847,0.029709336480959796,0.027036189176177138,0.033844570264452215,0.030813999969416066,0.032738256524911385,0.03246231352424797,0.05969287095021082,0.03650971778782042,0.03324110270347387,0.036925042643772304,0.24227875312929806,0.1408119917949695
2013-10,0.04618491206950649,0.030440952780498264,0.04350883257270356,0.03129413353259408,0.033113576272569965,0.03226420500825198,0.04716785614823463,0.029703446210686494,0.027013071540566543,0.03382950618831321,0.030812241125086466,0.032723055482587075,0.03243944715773488,0.05973807520963964,0.03650509280782923,0.033251877327761865,0.036918599350030126,0.2421552298253181,0.14093588939008742
2013-11,0.04615538651410682,0.03042127737144396,0.04348297364075139,0.031299644412025554,0.033091042319455144,0.03226444116143084,0.04713164883652636,0.02970207608120075,0.026987840278360802,0.033815992380642264,0.03081637692593696,0.03274289875821144,0.03242547413847221,0.059710337222762214,0.036482478660650214,0.03325214017162862,0.03690431030848849,0.2421655191635459,0.14114814165436002
2013-12,0.04616120996140581,0.030418480712563478,0.04348736892302583,0.031308814793944456,0.03309809478136696,0.03226780501121922,0.047143496799322185,0.029705028340141684,0.02699106563213945,0.033821562346837926,0.030820360543308157,0.03274648971258939,0.03243371291054855,0.05970611134080911,0.0364904390971506,0.033262187411987464,0.03691095444821398,0.2421057219530245,0.14112109528040132
2014-01,0.046169525288445576,0.030427435107873154,0.043495311349297704,0.03131196981511927,0.033103620697244276,0.0322757422608452,0.04714738831589067,0.029710545584453234,0.026997724730780395,0.03382813653857416,0.030826692823841366,0.032749849119396754,0.03243895914735313,0.05971729283484067,0.03649136974179485,0.03326746613840508,0.036918103007829536,0.242033818656885,0.1410890488411299
2014-02,0.04606960849806481,0.030366514698295714,0.043368028713803276,0.03124818090972917,0.03301761397341909,0.03223865483415298,0.04707600635624015,0.0296779124946993,0.026966831446402485,0.03376676802138603,0.030818633821378654,0.03272184790214637,0.032419935254643144,0.059765171217987814,0.036394832401766365,0.03322048385503832,0.036888896679344814,0.2428650666031764,0.14110901231832507
2014-03,0.04608645720080792,0.030372805969431954,0.043338546049264,0.031253212676029166,0.033030994628588946,0.032209589143473244,0.047022022951494914,0.029663512466222154,0.026998036589944197,0.033759092310522945,0.030827976383685878,0.032673432341320204,0.032441929480502146,0.059762505722367805,0.036385682689313775,0.033243031045996047,0.03688606020609409,0.24323195551256818,0.14081315663237237
2014-04,0.04608771397985101,0.03037199747215591,0.04333885148454962,0.031252573637701134,0.033031238604689324,0.03220944895878462,0.047021569803112936,0.02966335959209331,0.02699847636765905,0.033757896944949115,0.03082850519722749,0.03267322726380275,0.032442273911333294,0.05976599222043286,0.03638348904367546,0.03324400831481363,0.03688388739117251,0.243224741590918,0.140820748221078
2014-05,0.046090149502206704,0.03038339174977078,0.04336659825669453,0.031248207208474498,0.03302737624047923,0.03221072648626158,0.04702947550916144,0.029655007613628107,0.027000595159981804,0.033767718275782496,0.030827925873629015,0.03267234518559524,0.03244289164095038,0.059792171716469486,0.036384632637624724,0.03322978965706768,0.036885131025558536,0.2432470784138566,0.1407387878468073
2014-06,0.04608806974487514,0.030385658455913383,0.043366546495669143,0.03124785840462441,0.0330296381566456,0.03221025448428601,0.04703143745385408,0.029656788966420405,0.02700281929002985,0.033769112182711766,0.030828213892190016,0.03267415283984361,0.0324421702876961,0.05979731464833983,0.03638553826123081,0.03323124455169342,0.036883284151355465,0.24321858666934626,0.14075131106327465
2014-07,0.046083548323807906,0.03037492342265403,0.0433535672044732,0.031249297359169485,0.033027164760140296,0.03221284816317413,0.047030867763851125,0.029655314532219593,0.026996230701576484,0.033764470177032976,0.03082139129044746,0.0326663284658186,0.03244629516743056,0.05975660389141625,0.036386067980918896,0.03322623743411046,0.036879821339396254,0.24328626997127714,0.14078275205108517
2014-08,0.04601210780438015,0.030397423052809944,0.04332697212512691,0.031275142642800485,0.033006403101690465,0.03221314651933401,0.047036375974882985,0.029648843731743337,0.027050458061821624,0.033710776071673186,0.030828238487830083,0.03265791121008485,0.03245069922713949,0.059574942524228035,0.03640517545137817,0.033246759617522166,0.03692666359442694,0.2431960515165286,0.14103590928459853
2014-09,0.045975747901272776,0.030425593432226106,0.04335920696074491,0.03128811319432272,0.033009472490385536,0.03222294589383287,0.04702811193774641,0.029613802249593334,0.027045374127826545,0.033738912537847644,0.0308350242115145,0.03266175011148131,0.03245521148330771,0.05951614474734652,0.0364191798330006,0.033263236285602155,0.03693869379759295,0.24290645997108606,0.14129701883326937
2014-10,0.04608388211346493,0.03038127889295528,0.043270560433144374,0.031424746405710725,0.03303378233392701,0.032284343344305626,0.04720534907629613,0.029653389235926857,0.027079819139049312,0.03375852002589086,0.030880646187309867,0.03260724375511317,0.03255312879569053,0.05950712818398413,0.036499061274687855,0.03335216042327489,0.03700801304959191,0.24250445283454972,0.14091249449512674
2014-11,0.04608586124848989,0.03041527759231125,0.04331168816379972,0.031430453499139,0.03302424382029083,0.03230155679692588,0.04719354965423641,0.029647531258083108,0.027079274796783626,0.033747237258782606,0.030885770046403412,0.032602334798187194,0.03254883068164677,0.05945416200271901,0.036506996257737095,0.033349644053852684,0.037006772119247744,0.2424293603570635,0.14097945559430033
2014-12,0.04607580026087095,0.03041881552966665,0.04334534115256792,0.03141940119426363,0.033021592982196424,0.03230337920534133,0.04718883647455606,0.029645143690657332,0.027082662402509054,0.033750868789571245,0.030883134389094707,0.032596751050142085,0.03254310958053017,0.05946014075821355,0.03649209164040414,0.033350154816646445,0.03700443423492435,0.2423725462068014,0.14104579564104255
2015-01,0.0460555958439846,0.030397461929915704,0.043347732674798425,0.03141731748885693,0.03302341778704246,0.0323032183247438,0.04717778848039841,0.02965629402664148,0.027068211442420987,0.033754996324153054,0.030884135616118503,0.032600996730444205,0.03254492915061362,0.05947769530916608,0.03649544408113235,0.03335724846148138,0.03699918703261115,0.24234502039656658,0.14109330889891042
2015-02,0.04601916928776531,0.030355917514531216,0.04329636160534396,0.031392779071624896,0.03300907472547361,0.03228031705691891,0.047146950476414935,0.029637168372373207,0.027032222340204644,0.033710072839959526,0.030848507685338936,0.03256429085777804,0.03252078370173473,0.059455535354308385,0.036480484654866675,0.033304899382126586,0.036971261040138606,0.24281515975559295,0.14115904427750475
2015-03,0.04595846400262426,0.030270182609189483,0.0432438599779144,0.03135177107715453,0.03297731664136052,0.03222774321704983,0.047084563477767905,0.029587590495422568,0.02701896973958399,0.033640635467259004,0.030808549184934718,0.03251383994767093,0.032494141263491275,0.05954951783842504,0.036438339063994636,0.033244999988939,0.03690792512244092,0.24343920895341245,0.14124238193136446
2015-04,0.045960973468689256,0.030237474934830484,0.043232104848129546,0.031380657700972,0.032987314424465244,0.03221780989109931,0.04707935175754914,0.02960701949040771,0.027022428289325266,0.03366992408449901,0.03080300011255849,0.03253241746060379,0.032494181900317755,0.05956270467386613,0.03646323227682414,0.0332655317323022,0.03691254641376011,0.2436068699733646,0.14096445656643578
2015-05,0.04595645878295017,0.030248929506184203,0.04324739674693889,0.031377612596997305,0.032987188857069374,0.03221720120837199,0.04707630974481779,0.029603169714435218,0.027028351525183236,0.03366823213817666,0.030802762181071242,0.032532532605836835,0.03248943480694826,0.059570707841545834,0.03646008013653165,0.03326744777634556,0.03691451686393295,0.24357167490411455,0.1409799920625484
2015-06,0.04597329731129318,0.030233921734823924,0.043216016175053384,0.03138127039161575,0.032993799265919194,0.032224297296804705,0.04710494696027486,0.029616077709430498,0.027019652292327,0.033672721638033476,0.030817656439977,0.032538515674499564,0.03248810749737026,0.05957914277322725,0.03646470280102781,0.03328320614303196,0.03692410192944524,0.24348078153805494,0.14098778442778992
2015-07,0.04600792835196592,0.030216668880886456,0.04322213408987466,0.03148891803603013,0.03304963073554845,0.032247899743104415,0.04715107402955521,0.0296711749921555,0.02703320010961234,0.033715230378630605,0.03082368666845583,0.032586119993981366,0.03251354637427689,0.059476467551414135,0.03652985935050388,0.03337270903849534,0.03697522806216007,0.24292709810071672,0.14099142551263202
2015-08,0.04605267604356103,0.03016265674742396,0.043138936259837536,0.03151575220165849,0.03305195188398151,0.03222218203341178,0.04719757963691085,0.029686786731422603,0.02700491446592935,0.03369733644865059,0.03082128495216522,0.03258285015626996,0.032526486987087,0.05953004155891576,0.03657403296758197,0.03338400433458186,0.03699483387321775,0.24308353370897265,0.1407721590084202
2015-09,0.04604541019483903,0.030228419491729948,0.04312906076619103,0.03154241498352233,0.03303366527277912,0.032195857344462606,0.04706224810805634,0.029733864945051366,0.027030324978996365,0.03375219342013847,0.030817976226906442,0.032587214433096,0.03251657544001552,0.0594430435073849,0.036535325896802195,0.033357330414426054,0.036947129599135264,0.24332107208887632,0.14072087288759053
2015-10,0.0460603838156222,0.0301757146213577,0.04304814764830132,0.03156176959222415,0.03298248989825015,0.0321294378477332,0.04701072057540045,0.029719075758219585,0.02697535152707913,0.033683691382249026,0.030811175318270885,0.03260283229370824,0.03252755007298231,0.05943188394844011,0.036532840226600555,0.03334405830313088,0.036926728785875565,0.24372717395837556,0.1407489744261789
2015-11,0.045987535844961465,0.030166376466831558,0.04283833071571404,0.03163052859449025,0.032944321852498105,0.03196469171933699,0.04686752441375883,0.029696216984941955,0.026990620216367327,0.033628643395272086,0.030773764278780535,0.03259475537960157,0.032501296457489316,0.059488408995652414,0.03654872054176935,0.03333816231143743,0.03683533023692792,0.24468330971207583,0.14052146188209302
2015-12,0.04602626263495593,0.030163469917471635,0.042880573854283247,0.03163810968254768,0.03296806954321871,0.032000270490180435,0.04688460521218449,0.029757508253839687,0.027006147096652337,0.033657432935611,0.030804135187742977,0.03261910490563537,0.03251806387880131,0.05944087396700672,0.03657255764288332,0.03338024463957888,0.0368645648733854,0.24466655661609354,0.14015144866792728
2016-01,0.04610750435674763,0.030146649189801467,0.04274206157813956,0.03163291123515547,0.03297319583276707,0.031992531668344044,0.046979415708779886,0.029767660833069965,0.027034190185236263,0.033674153492409535,0.030821409557152065,0.03261776153710043,0.032518356968926874,0.05941787953223566,0.036630792313562144,0.033389758013930286,0.03687782481121482,0.24454869533000678,0.14012724785542002
2016-02,0.04606940739294725,0.030104251805159292,0.042655383830774336,0.03165619745078937,0.03291372740188114,0.0318583230349876,0.04686153139543828,0.029712994837741695,0.026970210014570697,0.03364274102289322,0.030759951057338277,0.032518427182565306,0.03242403582057599,0.05956995176656744,0.03658444246122077,0.03327288680860667,0.03680303447275245,0.24542623267165942,0.1401962695715309
2016-03,0.046146140222077456,0.030067942689004305,0.0427856206524496,0.031696357485408215,0.03290677362642619,0.03184346750345783,0.0469647951019937,0.029767441784067983,0.026968144481459823,0.0336677266458536,0.03078800333410405,0.03254297752702384,0.03242802823133244,0.05962827047027737,0.03664745813946655,0.033359504729796284,0.036868339652683595,0.2452555034952281,0.13966750422788904
2016-04,0.04614395072497153,0.02997881119795633,0.04263394298960175,0.03177981106866516,0.03285447936244949,0.031839865159578894,0.047038538477324164,0.029712953553076467,0.026852733856158495,0.03366174027440562,0.030775978425399263,0.032489591000861885,0.032454563689369456,0.05938172474392234,0.03666511794344467,0.033358424154057625,0.03683141607487963,0.24615640846251183,0.13938994884136544
2016-05,0.04614662961769005,0.029954906986052007,0.042608119352178446,0.03178498580313012,0.032857726319610266,0.03183365261866784,0.047029344142866525,0.029714304651174906,0.02684075023906437,0.03366100552580309,0.030779954638854606,0.032490223399091474,0.032453652150702866,0.05939240250770769,0.03666881103280598,0.033351177908833365,0.03683804396447761,0.246188142981384,0.1394061661599048
2016-06,0.04615077187333852,0.029946723880897943,0.042604560913984964,0.03177471519836699,0.03286245663292967,0.03183077616147774,0.04703698369713196,0.029718865313369355,0.026826998986391185,0.033664470175718914,0.03078939716067416,0.03248770228546933,0.03244969775591939,0.05940794713274966,0.03667162306334816,0.03335732050360377,0.036847154774959735,0.24614165277164973,0.1394301817180189
2016-07,0.046141562335274174,0.02993679408355532,0.042614605401077095,0.031786985879545884,0.032879302454839034,0.03185207362582224,0.047044047319819024,0.029741731048355372,0.02683008039902195,0.0336901133223281,0.030806128278049592,0.03251982326788614,0.03247122493777149,0.05935747481003237,0.03668669458814837,0.033399272328260364,0.03687052879029403,0.24589957522380115,0.13947198190611823
2016-08,0.04620844754847737,0.02991608543950719,0.042722081671786746,0.031806532165931496,0.03284495523690425,0.031846205820499046,0.047036585351436073,0.02973221653394689,0.0267762803377557,0.03369300928454277,0.030783391915026707,0.03249027783591451,0.03246631680852152,0.05944407978307217,0.03669337665156467,0.033398218849060315,0.03685293629908879,0.2460855858457236,0.13920341662124017
2016-09,0.04621960892413251,0.029881162748492604,0.04275765701160205,0.03182661321116516,0.032871515414165366,0.031881269418140824,0.047015066406783074,0.02973444349127837,0.026756125783945133,0.03372571031147439,0.03081040960607007,0.03249614582515439,0.03248293912319657,0.05939159945467856,0.03670182855096347,0.03344783086400737,0.03687139090106289,0.24588297768971018,0.139245705263977
2016-10,0.046207856225451704,0.029898556913850353,0.04278493103850162,0.031801483106130804,0.032856896912179176,0.03188001154970004,0.04701127828764162,0.02972626503979397,0.026768074088594784,0.03374311176236823,0.030829813975728513,0.03250021917950651,0.032495663417267416,0.05942650874894093,0.03671201885606737,0.03344720664741442,0.03688416957957115,0.2458277144616925,0.13919822020959893
2016-11,0.046310211485729176,0.029988013371490603,0.042817611735298675,0.03180936056472794,0.03288558107115066,0.031963314987425655,0.04702535901357688,0.029739797274534623,0.026814129940863927,0.03378786969992141,0.03087168751595669,0.03253811671281209,0.03259436273951586,0.059557024760227874,0.03675363230704963,0.0335671261525043,0.03693952606633704,0.24518843247566352,0.13884884212521348
2016-12,0.04633116293144976,0.029932914701994637,0.04273585752156208,0.031789266739633934,0.03283784249400528,0.031922770846765994,0.047007190305772016,0.029707979522719294,0.02674119442693839,0.03374587718573885,0.0308420589419689,0.03250093321991681,0.032532979418648286,0.0595601000212141,0.036724372306535906,0.03348837981229186,0.03691335181459503,0.24580644628918716,0.13887932149906176
2017-01,0.04637804743898447,0.029939275755803334,0.04276593021023294,0.03179559387718922,0.0328484630818147,0.03193585033614103,0.04703403920219651,0.029720321068647935,0.026745239141284925,0.03375645441713306,0.030854942738357774,0.03252522038543701,0.032544802903725634,0.05962509663983457,0.03672423625048499,0.03351740375294682,0.036933668337013115,0.2457083103927715,0.13864710407000058
2017-02,0.046384406781946746,0.029915115602772168,0.04279282148971074,0.03179275639304788,0.03285514154197583,0.031933838819157144,0.04703144791889662,0.029713927215113078,0.026742789883213887,0.03375407968030561,0.03084868356516839,0.03251827155207138,0.03254368031492637,0.05963633743207215,0.036723869747611965,0.033519545408662144,0.036922593711318556,0.24577758182995726,0.138593111112072
2017-03,0.0463954610542079,0.02998362890434092,0.042863288932108716,0.03180595812366118,0.032861221840910115,0.03193659016664031,0.04697345945197141,0.029720082469830912,0.0267193467283348,0.033775507512919765,0.030852764220887317,0.03254513460467497,0.03254233068339888,0.05959590862952562,0.03673211282452977,0.033516350956704716,0.03692259712029638,0.2457839526371782,0.13847430313787812
2017-04,0.04640478977398651,0.02997854247905183,0.04285120183798063,0.03180452358288648,0.03286632909483355,0.031950289947054525,0.046979729177832226,0.029735151158725097,0.026706839667097703,0.03378435590593927,0.030857713282041836,0.03254227777854582,0.03253534152858164,0.05961543574433934,0.03673630081461141,0.03350796751004471,0.03693094585275313,0.24574743899406146,0.13846482586963285
2017-05,0.04640802745211142,0.029983080561276982,0.04286266025384937,0.03181176767692288,0.03286388191789252,0.03195159856322212,0.04698881701699129,0.029732108907201023,0.026709507794243238,0.0337819680383281,0.03085898059782069,0.032546390786304974,0.032533615020501554,0.05962052519185963,0.03673337737399826,0.033510621463984286,0.03693149776981129,0.24572785855399112,0.13844371505968917
2017-06,0.046422123022038825,0.02997839806349834,0.04284695406263565,0.03181748494887436,0.03286925273327194,0.03194728869586583,0.047003292770302824,0.02972163976266722,0.026706245796709834,0.03378462775889648,0.0308682038683032,0.032548468173740304,0.032538918977803415,0.05963309671369864,0.036741796675547535,0.03350655429169838,0.03693731942053878,0.24571190014124628,0.13841643412266225
2017-07,0.0464154927193604,0.029980219831867928,0.04284816302599885,0.03183140980806304,0.03287485000323945,0.031951313824424815,0.04701194358011324,0.029726038072946364,0.026706216674168427,0.033788946705044,0.03086656667335839,0.03255115744296802,0.032544649865034046,0.05962576106180447,0.03673820151224414,0.03351885934118222,0.03693936230915199,0.2456486545167889,0.13843219303224116
2017-08,0.04641883603979176,0.0299892600617674,0.042851498317204646,0.031832340036790696,0.03287045575377971,0.03195370370092969,0.04701237361942235,0.029725538177819383,0.02670596873016292,0.033790441952074673,0.030869456806014925,0.03254946456464513,0.03254526332892272,0.05963467120842188,0.036739619556673334,0.03352111847116808,0.036943817443209924,0.24563423769971676,0.138411934531484
2017-09,0.046413830872648554,0.02998988757301117,0.04284424734572123,0.03182784595424572,0.03286664379581807,0.03195384367217622,0.0470110124930252,0.02972455314159486,0.026703934782581453,0.03378830478796025,0.030869156919646912,0.03254877128285997,0.03254517923595358,0.059636659416907295,0.036737162027247264,0.03351879592764494,0.03694412858485049,0.2456535037407538,0.138422538445353
2017-10,0.04642299285641366,0.030002312730427902,0.04276753209936157,0.031827010043274616,0.03284911894092664,0.03194063902568968,0.04701134443740687,0.0296984130848564,0.026696096884258627,0.033757651682361924,0.03085097826154334,0.032519094964241296,0.03252862805512928,0.05967237272252779,0.03673647911572496,0.03349671068719638,0.03694875229615214,0.24594300774115022,0.13833086437135672
2017-11,0.046424734659284574,0.03000366766781368,0.04276783253778342,0.03182809963887615,0.032847834985205306,0.03194415138582088,0.047006077969577904,0.029701051661233328,0.02669493774358903,0.033759045280641956,0.03085474916811638,0.0325192866363029,0.03252826789289478,0.05968059762712331,0.03673926673474503,0.03349906265823424,0.03695050960512091,0.24593712130992948,0.13831370483770686
2017-12,0.046395114677724746,0.030005779547893373,0.042756711162735654,0.031801042674908596,0.032835695716900315,0.03194190377445321,0.04699414981633503,0.029679426141617945,0.026707853095048,0.03376642827462156,0.030851727592992397,0.032516191645954304,0.03250911719943559,0.059665131808930044,0.03669508488167004,0.03348786124742595,0.03694972276234498,0.24611442198597866,0.13832663599302966
2018-01,0.04639429490922014,0.02999829042925441,0.042750759000268465,0.031798697548816784,0.032838638488249236,0.03194249481352981,0.04699221292575636,0.029677392671247853,0.026700602065750957,0.03376684461897374,0.030852475334917178,0.03251761110143572,0.03250731373644348,0.05968261923040681,0.03669426317294472,0.033487846285723745,0.03695012668865696,0.246105610270376,0.13834190670802765
2018-02,0.04637949703070397,0.029993547687072922,0.04273324082130665,0.03176656483789806,0.03283111913354286,0.031942424154999635,0.046984362952133076,0.029665479636143806,0.026694880156776117,0.033763867493534834,0.030820980387784642,0.032496742680883976,0.03247394392386066,0.05974088290114718,0.03661722025215338,0.033453092862153866,0.03690095142902567,0.24667885445116824,0.1380623472077104
2018-03,0.046291614931092614,0.030053129282785508,0.04253910037313688,0.03182151921419344,0.03285286892406415,0.03195968305069616,0.046950388711009386,0.029619542237116003,0.026757239325181783,0.03377655327338812,0.030903909507592357,0.03248992581147373,0.032523276501285774,0.05967646057425768,0.036669773830429665,0.033517612500717206,0.0369690962635398,0.24639948455643737,0.13822882113160243
2018-04,0.04627643723204146,0.030051498355424863,0.042567601033534824,0.03182567152618817,0.03284198078690805,0.031947131658217734,0.046945480272727456,0.02962341137216813,0.02674014303580621,0.03377684349517795,0.030899412133517656,0.032465783727860194,0.032510256518928894,0.05972820526553812,0.03664778256557762,0.03349786229630211,0.03694498002352242,0.24653849420249488,0.13817102449806337
2018-05,0.04626798862804008,0.03004879684797495,0.04261950621774307,0.0318339801635316,0.03285016918769813,0.03195686020870767,0.04692911019420404,0.02962638970321456,0.026750609364949045,0.033776666281662975,0.030895775284858932,0.03246987799616306,0.03251248762206653,0.059755018777208666,0.036670480581725,0.03350695924063932,0.036950143465718364,0.24638371471662934,0.13819546551726458
2018-06,0.046273724853963256,0.030043537014028,0.04261573084057591,0.031833825215635374,0.03285205187124374,0.031956793217166914,0.04693770354442724,0.029622925996787907,0.02674931948564661,0.033776516142457816,0.030889609777211866,0.03246497392400456,0.03250793920642273,0.05976390529427204,0.03667609903906731,0.03351111522095305,0.03694171323446049,0.2463280537730268,0.13825446234864838
2018-07,0.04629705545894126,0.03004396859503916,0.04261731348053548,0.03184796428710993,0.032858417981212286,0.0319579007788016,0.046948555052435156,0.02962796947032663,0.02673854028969253,0.03376588378684577,0.030883757793807785,0.03246776889412131,0.03249975084599207,0.05979149404442714,0.03668371205800456,0.03350839006891755,0.036944176732336326,0.246294559983587,0.1382228203978665
2018-08,0.04629100141336199,0.030047203877328357,0.042614995358182,0.03184809952305642,0.03285690444937363,0.031952356230111466,0.04692902074770499,0.02962687519532595,0.02673431514173872,0.03375271165776893,0.03088198344713925,0.032470955177406106,0.032490270605740834,0.05977719094975721,0.036678137589609534,0.03350398284653881,0.03693909657605032,0.2463384542106795,0.138266445003126
2018-09,0.046282035119511906,0.030044081134265852,0.042611809678920726,0.03185444422211876,0.032860886274326706,0.03195320137168272,0.04692456574703455,0.02962936245884294,0.026738361168606582,0.03375601014796955,0.030885451825414797,0.032474572146725104,0.03249292122741438,0.05976924593494093,0.036688240010450165,0.0335081608789365,0.03694582222846073,0.2463253998744321,0.138255428549945
2018-10,0.04630492373664914,0.03003972491359187,0.04264762809772386,0.03186308229036191,0.032869258267499986,0.03194178210377002,0.04697800866861785,0.029635423021019267,0.026739117990791584,0.03378507648784585,0.030889218128867933,0.032460481534180775,0.032511989244858944,0.05979359173734621,0.03669836098307042,0.0335008930567189,0.03695571586049118,0.24613398512231224,0.1382517387542819
2018-11,0.046518315909153424,0.030011587411570825,0.04239925752667458,0.03178810685801481,0.03275993432894142,0.03185772996249246,0.04707413067217979,0.029524541035242876,0.026711801015199516,0.03367014347250975,0.030822459511463084,0.03261774180317964,0.032446036509450236,0.06004400016659867,0.03664706262712162,0.03354021762163089,0.03691223996384358,0.2459248408999656,0.13872985270476723
2018-12,0.04650838823373705,0.030030497370733048,0.04243214636231669,0.03180551624596642,0.032759836399350824,0.03185446137202619,0.047053709248610666,0.029528719336145454,0.026729107425288393,0.03365482705032433,0.030824364649349945,0.03261150435275101,0.03244537028022216,0.06002463815439313,0.036651665552936925,0.03354433206203844,0.0369274321225601,0.2458503527102773,0.13876313107097213
2019-01,0.04619138559232613,0.029991637456238316,0.04206833749134249,0.03174915302696241,0.03261156322422728,0.03179596752322913,0.04682607218777275,0.02950182154755902,0.02660334230440809,0.033513828386816664,0.030769730369500033,0.032525590566084735,0.03225129429038595,0.05979288231390221,0.036498346250843666,0.033375422624540796,0.036804509374789456,0.24802127769821894,0.1391078377708519
2019-02,0.046220477678767254,0.03000935491792189,0.041955554247308825,0.031673407526481435,0.032523654070636274,0.031874743702388124,0.04691035067097843,0.02952325833607828,0.026513398958526935,0.03342310251056074,0.030780474492309022,0.03255317050696172,0.03218641189202658,0.059757686814622415,0.03646677373703784,0.03334479197604676,0.036778115318406475,0.24859243545171308,0.13891283719122785
2019-03,0.04627520270894059,0.029990492870686773,0.041951911436655866,0.0316650061356713,0.03249222795698671,0.031866286333978394,0.04687493220881403,0.029514276894467114,0.026520436584149164,0.033396297212212454,0.03075529295763046,0.032544842625785234,0.03215985727766942,0.05970393298477822,0.03649349393307356,0.033342898909025545,0.03676922616138658,0.24884184919935629,0.1388415356087322
2019-04,0.04627414566510313,0.029990133353756308,0.04195385611371891,0.03166906193073515,0.03249664029455276,0.031872312441968566,0.04687775415841255,0.02951578482723619,0.026524986977877325,0.033400681137136304,0.030756549446856293,0.032551168823682385,0.03216764165850466,0.05970246747274448,0.03649306916172931,0.03335053969272421,0.03677077066061427,0.24875971352532145,0.13887272265732578
2019-05,0.04625216320372164,0.0299969616292679,0.041959158390892246,0.03165701436776414,0.03248705198790933,0.031859694303612886,0.04689497373426772,0.029503599273413495,0.0265277823358014,0.03338893429966787,0.03074532105668295,0.032546053134983925,0.03215664849648128,0.05969885164242606,0.03648024604493886,0.0333309370516574,0.036756871415703794,0.24886119050546213,0.13889654712534485
2019-06,0.0461749772325751,0.029924321336576177,0.04166984837889246,0.03152044162010278,0.03240860594610859,0.03168006792122049,0.04680172683068101,0.029430454010392612,0.026407170125228543,0.03333107740921442,0.03060984932254584,0.03241940267647694,0.032065483755425575,0.05963932009822905,0.03640175215021481,0.033282228437535144,0.03667178720711786,0.25082353840698407,0.13873794713447854
2019-07,0.046274547497039485,0.02987350912337446,0.04163937803700618,0.03154164891082233,0.032387426439187864,0.03165489618558923,0.04687388846567813,0.029453210179610702,0.026344597085580162,0.03332149641739493,0.030596460428699672,0.03240606204430812,0.0321267240874059,0.05976882186810338,0.03644934949898447,0.033356670248198377,0.03672012849802826,0.25101089823723327,0.1382002867477552
2019-08,0.046272027874401184,0.029872609164400328,0.04164040318608012,0.031542229384923626,0.03238874966700857,0.0316549504123272,0.04687037711801823,0.02945315243594072,0.026344211266403614,0.033321909036990685,0.03059658136499862,0.032406385787413415,0.03212686372415785,0.059767769635555114,0.036449401009588066,0.033357604222163446,0.03672035796367725,0.25100630732098683,0.1382081094249649
2019-09,0.046271312856042225,0.029866313810023772,0.041621069737668735,0.03153299635263256,0.032383729032690586,0.031645882580790236,0.04686398210459974,0.029452238014000154,0.02633466228387354,0.03331752955538811,0.030590121052403368,0.03239755100740362,0.032120692176322636,0.059767663661940716,0.03644411657247341,0.03334866528120413,0.036713786095733746,0.25109871640518955,0.13822897141961898
2019-10,0.0462665548567709,0.029862304176958652,0.04160892882269647,0.03151068781428131,0.032384675467339884,0.031634978398492476,0.04686201155317126,0.029445590163984056,0.02632364900555955,0.033318269907893355,0.030582487835745378,0.03238469298998702,0.032118651562918266,0.0597352947201725,0.03644535038813551,0.033342233585366476,0.0367138184112429,0.25124778470061265,0.13821203563867143
2019-11,0.04625875481049578,0.029864928056163736,0.041606809032253396,0.03150932584522283,0.03239168595926132,0.031631594922791176,0.046868143889916176,0.029448547794911406,0.026327942990721154,0.033318884058414384,0.030586900937998707,0.0323944958879644,0.03211790504112781,0.059727911080128995,0.03644537563455946,0.033347955499344654,0.036720161103692646,0.2512349477410641,0.13819772971396777
2019-12,0.04625475111314799,0.029861197745656324,0.04160628459610225,0.03150359550395208,0.032391680388032765,0.031626626441718174,0.046860117600291545,0.02944927802694959,0.026322422152823256,0.03331339670357625,0.030583114190492904,0.03239114115054731,0.03211260966348141,0.059738273151780964,0.03644171226507427,0.03333963290281924,0.03671087751468586,0.2512755892536167,0.13821769963525118
2020-01,0.046246962741062,0.029836142890660496,0.041568414572209195,0.031480351474101366,0.032388694766090624,0.03162611298701524,0.04684105829055529,0.029451289546685678,0.026319668806622187,0.03331179977138328,0.030570947450449193,0.032373422428787144,0.032124242049137545,0.059699961090515466,0.03643900729160363,0.03333128115428515,0.03670286437534368,0.2514776737490691,0.1382101045644237
2020-02,0.046244379060634604,0.02982653924796429,0.041547284170892526,0.03147087736212996,0.03238278744939021,0.03161602518353914,0.046836518567050726,0.029451487694689443,0.026314475450698486,0.03330858799927173,0.03056565989195779,0.03237361071025725,0.03212130885518408,0.05969465565090002,0.036439198972456815,0.03332493772362223,0.03670460844894195,0.2515428352645947,0.138234222295824
2020-03,0.04595662979433723,0.029744370161389214,0.041136726385247326,0.03136086810376117,0.03220781376869242,0.03150902879707377,0.04659612625193788,0.02940580830108806,0.026259883883868372,0.03328288394210448,0.030519668815892985,0.032334385950788726,0.031969903561036336,0.05909110729524058,0.03635349618521858,0.033178088234700136,0.03662770928489205,0.2539853762012272,0.13848012508150348
2020-04,0.04562371847334693,0.02970516231315469,0.03961856513887094,0.03108782829195539,0.03198012805977434,0.031249531289076725,0.046884034127684125,0.02911666700391653,0.026078638877874837,0.03298765988099508,0.03052844382758731,0.03188724049180522,0.03150885414550591,0.05803137272110385,0.036574486269024035,0.03276559224041986,0.03650473836790606,0.259428935754555,0.13843840272544325
2020-05,0.04571550438426483,0.02963016967558876,0.03855149915780517,0.03125766617034971,0.031801351277733626,0.031155868608996964,0.04685521431349969,0.029047685668138593,0.026227417495604113,0.03317490637890628,0.030611430569293507,0.0314630060801305,0.03170061328336408,0.05837021287574528,0.03628946301750277,0.03284093673622338,0.03644749560878382,0.26107948402345893,0.13778007467460998
2020-06,0.04573017318205449,0.029648798201217106,0.03860772570563523,0.031189106201390693,0.03179041974181769,0.031116341427982,0.04688094890597985,0.02895903748514819,0.026224804319138584,0.03313789789465242,0.030582900638922213,0.03141875989466667,0.03168084145869957,0.05828974279151998,0.03631955653885594,0.032850595968960415,0.03641107187721623,0.26146274855532076,0.137698529210822
2020-07,0.04573777919810193,0.029634707759615252,0.03861004610206151,0.031186152432687977,0.031777858067633336,0.031115755850147163,0.04689478194970676,0.028956090623815767,0.02621957106675846,0.03313180668621321,0.030579531275063465,0.031397158535886316,0.03167919834606194,0.05833198283057481,0.036306606532184725,0.032853874939542095,0.03640129146118109,0.2614917624833277,0.13769404385943632
2020-08,0.04573208429264688,0.02962731688164544,0.03885709026336292,0.03129802784582384,0.03169691238367461,0.031128275733998602,0.04691950524475589,0.028943136146898734,0.026286167529805598,0.033204822305479824,0.03060230486264086,0.031244048924800018,0.03176112211593915,0.05822270947153004,0.03624586560044176,0.03293806895468097,0.036406773233193766,0.26174547554544403,0.13714029266323716
2020-09,0.0457189997012048,0.02964806086996534,0.038984409036022016,0.03120674911919123,0.031694091918253946,0.03114703714075778,0.046910308749252214,0.028927441374043614,0.026273591536209742,0.033151333772317194,0.030613441344187056,0.030762397256035516,0.03169272833156252,0.05845262788051933,0.03617595894812172,0.03294284750624284,0.03631687388891472,0.2629910054739751,0.1363900961532235
2020-10,0.04571656074786633,0.029676837029714204,0.03880176591733445,0.03129273242952752,0.03177382194234795,0.03118458650654553,0.0468954407429739,0.028957199894903248,0.026272422501535476,0.03318428170934309,0.0306391512971681,0.03070700049757443,0.03171705902661495,0.05849552366494924,0.03614975939711962,0.032932506359148656,0.036292725636396586,0.2630925020833387,0.13621812261559818
2020-11,0.045705037718508666,0.029737355385247424,0.03878019693822287,0.03130591036512875,0.03182850526957699,0.031203446033734785,0.04685730577604591,0.028959305814273358,0.02632628815384448,0.033250856291313136,0.030657563924696856,0.030704672697858253,0.03170922581555571,0.05864232359177679,0.036154883628962825,0.03295319395365468,0.036299524724220156,0.2627234968976352,0.13620090701974322
2020-12,0.04558072234531242,0.029820752721380295,0.03800964319337938,0.031223486113983224,0.03174996580032563,0.031166177661142273,0.04687708636593844,0.0290957441955221,0.02622080859851803,0.03309978718297503,0.030598733469413535,0.030224593543757016,0.03147407123347586,0.05895680589730497,0.0362182159513466,0.03279204935152188,0.03624775624301143,0.2634586435334211,0.13718495659827093
2021-01,0.045554383877845994,0.0297849467674339,0.03797722368604369,0.031209627211138933,0.031696029463249294,0.03115123253907773,0.04684785875618893,0.029109055987527742,0.02620429151606422,0.033097687479925454,0.030589817542918313,0.030149894094636386,0.03148230421117814,0.058967155021487534,0.03622414163291908,0.032758553492438135,0.03622226012432245,0.2637377982898943,0.13723573830570973
2021-02,0.04552385517966654,0.02979983754353458,0.038025305039789514,0.03120021367531298,0.03172573384104717,0.0311686475659306,0.04686409346693618,0.029130294274855396,0.02619814264092299,0.03310456257415865,0.030612502130647312,0.030204218805252436,0.03146918288252321,0.058986318877021444,0.03623922063043257,0.03275776349685596,0.03623498467437731,0.2634720348286742,0.137283087872061
2021-03,0.04552162633165626,0.029793233980021712,0.03800272867685531,0.031196346338086146,0.03172248809518201,0.031165146539969494,0.046864296521342726,0.029128434558970493,0.026189622451249433,0.03310192927526756,0.030607794637789277,0.030211192919969255,0.0314618646241203,0.0590010133571296,0.03623913783071877,0.03275025210757872,0.03623097030145467,0.2635122373471521,0.1372996841054861
2021-04,0.04545209396479455,0.029782148817522613,0.037988495712233346,0.031193795231915566,0.03172880072615478,0.031132987357779196,0.04681831626431973,0.029069689934481058,0.02611892037913985,0.03309003438665404,0.03059235927738773,0.03020623732563831,0.03141965075076863,0.0588362439026282,0.036217837220812524,0.032723164695476675,0.036226247007552614,0.26393739364946683,0.13746558339527376
2021-05,0.04545593941905741,0.02978017411298392,0.03803315132912217,0.031194054549691916,0.03173338361690086,0.031152453177188302,0.046861606247170895,0.02905850668556446,0.026131663350923262,0.03308480073578401,0.03061976570417137,0.03019716264918436,0.03143479534873272,0.05879467478601121,0.036185154854403274,0.032704160751830885,0.03620397185373877,0.26397573239745165,0.13739884843008848
2021-06,0.045459001021340636,0.02975962135595475,0.03801529308695815,0.031208770323231348,0.03172816142642332,0.031145604241693308,0.04686432739263545,0.029073644491164456,0.026100310724442567,0.03311783054550579,0.030625562075195137,0.03023305078064864,0.03143729467789861,0.05884333600466142,0.036215212220559026,0.032702769440544996,0.03622730833264291,0.26397703063610034,0.13726587122239906
2021-07,0.045453276553506075,0.029752861714935457,0.03802178834634016,0.0312152548853532,0.03173298322005021,0.03114062546181414,0.04686590515635294,0.02907228646642645,0.026096599598356713,0.03311850778494853,0.03062880022228574,0.030234264946724706,0.031434068255786034,0.058837424053565505,0.036218301253536485,0.03269922777088851,0.03623178255294777,0.2639909934685871,0.13725504828759422
2021-08,0.04545147496600455,0.029752955968383666,0.03801430359627541,0.031219392940387555,0.03173358501880886,0.031139329451942303,0.04686707516742993,0.02907242824732218,0.02609794285989808,0.03311625005929321,0.030628882809450125,0.030229319843753575,0.03143425186869458,0.05884197228595804,0.03621613350920875,0.032698035953679885,0.036231379936447115,0.2640068519045505,0.13724843361251182
2021-09,0.04545025096217017,0.029751358043616227,0.03801048392726265,0.03122008696028131,0.031729572431774614,0.031139307829446048,0.046873416935968616,0.029075864255951205,0.0261018788968942,0.03312428469853809,0.030632720529308006,0.030231188284264635,0.031434152813468494,0.05885894221854488,0.036221072238090256,0.032702730265910154,0.03623811871307634,0.2639689527433626,0.1372356172520715
2021-10,0.045491520965774704,0.02973217713717865,0.03835227715798683,0.031178468417271954,0.03170863170240361,0.03116751118551087,0.04682567293156833,0.029118712407759408,0.02607400038087373,0.033134079903409386,0.03064471302647447,0.030386442101052007,0.03149471897833442,0.058787949565124474,0.03623068112658156,0.032782647795241704,0.03623846316825427,0.26329561801437923,0.1373557140348203
2021-11,0.045510184442558596,0.029700311777636688,0.038248573379262914,0.03110122656764967,0.031742524445912815,0.031146023235241894,0.046826345528592946,0.02905845085484109,0.026045027503434324,0.03316877467004076,0.030627824665621,0.030069782269482665,0.031494722445733606,0.058693119499668496,0.03626047422216837,0.03276178983621653,0.036234312816369026,0.2638065805869399,0.13750395125262863
2021-12,0.0454809269262342,0.029699357070887916,0.038216574158339976,0.031101785772310216,0.03170888950561103,0.031141364741811926,0.046813433162902374,0.029078527370578602,0.02602809783331275,0.03317044803486054,0.030655992425909148,0.03007917245036828,0.03147172861202772,0.05865966819423236,0.03626658278174676,0.032735554758031735,0.036217514220012986,0.26390739470914276,0.13756698727167868
2022-01,0.045378784304217594,0.029659520240051668,0.03820753349259582,0.03113780231162032,0.031708838798428694,0.031119331098075607,0.046707544531056494,0.029051803772066863,0.025996699011485717,0.033167558925510265,0.03065394581610236,0.030116276505303727,0.03144168753999785,0.058522291586430124,0.03628252552006901,0.032721069077642884,0.03621269505868655,0.2642198052986967,0.1376942871119618
2022-02,0.04552216045274971,0.029676447876853855,0.03872788884932124,0.031084243931443368,0.03160653984833508,0.031146373717245542,0.04675157773747532,0.02900365341745164,0.025977059389304166,0.033214304902724825,0.030605532403879327,0.030086315697572374,0.0315002174107302,0.05857433098772791,0.03624698514235493,0.03282347309759163,0.03619850781688015,0.26316234456294296,0.13809204275741582
2022-03,0.04552299784084614,0.029691318962953253,0.03874246535621252,0.031071415125329953,0.03160089420545328,0.031145191471776554,0.04674272275521903,0.028987399773743126,0.02600591845325338,0.03321024480517272,0.03060174738003911,0.030073102130227652,0.031505176692668994,0.05857996339513649,0.03624158243309844,0.03282350127829727,0.03618216560381472,0.2631615287522489,0.1381106635845085
2022-04,0.045514566622085396,0.02966021403805948,0.03869030398831,0.031081322266697867,0.031626768241110506,0.03112679878002499,0.04668729927619845,0.029014283681534685,0.025962718949728136,0.03321371210968019,0.030592592851342946,0.030009958335387124,0.031499015432569034,0.05840111864813884,0.03621746482682704,0.032826610929539375,0.03616907511609168,0.2638256638435713,0.13788051206310317
2022-05,0.04605842773066877,0.029659075625890464,0.03893410478958941,0.03120272155602818,0.03167652492480272,0.03128556865809599,0.04714566831426395,0.02924636668155008,0.026078441425139473,0.03327173919572248,0.03055678591880891,0.029928813122608606,0.03155136875068127,0.058643871566274854,0.0361577991460865,0.03291391684184608,0.03613450277912798,0.2611063805992161,0.13844792237359815
2022-06,0.046041655225177,0.029653527647338414,0.039052955671177864,0.03117921865761098,0.03168163274649508,0.03132375275103244,0.04716194474021645,0.02925930024031755,0.02605795324169042,0.03326139887582321,0.030576300071306697,0.029900059321569715,0.03154187752536406,0.058721918488395856,0.036125791973883215,0.032935221205352874,0.03612767334266623,0.26115729908020696,0.13824051919437513
2022-07,0.0463668571479786,0.0295293516764524,0.03873762414456819,0.031140869195044208,0.0316886404781839,0.03119146372593202,0.04740887323719127,0.02925909858886974,0.025921987725968293,0.03331324064974245,0.030535048372146878,0.029909961870116197,0.03164404797506498,0.05861019969250343,0.036135709485109906,0.032952692476562205,0.03618214050876689,0.26093502594580115,0.13853716710399708
2022-08,0.04648567268855715,0.0296441314859151,0.03866279436682402,0.031118001050012913,0.03169728864282829,0.03123400023378142,0.04769149989527912,0.029234040302655997,0.025802128589142586,0.03324735806806415,0.030468764473236157,0.029654259540593152,0.0316813250959338,0.058554387304719895,0.03595308376462703,0.032991649816389974,0.036168777131903515,0.25985466283595143,0.1398561747135843
2022-09,0.04657273874617347,0.0296891977761821,0.038821054121383855,0.031136220009213008,0.03172216037163576,0.031310280271770276,0.04769527313677935,0.029281561101466073,0.025862578218599778,0.03320635236095985,0.03046792333050445,0.029680018089607317,0.03175795966307485,0.05874547764181464,0.036009847527300534,0.03306406613460013,0.03621322645224289,0.25844717511878396,0.14031688992790783
2022-10,0.046855820946676605,0.030023757492470268,0.03900596685130001,0.03111807262027147,0.031792234727150856,0.03148752342172796,0.04833815260800576,0.029608365853100622,0.025905502344857518,0.0334510910443119,0.03063771135375947,0.030004206367201802,0.03186994630625985,0.05854606584644303,0.036288549379183625,0.03335845011703288,0.03640276467220667,0.25503287189166945,0.1402729461563703
2022-11,0.04665724888023179,0.02997948278618017,0.0386112753788703,0.03103207932418583,0.031810483130920886,0.03143127546889892,0.04816343890416389,0.02957790032866308,0.025775884466549704,0.03333332109639523,0.03058529295788591,0.030121502756547288,0.03177146922313185,0.05850889627649851,0.03632037446822317,0.03323171390145255,0.036349040338840295,0.25625520367368104,0.14048411663867957
2022-12,0.046767055212698326,0.029896628519372817,0.03881037901952585,0.03092744805819791,0.03189925413275948,0.03143735924690248,0.04824539433567813,0.02961247732539212,0.025760132271247328,0.0334063562533155,0.03057078449468653,0.030402328280118015,0.03180374725192466,0.058491738309022275,0.03647471602643866,0.03333076770428304,0.03647081031210778,0.25518373931949867,0.1405088839268303
2023-01,0.046779854601940375,0.029905348261091882,0.038806730654870246,0.031005763167307583,0.03190896447379371,0.03142571611038718,0.04832634465798532,0.029646098868967755,0.025753602568253334,0.03339691051223219,0.030562042543144752,0.03015757255206547,0.03182957326866413,0.05856911836755093,0.03639738595439032,0.03333027374631687,0.036443463369970806,0.25461113926389034,0.14114409705717693
2023-02,0.04717490021350023,0.029867461718817136,0.03899400297747412,0.03104939847630307,0.031847507399627197,0.031429912836260766,0.04878004867837925,0.029736479268619373,0.025646857594165587,0.03335396426074644,0.03060925554983847,0.029950367091004206,0.031922344017502706,0.05906306051493423,0.0363398078618953,0.033421135359049794,0.03649422956375594,0.25351333372117496,0.14080593289695126
2023-03,0.047267265123616675,0.02989272815682802,0.038965534769441264,0.031055543762996022,0.031920931864323786,0.0314544843889081,0.04878119311826032,0.029775329462634396,0.025726443487456487,0.03347562962338185,0.030691262881464385,0.030131765368114773,0.031999614376015235,0.0590209300566851,0.03634309966411045,0.033476341632761655,0.03655639073434995,0.2526827975622523,0.14078271396639916
2023-04,0.04727565323474493,0.029909593475624056,0.03899675698213091,0.03106384703239059,0.031947847730950336,0.03149786602927475,0.04879992972792615,0.029798896816426734,0.025766837042273047,0.03351125373170697,0.03068761788073813,0.03015552314162245,0.03202423215170115,0.05902553651955204,0.03634646477006212,0.03354734060082518,0.03654534924143659,0.2523274753785647,0.14077197851204915
2023-05,0.04727569625027511,0.029910032155685395,0.03899686677008325,0.031063995380488412,0.031948153757091084,0.031498252150518824,0.048799712241852866,0.02979897465737905,0.025767366148287486,0.03351167935655861,0.030688143573921783,0.030156400619434517,0.03202463082917183,0.059025917749673994,0.036346599774102734,0.033547520525387335,0.03654549574977388,0.25232433849792907,0.14077022381238496
2023-06,0.04725521706507256,0.02990780244484266,0.03891074217228889,0.030974193992645303,0.031939755926769,0.03146708047798634,0.04879051128149168,0.029824355216863115,0.025753601602320406,0.03353012850950732,0.030840261499129693,0.0303296064470307,0.032064126332859176,0.058924218544232645,0.036446017545660285,0.03356650949378658,0.03665774830480172,0.2519629892424171,0.14085513390029475
2023-07,0.047315488216609684,0.029818772987632698,0.03886990921530793,0.030947818022928498,0.03184627650595756,0.03140349794609129,0.04869874613958025,0.029719675969576715,0.025628802910867332,0.03336823023646291,0.030800327458677453,0.03012513082103053,0.03200003322882417,0.0589101255128524,0.036403852816919324,0.03354875626855,0.03663252319915153,0.2527099110520332,0.14125212149094651
2023-08,0.04730724474795422,0.02979694321586546,0.038837340567575276,0.030949094396925426,0.03183664865665945,0.03138989957844269,0.04871689300204016,0.029708174033853712,0.02562524797029967,0.03336355269629914,0.030786398197557175,0.030124270888237617,0.031986064472397914,0.05888369084869203,0.03639751178910438,0.03352611147262881,0.036622948234860786,0.25289228709825184,0.14124967813235428
2023-09,0.04727079641954488,0.029785816319695978,0.038902765040325964,0.03093094148424925,0.03188716464150911,0.03137991376654244,0.048814375786682344,0.029729518041870788,0.025645427494935685,0.033409783170461754,0.030813640715046373,0.030124055171142604,0.0319814494926176,0.05878206284174771,0.0364330239820889,0.03352542143379732,0.03663263032961247,0.2527818255851614,0.1411693882829675
2023-10,0.0473185341934357,0.029841728911915753,0.039135697281980734,0.031003605664865593,0.03191772463232034,0.03142623540443496,0.048875796495342606,0.029748101088636965,0.025709717488770416,0.03344895086930849,0.030839488757783983,0.030222697343335346,0.032015527376232894,0.058791081761925566,0.03648260611834162,0.033647675013506316,0.03669108147186668,0.25137441706267266,0.14150933306332333
2023-11,0.04732911825130807,0.02986101535058705,0.039105107479940636,0.03112388601955589,0.03186147666380244,0.03141921302749528,0.04892980238709447,0.029748425258070404,0.025738985654534238,0.033452976865733675,0.030835864914439202,0.030113328510120437,0.03205985924523569,0.05896658475498354,0.03659992232634237,0.033702162325077965,0.03675447105544754,0.2507316266665281,0.14166617324370298
2023-12,0.04752537950146715,0.029931911105174593,0.039439722598730256,0.0311645987765041,0.03195666394113517,0.03155429633894023,0.049122942148277796,0.02975576357881752,0.025779876225478258,0.03343562583414241,0.03085349449440779,0.030080115043920518,0.03208873824833516,0.05911411629789903,0.03671499016435933,0.033733138240619444,0.03676007303643455,0.24923270370278036,0.1417558507225765
2024-01,0.047649074168966424,0.029929612905840182,0.03959915552714541,0.031229320343526677,0.031968567444256815,0.03157348650174349,0.04928401111332375,0.029726059776158966,0.025792566882568323,0.03345972569020892,0.030851505325333945,0.03014298840469596,0.03212022207195474,0.059311036534028305,0.03677659092607348,0.03376970518945817,0.03684588615205997,0.2480305586909032,0.14193992635175318
2024-02,0.0476646943889034,0.02992023973574149,0.03961263256986359,0.0312140894423385,0.031966554541681416,0.03155159638589328,0.04936440255658039,0.029733335486556534,0.025809435407545805,0.03346509271908034,0.030893873967610987,0.030071580700553407,0.032122238157051806,0.05927170383319473,0.03680260146396079,0.033790458358947874,0.03687891616472417,0.24788975993567297,0.14197679418409856
2024-03,0.04766057562085946,0.029918629500022744,0.03959965632234229,0.031188987266207634,0.03195361433350434,0.031549106638309204,0.04929848503946414,0.02969179374654872,0.025798954703987794,0.03339483139610195,0.030828976157549363,0.030042289642260106,0.03210048979058141,0.059233566543923914,0.03672920833243531,0.03377727047886132,0.03686731715998649,0.2483609190672333,0.1420053282598206
2024-04,0.04768781518848898,0.029853877354314273,0.039530519496395834,0.03130202456114256,0.03195072579766465,0.03154866860510937,0.049354399618738665,0.029699108417511815,0.025814838432329363,0.03340505006636753,0.030822936001556604,0.03013693063153123,0.03214175916164053,0.059122270936102006,0.03676512428854785,0.03378563553211101,0.03691975235440402,0.24856531730139314,0.14159324625465064
2024-05,0.047731861089259926,0.029902623917577337,0.039561973864576404,0.03129209234897658,0.03192930212514742,0.0315457074110258,0.04935507462456362,0.029663201366307675,0.025790378280844017,0.0334391242683519,0.03082380002818204,0.03016587001858155,0.03213848932552302,0.05925925107682998,0.03678425544710987,0.03379425526507459,0.0369153951259827,0.2475441828514167,0.1423631615646688
2024-06,0.04778744217144216,0.0299106292227636,0.039603597041638745,0.03128957132436076,0.031947518899723776,0.031535489356697255,0.04935885160525524,0.02967880923322775,0.025793213668618167,0.0334745519122305,0.030784236292144697,0.030200719237825982,0.032149601509073936,0.059158082111677404,0.036791621194686576,0.03380029196234291,0.03691187271011657,0.24740780461560477,0.14241609593056917
2024-07,0.04775852566854956,0.02988715195922894,0.039592904331987484,0.031233169717590947,0.03193356812933113,0.031509361978309315,0.049389254248853834,0.02966996073593612,0.025779176759436796,0.03344903101455139,0.030813967316055412,0.030232603170067835,0.03215447758321174,0.059086235054549394,0.036822616936356536,0.03380081189902493,0.036948291540963955,0.24760024743770837,0.1423386445182864
2024-08,0.04778004252225492,0.02991004335899782,0.039644807243666605,0.03130016963056523,0.031937919600831526,0.03152700015852592,0.04950755186877468,0.02963235703256877,0.025786712105751737,0.0334171384414703,0.030888615022693612,0.03020374211220311,0.032179606955770136,0.05902198430249724,0.03691713456809677,0.033786256874022244,0.03701439156060485,0.2472549946849331,0.1422895319557716
2024-09,0.04777716445794474,0.02993083277995914,0.03967639458894285,0.0312953582241899,0.03195523195770312,0.03153736829609317,0.0494694181925837,0.029643185159017187,0.025810768318502184,0.033412033181767706,0.030900508881919433,0.030228902290069578,0.03218515424139383,0.059002364993631914,0.036926426648930075,0.03379130585214788,0.03701848815158777,0.24719108622530253,0.14224800755831318
2024-10,0.04780348685396461,0.0299188507517138,0.0397423619897556,0.031288401537291594,0.03196673399368104,0.03153958391151589,0.04956384325717285,0.02963171339023604,0.025824493758736997,0.03340530641434392,0.03091135931323979,0.030187216375436195,0.03220450338536056,0.058947107882460444,0.036927660848597714,0.03382303297637036,0.03702836840004853,0.24717528580122589,0.14211068915884814
2024-11,0.04777408809391344,0.029922183597087065,0.03977035981554072,0.03127595763180524,0.03199100004149983,0.031548640824014366,0.04955619065133139,0.029639612420327102,0.025841755435067865,0.03343306036558725,0.030946701350211516,0.03019651181312877,0.03223595623145735,0.059036929074131675,0.03696324739983311,0.03388486516695134,0.037060747746934665,0.2463978811712049,0.1425243111699723
2024-12,0.0478813616457348,0.02999586882546918,0.03974695495732997,0.031263510298465975,0.03201164991731981,0.031622841008545545,0.04965836708807879,0.02962224622866213,0.025817859364358136,0.03327004413987167,0.030990466539226484,0.029966691728371,0.03224060774388611,0.058935237116816544,0.036896963324582914,0.033804710302862646,0.03705450986710237,0.24634536842034307,0.14287474148297294
2025-01,0.04792514218642872,0.029962607541926294,0.039708707977881896,0.03143485310838367,0.03206965808123779,0.03158727727358436,0.049669655836024305,0.029580646371127055,0.025738815698199604,0.033255152497530735,0.031130037637407036,0.030250324721918798,0.03227636946428826,0.05878913497792292,0.03708050235367397,0.03382543605061668,0.0371976883066191,0.24529005066892015,0.14322793924630847
2025-02,0.047972185468208306,0.029965266767894322,0.039720923942416476,0.031439035218348496,0.03207379662026098,0.03158227120327133,0.04965676907233861,0.029576328025242328,0.025729718387105006,0.03322382973233366,0.031161387105781885,0.030263906340615432,0.03227917914335415,0.05877412137333442,0.037051267693069476,0.033798870448575574,0.037193009465651815,0.24536954452519527,0.1431685894670024
2025-03,0.047976445605228554,0.029958493988911337,0.039721374463954504,0.031431441552898266,0.032063755558397064,0.03157450951233893,0.049664486789198437,0.02956813487170326,0.02573026189701754,0.03321265421765202,0.031156238133000794,0.030243546316698015,0.03227641514243601,0.058770939509498916,0.03704169754925905,0.0337936754285133,0.03718643136347881,0.24542077478676222,0.14320872331305282
2025-04,0.0480398014625613,0.03000609221010549,0.03980821450422415,0.03129070433571149,0.032044786775802435,0.031545034181890155,0.04963294939626695,0.029551467961456315,0.025702489885257945,0.03317438087370172,0.031088425845680147,0.030206221335441538,0.03225560084647562,0.0588258820816458,0.03695998796183104,0.03377175833028617,0.03713508327140117,0.2455044000939821,0.1434567186462784
2025-05,0.04802904575668273,0.030006616123356544,0.03976784635083058,0.03127661427518428,0.032037551562346195,0.03153239523663053,0.04962975349810665,0.029548939930469375,0.02570169593582167,0.03318051060488626,0.031086230475364216,0.030212614080545992,0.03225274424781078,0.05881383277095063,0.03696080516128434,0.03376382249072308,0.037134587521619626,0.24549880378508981,0.14356559019229678
2025-06,0.048065479914907124,0.030007339352109925,0.03977496480627169,0.031228571030517537,0.0320309344929643,0.031534218500428306,0.049737908750317986,0.02955035831462617,0.025701325578347558,0.033110597814455064,0.030996586849820415,0.030133059009823233,0.03221283043215871,0.05875554356135977,0.03691873164199222,0.03374844489045847,0.037101054938514955,0.24599696017775305,0.14339508994317343
2025-07,0.048132111918260743,0.02998991147200046,0.03976330684589475,0.03124401766336293,0.032029932425808615,0.031553455758523564,0.04978074097880083,0.02956389460756473,0.025681028098159874,0.033097989282943954,0.030942760927639052,0.030196225054642683,0.032210678283266125,0.05879770253285961,0.03692906391814327,0.03374010441873353,0.0370977186034888,0.24581852321898331,0.14343083399092318
2025-08,0.04813221348547185,0.029990225080685638,0.039764791823127435,0.031244818230290537,0.03203093936152403,0.03155393408449376,0.04977928889829948,0.02956486006020127,0.025681801493672354,0.03309822574060716,0.030944877254444197,0.03019603047757336,0.03221111603961762,0.05880104787369662,0.03693015717994,0.03374006506286761,0.03709856653957776,0.24580745385989616,0.14342958745401319
2025-09,0.04815034143450254,0.0299550661575906,0.039758191452849964,0.031240467666759326,0.032010756865428196,0.031548700880192626,0.04976796221217723,0.02954383281423323,0.025684240494376696,0.03311781858043838,0.030969235358074172,0.0301758329989411,0.03222079370788713,0.058885518443467635,0.036965854025833356,0.03373857203988576,0.03711069826145717,0.2456770556385251,0.1434790609673798
2025-10,0.048242027786096466,0.029938161935900306,0.039806232752094876,0.031299414502338065,0.03204562387063197,0.03160456351684271,0.04979319346192369,0.02957485714565165,0.025706117000849227,0.033160409382420306,0.030953616098625274,0.030079272216737618,0.032233024229393475,0.05886397605332578,0.03701199870049129,0.03376058195722224,0.03711330910668222,0.2457310584853055,0.14308256179746756
2025-11,0.048280037398847196,0.02995346057672039,0.03983670774658837,0.03134144292015765,0.03207335354975813,0.03163981894592016,0.049797574280812294,0.029602857922978808,0.02568928383926717,0.033175771957415966,0.030929019785656466,0.03009219002737459,0.03224670380025657,0.05889445447346637,0.037007410470195325,0.03378986269142297,0.03712983248468606,0.24579221390003264,0.142728003228443
2025-12,0.04826886069672304,0.0299522253532018,0.03983877570921738,0.03133896775200736,0.032052997040946184,0.03163512983579311,0.04971699553298868,0.029615633683773276,0.025685208548303893,0.03319320397945876,0.03095471949900547,0.030111676509614205,0.03226402023406874,0.058887857249246944,0.03702111794984552,0.03379622670135681,0.03714169714954831,0.24577330720587812,0.1427513793690224
2026-01,0.04826747371263543,0.02995449514695214,0.03983792502167426,0.03134072820751686,0.032052597520773496,0.03163490005339169,0.04971731906189313,0.029614091662238867,0.025686818781702828,0.033194744000319604,0.030954806768826063,0.03011289582439534,0.032266192540318095,0.05888173334089347,0.037020808532720384,0.033798350091798254,0.03714108107595411,0.24575089605696063,0.14277214259903537
2026-02,0.04820719485029178,0.029866310145633637,0.039701757478141336,0.03141737308396011,0.03210434511044672,0.031593583561467194,0.049734850955096256,0.02958471233961201,0.025692538582435746,0.03325147928602262,0.03095413705016471,0.030198247933574947,0.032283454856301824,0.058915975173363694,0.03702787619553896,0.033895297783177396,0.03727920199697364,0.246389889393005,0.1419017742247924
2026-03,0.048160818636917506,0.02984874070590135,0.03967675044916211,0.03144351235536805,0.03213760429791587,0.03159635259350617,0.04971686326199973,0.02961764986201548,0.02571705436265406,0.033230012467851004,0.031050110728618675,0.030327703352157828,0.032330040996061175,0.05875243524588992,0.03717896951244675,0.03405470461191874,0.03743637388370537,0.24605996493516485,0.14166433774074544
2026-04,0.04804770363840729,0.029743729540140602,0.04021941105596794,0.031400564601138034,0.03211226311256182,0.031812250872745376,0.04961934346950581,0.029602118536621216,0.025787830617944766,0.03314567440029121,0.031128337857426396,0.030356004898587138,0.03233051904352467,0.05891959328169237,0.03731716129350684,0.034160338042148096,0.03749457664166018,0.2453414917636942,0.14146108733243587
2026-05,0.04803014747178085,0.02974151928388918,0.04027729040796966,0.03143341906740132,0.03208611249976317,0.03180854455094594,0.04966395875798629,0.029568929593475773,0.02572868778590234,0.03315620298011493,0.03100609100688814,0.030354733404256047,0.03232236527282431,0.058900338178257725,0.037221205474062935,0.03411313935497736,0.03744847987525777,0.24549704305771308,0.14164179197653312
2026-06,0.04802586010578926,0.02975237643412127,0.04026144921221623,0.03144016607058302,0.03208396559014303,0.03180358613787372,0.04968655294025634,0.02956450900130709,0.025744801537118108,0.033152322932980705,0.031030996148913765,0.03037302317131369,0.032334095058198634,0.058872657536611535,0.03721629625082996,0.03411344594734799,0.03746725562185586,0.24548829199693062,0.1415883483056092
2026-07,0.04805023267181963,0.029738012362951254,0.04023689438027906,0.03143165239197043,0.03212494488369896,0.03179770195285448,0.04975053508988309,0.029598755410864836,0.02574048421279573,0.03322882691548425,0.031053013094118675,0.03036965318061339,0.032353752679105875,0.05891492774365482,0.037186495115043294,0.03414160298194458,0.03744056807420324,0.24551913439304704,0.1413228124656674
2026-08,0.04817007966848939,0.029773798750520355,0.04047228349544933,0.03148415856668011,0.03213327762576623,0.031832524945164586,0.0498201260399371,0.029575556537095815,0.02564268223118648,0.03325054052101458,0.0310057107679444,0.030262750834029472,0.03240115133986833,0.058929780384163265,0.037323267791516346,0.03422958229346797,0.037548182531537626,0.24501186096184244,0.1411326847143262
