,Food,Mines,Oil,Clths,Durbl,Chems,Cnsum,Cnstr,Steel,FabPr,Machn,Cars,Trans,Utils,Rtail,Finan,Other,UST10,GOLD
1990-01,0.05571885071177609,0.03432195212790568,0.04725885972520912,0.04078592086104387,0.04191735374098778,0.03946926872868881,0.0471992256828835,0.03289661074425827,0.03941825779481685,0.043140935516048154,0.038986403707570276,0.04364407644245607,0.03692420030477425,0.06448014229369776,0.040656138959233395,0.0404357099924466,0.04308443937197411,0.14362126591920604,0.12604038737502352
1990-02,0.0541950571064646,0.036028699287102915,0.047541966480445653,0.040251959982630654,0.04215700286469862,0.03942593428885265,0.04706253878269037,0.03335885973039834,0.03926009095692594,0.043627110521286476,0.03996113460308161,0.044440240955541284,0.03718290196701764,0.06379825631629406,0.040895824903100696,0.040056597199495114,0.04220358641400306,0.14077065402479672,0.12778158361517358
1990-03,0.054251523484699214,0.036045033061189,0.04752007300768398,0.04026247529742326,0.04217266859064794,0.039419801459872554,0.04710948065769888,0.03334875477985175,0.039243676295560914,0.04361070073597783,0.03994410280287481,0.04439260623255565,0.03716791845853885,0.06382778749012329,0.04090576851990793,0.04004641773674071,0.04220993283804189,0.14077112426886623,0.1277501542817454
1990-04,0.039777148799917846,0.03565367329039313,0.048895694276320636,0.037086510478462495,0.03921497388651673,0.03824633129333073,0.0474009735986677,0.031759539928239836,0.037637616418229644,0.03985801248813433,0.03909297827000482,0.04235868016187793,0.033669502391913325,0.055373897521540705,0.03592606402381318,0.038927465257324725,0.04311837344101082,0.22754093147394922,0.08846163300035217
1990-05,0.04032018091045801,0.0353740126925542,0.048902063181797115,0.03740253908630342,0.03921991050951238,0.03835890533133036,0.048195245543380755,0.03202203643467506,0.03748080094227889,0.04037573077375136,0.039493055592735055,0.042538575241329826,0.03380498693210912,0.05509718897924574,0.036224034224055075,0.0390629571069648,0.04335608638423559,0.22552849477862194,0.0872431953546613
1990-06,0.039940506650797,0.035616970237059425,0.04916193309096411,0.03770500639432929,0.03939782154603192,0.038613252936582,0.04770670113513172,0.03194996293914683,0.0376793583932613,0.040440683768997336,0.03927925936153501,0.04239834095388825,0.03402570634995325,0.05533122454607177,0.035984163092170694,0.03899918175007683,0.043083382474103746,0.22285444626827422,0.08983209811162524
1990-07,0.05425725819901267,0.036001256888322675,0.047539126372077356,0.04038109556408164,0.042202407552800796,0.0394809350503847,0.04721263366673679,0.033371111521282915,0.03924583425041612,0.04374573449975265,0.03997649771888008,0.044398161547919465,0.03723446514609843,0.06373350728955426,0.04092057550149156,0.0400342449112994,0.04218753849812892,0.1402385614159573,0.12783905440580232
1990-08,0.05427368106597895,0.03617579949566061,0.04778779641300675,0.04028130724561117,0.04207641902487788,0.03949082804203826,0.04732358019367944,0.0333807731923064,0.039402654923678906,0.043687574438404174,0.0398804649596694,0.044316909898419354,0.03716348303572143,0.06371776954439214,0.04082921187005581,0.039918401068365104,0.0420672884151861,0.14015056772188914,0.12807548945105893
1990-09,0.05405508231324166,0.036253609623080725,0.04917895031616935,0.038753589230811965,0.04226135760886828,0.03861002555503338,0.0474191647569714,0.033174167460129175,0.039054061900574866,0.04241825921774788,0.039005883666041755,0.04288160368512498,0.036548903968141117,0.06251593503949596,0.03996311477836095,0.0395137737850103,0.041522361240500454,0.13694988651954346,0.13992026933515225
1990-10,0.04007796112955362,0.0355559919543828,0.04928778542319305,0.03736826799790164,0.03941801272706335,0.03844550233320926,0.047958016691369,0.03187664485214303,0.037632570388498356,0.04031236329015583,0.03914660861742339,0.0421128555701213,0.033957956858038055,0.05545724788945309,0.03595476121684596,0.038799838259919936,0.04297671818585715,0.22375302075743306,0.08990787585743809
1990-11,0.0404244256164193,0.034865780428521224,0.048996142617952335,0.03702858070804255,0.03927849330082316,0.038603151338302506,0.04825418289807311,0.03170299861656338,0.03712929775081694,0.04022138697930171,0.039007011724816174,0.04209806853539336,0.0340375897590252,0.05636196202576231,0.03590111621241612,0.03847827083561083,0.043070019393626736,0.22520960083068273,0.08933192042785049
1990-12,0.04065303165542012,0.035659477147679294,0.04965416379559439,0.03657474339988654,0.0389372587072087,0.03842244170042043,0.04802164392242559,0.03162713407972025,0.03752599060958097,0.040137325554409346,0.03875669414507263,0.04247820648312551,0.03430175080749466,0.05697424510495962,0.03565542187751453,0.03785555440086176,0.04323275647007475,0.2229854792994429,0.09054668083910787
1991-01,0.04061631408906543,0.0355133618920945,0.04993026770543635,0.036446830495215875,0.03894801779744168,0.03845251791657037,0.04802532596036948,0.03161139368728099,0.03739513218276914,0.04021612571719516,0.038700609883940036,0.04263297634127601,0.0342768286274281,0.057082172010366805,0.03567068797004545,0.03778330800495333,0.04321275360962523,0.2225020124707392,0.09098336363818688
1991-02,0.0406653099876937,0.036317738644680346,0.05056821724891008,0.03585629225692417,0.03867198197008576,0.038425833006710736,0.04826198455563947,0.03151791374708696,0.037228639861678466,0.03974629461184114,0.0381902613123698,0.04244497894400206,0.03408534955874032,0.05771360073471668,0.035377962159035256,0.03762578664897022,0.043163030275115734,0.22287451012302617,0.09126431435277291
1991-03,0.04009434357825236,0.03611810981214348,0.04999338391435165,0.03527631895888972,0.03842280143263077,0.038446859677888974,0.04775247993397998,0.031208913896276905,0.037161302718574506,0.03970827908198537,0.038099128635928,0.041792395525366795,0.03428646505490567,0.05747837544086307,0.035229281309348555,0.03720273324691755,0.04312933736653373,0.2248869779848067,0.09371251243035619
1991-04,0.04004291478360227,0.036159343347079,0.05000608823958349,0.03526195554819666,0.0383884421580296,0.0384770466136896,0.04771992615857845,0.03122953529103243,0.03718206708828436,0.03968643437077891,0.03812689871786091,0.04183024097211047,0.03430832419182876,0.05746487127431527,0.035157237075066,0.03716234723539948,0.04311794073093428,0.22491580850130818,0.09376257770232192
1991-05,0.054246667671118555,0.036969643098158665,0.049798655857015865,0.037141263581412995,0.04172874953419206,0.038569856893514935,0.047446602702230375,0.03286220114014999,0.03908178877143238,0.041593171147344246,0.03865638065654114,0.04195963164590772,0.036509769206231966,0.06424948559995262,0.0392541795633348,0.03840211353480924,0.04191825615772483,0.1397023981449038,0.13990918509402372
1991-06,0.047771338136018256,0.037839032101954946,0.05523229690827606,0.035706302081652846,0.039011178780767,0.035103410158420584,0.048398721126963404,0.03255970661373116,0.036054957962860665,0.04043809256593048,0.036383794271369715,0.03844507111693381,0.03613452445922745,0.07097746129877511,0.037838550615871484,0.04209422702233214,0.04189897348032314,0.150149683290371,0.13796267800822085
1991-07,0.04731642346035327,0.03874286622325582,0.05481935551056581,0.03583204314744572,0.038734165124948434,0.03505690897977899,0.0480328505130072,0.03251120296351521,0.03587872603671954,0.04070960774627678,0.035987716222819974,0.03833522438351957,0.036060277920590376,0.0705814537847478,0.037668163111801094,0.041779846355844835,0.04175255558070407,0.15013633557372502,0.14006427736038066
1991-08,0.04711732970330559,0.03911039793640551,0.05459581974542243,0.03576511253657859,0.038768326879305266,0.035004616736421884,0.0476755015043458,0.03246711567837579,0.03585717900077826,0.04069552061605983,0.036049240013026077,0.038700534702697895,0.03601538133320056,0.07040287375914617,0.03763646753985136,0.041675625352718224,0.04180145950919497,0.15046868718446296,0.14019281026870295
1991-09,0.04706804446482454,0.03924432916480293,0.054623733543664926,0.03572886850683696,0.03873191241434028,0.03502887026217372,0.04767508115786786,0.032459797146364135,0.03587773968262811,0.040693092844068295,0.0360657420784069,0.03880594874123641,0.036045926510076744,0.0703590679905993,0.037628216804660275,0.04165911050798693,0.0418199817487273,0.1499569426729827,0.14052759375775176
1991-10,0.046753329478158766,0.03941252328861009,0.05454032734486352,0.035824200169736906,0.03876007673275894,0.034914866174382206,0.04758748870950938,0.03237848048526055,0.03576472386591232,0.040644521430182316,0.03595800298303597,0.03869371841799942,0.03602449350439294,0.07069574985340105,0.03746375414613853,0.0416162796245915,0.041767648362956156,0.15106712922396492,0.14013268620414457
1991-11,0.04676504157991886,0.0394221240366158,0.05455189575994123,0.03583283639821809,0.038760725524735626,0.03491931771642454,0.04758927229897929,0.032390577025120305,0.03577139421670521,0.04065477516485014,0.035959633557518765,0.03870234366638255,0.036026059447269804,0.07070986429630874,0.0374737845077697,0.04162650979454679,0.04177042357619821,0.1509574672818765,0.14011595415061984
1991-12,0.04702594592983401,0.03972341400808989,0.053459525481326646,0.035731147638091744,0.038831117718852615,0.03468287033008157,0.047468820653163914,0.03247034783843458,0.035393355297826695,0.040351629860083935,0.03573321267070986,0.038100839358608835,0.03567024935455783,0.07152374578554319,0.03760450682359208,0.041252072883591145,0.041455834636779716,0.15257391126551617,0.14094745246531554
1992-01,0.05395694573091984,0.037550830242453564,0.050306356194890475,0.037205300018658995,0.04161473361326115,0.03813975126302584,0.047029607230997195,0.032638614776134334,0.03901756767641951,0.04137661292409276,0.03847276424664058,0.04116970692230935,0.036321079230478,0.06490266167253778,0.038999992559740994,0.038184301950054754,0.04185437446335121,0.13991882895555924,0.1413399703284744
1992-02,0.0537789234448325,0.037787040844983744,0.050173754488059955,0.03743054495633539,0.04186124417161796,0.03821585455619851,0.04692118454934685,0.03275345967734817,0.03920362612157286,0.041576270945345994,0.03867840455419242,0.04155918181241288,0.03639611715075213,0.06460388641697579,0.03908910395308721,0.038296696746350875,0.04196068264038584,0.13866146777517768,0.1410525551950232
1992-03,0.05385626652211423,0.037830573462624605,0.05022525928193511,0.03740917636274658,0.041901456045058766,0.038209002982280575,0.04698144795835652,0.03276488930182729,0.039109671954552123,0.04155258309570276,0.0386403424616785,0.04131345868975245,0.03640830653654872,0.06472903534627412,0.0390919621626194,0.0382741712395512,0.04198855561321041,0.1385637594591078,0.14115008152405878
1992-04,0.0540382402231196,0.037508012005182646,0.05019958345002254,0.037575414029407964,0.041869971723771625,0.03859120329479005,0.046828547933544844,0.032921665060496805,0.039391779027965,0.041475524507272765,0.03862902843198995,0.04170892310600686,0.036549892042058565,0.0650163780059963,0.03923925468992233,0.03855025694552364,0.04205886170608188,0.13770611115159273,0.14014135266525388
1992-05,0.05406500256252317,0.03752557804164477,0.05014921712314266,0.037599886445506055,0.041880757209131564,0.038576097197595506,0.046836814184492266,0.03293056553816073,0.039386365773344735,0.04147902229613868,0.03863626277057809,0.04167202601281161,0.036549962756317556,0.06500339776753049,0.03926962484931202,0.03855244843204225,0.04205976603305596,0.13763053503741762,0.14019666996925423
1992-06,0.05408547630404911,0.03755461227724357,0.05016284691189048,0.037593480829488525,0.04188071075931501,0.03857079355218169,0.04683896416355102,0.032940340829629586,0.03939594798473392,0.04147185245605564,0.03863299694343839,0.04165837133855083,0.036544303815363034,0.0650180114355496,0.03926693128232249,0.038562422389291404,0.04205118220061815,0.1376175180760032,0.14015323645072442
1992-07,0.05399165058757496,0.037917651018837456,0.049903513588893104,0.0373756157455148,0.0417009728533795,0.03840085333511429,0.0465279365642209,0.03281182743067231,0.03958391521338469,0.04117497699952982,0.03859491912518456,0.041919933713280226,0.03642792755224019,0.06508495818026058,0.03926204058642912,0.03870265836917025,0.04199676118363255,0.13831055857645705,0.14031132937622365
1992-08,0.0457877411158811,0.04176054633567391,0.05526698576606985,0.0353854429669403,0.03902986150721809,0.03493890081992582,0.04576097325766029,0.032095928348167435,0.0361233223560957,0.04029104537204332,0.03604052279250801,0.03915738467174581,0.035748554415355766,0.07280997659346428,0.03745373052296905,0.040844120714848595,0.041128720736958196,0.14737710073706092,0.14299914096941369
1992-09,0.046100168698950394,0.04160246526774616,0.055956772844802494,0.03548001300792701,0.03904324290941024,0.03481951768140714,0.04552523397351068,0.03229384019735564,0.03567528680489214,0.04050643970228948,0.0359220199303208,0.038425138097132654,0.03559261965014305,0.07274610857965536,0.03760955708358203,0.04069989472596596,0.041107970127830844,0.14873028727314866,0.1421634234439293
1992-10,0.043437932513445375,0.03471988233201113,0.04471325903566365,0.03012152089073587,0.03607895142775883,0.033287551445762724,0.04194222654505395,0.028622602939452832,0.03157014518119881,0.034869639751860096,0.034662536077573955,0.03558134892583313,0.030725908108952912,0.06877442278600622,0.03276203440202201,0.03624041473131064,0.037259047635075516,0.2031590040348698,0.16147157123541242
1992-11,0.039878209464312434,0.03658178447654481,0.050195044059536884,0.03533986468167614,0.03840947298982642,0.03855974075857276,0.0474344135344613,0.03124973368579541,0.037272874351954165,0.039728458437092544,0.03812051873978018,0.04191109080249245,0.03436337079332491,0.05758290225774579,0.035239167186834994,0.03717882919763632,0.043158955180369524,0.2244364035869413,0.09335916581510172
1992-12,0.03985174721072286,0.036723729016408566,0.0503168179143643,0.03524248038139112,0.038311034219888934,0.03856453238984885,0.04739055651351015,0.031234976552208093,0.03717892478805409,0.0396795997882074,0.03803112555319423,0.04174959193225692,0.03432600625524817,0.05761717637351026,0.035155264416113795,0.03708621643440358,0.04305840579623562,0.22488254851777256,0.09359926594666046
1993-01,0.03988757711884731,0.03672501816030817,0.050337939286695235,0.03527063353962755,0.038349726801305016,0.03860133167287149,0.047486846208608886,0.03125191173196249,0.03717572648981596,0.03969309619341803,0.03805422189297995,0.04173019306437564,0.03431591614504519,0.05760460068090152,0.03519818178002734,0.037073514002099,0.04307224762765544,0.2244787953675318,0.09369252223592402
1993-02,0.043465761448558266,0.03468714628721657,0.044645020780437715,0.030154402250710692,0.036087132891023534,0.033347249806199075,0.04209674994638988,0.0286977541624638,0.03161808297085973,0.03493708368000418,0.03468372785632794,0.03559874564526362,0.030839377650533288,0.06891011425973262,0.03289061455487285,0.03634865146269033,0.0373542333250329,0.20193557868974193,0.1617025723319409
1993-03,0.04613111323472005,0.04166503694280822,0.05602743933037392,0.03547482633902194,0.03902028558912065,0.03482543320734725,0.045609377650260616,0.03231367395790212,0.03567012710396833,0.04054139530358605,0.035891920945958423,0.03840056573643028,0.03562293333472407,0.072843700250122,0.0376283268132653,0.04071117271718879,0.041112641621101065,0.14812689811587082,0.14238313180623
1993-04,0.04359773424532343,0.03464221121018042,0.044558549591818944,0.03020764434805842,0.03609607707305306,0.033379324229049025,0.04224756962451306,0.028692680092465544,0.03165374574135224,0.03498841859379079,0.034715770571468574,0.03561902825150977,0.030854830514208766,0.06873943769675464,0.03294292447381037,0.03637545741844148,0.037408471948501706,0.20118140858747885,0.1620987157882208
1993-05,0.04313853598306122,0.0347318637144426,0.04460255885066582,0.030120861667541608,0.03595908472080003,0.03347560253683259,0.04229347539904289,0.028653134332541855,0.031620749885528134,0.034985677368073106,0.03469541623471127,0.035769060684882385,0.030904120386723292,0.06874917834297287,0.032754426144271695,0.0362895447892374,0.037337161536401216,0.201300881777124,0.16261866564514585
1993-06,0.04311215085755738,0.034641530968026336,0.0447352157721861,0.03019550385238114,0.03593741170496854,0.03358103852464767,0.04238385566670724,0.02870842372451154,0.03161462368916295,0.03509183607473504,0.034528633203142985,0.03586920976368433,0.03094342515874658,0.06912274271419444,0.03264235164086764,0.0364525717829886,0.037246964603081904,0.20248651525938047,0.16070599503902924
1993-07,0.04312686432873498,0.03463717890931281,0.04474866185446486,0.030216926894437605,0.035945528146414524,0.03359854762575037,0.042406100997745534,0.028720102870944317,0.0316163433666386,0.035105289202623485,0.03453537181789717,0.03586346399280293,0.030948658741654225,0.0691161130881839,0.03265854819088416,0.03645330437454791,0.03725266091474747,0.20225584195995724,0.16079449272225801
1993-08,0.03984220905350277,0.03674982091669151,0.05034564727210665,0.03527551802581215,0.03828647390063253,0.03867996472476067,0.04761347705573452,0.03127558974307974,0.03717154494456267,0.03970787671186843,0.038037036911118295,0.041730398013972325,0.03435181920204702,0.0575792924370829,0.03517255024774581,0.037065127256604435,0.04308787488973146,0.22443263751529252,0.09359514117765365
1993-09,0.05410024495484268,0.0383247289254667,0.04992915697291854,0.037355571422449385,0.04164566082800667,0.03854171835902756,0.04639625825364856,0.03286012156523648,0.0399305735547069,0.04117263509509016,0.03879963538160567,0.042428397182421286,0.036711130378136565,0.06463309864588,0.03945847538773408,0.038818832987348624,0.04205227295191884,0.1367707152975701,0.140070771855991
1993-10,0.05399556982495,0.03803880251054861,0.05026966705803164,0.03729988137050961,0.04177594406971705,0.03855394496887169,0.04657076216555586,0.032902596025884835,0.03988475152541294,0.04142551361134032,0.03891529979952764,0.04262197546349062,0.03684606458946515,0.06466838008790327,0.0396146290556783,0.0391757430601911,0.04231944799297002,0.13739759674222046,0.13772343007773086
1993-11,0.05372644868841048,0.03789847506095425,0.05058744892394699,0.03725770681931349,0.0417091892286945,0.038584173270182105,0.046305558931370304,0.03292738765943926,0.03983435710337433,0.04122840667433258,0.03900216571702436,0.04230928197189103,0.03688320173673142,0.06514777366933797,0.03954275801779696,0.03945732878891039,0.042316171686561224,0.13792351412573112,0.1373586519259973
1993-12,0.04617995739860503,0.04141780937992631,0.05604460363746722,0.03543624341530082,0.03896375999838877,0.034869016516199565,0.0457375905975683,0.03238741629911835,0.03576237534093556,0.04052214266370801,0.03588929355679007,0.03837012182674553,0.03566320933413975,0.0730197918321239,0.037598064762353355,0.04077268541375032,0.041111629358644014,0.14790150345637287,0.14235278521186234
1994-01,0.046246947881657764,0.0411459414889195,0.056178047776937856,0.035510135786039655,0.03901704078831033,0.03487733786165777,0.045805766937942784,0.032430415658097386,0.035661045776113724,0.040493682701891374,0.035820635271220376,0.03832821001162678,0.035644259409277575,0.07308244297576244,0.03778934404300883,0.04079986922353295,0.04115996518323697,0.14802351691659604,0.14198539430816987
1994-02,0.046463812088551125,0.0412322275479765,0.056018398080647104,0.03568872055759089,0.03904923631169762,0.03472925215621293,0.045898272957204625,0.03244087632696709,0.03545099950080703,0.040580747877569746,0.03578289474672357,0.038158887243314586,0.0356289730023635,0.07350113355066384,0.03785676884936979,0.04076395542230595,0.041124047324828494,0.1477603294962196,0.14187046695898592
1994-03,0.046681583985361215,0.04150049318089898,0.0559627953290763,0.036125799769358403,0.03925143983848566,0.03496980126998394,0.045652891837147186,0.03276742062710238,0.03552803606204941,0.04087445401219798,0.036174657674386816,0.038061649730043556,0.03582206580149819,0.0725269298544075,0.03835837031045952,0.040715212985071546,0.04115575126722741,0.1456764129298584,0.14219423353538557
1994-04,0.04671011487531343,0.042371413339261046,0.055923632381203084,0.036672606825871694,0.03946614859806046,0.035253975140079954,0.04518965420749169,0.03294047030919522,0.03551566187607413,0.04095536832470153,0.036363682075066656,0.037900053428552224,0.03590632636487466,0.07198550424784082,0.03841509477724913,0.04096059273904413,0.041146177937623866,0.14212874378120469,0.14419477877129158
1994-05,0.046761245016678055,0.042059622018557494,0.056222421725545424,0.03670339989051945,0.03943235300585697,0.035346352272391614,0.045400706799059144,0.0329902208840128,0.035528199361225754,0.04099641717128464,0.036331601944843625,0.037935910484449685,0.0359257445275986,0.07219191744620712,0.03843944235729103,0.04106967063471241,0.04116831770893448,0.14145496760831155,0.14404148914252035
1994-06,0.046709336953701046,0.042086780389787005,0.056254283946685,0.036652993965134245,0.03946714901849253,0.035400122707578495,0.045465455327867436,0.03301289584652111,0.03558030008006066,0.04105931669052117,0.03633934930141611,0.03789707988331113,0.035923151485045775,0.07185996102363915,0.03839722761205779,0.04115678114514407,0.041211365928387575,0.14131565108788777,0.14421079760676206
1994-07,0.04670377338074912,0.0420614889456853,0.056075052594859905,0.03655767048138861,0.03945224430567157,0.035368677290083125,0.04532298282355788,0.03300906450087426,0.0357774181507442,0.041188858120620106,0.0362143775339945,0.037835446065322055,0.03597642925508661,0.07132099002387145,0.03841434923036256,0.04109740659890527,0.04117746772219753,0.141139340132566,0.14530696284346004
1994-08,0.04672520723686634,0.04214664021563582,0.05605092051685203,0.03663319391916423,0.03948861293885847,0.03535721754712168,0.04541722697689223,0.03302832450242108,0.03565541293874624,0.04135357797897604,0.036167123121572844,0.037825614904038025,0.03606063855596567,0.0710138789307139,0.03850893472077574,0.04113468320907576,0.04117222342444242,0.14074470642647885,0.1455158619354027
1994-09,0.0465176358102944,0.04202535160167552,0.05628100054518797,0.03655916689717979,0.03941484567288284,0.035232853833139004,0.04491347871933856,0.03293491553020378,0.03555118448643154,0.041325708436927754,0.036009542993337806,0.0380118574277764,0.03605484495461052,0.07123596666386317,0.038473568086091425,0.04111712715089712,0.041093553394248014,0.14123519772377185,0.14601220007214266
1994-10,0.043252112074568506,0.034693943379980864,0.044782821903204456,0.030334588515576674,0.03600304622848059,0.033664181090819575,0.04243639652313452,0.02881514960071242,0.03160053886409187,0.03520710911299876,0.03460424563904615,0.0358086971766756,0.03098763382828984,0.06898102416114403,0.03277916701499067,0.036571861643175406,0.037284060379167594,0.200361707827009,0.16183171503693336
1994-11,0.043293658071725125,0.034656011967053084,0.04487382067176433,0.03035393401349074,0.03601892785799694,0.03367903342140013,0.042474784367150624,0.028833564004406415,0.03159268198231403,0.03523086765008326,0.03465107585333674,0.035813042846598774,0.031013606365220096,0.06904018760976077,0.0327994212552752,0.036593020922768324,0.037307584875260334,0.20001452261959227,0.16176025364480295
1994-12,0.04352201442534498,0.0342811433957756,0.044539320719224944,0.03039071599745692,0.03595902799610878,0.033436910179660835,0.042892386945341344,0.028846130524320165,0.03135025887967837,0.03523296498247808,0.034683339160486555,0.03573289502827384,0.031026958642258046,0.06963706511020443,0.03283295978290276,0.03641901863741119,0.03721924638245929,0.20119306215475008,0.1608045810558637
1995-01,0.043534194834442284,0.03427291908060424,0.044568282365264944,0.03038775759005597,0.035960714742299844,0.03342579083197481,0.04291128629325565,0.028856496360312397,0.031329311066592806,0.03523518839053441,0.03466923814457003,0.03571235575078858,0.031025754188352777,0.06966785613505101,0.03286379577535847,0.036423435916753004,0.037217790849691346,0.20096066760960377,0.1609771640744935
1995-02,0.043534415745056405,0.034347678129277755,0.044599612508216556,0.03043487255755096,0.035973329467533385,0.03347398350857721,0.04286820407373649,0.02887169170034156,0.031397311785267557,0.03523807713908286,0.0346985768534544,0.035800278344991054,0.03103705393176946,0.0695243015791656,0.032879462246980795,0.03639982711190476,0.03723014876753365,0.20052435754965217,0.16116681699990743
1995-03,0.04360874169813539,0.034311689960311996,0.044503396322032526,0.03051964978273948,0.03589651544996722,0.033387963527933585,0.043066105104288974,0.02896413734775391,0.03143040675457974,0.035240932988739815,0.03455330388425482,0.03576633362032617,0.030963127937990834,0.06997542581521826,0.03296658758685039,0.036370314639305255,0.03728561320861025,0.1984618654043463,0.16272788896661514
1995-04,0.03992529851796284,0.0370832319216282,0.05035698362418455,0.03546439276321704,0.03826656792665598,0.03880702239090167,0.04778412446791809,0.03144779934581698,0.03723660142437359,0.0398269844792468,0.0380875137950837,0.041894324459279285,0.03445836121551454,0.0575572233154517,0.035349081122541204,0.03721803747619084,0.043200568386558384,0.2220359879230418,0.09399989544443306
1995-05,0.03991058129846648,0.03713827334289609,0.050367777259911414,0.035507508949653585,0.03827421502907124,0.03881075223484572,0.047771224579815544,0.03147768683940108,0.03727463100472752,0.03985221019822355,0.0380262237267936,0.041902439240037656,0.034457644539876174,0.05754437128364509,0.035403956189744096,0.037233641174225215,0.04321700654396563,0.22185588797424047,0.09397396859045982
1995-06,0.04002007839977943,0.03746040320775104,0.050479255558502134,0.03574310739649364,0.03846054118857781,0.03900378934349556,0.04800600372173927,0.03168780796340951,0.03750109750805177,0.03995112544103586,0.038171594419193794,0.04194152054378427,0.034662469109471704,0.057514411125381526,0.035562986045457524,0.037308711576316655,0.043541802293635884,0.21816982358971962,0.09481347156820297
1995-07,0.040024910220489644,0.03747747946491134,0.05058630951920177,0.03574905786275172,0.03847518463851477,0.0390213241570159,0.04799277782602364,0.03168547353265503,0.0374548028329635,0.03997849356337742,0.03812683163632946,0.041954753116387626,0.03464913704008309,0.05756383724004138,0.03553486046182045,0.03731756588022462,0.04349736352285225,0.21807330736575362,0.09483653011860274
1995-08,0.040021662679316596,0.03739899826005528,0.05056529053282364,0.035675019760862646,0.038434450593411565,0.03900197633630385,0.04794015811300311,0.031642681829936466,0.03736784669545604,0.0399361411520123,0.03800550211844591,0.04192174113098722,0.034548935832939935,0.05759236729594472,0.03549961483632974,0.03725756222991794,0.04339126118997394,0.2188431924697893,0.09495559694248991
1995-09,0.04000177335886002,0.03740721442387604,0.05049253375376103,0.03566477297300479,0.038447869020540114,0.03898776983441345,0.04792498281319298,0.03161709840800838,0.03734312095008843,0.039901626727604715,0.03799452061865077,0.04193880203901363,0.034533590065210465,0.05759418876884237,0.03544610516825209,0.037324028954498385,0.043418086410801936,0.2191479458277732,0.09481396988360713
1995-10,0.05417176294892889,0.03790891851458703,0.0502460091167261,0.03761858144881746,0.04190073714567231,0.03874327819045315,0.04654785978364706,0.033215187624973434,0.039978277281706845,0.04143564489480046,0.039113099120234356,0.0423956772245077,0.03705470626025559,0.06456727185806835,0.03986217242184977,0.03941438592543998,0.04229221614078148,0.134485056779553,0.13904915731899706
1995-11,0.04674453488816207,0.042392444579169145,0.05618766017401289,0.03653618371956915,0.039424199942990484,0.035189559048356044,0.045154122651520426,0.03297030854151873,0.03558981391423699,0.0412673593898585,0.03599495907748376,0.03776603884170829,0.03585259181260241,0.07115336716710781,0.03844712556207179,0.040914846339278985,0.04117140274962315,0.13922274422467104,0.14802073737605842
1995-12,0.04688755508293577,0.04208421363483686,0.05605394939842485,0.03680432355150822,0.039413881368698986,0.03515715388667938,0.04512406659750539,0.0328969512607063,0.03539749236245502,0.04105614301299947,0.03640919221965389,0.0377673471929202,0.03572837592053343,0.07171016069685818,0.038419813328060215,0.04080217843364188,0.04133847242965056,0.1385215031756705,0.148427226446261
1996-01,0.04693462982790395,0.04208748044710195,0.055948132760309334,0.036814409889618316,0.03948666103272823,0.03516891943044938,0.04509454071207814,0.032908751393161656,0.03546092390206418,0.04111756055113008,0.03647865663410983,0.0377396394166374,0.03575546439486321,0.07155512881977767,0.038503650520813275,0.04084039330381075,0.041357309918158,0.13832135297158435,0.14842639407370037
1996-02,0.046955319415433815,0.04160962890991401,0.056231718844802464,0.03706018846700472,0.039493614031334986,0.03510588810928353,0.04497052150212757,0.03297443733895591,0.03544841732055716,0.04120789145029372,0.03647362459732065,0.03774867048806035,0.0358527989493916,0.07159858615327645,0.038629339173686814,0.040819971102041226,0.04141483494177441,0.13860022921450676,0.14780431999023394
1996-03,0.04697386608884076,0.04162230084702894,0.05624701896388873,0.03706863992018366,0.0394974171403763,0.03511402638820147,0.04496202245704855,0.03297204871978652,0.03544860319992752,0.04123364404552887,0.03648640247831841,0.03775160842833522,0.035863603246133594,0.07158560777840965,0.038652043866717146,0.04083070932670187,0.041417665976178256,0.13841203946573033,0.14786073166266434
1996-04,0.05456386629097633,0.037431925455520335,0.050321695139916224,0.03746429881237484,0.041905784660301475,0.0384934976300748,0.046946225932681544,0.03321705516189872,0.039732229623641396,0.041064131266093706,0.03940270200944783,0.04207130878571896,0.03706817666783077,0.06489681019753561,0.03953340105185131,0.039412090717130206,0.04236612313121444,0.1349490241151839,0.13915965335060757
1996-05,0.047004448904874194,0.041639534952823194,0.0562103590140914,0.03703397426362698,0.0394981738830873,0.03508570912415746,0.044964201575846775,0.03295998196608467,0.03542029096996183,0.0412332172618373,0.03650109640964465,0.037713190468306575,0.03585358471998009,0.07162952891761926,0.03862378134183683,0.04083790422705972,0.04142236298462006,0.13839349092290143,0.1479751680916402
1996-06,0.04351673638658224,0.03390881732102697,0.04429346766855409,0.030576462065671575,0.03580550817312927,0.033204730694423035,0.043022907421216755,0.029017152689525403,0.0313444127597692,0.03509700272200494,0.03449998725901337,0.03572664894168194,0.03086429979063004,0.07052809190434284,0.03284951762657977,0.03636212840746501,0.03727848098968478,0.19804387402400217,0.16405977315469678
1996-07,0.043670920598597986,0.03369453769129334,0.044324317931660744,0.03059022627504751,0.03581541002883276,0.0331644972293257,0.04308101199332861,0.02904035810632396,0.031245660115245884,0.03510067063344577,0.034402592322397306,0.03560435551993215,0.03085939739546334,0.07101481746632633,0.032816244767272025,0.03638029786286284,0.03723055655677402,0.1984432055389752,0.16352092196689436
1996-08,0.04358760999591003,0.03387199417070025,0.044152210671932174,0.030688934693005297,0.03570537215401946,0.03331917222413371,0.043068638988777296,0.02910653803071307,0.03117905362011188,0.03483063002856089,0.034301236589219075,0.035653456937812404,0.0308909656879624,0.06971286506911284,0.03262738293317612,0.036603485156145886,0.03679500380211216,0.2006722531166633,0.16323319612993156
1996-09,0.043630476723862895,0.03382658634109753,0.04408931502061471,0.030586326322815965,0.03566055405090712,0.03326455415203938,0.043158639485736026,0.029079478936546176,0.031034468574280556,0.03466191614881529,0.03418826062975478,0.035586052667825045,0.030854988438818013,0.06945492097753829,0.032447254362945994,0.03649952725164106,0.036776746216411825,0.20172069472348683,0.1634792389748625
1996-10,0.04355010620789172,0.034073378431751046,0.044034165879667554,0.030552126938983484,0.03558221539580199,0.03315913414479588,0.042926387906442556,0.02901174288599321,0.031067003416837435,0.034721283935078666,0.03386467525035633,0.03576732086635296,0.03089699916545249,0.06978256131589951,0.032506022961026976,0.03639294829721621,0.036691252539174754,0.2006382835848543,0.16478239087642282
1996-11,0.04359027638042147,0.03411819960170492,0.043955153113125034,0.03058290673666675,0.035651114184972375,0.03318352928906079,0.04295109407022581,0.029036400767720957,0.031120123235270837,0.03477937843613544,0.03388790559724532,0.0357357045197884,0.0309149614768268,0.06971516685676667,0.0325754319116835,0.036359098738658426,0.03677097290131244,0.1999506723938085,0.16512190978860553
1996-12,0.04364078460938494,0.03424185775528995,0.043870181448255996,0.03089000967068836,0.03559054418675288,0.033236550493380916,0.042572004470130306,0.02925761439862062,0.030948469950442696,0.03470920033320062,0.033399018266341535,0.03562724250352265,0.030906854198539356,0.06991071104658808,0.032734819749638384,0.03612905162934038,0.03675271448440592,0.19833371387360763,0.16724865693186888
1997-01,0.043793902379210096,0.03437447190879319,0.04410409725147239,0.03114121316528728,0.03570608526758662,0.033324393510088944,0.0426275841626584,0.029394471212528837,0.031087434642621762,0.03493996388195752,0.033454758249647026,0.035696637475968296,0.031108536762887017,0.07030509476092053,0.032728367576458715,0.03622578186720196,0.03691120427379538,0.19664347142199853,0.1664325302289176
1997-02,0.039908154735209866,0.03740923395894414,0.05050848801422881,0.03577286232643011,0.038463801631675426,0.039005235221619756,0.04778830373002592,0.03167118948320426,0.03737730404967772,0.03996057536933227,0.03796487925769056,0.041972228297077224,0.03456964514415173,0.05745419959376305,0.03541325643481766,0.03726350209544486,0.043413851888353325,0.2193352800744074,0.09474800869394599
1997-03,0.039972772210719,0.03766149784091949,0.05035050119826413,0.035823485638365335,0.03852052675672236,0.0390314905469043,0.04787359605163945,0.031682291467832836,0.037388745966586215,0.03992727569659818,0.03789071683483753,0.04201201685660527,0.0345590043373998,0.057448942674172554,0.035484963368835554,0.03733848832118733,0.04340021175508387,0.21909686103301648,0.09453661144431026
1997-04,0.04352922234430943,0.034418839150416304,0.044088353269893944,0.031061069055679638,0.03558809529265164,0.03327419474896704,0.04224848089707437,0.02935889274130883,0.030992295347731114,0.03487665729364996,0.03326492056559858,0.03565276715342738,0.031133379166612147,0.07029950091207623,0.03280787579181811,0.036063342220470945,0.03680203466218027,0.1967761285816676,0.16776395080446657
1997-05,0.04685821328578189,0.04165779948463621,0.05641394789135907,0.03706465095848601,0.03941962966209398,0.035138821954843635,0.044730876824521114,0.032995832072867895,0.03540046650713176,0.04119915992730463,0.03628196380556953,0.037679395195429795,0.03594839813000282,0.07169192299291031,0.038635289788566334,0.04081624125117285,0.041298067165352156,0.13809056678000708,0.1486787563219629
1997-06,0.05463327187952853,0.03744723902592518,0.05036660182818432,0.03758319287691552,0.04185602738837491,0.0385781565552961,0.04675127692853843,0.03329036112472594,0.03968162209808272,0.04095659558583676,0.03916809081477707,0.04208286254409549,0.03717011160331635,0.06493336159789494,0.039604323351134924,0.03938057762381161,0.04221194983230409,0.13441158990881724,0.13989278743243982
1997-07,0.054684604618496065,0.037463569788151886,0.050521619622505905,0.03760713719243068,0.04179838678160862,0.03841298063279549,0.04636807538668371,0.033265980290751736,0.039637890023982714,0.040938778821966934,0.03924913521947173,0.04216182338489487,0.03718034026507258,0.0648465997291747,0.03949803120187283,0.03923025772587523,0.04217586922465983,0.13436455599366814,0.14059436409593631
1997-08,0.047057962647128554,0.041445317019202205,0.055827299276027476,0.03714708748475652,0.039393304926622755,0.0352835478673376,0.044509149084287235,0.032992923047305146,0.03517749717532071,0.04065442241248806,0.035881997793193454,0.0377236885414379,0.03592375469798598,0.07173846826293193,0.0386701676837531,0.04079439690055388,0.04093812235384076,0.13877723441684625,0.15006365840898042
1997-09,0.04623282116264025,0.04171774292671028,0.05619914508257438,0.03710221768888817,0.03949825537506318,0.03519866526362894,0.043934135648939526,0.032857408502339557,0.03530173973453825,0.04121059402014704,0.036032066184140114,0.038079713568272125,0.03582737935231969,0.07185243689488979,0.03869731457814887,0.04053232526629745,0.04100521259594289,0.13790412456440782,0.15081670159011173
1997-10,0.0460438050414299,0.041665223519829236,0.05587732275731409,0.037068760896711545,0.039544198158733085,0.03549636496362827,0.04385891363993472,0.03286908246567627,0.035567419532388005,0.0415171099634834,0.03606392836880243,0.03805987525949252,0.03578298707252993,0.0715746427890543,0.03873973490483943,0.04030396442006167,0.040960924180564545,0.13757098346433574,0.1514347586011909
1997-11,0.04566918959851554,0.040577996632732115,0.05576991436766169,0.03669040780879982,0.03935215529489023,0.035367987694447774,0.0440256462161844,0.03297238399588551,0.03520637053149787,0.04125441839869283,0.035486977499149155,0.03795516156008861,0.03551649175061602,0.07191262323383021,0.03868097386314703,0.040227636572456794,0.04086994092896058,0.14009043515595382,0.15237328889648993
1997-12,0.04578399518950721,0.04048146219476572,0.05568743141902819,0.036684880791359176,0.03937397681318376,0.03540466647952946,0.044088629903262275,0.033000898693297,0.03516827319893226,0.041284484100771776,0.03552493216054644,0.037925237723737834,0.03553998786848483,0.07219547235322386,0.038763736763647756,0.040271055948369286,0.0409306255431171,0.1399664843179819,0.15192376853725428
1998-01,0.0458505115652218,0.04039486267532905,0.0556295565479237,0.036575097978896305,0.03938757851821124,0.03540521230421082,0.044181867598448644,0.033063493985774635,0.03516726546277822,0.04130248751476214,0.0354703373766961,0.03800805663871791,0.0355468743358569,0.07267886481461686,0.038725654004010734,0.04038607980700356,0.04094528196240548,0.14004167997315398,0.15123923693598196
1998-02,0.04571872723584178,0.04039243612154713,0.05535893402467746,0.036571527926450416,0.03943436004775932,0.035339440564533295,0.04432197440961505,0.03309545039707929,0.035245842025015704,0.041236700834437506,0.03556900468198754,0.038010056781739854,0.03556026185442881,0.07224656623519173,0.03874863905952727,0.04029936699610668,0.041013734173663725,0.14052709542981653,0.1513098812005808
1998-03,0.04603246356514979,0.04069163699772428,0.05491498258779729,0.03630670710889814,0.0391824367650272,0.03530154115673697,0.04444219810971389,0.03297941585028325,0.03555634634950834,0.04095083569277407,0.035467355852468484,0.037377842820775,0.03550561433894344,0.07275198707110607,0.03817866508225826,0.040007937796316555,0.04098444502675168,0.1433515710450668,0.1500160167827005
1998-04,0.04564640724211178,0.04027539186018088,0.05479655032112098,0.03630410549539839,0.039124968281994243,0.03527193873005552,0.04465447212998776,0.03282423786860975,0.03571791539918655,0.04097113353260967,0.03582053357846203,0.03730876736555091,0.035596735751664436,0.07189858149691757,0.03800659450532085,0.039940337048742024,0.040760402137562435,0.14455707722319194,0.15052385003133237
1998-05,0.054630706151260346,0.03758909939526193,0.05006684978260324,0.03775839081649145,0.04224392759621525,0.03827518724831881,0.04656387902295915,0.033106618323850576,0.03929101593655069,0.04117712919037462,0.038327531305750805,0.04190818463037861,0.03700349778408399,0.06506128063642533,0.03919224381377747,0.0387077375295105,0.04212999511113047,0.1327748385190626,0.14419188720599416
1998-06,0.05507337488173847,0.03713567018357742,0.049813234283418314,0.037786568714532835,0.04207874905728747,0.03852485389112726,0.046579699297146566,0.03329651332723557,0.038873821794363536,0.04110002760763599,0.03806980657868028,0.042781627217824116,0.03692661010361691,0.06500272606423559,0.03949650357503072,0.03871132241900019,0.0419411777290674,0.13363498089460502,0.14317273237987646
1998-07,0.045745923281126366,0.04022172449033584,0.054748407674693175,0.03631180613709856,0.03909869491448316,0.035285590813929464,0.04467587167890697,0.03286320537851497,0.03566266436252567,0.04099669397120034,0.03578661264715046,0.03739649367817577,0.035612943496426096,0.07200394298035927,0.038071634356997855,0.03994878735401951,0.040761174914465854,0.1445702462891129,0.1502375815804778
1998-08,0.045239645581175505,0.04036542120999038,0.05401054827721159,0.03575630096281319,0.039400946238495126,0.03486930535423141,0.04498181838629532,0.03292448141159783,0.035476645091207654,0.04061860849247283,0.036225711476206936,0.03774518962760801,0.035478898656271594,0.07077639077560832,0.038187747802891255,0.0401673338042578,0.04095800578171651,0.14544690204044156,0.1513700990295072
1998-09,0.04300317389841289,0.03792040076606591,0.05273748562552071,0.03403763742711981,0.03853951195832317,0.03516726966745173,0.04449965221710285,0.032363105461334106,0.03455683827400895,0.0384222056376794,0.03573601844539431,0.03586129276455932,0.0343514989942563,0.07634147428798628,0.03756676980573129,0.03705776121769299,0.03905337725130027,0.1630664602988218,0.14971806600123794
1998-10,0.054752708519935474,0.036793490599629275,0.04953323474508938,0.03756504061143442,0.04213440155963704,0.0385390736007103,0.04666411467196946,0.03333379989350234,0.03864497960027759,0.04083407090762578,0.038070776093274354,0.04260678063653315,0.036817795670132464,0.06557048653386942,0.03961089883106034,0.03851561156065804,0.04179287556665131,0.13530687248017367,0.14291298791783613
1998-11,0.05312581248066175,0.03703116705545037,0.050109815012408535,0.037706247481281346,0.04161612668347612,0.039033473164251056,0.04642836570139499,0.033031187830699235,0.03835388428821926,0.04016012105036457,0.03768610992898914,0.042027184133753566,0.0363968753653185,0.0671398520014156,0.038960126131604295,0.03813221070982533,0.04181718391561587,0.13921685350832527,0.1420274035569452
1998-12,0.05297456676783375,0.03705348180571601,0.050262991614379304,0.03757857807307145,0.04162333645541427,0.038972598752005226,0.04622860370177053,0.03287867422270265,0.03855951338529313,0.040141931521378856,0.03745558901816252,0.041960808985567685,0.03633102475574287,0.06722001869230146,0.03868361864860414,0.03797634662240976,0.04153430767688436,0.14016566626657911,0.14239834303418292
1999-01,0.05315283710628925,0.03693271132824132,0.050429613015127675,0.03754136280228202,0.041671711376385465,0.03918093828923703,0.04618891327372475,0.03271514407157288,0.03862871789606967,0.04036249559558613,0.03721739047442879,0.04191977140780654,0.03644344994782222,0.06713356332754257,0.03852426921086598,0.03796045424908889,0.04123343935966898,0.14014484776745184,0.142618369500808
1999-02,0.053102804176701636,0.037018094317409794,0.050327356052315454,0.03758057958862951,0.04167083406247361,0.039125057604492315,0.04616847909929435,0.03277758273416482,0.03869852422259968,0.0403685259635945,0.03736427942284994,0.04203812184927663,0.03644503672960912,0.06688794584898014,0.03856762444599498,0.03797712730265977,0.041372386173009895,0.14005066418598583,0.14245897621995798
1999-03,0.04290020576187521,0.03414145772434595,0.043744383043178445,0.030981545412539314,0.03542630484130599,0.03332647691046601,0.04189624589279408,0.029188702592437686,0.030788311943199538,0.03457834181832621,0.032794873715041604,0.03531986525903086,0.030944897017445197,0.07118080997316481,0.03271520508364556,0.035555877577610334,0.03639560510106031,0.19842231831782292,0.1696985720147099
1999-04,0.04309977408321173,0.03385869320950063,0.04327944961063464,0.031046240536687208,0.03550287630431033,0.033302104849119885,0.04193630935011574,0.02915871587806331,0.03089202514472343,0.034547101984650434,0.03273786335298384,0.03542688835805165,0.03093757488256723,0.07151756173233434,0.03267684790116839,0.03555187903375131,0.036331425698243124,0.19806745389498653,0.17012921419489632
1999-05,0.04342945819092203,0.03232400765031312,0.04178010975729974,0.030939025125014948,0.03467435264584188,0.03184336128352469,0.0438814839974265,0.02973413727334011,0.029021250102790337,0.0336428371325875,0.03306650201824818,0.03523082645276022,0.030489955119555365,0.0697098759089037,0.03336176707502312,0.035596254697895735,0.03661111259167107,0.20124241261238637,0.17342127036449542
1999-06,0.04382515737905582,0.032012453625405474,0.041732373690345895,0.031075583394887977,0.03474155821058226,0.03172098159880123,0.043910095299242675,0.029813950158099425,0.028924106092518123,0.03384356457793644,0.03325264620292646,0.035136081333676364,0.03051072480776123,0.07179541310366085,0.03336255667567121,0.035547348858489286,0.036773413055880694,0.19958928920557772,0.17243270272948097
1999-07,0.043824417040173674,0.031968088378701,0.04178152934547896,0.03113677794607473,0.034853708816798154,0.031799068116276856,0.04404057323680561,0.029848493052353157,0.029061158505555545,0.03390594802502729,0.03344515805673886,0.035177702315516104,0.030580781528890436,0.07160309647318787,0.03350991452207867,0.03563694268659816,0.03693536235442716,0.199118102265414,0.17177317733390376
1999-08,0.04396829214442544,0.03170441991433277,0.04221649633466332,0.030953254879575717,0.03488312622127725,0.03199967860821609,0.043709304776645766,0.02998323623972581,0.029236518167777156,0.034064571816111736,0.03378041708713375,0.034928782717077,0.030713990807953007,0.0718568552155728,0.03338330099161346,0.035462662826360146,0.036890343748388316,0.19940003964772557,0.17086470785542476
1999-09,0.043873198161591624,0.03193157888914459,0.042312672863536335,0.030710104794895356,0.03477617457071007,0.03186381094440489,0.0439903110887775,0.029934395585287817,0.029278275994556895,0.03390315133662888,0.034077278238150384,0.03512769723554297,0.030631957893064127,0.07203926354078609,0.03325599042812093,0.03532474148975749,0.036842283712996145,0.19933141620778752,0.17079569702426042
1999-10,0.04317566575168573,0.03184386304836052,0.04208756621974699,0.030864876076168387,0.034406953852669425,0.031694519613102615,0.043439329501300916,0.0299693080964771,0.02927075956330273,0.033830921731974314,0.0340828379182618,0.03491979465937028,0.03044843838740204,0.07126792865630943,0.033478127243026956,0.03511136694521631,0.03707128313534431,0.20098186684252198,0.1720545927577581
1999-11,0.042254753917550285,0.03198498230619345,0.04367670111848062,0.031468549033254224,0.035422555104058964,0.03235236040127772,0.04292414823166583,0.030349954730231155,0.029993251613045873,0.034825506372529715,0.034478825454982424,0.035318684274152856,0.031043681738901138,0.07205029221938829,0.033818956226975595,0.03453506992016755,0.03750841297258773,0.20591149837177333,0.16008181599278343
1999-12,0.042512717602098016,0.0321625719671658,0.04405135783488946,0.0313629522423784,0.035513312077371254,0.03247221720133534,0.04311023069323316,0.030571197077455214,0.030363022243918153,0.03480778821852408,0.0349239501277671,0.035391542616077756,0.031027494625329406,0.07119546893119988,0.03415485572065014,0.034552481771514924,0.03802719442087904,0.20548679075278353,0.15831285387542945
2000-01,0.042822090379022765,0.03191063324119366,0.04410569052774267,0.03131868133473964,0.03550400854753876,0.0323691701635045,0.04347663542749448,0.03030486186509066,0.029989653846415835,0.03474644014174276,0.03458567953513908,0.03531371225200818,0.031029862138411735,0.07143481107450164,0.03411462154755912,0.03461141261181604,0.03761594288122724,0.20570188950890997,0.1590442029759412
2000-02,0.04265729943762379,0.03312781353581742,0.04446447561782924,0.0310562814233888,0.035282261178156624,0.03211739782781397,0.04405159764468893,0.029859740388957143,0.030056070025526484,0.034419308577544404,0.034758173689465495,0.035508359835670585,0.030797248944018682,0.07307414814113196,0.0336831692725191,0.03456900177783231,0.03736869450623573,0.20431088176482579,0.1588380764109535
2000-03,0.04216856660657646,0.03299919220725186,0.044162382180526025,0.0308336878900074,0.03516262806320066,0.03188985153027407,0.0434603658883281,0.029870289416688157,0.030313454898543035,0.034010033320504486,0.03562063489215788,0.03522420865305843,0.030662947993162923,0.07197762044855506,0.03351912439063799,0.034265409336292414,0.03767694484565245,0.20598398552620287,0.1601986719123797
2000-04,0.04241523651339509,0.033815869088618396,0.04316640051218866,0.029896935160363396,0.035557137202247055,0.03148319270359373,0.044317734934052645,0.02962902977613226,0.030616119221117465,0.03344665400316666,0.035558585025088914,0.03487460982655931,0.03045399317501795,0.07135785249649668,0.032876449529111715,0.03340988654305306,0.03823794284506579,0.20318210898098518,0.16570426246374603
2000-05,0.04247258742783243,0.033642600227953144,0.043139225013888595,0.030029071348117053,0.035668162140564307,0.031450362354777675,0.0447109202297592,0.029576290199223376,0.030666404295623985,0.03354858767587544,0.035533117053845195,0.03519483829713779,0.030597438198785527,0.07215011577695074,0.03286658326662629,0.033376097154901876,0.037963824685660265,0.20217295885610206,0.16524081579637487
2000-06,0.04309405751912662,0.033517618755410414,0.04362993779057347,0.029970414224590305,0.03571438002972349,0.03152211010246758,0.04504333814661,0.029420251038536665,0.030638894650446724,0.03352521027714359,0.035294314497363394,0.034851298607201896,0.030597509896739487,0.07262845944482499,0.03288094933494287,0.033557050819432256,0.037743650834168425,0.20170310182988535,0.16466745220081233
2000-07,0.03982030234362139,0.03681373058218228,0.05109494265222527,0.03558613852657379,0.03843792938705296,0.03908173480503978,0.047675642988966295,0.031709241566057006,0.0371495344818504,0.039611750054422995,0.03787905757932284,0.04177064881427985,0.03467723519810192,0.057968968016774244,0.035801186549732404,0.03674112434041307,0.042996313020633524,0.21990249822364233,0.09528202086910774
2000-08,0.039884177467585914,0.03673629198706382,0.051059450204349065,0.035702603074773825,0.03838851264937779,0.03912990718007259,0.04745663008396748,0.031731915592144645,0.03703460827527421,0.03973498675335141,0.037864456347599315,0.041957745201768086,0.034850969144009245,0.05818005852161219,0.03575637684888533,0.03693956156235965,0.04285049043550257,0.21964911547460972,0.09509214319569324
2000-09,0.040783586529629906,0.03683550433803703,0.05063616826430908,0.036013002699448925,0.03842892651967108,0.03941872814860243,0.04788607598834486,0.03212959619549368,0.035995818695230206,0.03958668534355322,0.03738267517752737,0.04193926661929764,0.03507069884762415,0.05720363950215234,0.03643883741570291,0.03678590675838094,0.04277490017245007,0.21806933990242613,0.09662064288211797
2000-10,0.04115330942598407,0.036612214801507975,0.05111024262417497,0.03612756228087537,0.037990961256831365,0.03935179522141419,0.0483732141529084,0.032318822641615466,0.035603529223501365,0.03939074680341229,0.036704045628437314,0.04183987089318917,0.0352908435579299,0.05820958930295317,0.03660873558888375,0.03697294348655507,0.04250810341483206,0.21726556721341722,0.09656790248157701
2000-11,0.04133684124415494,0.03659310914657772,0.05099349243198704,0.03619019968676981,0.038039120363769656,0.0394144430730154,0.04857919439834722,0.032241725087343916,0.03539710198191948,0.03949303102941403,0.03662219828558246,0.04195641862999608,0.0355090866611802,0.05812772812996621,0.036648017015292716,0.03697016632547377,0.04239149930733709,0.21710660744934882,0.09639001975252341
2000-12,0.041743913046328886,0.037057647570483396,0.05063992043248507,0.036525526773840966,0.037929977320807384,0.03963134513613665,0.0489657943564777,0.03212116540600287,0.03470043004301832,0.039081428603848126,0.03542995238296097,0.04117579233907893,0.035623753450639166,0.05862063024312384,0.03690658208732049,0.03674180516511524,0.041356294217447756,0.21975154433023417,0.09599649709464995
2001-01,0.042093988806103884,0.03693018797921976,0.050277999028262396,0.036199275491667404,0.03799248308632478,0.03942260349815639,0.04916498568993649,0.031848925185009,0.03496607148419973,0.038870876745654086,0.03613838551429819,0.0416077417251679,0.03593946527711424,0.058434644686333706,0.03716076186390129,0.036616942880473735,0.0419865033965474,0.21798178510826727,0.09636637255336228
2001-02,0.042085913449265135,0.03696211913473378,0.0502692403195896,0.036240086435055885,0.03807807283518586,0.03941210112104491,0.04911457091237836,0.03188271764714521,0.03501296132645624,0.03890406917418042,0.036231346638990726,0.04172891184078328,0.03595811159928083,0.05833390187297574,0.03723309524378451,0.036639171490646306,0.04208896978293762,0.21753857390721032,0.09628606526835531
2001-03,0.042040386498435896,0.03740763464777122,0.050235211741426714,0.035756360744923235,0.038373264530703485,0.03939920980462352,0.049257988623206884,0.03183621216197257,0.03389150480537007,0.03902318144184974,0.03476126333890632,0.04192564707997453,0.0360820717225092,0.05933204183026582,0.03706663528279895,0.03642516249041074,0.041409097635789614,0.2198570788781756,0.09592004674088586
2001-04,0.04179675509804477,0.03765252929479439,0.05033225244852819,0.035868452311996694,0.0384279273744955,0.03929778939419836,0.04875193487468708,0.032039730134257864,0.033660649619811134,0.03906168077387667,0.034349218213536606,0.04203127646794694,0.03590287811630029,0.05975072596702724,0.03710699653464669,0.03641336708134593,0.040891038294432615,0.22059999238394165,0.09606480561613132
2001-05,0.0536937148975273,0.03760325917972822,0.05007022232063335,0.03770501943671712,0.041675887505870125,0.03940007972917617,0.04717780711174021,0.03283510688476451,0.038075115677734375,0.040293849326829535,0.036631843575395236,0.04182399582493241,0.03700378325184527,0.06692410181530054,0.03911197169889905,0.03816903259832327,0.041074280244120596,0.13701498041699434,0.1437159485034683
2001-06,0.053643358244643315,0.037542258444222834,0.05019034002234377,0.037679407597621964,0.0415599300744107,0.03943056404837444,0.04715939730715924,0.032823863509338996,0.038116008786645325,0.040205364210028315,0.036798244433250096,0.041978225300264245,0.03697523753084012,0.06701400839370736,0.03915335205504334,0.03813370057732639,0.04110543924273319,0.13731026248837075,0.14318103773367563
2001-07,0.05354578531142755,0.037375097212855576,0.04960285834997078,0.03780615801291177,0.041852244055771225,0.03946731168313178,0.04694717979061543,0.032909982084824624,0.03786946771340698,0.04039649160730974,0.03691280187485038,0.04258419587458432,0.03660811083501729,0.06600930562248503,0.03909160588988083,0.03843939519863433,0.04137990268356472,0.13799484703175258,0.14320725916700516
2001-08,0.05363078925723276,0.03717107367189766,0.04951351751000173,0.037838990771766154,0.04177812100640435,0.03937556843745982,0.04707948274054707,0.033001080949880475,0.037845444561215344,0.040337435129982425,0.036801515174590814,0.042736939781943775,0.03667734978585646,0.06565125515921925,0.03921452277212799,0.03842186878316181,0.041180506569084646,0.138742592407166,0.14300194553046142
2001-09,0.054389631965712976,0.03755112740993563,0.04911576057070182,0.037696497133166626,0.042023233518460365,0.03946471431980237,0.046929748160059924,0.032928749686749026,0.03763496930854884,0.04041646031434194,0.036314289406131864,0.04177544657934265,0.03653105435562521,0.06587403629131373,0.038773066936722826,0.038210959245291255,0.04064866662699477,0.14019911342680175,0.14352247474429644
2001-10,0.05532070207198636,0.038014559452290736,0.048785559964709665,0.036197966835209205,0.04018883179688284,0.039297497293455254,0.048899946220922766,0.03225304937337473,0.035602723761394346,0.03879287024306102,0.034035917843117616,0.04018863908073839,0.035021890857496255,0.06431038964199788,0.0386160492063992,0.03868870376677467,0.04030236058634831,0.14639935790466327,0.1490829840991774
2001-11,0.05553184561186582,0.03809176476166592,0.048787204174124625,0.03606410755008155,0.040051709880296396,0.039304409470969685,0.049095426604859695,0.032332735757477984,0.035635731225904695,0.038594128111944744,0.03351418507960152,0.040404973742800755,0.0349806446380721,0.06438538801536538,0.03865861732029962,0.03894775847428168,0.0404139037378383,0.14566930039053466,0.14953616545201484
2001-12,0.05581193878064059,0.03834898706217861,0.04961814093297955,0.035721343367040616,0.039817478544315076,0.038716261827579895,0.048945796742321336,0.03175380313365822,0.03487292553992143,0.03817755327590922,0.03273337965119341,0.03954012106229546,0.034682415643769275,0.06477459708543454,0.038250127148595194,0.038653135552984094,0.0399428713995016,0.14915376480644885,0.1504853584432331
2002-01,0.055783610010652865,0.03828983707523304,0.04950359740441109,0.035639738549376514,0.03977048547710937,0.03875383105966484,0.0490478052018331,0.03169388002377773,0.03491665180545237,0.038085446260439894,0.032771636814967565,0.039602638366785924,0.0346518751724955,0.06462931930419502,0.038213253075643,0.03862102293136378,0.039924338415493754,0.1495990344002009,0.1505019986509036
2002-02,0.0557823032974021,0.038284774576976245,0.04945667347380227,0.03569115828737249,0.03979692358103977,0.03874004527001179,0.04903951408025821,0.03168967624386031,0.03492291823017192,0.03808054556583123,0.032807174440625704,0.03962035941931899,0.03471733485779269,0.06449100710348843,0.038245471401585664,0.03861133299147416,0.039863366832274996,0.14950213723040298,0.15065728311631
2002-03,0.05574602710242606,0.03830655663552055,0.04934534657245469,0.0357670818314725,0.039742278312830955,0.03870994123884114,0.049099131219945774,0.031728350960218005,0.03498314968351514,0.037982640280073435,0.033111703669837574,0.039639658868297595,0.03468975826715236,0.06466950432361726,0.038321366902801544,0.0387168301011899,0.04005110941623941,0.14932257646506317,0.15006698814850297
2002-04,0.04425070950087283,0.0370702843825149,0.051383555837985054,0.03429498663773347,0.0392926640787385,0.03554588393081094,0.044659896514532185,0.03283892245973557,0.03381162940474029,0.03884401043700477,0.034869327494627705,0.03606297566661936,0.03449515495206435,0.07540015977276167,0.03827060019589435,0.037310296452312305,0.03864592344925906,0.16139776030592012,0.1515552585258725
2002-05,0.04432591396139443,0.03703223126344934,0.05108542219831781,0.03438221622946759,0.03935379522156656,0.03538238601197347,0.04430696033065603,0.032822145914365795,0.03362758127218031,0.03894220060573469,0.03465687753308727,0.036084085307605436,0.03439269085265402,0.07522222335178509,0.03819063656677234,0.03725177596786297,0.03827701354817463,0.16235344991137327,0.15231039395157892
2002-06,0.04433386735857363,0.037144125836270324,0.051037153353135856,0.03436194790756044,0.039332407492359375,0.035415599391741936,0.044250094123091714,0.0327767601103413,0.03363467435326659,0.03888293224185988,0.03459980081675515,0.03610717850012584,0.03440212421412927,0.07460645190791496,0.038184530311737526,0.03724882728252139,0.03823857010362831,0.16247484175363405,0.15296811294135237
2002-07,0.04430667635395704,0.036698393653002426,0.05132786519353318,0.034441240332862895,0.039081036481223075,0.0355262908965753,0.04333212004037302,0.03266123214116179,0.0335192723664948,0.038882344141923944,0.033722575083590486,0.03569988244948544,0.03465452279670139,0.07303629957609659,0.03805216649772434,0.037060437600341334,0.03771170078906676,0.16536640101040342,0.15491954259548288
2002-08,0.04375265558924461,0.03594105239339908,0.049781884735212945,0.03406945276359951,0.038609014929658875,0.03545601287353802,0.044359203428938385,0.03228594835507147,0.032210915312776145,0.037925916638397596,0.03377228103869115,0.03526336962288267,0.03478914973043946,0.06805144495802917,0.037462006444540785,0.037230997531654465,0.03777437136003179,0.17703046642169643,0.1542338558721974
2002-09,0.04377470942817859,0.03591338656534468,0.04980153444310968,0.0340910752959587,0.03860464539193934,0.03546224287942558,0.04436296719302857,0.03229177796654192,0.03224345858248739,0.03792559328303499,0.03380198062645249,0.035278208153124865,0.03483156438542036,0.06803834794343967,0.03747826544387779,0.03723849494061599,0.03779248068798672,0.17676135805018367,0.154307908739849
2002-10,0.05542356830960846,0.03782919199013472,0.048687925175374784,0.03571167002323167,0.03947647861202932,0.03851527373027088,0.04915618777137965,0.031809581095924355,0.03453643799772077,0.037584764220125154,0.032675965284840895,0.03928668434154338,0.034751802779055145,0.06260815765103286,0.03824915742417663,0.03845049048494834,0.0398930529041499,0.1545234438681346,0.1508301663363184
2002-11,0.041942999701936504,0.03726303351613855,0.049293099674461716,0.03549063289611258,0.038011697456770244,0.03889001098394637,0.0484784657033605,0.0317146661720826,0.0327827498768243,0.03844983720083864,0.033206947838573544,0.041228906436013,0.035466934809284825,0.05820444447963915,0.036798389442142726,0.03620992357987013,0.04002356468940966,0.22955608900300264,0.09698760653959233
2002-12,0.042105007344264686,0.037169310375858834,0.04925293292960327,0.03538133367319169,0.037663889803815485,0.038546704383612386,0.04843324648805158,0.031813320853784716,0.03229046901568089,0.03831048031766854,0.032627740606782675,0.04076411358887591,0.03544280835075558,0.0581185024898798,0.03671400463662145,0.036173050307178406,0.03969476853791521,0.23234196333028934,0.09715635296616963
2003-01,0.04199631810921068,0.037526019714626255,0.04919174309053488,0.03519601742002658,0.03748288090009148,0.038319582908218776,0.04817018617054962,0.03165443306855671,0.0319942674424419,0.038156456640417655,0.03223745919249605,0.04044322185759079,0.035377158277444906,0.05827777047722029,0.03641793530392854,0.03596459808834351,0.03936077230368424,0.23478114260951835,0.09745203642509857
2003-02,0.04188876720225137,0.03741920919064357,0.04912657262333472,0.035148433597234574,0.03743624377326263,0.03814760167105326,0.048314894955639766,0.03154838705069336,0.03194170610855328,0.03785849807054598,0.032343010413700087,0.040405025989285304,0.035252326825972916,0.05810717719136019,0.036404000513794214,0.0360730057288051,0.03943028459305114,0.23393527355072471,0.0992195809500939
2003-03,0.04174203292163824,0.03730456392344589,0.04918712300497873,0.03505491749474358,0.037412076472443684,0.038011178386308284,0.04816561845950117,0.0316601238963408,0.031992268488943064,0.037811629454485796,0.03244104197928369,0.04024182864527333,0.035080164408237385,0.05775966728629962,0.03633330383180971,0.035962180407698316,0.03936124270624077,0.23536509253580784,0.09911394569652017
2003-04,0.04176867782301725,0.03727985087607716,0.04925810210722203,0.03514463648054584,0.03745794033684165,0.03810584514054565,0.04827419366993156,0.03171480150808337,0.03198019507530807,0.03783083932379425,0.03244214638196767,0.04024119562940024,0.03511457667627565,0.05796291949861381,0.03645696491210326,0.03598645315048039,0.039417890770299994,0.23480793980413225,0.09875483083536006
2003-05,0.04175760559232063,0.03719022116030435,0.04970781291170103,0.03500944949268234,0.03728304706906403,0.03774699681340467,0.04823426991918783,0.03149218780945853,0.03173714118261945,0.037582655829132644,0.0321199056517038,0.03930106458944454,0.034849106970158486,0.057269736764083014,0.0362011489326774,0.035593418968380613,0.039084254281885826,0.23754998416003287,0.10028999190175791
2003-06,0.04201824331751828,0.03695042855692868,0.049773266316697526,0.035571610329503296,0.037774502383333505,0.038660548822760044,0.0488742517903657,0.03164670668494831,0.03166474344061096,0.038322739721973836,0.032031780322117905,0.03999842385797413,0.03529813701669997,0.05678963548886488,0.03690667934778158,0.03608557419606475,0.03946595796197033,0.2329968496934887,0.0991699207503976
2003-07,0.042039415753665176,0.03701972375937782,0.049759323291009946,0.035571958387200925,0.03777442920059461,0.038651310584933304,0.04898634987207234,0.03166646720554193,0.03169236489786429,0.03834553783224849,0.03204860891755055,0.04002675365092468,0.03533137499272048,0.0568301869938237,0.0369592598904276,0.03610330857874278,0.03950105316034352,0.2325608115096684,0.09913176152128951
2003-08,0.05528792391307248,0.03810227533732177,0.04866382078272038,0.03555661643373079,0.039409382787827844,0.03840680190688973,0.048938693786691724,0.031775601178503025,0.034260247323731764,0.037568613042748604,0.03224000607640224,0.03948305299924993,0.034811627483678206,0.06253634493548164,0.038210346123182005,0.038266153601753554,0.039455807461210864,0.1557939258052427,0.15123275902056083
2003-09,0.04346892844712966,0.03554123166771978,0.0489347156245421,0.034016864098097364,0.037649739160419804,0.03482138370589206,0.04356768084943627,0.031644980925634385,0.03101863946363972,0.03762633538132382,0.032555215021703804,0.03463564184981566,0.03465303574488271,0.06435265432010334,0.036872166393002934,0.0364676261414111,0.03692634064609502,0.18700235369222468,0.1582444668669257
2003-10,0.04344690833645607,0.03552275670445098,0.04888764015916023,0.03399784483851039,0.037601018840596155,0.03477748409560971,0.04355409579061637,0.0316283495195752,0.030994740371955636,0.03759731120034443,0.03252392896169776,0.03460127132134831,0.03462164181916043,0.06436720632870607,0.03682693558522817,0.03645120650913499,0.03689959057575004,0.18724400411326594,0.15845606492843325
2003-11,0.04331870012719117,0.034901671330915436,0.049081343625797254,0.03356192216032233,0.037232811739372616,0.03460507991427754,0.04371846045376878,0.031164898075048617,0.030227700310447112,0.03695666101636325,0.03198754334749249,0.03440378311485888,0.03423555059357758,0.06444718568038794,0.0364505253208711,0.036212040957226056,0.03687132338134146,0.19211688265725727,0.15850591619348306
2003-12,0.04331500534238196,0.03478960508001024,0.04914157180356721,0.03355914910217109,0.037279462185713416,0.03459567971157659,0.043731392884944514,0.031184512867126417,0.03021819488104545,0.03690874168753173,0.031969293168610705,0.03440272041494309,0.034303584313744966,0.06448626582947391,0.03651157067890277,0.036253927158960995,0.03690799015153265,0.19237986721795364,0.15806146551980857
2004-01,0.04357905498641204,0.03483309811598635,0.048163210756134736,0.03391622251358841,0.0375770582400842,0.03442995776856703,0.04376928985910077,0.0315203354280441,0.030072660795827075,0.036834779345535064,0.03234284866580105,0.03410854564044239,0.034370384235921043,0.0641167517657739,0.037181837985925635,0.0364384583265072,0.036958410236438,0.193473410005951,0.1563136853279599
2004-02,0.043560636026653374,0.034782589487858125,0.04815814178445554,0.0339055177937175,0.037594104303976084,0.034414580708834214,0.043766570563476305,0.03151080227985946,0.030071556690642168,0.03682336595224227,0.032350076730386756,0.03409485212685518,0.034356924683442557,0.06411444042629866,0.03717988703361379,0.0364525265232951,0.03697525178109034,0.19348798627829744,0.15640018882500506
2004-03,0.04350484064456919,0.03470121140540186,0.048067637088230336,0.03384301529759276,0.03759879292798168,0.03441143799122962,0.04378876437155363,0.031469822560624236,0.030012014087597037,0.03681425370672713,0.032447067473130135,0.03414492477481425,0.0344202484088246,0.0641201278532342,0.037066094928024665,0.0364574698298576,0.03706513237798698,0.1931565106596979,0.15691063361292204
2004-04,0.04350024328050769,0.034740173518267956,0.0480528905305608,0.033867409976198866,0.03754754656837577,0.03438354060639199,0.04369145645243256,0.031497980711069365,0.02996674538204321,0.03686180072296959,0.03243024336567457,0.0341161300198552,0.03438985904768153,0.06413612608850966,0.03705428092459906,0.03643671268935174,0.037031302810535925,0.19331898168692171,0.15697657561805278
2004-05,0.04409626678562036,0.03430536248959656,0.048832546753296326,0.03412165984481984,0.037636027191912544,0.03470980630179215,0.04451758955814037,0.03160717328734379,0.029896252870662755,0.037047783942795745,0.032407601014642455,0.0347011473010661,0.03487916752765262,0.06410222815676475,0.037239764856762496,0.036533474863930604,0.03740253247361214,0.18815684773063185,0.1578067670489564
2004-06,0.044107579618408284,0.034415394623125165,0.0488733531279924,0.03414084457261759,0.03767988367926023,0.03474698811448842,0.044508248094020014,0.03166074102453735,0.029988775249034417,0.03707638557923703,0.032513693807908396,0.03469717185896447,0.03493432033723743,0.06420308452280424,0.03726260000274366,0.036580674347468166,0.03744119754727321,0.18791139722138195,0.15725766667149754
2004-07,0.043451873749221125,0.03330081663671538,0.043188181087254855,0.029846981220703173,0.03538276099090683,0.031403498016711204,0.04526008756635503,0.029247336045809272,0.029542812332471868,0.03312142761658705,0.0340102549175011,0.03447558243375017,0.030568751123684342,0.0709901685967802,0.03289036533183512,0.033454418411184614,0.03719058621496172,0.2062092413481695,0.1664648563593974
2004-08,0.04305720467144513,0.03339621340667226,0.04340725458966566,0.029763387116824472,0.035184989014630866,0.03133799762062871,0.0448525764319654,0.02916865184420586,0.029576956683463676,0.03300699455830045,0.033654627209933,0.03433048326503003,0.030552849924024197,0.07120779882418159,0.032876081028885215,0.03340015930633125,0.03702459442813659,0.20748972182977868,0.16671145824589692
2004-09,0.04310813518176342,0.03338772832905955,0.04349506155346302,0.0297839021177642,0.03519618000000743,0.031338789960803984,0.04486056376455295,0.029155621848611785,0.029609192076750657,0.033051653209391574,0.03376499133194675,0.03439326325784355,0.030588008113250475,0.07114927888704116,0.03292770076130387,0.03340728669895048,0.037078838689603905,0.20684458532816669,0.16685921888972458
2004-10,0.04330270381691923,0.03329501668398219,0.04325063324817889,0.029757759037201997,0.035118099385580005,0.031290555843186414,0.04510215670528529,0.029089032335004525,0.029519312118983856,0.03299690927538745,0.03377499476880864,0.034404898893792876,0.03058657527592309,0.07113570829993349,0.032908031446493596,0.03345302564689511,0.03705882486516373,0.20701031711449872,0.16694544523878083
2004-11,0.043295651797177835,0.033384796333239944,0.0433336200083074,0.029714952952771358,0.035179880416722,0.031341313622613685,0.045283193961731215,0.029111777981607852,0.02962820694582866,0.03295363621583688,0.033754866993260135,0.034513190119018926,0.030596523811718766,0.07094015208107385,0.03289883882363836,0.033508114553818406,0.03708142065732456,0.20688620728623228,0.16659365543807783
2004-12,0.04220514790365489,0.03712141565339097,0.049783778014909415,0.035750817102496786,0.03790260375431266,0.03890095801969703,0.04917606889704148,0.03175943992370937,0.031745025681335096,0.03852314268123201,0.03223835863060545,0.04028441526068894,0.035509083688839226,0.056747448360145676,0.0371834955386246,0.03633242984027636,0.03970085011826931,0.23025867185042895,0.0988768490803418
2005-01,0.04215695238922621,0.03722390137971209,0.04993313847876873,0.035723350747172755,0.0378801752956613,0.038910699034093055,0.04908250715655448,0.031738866427676225,0.031807026612748146,0.038559698679163,0.032232455072373906,0.04023712537039378,0.03553739177088525,0.05674581549912486,0.037189111321936405,0.03632205545622995,0.03967173954831591,0.23012393588584035,0.0989240538741236
2005-02,0.04220929640824737,0.03724452537870709,0.050233015097006124,0.035682192573142126,0.03780294337424147,0.03891958718948435,0.04886744143989072,0.03184357385369688,0.031880931306654405,0.03847394012818491,0.03217142317594142,0.039994807563123146,0.03544451544043551,0.05695504725520998,0.03725743027799309,0.03629007464260867,0.039576828834259725,0.2309901820450459,0.09816224401612714
2005-03,0.042250553598325614,0.03708040448005223,0.04957897065957033,0.035688855211472956,0.03782626034531651,0.03877521910669301,0.04878634671518058,0.03184326807070321,0.03177035982347689,0.038487954776958225,0.032146910257306795,0.039993733486897186,0.03542975876871612,0.05690479398659525,0.03728930914009071,0.03634158452001892,0.03963683926276554,0.23183883228115795,0.09833004550870203
2005-04,0.04231677993529913,0.03693262159409217,0.04941273721095178,0.035724529800055915,0.03783471030068508,0.038788457948490174,0.04898513823884261,0.03182847131979082,0.031627248729101415,0.03843221312763402,0.03218671561103493,0.0397123109295599,0.03556255550043366,0.057115135615227935,0.03748770737111998,0.0363117936037477,0.03972670484429578,0.2311534371848567,0.09886073113478026
2005-05,0.043373390028289646,0.03310423899293323,0.04301082216253173,0.02965118179061403,0.034733512189532516,0.031042495762840357,0.04541193256783894,0.029103376774859684,0.029212907796764824,0.03256624864717351,0.03366306412329643,0.034173659540611696,0.03045510646796475,0.07024383492558106,0.032882418225587504,0.03343194269756392,0.03698109716340705,0.2119966043040473,0.16496216583856194
2005-06,0.04246344259760466,0.03652368521394593,0.04893925834243923,0.035428754856148284,0.0374165600725922,0.038439653689980306,0.04935680295401921,0.031723363457401364,0.03136321054787393,0.03845813282375551,0.03210653882450359,0.039186120683542346,0.035442808305738586,0.057346372188724175,0.03725502898247498,0.036316536367119276,0.03968211090067161,0.23397405331139196,0.09857756588007278
2005-07,0.042500170299573425,0.03651075540920908,0.048910668293792176,0.035416784683937816,0.037419781535132736,0.03846174325067391,0.04938816587490952,0.031727251012781676,0.03138602114008043,0.038467879185589506,0.032117743218858824,0.03918286918332726,0.03546656449363931,0.05730087878579297,0.03725295810609012,0.03631928186273018,0.03970188836230304,0.23391592755859233,0.0985526677429857
2005-08,0.05590075213459665,0.03769181457170849,0.04830682159072262,0.035494178802635876,0.03926410277487193,0.03841405556144696,0.049532944278534476,0.03172391295406241,0.034017974548153,0.037447770548493096,0.03205397003439041,0.03914139650218417,0.034856548123058974,0.06259956701834718,0.03812019099943255,0.03851553012919483,0.03952688283818656,0.15647223179798903,0.15091935479199062
2005-09,0.05581871599258972,0.037757871053036476,0.048448759372206746,0.03542582068321194,0.03920455520181825,0.03827432522709701,0.04951658766033266,0.03166094861996827,0.03400970493402184,0.03740395126789126,0.032031523855024974,0.03903050358391063,0.034816808486539196,0.0626060284153048,0.03797084486266396,0.03847563424914114,0.03950078929287848,0.15682737511317668,0.15121925212918605
2005-10,0.04339771643986867,0.03298773650638266,0.043077230985556214,0.029543361485688084,0.03463265986610156,0.031130876613220896,0.04552491224566564,0.028987536156002688,0.02929147388133737,0.03259187822763182,0.033468468530960215,0.03391534216580997,0.0304066863297595,0.07031088643879911,0.03276176976065152,0.033433368339558726,0.036993154667998115,0.2113692820632322,0.16617565929577507
2005-11,0.042444211990197524,0.03627162770095045,0.04868409682126486,0.03538759371687346,0.037401727976072434,0.03839239031040753,0.04932513513155235,0.03153919708965781,0.031163035639611817,0.03828106531696906,0.03199984738772797,0.03896489338550059,0.035392146954593834,0.05707377259944725,0.037162385593713515,0.03632458380960329,0.03958689804688405,0.23571445370462898,0.09889093682434334
2005-12,0.042524951586208504,0.03623921214003348,0.04880798938888155,0.03533982667340728,0.03727629076663238,0.03840466286276924,0.049463158331881044,0.03151128485273388,0.03097470219064069,0.03822652945786297,0.03192604820872738,0.03904776885642,0.035336093980869336,0.057277038786398116,0.03715954700658359,0.03630377873419302,0.03952855852475631,0.23569571889772617,0.09895683875327496
2006-01,0.043572648731164954,0.032824667330965396,0.04249789727674929,0.029622108292354853,0.03466983222174224,0.031406653787791894,0.04550273036536971,0.02900619985003838,0.029254606546021633,0.032645492892208944,0.03340120371471874,0.03387166002096844,0.03055266411765535,0.06940080002036608,0.03306963397457383,0.03374703408920435,0.037107820300863854,0.21026146454632408,0.16758488192091806
2006-02,0.044037545131258224,0.03224108967929989,0.04175146097429119,0.029825996884068774,0.03467305917182922,0.03159354634562571,0.04572738427214809,0.029014408557709617,0.028888870539601215,0.03271615490847823,0.03344022159339066,0.03386241330844047,0.030647426489765407,0.06929738761377362,0.0332463536120193,0.03401239258971623,0.03734591733812935,0.21320646461616902,0.16447190637428571
2006-03,0.04408851718265134,0.03214997486467245,0.041571822992083535,0.029856292335310734,0.03472854200410634,0.03160350511593963,0.04576999159729129,0.029018703598528428,0.028871186639368815,0.032767453978421034,0.03345519688458164,0.03385658214896703,0.030693445728830444,0.06932247165967322,0.033269347787565566,0.03404391950270094,0.03735499995528257,0.21306546719599598,0.164512578828029
2006-04,0.04406631762950794,0.032114475693266545,0.041538605128452734,0.029841623926060806,0.03469562452017339,0.03159643579659633,0.04577398413637604,0.02901088715069678,0.0288221960405067,0.03274469282514703,0.033447978155616113,0.033840302773501876,0.030670897611795315,0.06940046430518336,0.03324895891113616,0.03403610480166818,0.03733871455694119,0.21327787741673546,0.1645338586206381
2006-05,0.04412133189256907,0.03196343729492789,0.04150376300750838,0.029892868836330588,0.03483895591605863,0.031618021679528825,0.045917652054486315,0.02911339490346292,0.02876345621140345,0.032850851076924516,0.03351049228910729,0.03393837515168407,0.030686051356642263,0.06935034046987269,0.03332356404258587,0.03403770547259142,0.03745559508202294,0.21447451716665905,0.16263962609563365
2006-06,0.044297647565667495,0.03422694054405172,0.048516221379886995,0.034104093983358424,0.03758992254901495,0.034652625152272104,0.044726886570965164,0.031724652222172946,0.029724613958572253,0.03697585500950378,0.032470684863478226,0.03453317419388678,0.034821083113736113,0.06424467300476992,0.03744529069026669,0.03674474036975756,0.03744767734938849,0.18884674837442303,0.15690646910482736
2006-07,0.04414910022118517,0.03185334723770274,0.04143321727118885,0.029859833213318736,0.03478170937743955,0.03157588600719534,0.04585700741984557,0.02903543738124614,0.028724555665922524,0.03277551053297673,0.03342047672856584,0.03395616331195196,0.030664795187363668,0.06943966331661185,0.03330734902810116,0.03397242572129621,0.03740226084131632,0.2146319565869156,0.1631593049498559
2006-08,0.044133392633848675,0.03184767262132324,0.041411808598061046,0.02984991034999595,0.03477280096208387,0.03156719929017159,0.04583818027175836,0.029029260975351683,0.028717529271795206,0.03276536839594167,0.03341800737999629,0.0339455238992906,0.030659151546314902,0.06941894358417701,0.033299166166656326,0.03395988051577631,0.03739355620895363,0.21478671305610653,0.16318593427239708
2006-09,0.04411968109617044,0.03191896057535539,0.04157952666089468,0.02983477429652309,0.03475294799322747,0.031557599171309354,0.04581724409435506,0.029074234120747267,0.028793596869676353,0.03278695748829697,0.033366483329530024,0.03394527199990778,0.030720955665783846,0.06941067377739067,0.03330055466884951,0.03399602060089444,0.037391037146396626,0.21412091713087517,0.16351256331381586
2006-10,0.042571035777199194,0.03615555182026833,0.048782543352908846,0.035378037887278474,0.037278118058088665,0.038428185084279205,0.04947969873814901,0.03151745467601014,0.030946206543486354,0.038247928490544564,0.031918310311969525,0.03909429510541047,0.03536350629472259,0.05729505872091748,0.0371952226294254,0.03632883050842121,0.03956094726824779,0.2358651701349741,0.09859389859769867
2006-11,0.05606884513740553,0.03763566206836251,0.04835992937155116,0.035467980816393796,0.0391959849330206,0.038337464402487004,0.049598837009745614,0.03166473021640992,0.03395225322601349,0.03741634319218739,0.032016742843996006,0.039067312514804636,0.03487137571983677,0.06262995771203486,0.03805371082691357,0.038570801074191995,0.03954281022962454,0.1565761493795303,0.15097310932549035
2006-12,0.05640581680328677,0.03762937679655969,0.048020313071539956,0.03550227944361982,0.03933871288879863,0.03841695857619484,0.04990995638832057,0.03173479848538605,0.03378822099561014,0.03751446417123165,0.03206163823201543,0.03925324964267122,0.03496501252446994,0.06268005377771817,0.03845297795394104,0.03877526445490616,0.03971609344174345,0.15680894568591788,0.14902586666606843
2007-01,0.056554547090939156,0.037522608650130476,0.04798209510769155,0.03552060002672924,0.03935890818260212,0.03848172168263603,0.04996979329142987,0.03178222654590534,0.03377755299748188,0.037540682161060025,0.0320538496572952,0.039266012513802864,0.03496631306778103,0.06275676796076374,0.038496549601222944,0.03890882531223455,0.039796910156121294,0.15611671285116685,0.14914732314300566
2007-02,0.05657859775236439,0.03745372774028056,0.04805912483676287,0.035501372717756455,0.03935421316267692,0.03844528061682835,0.04990769102479673,0.03176104605920993,0.033662006009387964,0.03751898436764739,0.03206312276300336,0.03922946863160425,0.03493016952867301,0.06276674330734346,0.03847433532900298,0.03892754814879293,0.039780720036796384,0.15637515914769373,0.14921068881937824
2007-03,0.05663158336553694,0.03744681877265936,0.0480969461950272,0.035505464420460056,0.039359691943702195,0.03844619234938752,0.04994646212431714,0.03177785564770669,0.033665393210742946,0.03753271518798932,0.032073683874625336,0.039242678435805735,0.03494478430189596,0.062734436114989,0.0384884076700729,0.03895287245314442,0.039805975126430936,0.15625503121849468,0.14909300758701155
2007-04,0.04444749242943675,0.034372288571365726,0.04899359548776381,0.03427971622305025,0.03771077099529989,0.03478784111518804,0.045016653258343614,0.03175996529091492,0.02996070098359739,0.03706564195991808,0.03258855483874438,0.03476225717875489,0.03510352762847255,0.06475078881768111,0.03771314477595059,0.036930362831118266,0.037619619232944365,0.18919062475052856,0.15294645363092696
2007-05,0.056658133220177376,0.03744644443532573,0.04812410578884317,0.03552077818142824,0.03934589933710849,0.03847199261086011,0.04993883692513639,0.03177754131155549,0.033695675880646286,0.037540133788122425,0.032071917355803566,0.03923661348467124,0.034949669760430804,0.06275928420502244,0.03850317602462408,0.03896030867795465,0.039816293204869437,0.15619783163329373,0.1489853641741263
2007-06,0.044482473088139844,0.03424497063826539,0.04891069323042013,0.03441289064215371,0.03756685041456478,0.034942728253559915,0.04494763786071887,0.031866474799454224,0.03003417997825771,0.037046279165035105,0.03254646249348458,0.03474535641594437,0.03513222273905045,0.06461266894697495,0.037823610377921923,0.037000079965839115,0.037686809234079965,0.19016008899528755,0.1518375227608475
2007-07,0.044537153216058084,0.034273555279109524,0.049115130514626626,0.034496561292177916,0.03754352069691864,0.035131848490096776,0.04482357359711905,0.03184970210739807,0.030031780905440602,0.037152433981776624,0.03272038089852663,0.03497625253651306,0.03515535941284542,0.06415990925032229,0.03783195468605489,0.03694426207593002,0.03775044352006082,0.18986394322691888,0.1516422343121061
2007-08,0.04418138275315675,0.031822035650687905,0.04149568492344303,0.029885079353342902,0.034767865524764685,0.031595706860952165,0.045831703640779306,0.02908562234148881,0.028757839068326747,0.03282364871878406,0.033427677909907076,0.03400616134621538,0.030760273081318176,0.06924815005191741,0.03338218595649634,0.03404483742105097,0.037453131381587144,0.21434030118816624,0.163090712827615
2007-09,0.044177066738495474,0.03183328599270828,0.0415052117540091,0.029894022052820848,0.034778421818850457,0.031592880432359784,0.045826533622140245,0.02908895847905505,0.028767597033071152,0.03282273342247901,0.03342759964272543,0.03401432383727174,0.03076779367160734,0.06924818952146393,0.03338428298191872,0.03404811883071388,0.037459309907411295,0.21421986782488028,0.16314380243601798
2007-10,0.042661818004067834,0.03588362052165555,0.048649559458830226,0.035290122845452576,0.03712469957921206,0.038375728477203185,0.04952458454594569,0.03152447774968471,0.030753771409022506,0.038202214014698234,0.03194785632547379,0.03904793274340282,0.03536712958099701,0.05697405390885582,0.03722043045112646,0.03639874168402456,0.03951168910362865,0.23662835150662964,0.09891321809008863
2007-11,0.04268585957605101,0.035734976795865826,0.04872026392962947,0.035403661659033234,0.03719701343309631,0.03837989490075552,0.04957297644109481,0.03159631733971913,0.03079334377085641,0.038252372301434724,0.03196060598748734,0.03907499921577537,0.03545060182097715,0.05677694563085923,0.037274725241162016,0.03653608393081877,0.03950779558036258,0.23650839308161625,0.0985731693634048
2007-12,0.04263314449824023,0.035345721692094795,0.048279342440315835,0.03506568738559481,0.03688795297207084,0.038138666374671705,0.04958909463282695,0.031275262076657546,0.030585569358332957,0.03802615404413367,0.03176902027722358,0.038589719983479716,0.03524797174213484,0.056453190806759264,0.03714503583982853,0.03620586975009361,0.039207143661721414,0.24017379416261192,0.09938165830120772
2008-01,0.042668534501969724,0.035428842871453016,0.04864008763579758,0.03492034706191068,0.03684233623150161,0.038307746840479835,0.04945987357232241,0.031272422829374265,0.0306542640580715,0.0379579259642555,0.03184341640214803,0.03861234516541533,0.0352312240391896,0.05653484407577527,0.037118454621631054,0.0361340600179917,0.03925333806256332,0.23986579464005886,0.09925414140809073
2008-02,0.04219113258152853,0.035149339889353516,0.047889996018813295,0.03493762330162968,0.036692781088390455,0.03803347929107939,0.049019210653400896,0.03141482250681755,0.03035560284920405,0.03762736988946372,0.03142356406051984,0.03839264906396886,0.03513322672145805,0.05569236708673072,0.03708595494147508,0.03607682110042335,0.03893468055851805,0.24300137238332414,0.10094800601390089
2008-03,0.042249486316084404,0.035297024069522745,0.048080098363244055,0.0348668869402415,0.03659139466522088,0.038135501401594746,0.04898571349011892,0.03129328250684708,0.03046525937008431,0.037591400434095826,0.03142995749298889,0.03827430646320915,0.035061622993085746,0.05552095101236446,0.03701124158064768,0.0358657592344644,0.03886084136730941,0.24334018138461244,0.10107909091426334
2008-04,0.0422754409410576,0.03523261767225489,0.04802584406935129,0.03488397424796614,0.03659370600358046,0.03811379693235149,0.048963013849445666,0.03130159781570957,0.030464079820909457,0.03761848491535115,0.03143428419086162,0.038249479753562556,0.03504807971802681,0.05551747443206826,0.03703142906584836,0.035826429963978744,0.03886311772074874,0.24335789115950135,0.10119925772742584
2008-05,0.04226606524116325,0.034989868523975315,0.04767674593121078,0.03484861295521801,0.0366096638350145,0.03790427409510983,0.049072747807823704,0.031230274618784873,0.03038594798207525,0.03745520651281141,0.03132052902150618,0.03797335188057257,0.034903343602990695,0.0551885296279745,0.03690794439689691,0.03571104402052212,0.038806512240432495,0.24490678763261606,0.10184255007330155
2008-06,0.042258468015071785,0.034973641516211615,0.04766976407759788,0.034846106971972074,0.036606057915914245,0.037901548744562225,0.049065327634592676,0.031231174577900127,0.0303745634637051,0.03744652102077179,0.03131014664736261,0.037976140809987055,0.034902034107027614,0.05516963500037607,0.03690813929299856,0.035720928788750814,0.03880144227782062,0.24498258648445445,0.10185577265292278
2008-07,0.04205129179131465,0.03598157803579033,0.04844602782392463,0.03431963783593087,0.036209926024025355,0.03802948706318895,0.048953239376451387,0.030858345141919062,0.030433418172575468,0.03695322738297469,0.031233161000684097,0.036871305884985085,0.034285762107724986,0.055647213782804905,0.03681550810922111,0.034699112306169934,0.038452946680061786,0.2477876850543326,0.10197112642592003
2008-08,0.04223422415532209,0.03556721723622993,0.047781994354451185,0.03424529443484377,0.03653106476169199,0.038043604455880106,0.049283034841305175,0.030930672000446843,0.03025587476321482,0.03688866118149228,0.031247903582688908,0.036877926149856854,0.034427553561146886,0.055256756166827035,0.036881296924194146,0.034946129309240036,0.03855176307243239,0.2473856866802359,0.10266334236849961
2008-09,0.04224890968546294,0.035513680953723537,0.04780143061827729,0.034347409858151844,0.03659212358508947,0.037997168725264194,0.04934745098583526,0.031021689963800475,0.030211442201097106,0.036930238688963425,0.03128355434152775,0.03690556954170411,0.03447006408691276,0.055229131602243034,0.03693835416016639,0.034951628550423844,0.03859022187201844,0.24755283891485028,0.10206709166448784
2008-10,0.043532174168667545,0.03331514385751246,0.04723748938278994,0.03539679554109679,0.03722924828070755,0.036654922624847146,0.049850910317598834,0.03138703941472306,0.028731876716022835,0.036362841078645916,0.030886612700567622,0.037010143349706856,0.03431139508241199,0.053570175379014616,0.03751786535076577,0.03559045245501971,0.03876315470214344,0.24951513623022373,0.10313662336753407
2008-11,0.04402352756277937,0.03144084162719744,0.04657083106923197,0.03483636735371535,0.035919151297621396,0.0360141242394559,0.05116596237562466,0.031790976543169966,0.027858316121786745,0.035558632128523116,0.03129484283724709,0.03526679939281249,0.03548385955038395,0.05412074621103552,0.038367596585380526,0.03545087366856365,0.03897678975231233,0.25025468758307334,0.10560507410008522
2008-12,0.043532271161606406,0.031021559902684886,0.046465764736581726,0.034023604250617324,0.03527009361234806,0.03505109421064516,0.05043376631122107,0.031534208521845325,0.02746327696216176,0.03526889487972224,0.03087564721752761,0.034885927113602694,0.03484278823277579,0.053731669587104895,0.037810415831053074,0.03458029818611605,0.038365991282053646,0.2613374945753656,0.10350523342496672
2009-01,0.05663256748512984,0.03662552521877725,0.04782490569603656,0.03538148212144578,0.03912528168556804,0.038078609355416744,0.05011461548363907,0.03182864426201598,0.03294409492813906,0.03720682468079859,0.03195601294320026,0.0387693259907922,0.03495847506768436,0.06233339863446029,0.038653710936886486,0.03869432643402156,0.039672074451015935,0.15964796834692338,0.14955215627804852
2009-02,0.05736125258482219,0.036762163775338676,0.04833526185888666,0.03494142312268423,0.03804873716356504,0.03855141674826764,0.0504618698023248,0.031606158766786255,0.0322102958198154,0.036962353899355045,0.03256293087480848,0.0385518966045122,0.034856284548007925,0.06391893300925287,0.03872413418461129,0.03694476286978941,0.0400190576032295,0.1519575881346093,0.15722347862933309
2009-03,0.056555881632047666,0.0372944563696912,0.046777291889556004,0.03467694194792464,0.03669396858121432,0.038398441191680725,0.049377242676710884,0.031377238684922704,0.031201453091392866,0.0368114621093685,0.032544847929679155,0.03901471070067939,0.03395879452365373,0.06088048731979172,0.039497289043900874,0.036018383753185675,0.03975868334925693,0.15135625328429983,0.1678061719210433
2009-04,0.05671999392016673,0.036795300425711074,0.04717467866152513,0.033978518187309584,0.03652820299731782,0.03735823712851843,0.04931269189745909,0.031016367836378157,0.030938974589224563,0.03716650872382217,0.03228908050510156,0.038758000544502416,0.03412557209032459,0.061512511101367955,0.03932182318446314,0.0353456385412761,0.039694244864536606,0.1502415016420466,0.1717221531589483
2009-05,0.057265235447401905,0.03674080551676283,0.04740255581374866,0.03248305889963387,0.03402588784990531,0.03613951223212859,0.05064250601353611,0.030381065990466895,0.029537180874652867,0.03591370724205901,0.03180227341974452,0.035878141993119145,0.033371736980815865,0.06204148680769699,0.039433157122514745,0.03429377104356658,0.03922111298993892,0.15815473161738605,0.17527207214492121
2009-06,0.056833730264320405,0.03599549860803374,0.04694576834798057,0.03256766765262842,0.03412143641119433,0.03594802795849996,0.05018278789241416,0.030761548884016655,0.029378059001036017,0.03617714390015055,0.0318991155195835,0.03635958974517111,0.03333741204755422,0.061799360155002044,0.03966453911002446,0.03400681741322039,0.03925596651377047,0.16080890565228237,0.1739566249231168
2009-07,0.05685517652324611,0.03586324882034691,0.04682420225169774,0.03252519550951222,0.03414534798196674,0.03584328430841734,0.05024631020355591,0.03075907815796984,0.02942043983631198,0.036219948051129845,0.03193783074776833,0.036421432397298066,0.03332231439409871,0.061977465785116356,0.039638687669711015,0.03398890788780412,0.039298423794148774,0.16056603969205743,0.17414666598784276
2009-08,0.05667432312989469,0.035322926139860954,0.0468501280549382,0.032136122969157285,0.03341356439616133,0.03498639255392671,0.04995387361795171,0.0303960446583505,0.029680940914794,0.03639871017830219,0.03168162789777745,0.035704661822261397,0.03335687324134138,0.06186185764247694,0.039800499021388054,0.03387600494784097,0.03927469048551536,0.16229280042223546,0.17633795790582527
2009-09,0.05680614429290415,0.03533576829806566,0.04691693392831667,0.03214377018714764,0.03332422793611809,0.03501740372873805,0.049994147010775335,0.03039662186638212,0.02967197333170642,0.03638552385955578,0.03170738476779545,0.035807898285058905,0.03329397655932089,0.06197504611166485,0.039777320823808,0.03372737563604115,0.03928721772697795,0.1621644688121951,0.176266796837428
2009-10,0.05683760383776979,0.03511337712063757,0.046932623967932664,0.031912268746481356,0.033273665399798015,0.03493080386454738,0.05006157248902562,0.03073800169742369,0.029677008039571125,0.036330563616648805,0.03171131273812713,0.03617754921756982,0.033356008098415074,0.06219602431014223,0.03995772713402668,0.03393350837463449,0.03928017619819081,0.1627728256360844,0.1748073795129733
2009-11,0.04453007583657336,0.03376857321910055,0.04893964955549053,0.03401006028098196,0.03659992600744218,0.03466509850711508,0.04474312683483935,0.03166683486303579,0.029345074426123496,0.03682728690697787,0.03259730818952896,0.03424420585163873,0.03509752684669165,0.06329859806689615,0.037823527905147605,0.03610660939333421,0.03754347087401585,0.19381951352125323,0.1543735329138136
2009-12,0.04491688118872057,0.03350505001289414,0.04956096328030712,0.03456390207708019,0.036954184277439975,0.034589605638483935,0.04473652208570887,0.03196246263153507,0.02951279062286621,0.03748900656737014,0.03292273192647542,0.034062805841121924,0.034940030267621214,0.06343551468942597,0.038127580958990076,0.036458719056460184,0.03775782438370292,0.19444596935642292,0.1500574551373732
2010-01,0.04416334341072815,0.031013867467392802,0.04132549380838395,0.029768902294019718,0.03442454790074205,0.031186392785066495,0.0460383269203116,0.029505947914143314,0.02810101456039725,0.03272986349397199,0.03326152300223724,0.03345400134719626,0.030723917382843302,0.06845711824494746,0.03375343243416004,0.033681309721231754,0.03733953066713663,0.21797232575464207,0.16309914089044797
2010-02,0.044085936683137726,0.030613277543589446,0.04105815411409669,0.02973978871774711,0.034386125215103695,0.03110658881009256,0.04609164298152073,0.029498408352842936,0.02776023308721267,0.03271303581099792,0.0329692106721631,0.03363175537312508,0.030740215283093994,0.06764010733484474,0.03380206526067429,0.033747231946732216,0.037197258041354736,0.2210608943376886,0.1621580704339817
2010-03,0.044067277413815255,0.030312492907615063,0.04106368728785094,0.029603824961039825,0.03409877237906354,0.031006555907362593,0.04611897068090864,0.029402306236930697,0.027732520664131618,0.032548990312308505,0.032837594320051136,0.033469912270770334,0.03064754614489411,0.06786112553767129,0.03375152054852286,0.03372369866290076,0.03719705095965602,0.2213629288607002,0.16319322394380661
2010-04,0.04380247762472416,0.030137075680711365,0.0410647953223982,0.029246717169848717,0.03393627459720291,0.03082114733693665,0.04603046656209511,0.029319109880315528,0.027441972322229773,0.03247315040915763,0.03264089751519424,0.033121949881163744,0.03038634722797009,0.06749474963948485,0.033536829295554016,0.033414968924987055,0.0369871677572263,0.2250656596732607,0.16307824317953895
2010-05,0.04404098353878376,0.030264644931116445,0.041041725567141966,0.0292225716199772,0.03382213455245634,0.03087140389754461,0.04633805868421733,0.02915928106072286,0.02760865315249208,0.03249115839458362,0.03264014265073842,0.03303399501409487,0.030422980604329877,0.06744688889604221,0.03361190682894608,0.03351683321833751,0.03708308198508913,0.22460658003464445,0.16277697536874122
2010-06,0.043577233792435555,0.02989920125888219,0.04010188234390747,0.029037636659799037,0.033592512039716756,0.03034102024254994,0.045588531128723846,0.02883479899677978,0.02735280968219759,0.03200786650720331,0.032178553231123376,0.032680124044223116,0.030102140690487642,0.06584414509333268,0.03333816105314428,0.032950408318399696,0.036492860807233025,0.23137119421472144,0.16470891989513933
2010-07,0.04337582404076139,0.02963262081512101,0.039566818338505776,0.028676548689171612,0.03314016097924145,0.02999412058272073,0.04556892899978444,0.028240454335117206,0.026879061080515,0.03173046374062583,0.03187798800045638,0.03228295746755345,0.029804917116166348,0.06561921546006046,0.032844271292947445,0.032528809191341025,0.03619687409136743,0.23699231915391714,0.16504764662462576
2010-08,0.043026582378569114,0.029340232996621647,0.03931741978419687,0.028538007882937113,0.03317043409640236,0.02945513465653311,0.045584532939877805,0.028263644798550144,0.02676377747399424,0.03140292730764341,0.0317558414711652,0.03158062575458678,0.02958375785035267,0.0646298216536249,0.03282493526523068,0.03241538363428884,0.03598396551441309,0.23846622317432545,0.16789675136668653
2010-09,0.04286815677362475,0.029300296818980148,0.039079541116697196,0.028339883173173736,0.03301542412151666,0.02939733469686072,0.045437050511566046,0.028116059163267676,0.026559900330520504,0.0312861139504345,0.031434297270039456,0.03129625814737172,0.02937073471603739,0.06446653221175223,0.03267380198460049,0.03208410575970994,0.03576845780082199,0.24176703533211957,0.16773901612090514
2010-10,0.056850288104095585,0.03497099062116851,0.04697785175948642,0.03176121295754388,0.03319237925501372,0.03469435294393755,0.050072300513158106,0.03053986106152009,0.02932375908000954,0.03622353130205866,0.031580854061585624,0.03598841878585031,0.03313800124418195,0.06180262593833642,0.039997851775170255,0.03379363581954582,0.039098179329305933,0.16362026641047955,0.17637363903755196
2010-11,0.05676943179387792,0.03490008944314431,0.04694746052073847,0.031837687741152594,0.03332513661126308,0.034515974857279315,0.05010552364066895,0.030772090428028684,0.029355467430744325,0.03605449293834276,0.031597237756904845,0.03577636686671031,0.03311588435291542,0.06194379249442095,0.04011362883437911,0.03390825084685318,0.03908005569356759,0.16523206590975573,0.17464936183925228
2010-12,0.04486321612546829,0.03337919908340494,0.049352718028477224,0.03432336179345259,0.036782750910649115,0.03440184182190523,0.04469680686890921,0.03181415513232112,0.0292771856781926,0.03727951344611034,0.0327208113374022,0.033824775642070336,0.034770751264610364,0.06305869040610074,0.0380057649456669,0.036369323362327406,0.03757956705896838,0.19740167032960232,0.15009789676436075
2011-01,0.044671195628395256,0.032908697285518464,0.0487334025234301,0.034407243744262246,0.03655768780334604,0.034198043452139615,0.044504585618218524,0.031361615311145244,0.02895485088252417,0.03712201027153059,0.032582574106366106,0.03362733456595602,0.034701223222025665,0.06277007725026112,0.038047767016763,0.03592157909763711,0.03732500279904366,0.20226537665323419,0.14933973276820292
2011-02,0.044630116697399705,0.03286943371434792,0.04889715871011827,0.03437999591921279,0.0365445067412349,0.034227131914601173,0.0444733770025186,0.03141127433377522,0.02899549783127145,0.03716953374827478,0.03264758261369076,0.033624317398609195,0.03474503986419039,0.06285448436064045,0.038036819109960096,0.03596482021503164,0.03736673892012747,0.20198298286533004,0.14917918803966512
2011-03,0.04465638916195542,0.032931255289982544,0.04864709875175395,0.03424763419144876,0.03651580404625573,0.034183349069801444,0.044440720824298535,0.03142790906322101,0.02899155042788536,0.03718147794647864,0.032654468858845855,0.03378052311780576,0.034777753762070665,0.06284111656942092,0.03807562956541504,0.035981352074027285,0.03733226061696987,0.2023143722926583,0.149019334369705
2011-04,0.0432675751296439,0.029041410761603402,0.03873021211737358,0.027644289762717357,0.03254040210518633,0.02925703576015504,0.045114304999519426,0.027949095945283813,0.02640525063129527,0.031018782260304134,0.03094128745568135,0.030848648444989912,0.029217449603952346,0.06449585235089049,0.03213849083781459,0.032094906932173185,0.03537049235192562,0.24821897756303474,0.16570553498645565
2011-05,0.043270869847912764,0.02924106876626095,0.038885432135722604,0.02756476323692235,0.03250005015326359,0.029263032038267765,0.044948147203781846,0.028109892880163464,0.026536108250236494,0.031136754125211403,0.031045645223018753,0.030932621098789706,0.029289175788697823,0.06435431721787449,0.03211714262914885,0.03226910696523811,0.035441777675384624,0.247944766313542,0.16514932845056235
2011-06,0.043268746534531,0.02919478022376855,0.03881220888599922,0.027558467379660456,0.03249332273826026,0.029227211563213354,0.04495141632010451,0.028085362790639376,0.026506089599650246,0.031119480309999174,0.0310085994917297,0.030900186570641537,0.029270731792277047,0.06434934248519285,0.032111542629037516,0.03223053873514696,0.035412524807746086,0.24833799705322598,0.16516145008917624
2011-07,0.04415638700519163,0.030942113404291996,0.04704275570946321,0.033932965038939916,0.035165876999384185,0.03525996930109894,0.050636538442195386,0.03166883299370343,0.027107264587817897,0.035180487062512075,0.031044163875731823,0.03485611391166737,0.03493266988362722,0.05460307238810625,0.03801834030466847,0.03462767053506415,0.038562168648021755,0.2584719219617945,0.10379068794671963
2011-08,0.04406199868391105,0.030916325570387704,0.047008761909303386,0.03394718059493026,0.03504672001896392,0.035213641681440776,0.05050206283822369,0.03156209762254897,0.027027541953495746,0.0350528177952915,0.031009768970815203,0.03469849215825387,0.03480506913440583,0.05450129613994136,0.03801128219155183,0.03453427779047136,0.03848755530760993,0.2597461370096752,0.10386697262877835
2011-09,0.043920465722629795,0.030710681406518506,0.046498688128459115,0.033760548498566086,0.034827978975738375,0.03495721480865794,0.050362194374530794,0.031353866982439714,0.02680017886821755,0.034834912999288856,0.030834122891573435,0.0344505562989408,0.03456459262949568,0.054302978553860855,0.037865601566557966,0.03424120043047195,0.03825615159743593,0.26261215931492415,0.10484590595169263
2011-10,0.04377754522156666,0.02968214162025408,0.04549647927568146,0.033726433775114396,0.03430133810488879,0.03413825592662293,0.050243566527196915,0.031095844319163398,0.026255514195815274,0.0342913755990885,0.030791838059803803,0.0340895239385497,0.03438803531806414,0.05435229556638347,0.03796002521065872,0.03378095271153407,0.03815618030505225,0.2682978248933096,0.10517482943125196
2011-11,0.04385453152494366,0.02886883744143463,0.044143609148645735,0.03307806514586191,0.03349609560510873,0.033316782343500766,0.050090792320452285,0.030559111468221652,0.02584488091132551,0.03340295779622668,0.030332718872905194,0.03303623467958233,0.033901384929732103,0.053752789075201715,0.037716656798435166,0.0332387564846379,0.03773041566128998,0.275282078302182,0.10835330149031194
2011-12,0.04385552327439199,0.028867991795098358,0.04414876078576096,0.03307401037510913,0.033493041095753344,0.033315980990223204,0.050101062326097116,0.030568694566361163,0.02584395057878611,0.03340951319059164,0.030332701125576407,0.033026788641942466,0.03390498099415261,0.053754206284224594,0.03771864083811534,0.03323517223843615,0.03773116659969645,0.27524859791218415,0.10836921638749879
2012-01,0.04332384185178094,0.02896948238992617,0.038562558216571015,0.02761414794867127,0.032427576599184986,0.029120060376497288,0.04484893318498372,0.028013114333766208,0.02638334627788863,0.03099887672578917,0.030902989826666515,0.030782604389810526,0.02926040916311883,0.06431972472930574,0.03212837330908094,0.032104718557355236,0.035351447147948016,0.2490706039120848,0.16581719105957
2012-02,0.04348925299037949,0.02867474767895427,0.03874036016385131,0.02742115582258621,0.0321021702579842,0.02884174391538141,0.045205759925185204,0.027893273757618957,0.026159076351855787,0.030917092926105633,0.03062224250786501,0.030391544522237617,0.029201178149722114,0.06515926769446163,0.03214915242514662,0.031918630421890845,0.03527172872054487,0.24954123376464696,0.1663003880035818
2012-03,0.044680468442101814,0.03268903692134086,0.0483687849579353,0.03420533544324858,0.03627359710410431,0.033985103026258304,0.04444085262756966,0.03134700572058513,0.0288638856367486,0.03698612471990011,0.03257839613334799,0.03358600708067693,0.03470242629630339,0.06287871153974733,0.038086338699737245,0.03587452243442918,0.03727616486488194,0.20374184284996377,0.14943539550111976
2012-04,0.04475038716570696,0.03265741077784332,0.048335664315231085,0.03423902212577033,0.036340647661455235,0.03402622913675358,0.04451518162987681,0.0314101481172205,0.028886224947129693,0.03701198295921204,0.03263180995254292,0.0336123984227346,0.03472627647747924,0.06294616769281959,0.03815811174075154,0.035966857995659476,0.03733201594155167,0.20324869442858448,0.14920476851167697
2012-05,0.04473411298563391,0.03264534540363551,0.04826841396875269,0.034229280637067386,0.036253772127293776,0.03402334562651578,0.04448368675474431,0.03143581599010631,0.028839159091885735,0.03699555248892245,0.032591192727414627,0.03354440328222286,0.0347264075891708,0.0629737389890289,0.0381634996031406,0.03590808758919467,0.03730873051499559,0.20393061502241508,0.14894483960785893
2012-06,0.044784445903052195,0.03202019158402119,0.04721461508376091,0.03413132543808911,0.03561770320363656,0.03362990743350838,0.044404962543660234,0.031328261675605644,0.028393082281129883,0.0368917287563953,0.03236224589115446,0.03333102564993996,0.0346686138979483,0.06309657271300707,0.038352065572420435,0.035416522184453327,0.037158784674029284,0.21020234769016183,0.14699559782402596
2012-07,0.044739905623836056,0.03197713560386714,0.047131549319623885,0.03427268292949111,0.03565439765184512,0.0336163232269199,0.044340914103469534,0.03128238789610164,0.02837302309389253,0.03691298013874889,0.03236724465633821,0.033424727127429325,0.03464713529151736,0.06301239870759748,0.038343021319515426,0.03538225519647043,0.03711189771262979,0.21049601766748405,0.14691400273322217
2012-08,0.056906204586298026,0.03452542992017604,0.046494381795528825,0.03174755256792648,0.033085939825335885,0.03430185203975315,0.05019044958843689,0.030678717824432086,0.029161754460138235,0.035883795141562376,0.031510640918055055,0.03554128154895287,0.03309209900944696,0.06203577524701682,0.04015075181412072,0.03375337195684119,0.03902566031788447,0.16686301596108818,0.17505132547700578
2012-09,0.05696713932061741,0.03450154865405933,0.04648314177724108,0.03168726206775687,0.03303560071994609,0.03428937843571781,0.050220525314648976,0.0306161925249887,0.02919258474961911,0.03589117603791532,0.031479557614573696,0.035540838615909814,0.03310220872167123,0.0621963676474305,0.04014267422101399,0.033721215977707185,0.03900867431316667,0.167019730925852,0.17490418236016417
2012-10,0.057106858272076726,0.03442758143252973,0.04647720221192651,0.03179623222315923,0.03304331737353414,0.0343785030954651,0.050200525592828296,0.030583651544498894,0.029205090507038078,0.035880218221569705,0.031592204860918204,0.03559148165711936,0.03323982909023053,0.062215148078717475,0.040208152677788635,0.03371061231614394,0.03896833597564254,0.1680345423694865,0.17334051249932633
2012-11,0.044739967964302095,0.03197322951756661,0.04713426433240004,0.034281914519652394,0.035660497172937476,0.03362059644702614,0.04434076029539982,0.03127927820713519,0.028379715753677214,0.036919682113328224,0.03236987170693558,0.03343548301169042,0.03466613989162039,0.06303728123873405,0.03834569481693624,0.03538404281957136,0.03710253633168103,0.2105309066556054,0.14679813720380014
2012-12,0.04474968815474937,0.03196987248457505,0.04712949744830964,0.03429268487482495,0.03566624609824273,0.03362800023893515,0.044341225581080876,0.03128944081038611,0.028385853790092515,0.03692847807750276,0.03237392756327838,0.033442737004366216,0.03467155566179098,0.0630081569898852,0.038345445432876775,0.03538189510976274,0.037104832865856176,0.21051701604253334,0.14677344577095103
2013-01,0.0447358747074768,0.03199062184467499,0.0471604563341792,0.034308597972983995,0.03568853747914917,0.033678266275172355,0.04432406948892158,0.0313050102557808,0.02844069343363889,0.03696204868994043,0.03239952666474994,0.03350773302554981,0.034713493895107965,0.06302611464796026,0.038344084033336966,0.035444424163132635,0.03713885129908512,0.21016618253882052,0.1466654132503386
2013-02,0.04457190459161245,0.03204163723237205,0.046836216227198614,0.03429210055526775,0.03546661736970852,0.03360563801911164,0.04400687523514696,0.031143595372917228,0.028416958248946862,0.036851674181060785,0.03243527497471429,0.03349779175315558,0.03461061799729024,0.06265825351996321,0.0382377605693968,0.035312537660379985,0.03698023541130218,0.21223628483986878,0.1467980262405862
2013-03,0.04459243062703605,0.03200742003500225,0.04683973583236782,0.03430097437558192,0.03547805976772911,0.03360048410412749,0.044010721507044354,0.031143818738397243,0.028405618184644404,0.03686854618143626,0.03243543081631456,0.03349597329913089,0.034627072273031224,0.06268251121167097,0.038236547547735804,0.03531435868653064,0.036987355799071205,0.21229390628306333,0.14667903473008453
2013-04,0.04445765335272791,0.032023588959464576,0.0468461004204955,0.03428900074481383,0.03539404737147825,0.033641975116884805,0.043939597922068724,0.03114032023713931,0.028419617390530685,0.03683548617004764,0.03244180244943856,0.03346666136101531,0.034564494094629875,0.06241466188651372,0.03815840190693251,0.0352753348168444,0.03694555639272605,0.2125887102355562,0.14715698917069217
2013-05,0.04448735876056644,0.03196384051637628,0.046831974280744086,0.03437031647671605,0.035403531128509455,0.033678737143254506,0.04397799847743699,0.031160902142691457,0.028404334500128532,0.0368198867441633,0.03243909142911329,0.033511553688299674,0.03457229260090132,0.06254685327548795,0.03818952860870642,0.03529166100158973,0.03696455750162391,0.21273568909165527,0.14664989263203546
2013-06,0.0444770159487346,0.032040842163901156,0.047004040383300486,0.03445056144050879,0.035516319012965765,0.03379455628038097,0.044050041429249044,0.03130536089904269,0.028493208684872307,0.03700659432732114,0.03258888196333062,0.03371633047453386,0.03471600480054082,0.062257110201687886,0.038282159807140365,0.03549202858259394,0.037086344512999234,0.21151315860170194,0.1462094404851943
2013-07,0.0448710390400741,0.03187304485631239,0.04718431214025734,0.034799845485492496,0.035694403409988834,0.03384020606808207,0.04432149912591046,0.031388115888072506,0.028579736751014235,0.0371753262882869,0.032725689709995634,0.03401390817599559,0.035023591729751856,0.0628847943070558,0.03862851310570471,0.03576473520635925,0.037336124164822994,0.2088464249304204,0.14504868961640247
2013-08,0.04485313633715227,0.03186504275593164,0.047028474646280946,0.034802906019264605,0.0356508813300083,0.03371783671301147,0.04412292282604357,0.031371601016316315,0.028492318713374112,0.03697638764851944,0.03264638641924051,0.033851725999802414,0.03492606667132578,0.06264639275265445,0.038504374633326684,0.03564331632404409,0.03721679943434802,0.2095748093787767,0.14610862038057879
2013-09,0.044702906337296615,0.031996875922729276,0.04696206900547898,0.03481333503135326,0.035629033312642194,0.03375892504701156,0.04396646846882087,0.03133093229768546,0.02847435487413455,0.036986205751145,0.032633771236729454,0.033870816654989214,0.03491053886676734,0.062295964781159306,0.038404120725670496,0.03556298511793421,0.03723897256813634,0.20864593642034798,0.14781578757996794
2013-10,0.04359774459999019,0.028828228520661785,0.03846040231442055,0.02734862462048687,0.03180794850261608,0.028856158568161018,0.045097591347010385,0.02781764707848833,0.026277965436015648,0.03083197897078132,0.030541823278468275,0.030345797643756927,0.029247780644173747,0.06521659659397025,0.0321333071528365,0.03179744039266016,0.035207247178063394,0.2516978701867419,0.16488784697069664
2013-11,0.0448963244180252,0.032053500723113866,0.04703421548184156,0.03470526169867994,0.03554757921772473,0.03373873717411504,0.044007500240824914,0.03130439441677774,0.028382592519135285,0.03692097702826311,0.03261822459380042,0.03382787358038696,0.03481629483896031,0.06249163589250102,0.03838258225947408,0.035615897099820173,0.037226967434795775,0.20830546906702552,0.1481239723147343
2013-12,0.0449026616785485,0.03205024131151392,0.047042302665322416,0.034724107570647915,0.03556065167113085,0.03374431061373646,0.04402061553575157,0.03131023447118377,0.02838780980181048,0.03693200878313549,0.032625869667246954,0.03383280431431542,0.03483205427979982,0.06247158116947037,0.0383963762082256,0.03563393880285192,0.03723669106172985,0.20821297280354412,0.14808276759003458
2014-01,0.04490594975964869,0.03206237460884391,0.047047730484885246,0.03472814697971883,0.03556735856095784,0.03374663202296516,0.044022503659142585,0.03130956980257288,0.02839167747967129,0.03693977160684238,0.03263071695177151,0.03383117582840082,0.03483795944505873,0.062488505253920495,0.03839846930600243,0.035640588596172945,0.03724229925620303,0.20814648294244983,0.1480620874547714
2014-02,0.0445713806757829,0.031835402863083506,0.046563642400757076,0.03446144250802526,0.03521393093578566,0.03360582240444261,0.043797644200583165,0.031203911711703287,0.02827984069509391,0.03669184829821334,0.03261697032690412,0.033731379860717926,0.03476026290105959,0.06270794313976777,0.0380387458153614,0.0354573540473215,0.0371335795946134,0.21065510105109103,0.14867379656969262
2014-03,0.04470309665359391,0.03187824547928346,0.04646692811893288,0.03449136090239759,0.03531056487326821,0.03353231487483478,0.043720541617824855,0.0311633918522269,0.028427905672454786,0.036684266785461786,0.03267079209265,0.0335961822314727,0.034866809873509166,0.0627512577158662,0.03802839443899824,0.035586099773070576,0.037174952966204225,0.21188177232270372,0.14706512175524594
2014-04,0.04346143101195084,0.028730276544506057,0.03835209533423824,0.02734448363279021,0.031708340638446686,0.028841664036880252,0.04492762023167724,0.027795490382148357,0.02619928187518055,0.030775578505616047,0.030566868540222444,0.030371775880393175,0.029207835062394206,0.06507113963395304,0.0320305879738852,0.031788424765988234,0.03515479200866481,0.25190187128522196,0.16577044265584254
2014-05,0.04348103277825043,0.028776065175089263,0.038427609331625326,0.027320991661204427,0.03169890766099394,0.028836077704010095,0.04497279139959807,0.027773080555416194,0.026205256341983545,0.030798148403462216,0.03056089555440662,0.030386395037347105,0.02921445346707277,0.06524091683182816,0.03202429308698438,0.031750324120848,0.03514420060914068,0.25198520732517476,0.165403352955564
2014-06,0.04349525083936329,0.028787722998704846,0.038436470588557994,0.027322510788589535,0.03170858740742905,0.028838739925888816,0.0449981334343555,0.027781789375815113,0.026215435222180377,0.03080691086054291,0.030565841649555513,0.030392864477869146,0.029214105851168598,0.06525474143547508,0.03203076237696558,0.03175583048168448,0.035145076725908296,0.2518121073136102,0.1654371182463357
2014-07,0.0434722183853632,0.028747941424937366,0.03839870988411307,0.02732444687643743,0.03169775490509157,0.028845690298552374,0.044993694611868064,0.0277727258453528,0.026190926185133495,0.03079191716590537,0.030544855109197203,0.030362383963381506,0.029226272912396427,0.0650747633327525,0.03202787339501965,0.03173579247043924,0.03513473914035853,0.25202168336120434,0.1656356107324958
2014-08,0.04322757788428575,0.02882276612552571,0.03832104840578711,0.02741540744958217,0.031614392855853955,0.028845988083048512,0.04498507094276605,0.0277435960007677,0.02635175802187499,0.030624157078515207,0.030524334290871966,0.030334142521788607,0.029242598579203312,0.06428496548230413,0.03209425341228581,0.03178498910050627,0.03526272467590546,0.25210542632091243,0.16641480276821483
2014-09,0.0430724659003385,0.02889184598082747,0.03843330100510491,0.027444651080622953,0.03160695525253167,0.028873063461182697,0.04493256054452414,0.02760966245618147,0.026324806104604387,0.03071385825444765,0.030557277694841272,0.03033244206566234,0.029255692537212025,0.06394860493688112,0.03212085203318384,0.031828868790236345,0.035297427288063066,0.2510967240371714,0.16765894057638273
2014-10,0.043497424346873544,0.028776583073370592,0.03817967480821544,0.027919956098382846,0.03172282193042927,0.029106741493627665,0.045598096428312626,0.02778378459590147,0.026457064174014853,0.03079927264013291,0.030702009992279962,0.030197619697946675,0.029601057284083007,0.0638906079128083,0.03243411629360454,0.032176722389599434,0.035552640103376255,0.24993767063769415,0.16566613609934638
2014-11,0.04351167259198448,0.02889179006126208,0.0383248954351742,0.02794089751682216,0.03169245874170112,0.02917164547467409,0.04556721096313066,0.027769091156630638,0.02646405850377709,0.03077094532521205,0.030736205711655203,0.030187392680182223,0.029597588944883943,0.06365277611256652,0.03246162813166409,0.032175185492666,0.035556135113274615,0.2495036424714714,0.1660247795712674
2014-12,0.044690792800088634,0.031893323196266296,0.04647094215097224,0.034539797985855124,0.03530636247262868,0.03355465924187482,0.04374131791612206,0.031161195566796134,0.028453188248291964,0.036683964322351555,0.03269321937965406,0.03358331699880492,0.034892462869830145,0.06267721431425856,0.03805279891265629,0.03561085853235716,0.03720009981633222,0.2116750957586672,0.14711938951619202
2015-01,0.04462646750258361,0.031821708375519626,0.04647827406613547,0.034535867997672415,0.03531167338766077,0.03354867507509694,0.04370539344740365,0.03119857898014474,0.028401254432275883,0.036699444803964754,0.03269046381074992,0.03358705110119615,0.034902303895008785,0.06272083398143526,0.038066162853203925,0.03563545137744557,0.03718280212641291,0.21154360824479235,0.14734398454129732
2015-02,0.04449827828359452,0.031671866992318214,0.0462764488052202,0.034432887112334075,0.035252031601471674,0.03346333455890651,0.04360147241501995,0.03112708476845513,0.028258516351832887,0.036516393699960764,0.03254945819172935,0.03343926980516372,0.03480583457985714,0.06264348423606632,0.038018693574831924,0.03541849830334895,0.037077300332212605,0.21305314961025637,0.14789599677741969
2015-03,0.04433384021474979,0.031327884348042824,0.04610047207791759,0.03426915199880225,0.035150355501971764,0.033263155226477485,0.04344403617602694,0.030947746965488607,0.02823426454346538,0.03623707966202784,0.032396103315138945,0.03327398629939045,0.034713386740196125,0.06312049246497416,0.03787132908422282,0.03520877366675261,0.03686467788045225,0.21501720850622233,0.14822605532767966
2015-04,0.04431881608675744,0.031214307485309553,0.04605387395560641,0.03438171396154884,0.0351751381437446,0.03321553060648402,0.04342058598234822,0.031014933247421727,0.028243252427837397,0.03633560000935607,0.03238221874442289,0.03333643790120914,0.03470204262746609,0.06313787044872651,0.03795852953066663,0.03527380371423839,0.03687511511300744,0.21558893398350407,0.14737129603034457
2015-05,0.05708515502736747,0.034487767418384524,0.04634004004763146,0.031853281641267356,0.033073835362973286,0.03435841321337448,0.05018897256289881,0.03065154747123296,0.029253391117164122,0.03586154612877592,0.031524666077932396,0.03575868914753006,0.0333471683171805,0.06227766774259063,0.04018104396838364,0.03380161117211674,0.038926397503322614,0.16721043497145038,0.17381837110842258
2015-06,0.05715905786759786,0.03439500204407936,0.04619636357860495,0.031867036846866315,0.03309741201164778,0.03438681091759157,0.05032605428671862,0.030697839462127455,0.02922664290872795,0.03587770498272208,0.03158868787897499,0.03576910406083981,0.033341790571758664,0.06227736589506519,0.040192708116333346,0.03387565417502059,0.03897661041592273,0.16695579338025854,0.17379236059914233
2015-07,0.057192722025781434,0.03423474421749402,0.046178829271067465,0.032236047831526206,0.033258073360807106,0.03444999896129288,0.05049020263074467,0.030864311512415695,0.029237973783511458,0.03601204857054829,0.031564019619390926,0.03586088824936534,0.033415394103206306,0.06182782885571004,0.04037904502497716,0.03418691400124,0.03913291460400401,0.1659661108601033,0.17351193251681357
2015-08,0.05750592672260429,0.03392234416809666,0.045801948228905265,0.032379376686626965,0.033282626082839585,0.034336684792983976,0.0507735880245354,0.03094951654580488,0.029128228729890036,0.03594464040345847,0.03155252371623802,0.035823851371738484,0.03351723946133134,0.06213488754768927,0.04063212357248543,0.034274850974958325,0.039258233788228694,0.1666513976951027,0.17213001148648238
2015-09,0.0573313476195336,0.03419431386759957,0.045795229446034154,0.03247909079866542,0.0332176644167243,0.03423861914725838,0.05022869056949841,0.03112877908986967,0.029266571367865236,0.03618597251606574,0.03154117338776308,0.03576040044633571,0.03350616300355431,0.06184421518556854,0.0403945324457455,0.034195794631917346,0.0390672855156832,0.16796769071394108,0.1716564658303766
2015-10,0.05743721832066409,0.03390937530778944,0.04545908279516756,0.03255153353440545,0.03302472933392442,0.033971978662007095,0.05008394002969725,0.03107660431077683,0.029036041267540145,0.035908267123376233,0.03152298767010973,0.03579527000093138,0.03358844742956681,0.06194089664007946,0.040359641528626346,0.03416646507452263,0.038992738152984,0.16936394214014933,0.17181084067768185
2015-11,0.05707985764415909,0.033927440258496006,0.044680345683473455,0.03289675465580932,0.032970955415981454,0.03336942728196992,0.04955547783683182,0.031055101830177345,0.0290965859806776,0.03574409499546798,0.03144211426047543,0.03585045409338296,0.03354241532797969,0.06227877651414755,0.04050853698641625,0.03419816080959639,0.0386890183795902,0.17217435014860985,0.1709401318967578
2015-12,0.057268818965859544,0.033914452289393264,0.04490780523132731,0.03291966682345991,0.03305812159599724,0.033536565607665894,0.04964890334888371,0.031305410100518065,0.029187462909097853,0.03588282981902407,0.03156068285889749,0.03591193978642761,0.03362116064353446,0.06209120396100523,0.04059355495067354,0.034378293044021666,0.038822535902306374,0.17246828496990146,0.16892230719200524
2016-01,0.04386819763005623,0.028706133861754343,0.043957970800206095,0.033134485354009605,0.033391016987720755,0.03325657624274795,0.05015347530327619,0.030604088785977434,0.02578466595053863,0.033327423130983205,0.03030459116396656,0.033013116981938234,0.03396153958338884,0.053717224114044365,0.03776685000530815,0.03325443553589464,0.03772713024581201,0.2766581049701133,0.10741297335226344
2016-02,0.04378589603044455,0.028594918343806387,0.04371882002746054,0.03319805456409535,0.03324974887598761,0.03288996770685888,0.049807948858171996,0.030446769782087324,0.025637100283573935,0.03324245756722008,0.030170387539776185,0.03277629764251712,0.03368766634709752,0.05403227697492839,0.03763625359798375,0.03295991136503146,0.03754214608458502,0.2791096727281051,0.10751370568026879
2016-03,0.04392822006465952,0.028500771410909002,0.044021038322406406,0.03328766387540909,0.03320340113410239,0.03282406615626987,0.050043099694471,0.030568761094979843,0.025623013967001243,0.0332852766426697,0.030207549261485778,0.03280185458467729,0.033686255254565735,0.05415174217077497,0.03777809969808292,0.03314262978342571,0.0376686457182183,0.27857189950670225,0.10670601165918907
2016-04,0.04350560199520868,0.02879670868119828,0.038248929408881624,0.027994289050435498,0.03164910695096462,0.02907169285311935,0.04552823586134881,0.027787511670305402,0.026424201765868398,0.030759759187711698,0.030713681896260864,0.030150104543427734,0.02956294776513582,0.0636729721517459,0.03246544773693277,0.03219543195769975,0.0355204188029374,0.2500721496727097,0.16588080804810773
2016-05,0.043517841567452815,0.028724365543116078,0.03818157719082948,0.028007229467622408,0.031664407319120465,0.02905813187645845,0.04550541101144189,0.02779374975994066,0.02639048173452776,0.03076139903256984,0.030737264343178937,0.03015507763498451,0.029564751553336918,0.06372642765517156,0.032477477021820605,0.03217723767067712,0.035549455099810695,0.250026716378206,0.16598099813973377
2016-06,0.043531795176688245,0.02870156499035317,0.038169917130513105,0.02798260046901183,0.03168018332478947,0.02904941321649039,0.04552740721862736,0.02780907985417112,0.026346449566668557,0.030770312690961477,0.030765115641252866,0.030150512400857546,0.029553742059373413,0.06379070442934658,0.03248689607095118,0.03219610962789092,0.03557641076663236,0.24986997540110498,0.16604180996431547
2016-07,0.043501367557560136,0.028657045620061855,0.038214699196168926,0.02803030518596314,0.03175243327692453,0.029132365146356195,0.045567313525543295,0.027894590209300314,0.02637351664913772,0.030870877879174606,0.030851653992183415,0.03028182250202875,0.02963730204725288,0.06351175312865089,0.03253935344856796,0.032375030945614836,0.035678295625179574,0.24878580319128013,0.16634447087305093
2016-08,0.043730823058177055,0.028590221343144765,0.03858633920089498,0.02807560581734899,0.031617328984912776,0.029122427777301604,0.045543783444306325,0.027860495503137864,0.02615833669258461,0.0308830708659764,0.030777906550924796,0.030157499040243993,0.029619118981157405,0.063892586038561,0.032554901007687306,0.03237160741397624,0.035627413124197455,0.2495433922792053,0.16528714287626106
2016-09,0.04379551207987704,0.028482921255442998,0.038712631894155705,0.028152364279807465,0.03172659773593698,0.0292540292147406,0.04547595905813638,0.027882118114289898,0.02608544476272707,0.031003210195605698,0.030878961901494126,0.030202251692509455,0.029687985638814054,0.06365743876262252,0.03260112146320652,0.032567952259295346,0.03569785587679233,0.24878648805630751,0.16534915575823816
2016-10,0.0437539595884182,0.028541796640058646,0.038803683658528015,0.028088743111146446,0.031676945928734074,0.02924736028435216,0.04545361031403887,0.02785731383602045,0.026133480113807915,0.03106245976942955,0.03094691422643111,0.030225241184124407,0.029729323861548775,0.0638229837718616,0.03263996416646612,0.03256666106612764,0.0357414119881138,0.248608931362564,0.16509921512822814
2016-11,0.044157766435520364,0.028893356630523295,0.03893057042574605,0.028157560260387883,0.03179585645882087,0.029547666026221626,0.04551510283116768,0.027925931133687427,0.026311204387267913,0.031227068411222556,0.031075096656077664,0.030400887657508178,0.030069097904495835,0.06434380112228898,0.0328183734018884,0.03302685716301186,0.03594098012370033,0.2465524939052112,0.16331032906525195
2016-12,0.0442127414301039,0.02872230472563421,0.038692478101040324,0.028100378278388495,0.03163951041272077,0.02942589475683083,0.04545936305344689,0.027803664698184218,0.026084798797151282,0.03109943292638507,0.030975752964773576,0.030276801904407107,0.02989381512667464,0.06439886125853664,0.032728203484552645,0.03277196183555966,0.03585856371982417,0.24837765149134092,0.1634778210344447
2017-01,0.04441897910601738,0.02875755930099371,0.038794914740381055,0.028127735765157747,0.03169135405147669,0.02947493642437745,0.04558125008802737,0.027869867633606524,0.026097772946820297,0.03113765137515768,0.031030435448184634,0.03038702669029297,0.029934489367313948,0.06475156894312283,0.032739777046642354,0.03289520224482677,0.035950432356398956,0.2480400347522098,0.16231901171899202
2017-02,0.04444500605414214,0.028671458521512126,0.03891612911021366,0.028139236584134846,0.03172891570393523,0.029471035864100922,0.045580709568528256,0.02785005504758941,0.02609490828906383,0.031138830287767857,0.031027458086719677,0.0303748426701346,0.029938929864005488,0.06476021242174683,0.03274820098610667,0.0329181982210658,0.03592366126242394,0.24813688392810024,0.1621353275287085
2017-03,0.04450899769346584,0.02893425202018423,0.03914791260164995,0.028164010111567262,0.03175170788685117,0.02949755351356358,0.045385604224522126,0.027875515347897912,0.026017740249888476,0.031219947229774923,0.03104973226074188,0.030457243849509333,0.029937664203193284,0.06460654936538604,0.03277024397138245,0.032911171544384527,0.03592706837551208,0.24813001003309137,0.16170707551743355
2017-04,0.04454259532524477,0.028929161423622566,0.0391335346071977,0.02819018314879862,0.03178068919988465,0.029540494850813392,0.045405532142548714,0.02793041665613048,0.02596989698015133,0.03125685277377692,0.03107481974969841,0.030471536950696685,0.02991970424012668,0.06464937358971735,0.032801088058589334,0.03288751742238519,0.035964389718391984,0.24792291020197532,0.16162930296024988
2017-05,0.04455042320377401,0.028952437511589196,0.03918423553456188,0.028205914034929273,0.03177173385215962,0.029551480012827033,0.04544450435603251,0.027923445712201754,0.025985459835222602,0.0312507459316821,0.031085827730200785,0.030482775680055182,0.029915215562196167,0.06468719138729831,0.03278736021547772,0.03290528512388629,0.03596937042835774,0.2477937211196022,0.1615528727679455
2017-06,0.044586791657697446,0.028952060018690173,0.039142544575678916,0.02819612119622539,0.03179401868996926,0.0295512644560712,0.04548224714422953,0.027907838651888096,0.025964157581779005,0.03126142587360175,0.031110902160992444,0.030478277140996032,0.02993617867511089,0.0647366361130896,0.0328127205759615,0.032896600674085674,0.03598385813094751,0.247843611738032,0.16136274494495356
2017-07,0.04456224122050104,0.02895474170282669,0.039150161752780424,0.028245592652555322,0.031815896962246994,0.02956120361882483,0.0455091171608177,0.027925213559471074,0.02596733422552695,0.031274467551169534,0.031104693176283324,0.030493573894375455,0.029953985034266783,0.06473437922853444,0.03280203079543957,0.03293942468062195,0.03599295337227822,0.24761159112712489,0.16140139828435487
2017-08,0.04457896987887182,0.028985515923056024,0.03916183673517404,0.02825240655929619,0.031800713740341505,0.02956865535330355,0.045513383279725754,0.027923733853132515,0.02597356935911873,0.03127914071593204,0.031116802302487985,0.030490840525890937,0.0299553783658076,0.0647825501777503,0.03280920520642605,0.032951205457461025,0.03601053388656849,0.2475380682434566,0.161307490436199
2017-09,0.044411866828165114,0.03119192867354791,0.046005572350889735,0.034524455015098945,0.03516601651490627,0.03316786867807555,0.04339625341252389,0.0310482526065114,0.028179310683835224,0.036390545115299995,0.03241647644350098,0.03335054236058735,0.03472709818047902,0.06321274530404858,0.038037970305913285,0.03535489008797029,0.036893337452974746,0.21571085600529466,0.14681401398037697
2017-10,0.044487893896130275,0.031262888888122724,0.04568021964848673,0.03453967006028554,0.035112403769882665,0.03313187377810604,0.043438612534307704,0.0309455390410254,0.02816847727719126,0.03626800112904566,0.0323492340774273,0.03325198456132075,0.03466666461680541,0.06343062043994553,0.03805697804114666,0.035283888746333376,0.036939879779529526,0.21668949305325563,0.14629567666165186
2017-11,0.044486141171507065,0.031267829991119066,0.04568100820757603,0.03454616426526341,0.03511291878265771,0.0331394558905141,0.04343156439596747,0.030950854783799855,0.028172250535076084,0.03627236597540716,0.03235671798296826,0.0332547305622835,0.03466901939771915,0.06343241811949213,0.038064451902839594,0.03528927113610867,0.03694400125467626,0.21665070609548978,0.14627812954953484
2017-12,0.04442527949726916,0.03129030459265365,0.04565651420038217,0.034447869940800735,0.03508698610109187,0.03315270559940088,0.04342935464959883,0.030880384942863333,0.02823654926648778,0.03633261627607081,0.03235958128984017,0.03326592027073765,0.034606075346159094,0.06338125122879705,0.0379086006163567,0.0352669977504096,0.03696793629438962,0.21708272487347124,0.14622234726321978
2018-01,0.04457425824020195,0.028987762450870976,0.03914047864395528,0.028243283153398,0.031793224685776195,0.02956119215299151,0.04550737850128496,0.027910168719702526,0.02597304230790573,0.031271131114037995,0.031114360572736113,0.030480035294411848,0.029943048852445076,0.0647992672793282,0.03279558477292081,0.03294485125457077,0.03601115631816844,0.2476179430345456,0.16133183265074807
2018-02,0.04442552554920893,0.03125695719846519,0.04563053474330136,0.034432740685485644,0.03510698914111495,0.03316083374881123,0.0434253578049121,0.030872238130240075,0.028203388592430868,0.0363417569933716,0.032358566137625264,0.033272798056378346,0.03459413204976547,0.06348920629863869,0.03789072748212854,0.03526481438585027,0.03696351057561765,0.21711071189275902,0.14619921053389484
2018-03,0.04450032434885281,0.028983267501130804,0.039040542332316755,0.02814796034014569,0.031769036967808285,0.029565649002408184,0.04548692967826145,0.027853278623165518,0.02597257596204334,0.03126397008383472,0.031019707225014605,0.030391013578848262,0.02984028619974322,0.06504708076587118,0.03255892832173589,0.03283472530315974,0.03585537205014145,0.24958006620168746,0.16028928551383056
2018-04,0.04444430667175487,0.028980785546121365,0.03912227751423592,0.028163078681498845,0.03172757539963041,0.029534048023712775,0.04545603709655474,0.027853044329677484,0.025903848241119236,0.03126129294170123,0.0309888042021179,0.030308372098145506,0.029795220894168542,0.06524320448400148,0.032499580474374914,0.03275852726006331,0.03576723246299591,0.2501862078221639,0.16000655585596169
2018-05,0.04444085502913001,0.02897118500251681,0.03929330608666918,0.028199214465242813,0.031753682520213246,0.029571274272905963,0.045417677619738986,0.027864516905055158,0.0259432193179169,0.03125844103834668,0.03096875480026642,0.030329094988371694,0.02980168563188531,0.06537906645381224,0.03257344594978605,0.032788770542502496,0.0357907785851985,0.24957667350751253,0.16007835728292905
2018-06,0.044460322523884356,0.028954900350935557,0.03927549546716023,0.028188281392986674,0.03175626981938703,0.029565900372788157,0.04544816941392373,0.02785844002120335,0.02592655981669954,0.03125722800485294,0.030952565056523905,0.030310746095539555,0.029788802593234253,0.0654111551959076,0.03258354095362431,0.032797923747010974,0.03576605776647414,0.24938946345493995,0.16030817795292363
2018-07,0.044552511275881446,0.028963656243078024,0.039282406585781714,0.028247929085813476,0.03179154090145662,0.029565157369777283,0.045489053996403433,0.027884954988512855,0.025901444950443976,0.031227448984499032,0.030927320618994825,0.030332165478355377,0.029762524316780767,0.06552775638206984,0.032626562953884934,0.03279279026094896,0.03578642019420408,0.24921715507816766,0.16012120033494587
2018-08,0.04453911639236199,0.028965618376651816,0.039276405961039616,0.028250245118707207,0.03178516324577863,0.02955489757231063,0.045445068422629485,0.027881578982778,0.025891665696918982,0.03120029781673789,0.030920594419328404,0.03033579718484617,0.029741613204633473,0.06551935508336591,0.032616307565706514,0.03278010922876381,0.035777114395287454,0.24926539868494663,0.1602536526472073
2018-09,0.043836283643882194,0.028269907361577667,0.04355480703415108,0.03349057010437215,0.03299123279379693,0.03278637798162036,0.05011691863424016,0.030367804909071434,0.025296515886978194,0.03322792181403726,0.030130155306747487,0.032575643347562196,0.033728790154493885,0.05361196768708314,0.037778706246282594,0.033097844504965834,0.03750539680911958,0.2815492361351905,0.10608391964482734
2018-10,0.043873335465637264,0.028273077453866608,0.043655934449346005,0.03352588834678589,0.033042611726262286,0.03277279772004131,0.05024624099624941,0.030398441201314873,0.025316255110010528,0.03331752212168882,0.03016434653897338,0.03256545580547614,0.033803927552934265,0.053641389805738834,0.037820890755687404,0.033107991905154045,0.03754912914981536,0.28085675770101504,0.10606800619400264
2018-11,0.04451209214704337,0.028234766030619335,0.04297112553771261,0.03328693611943,0.03279656995936361,0.03255984606334135,0.05058916929935919,0.030089896113716687,0.025278525705977887,0.0330506176174369,0.030061047085253978,0.03306244408655689,0.03359295234598986,0.05430806085144599,0.037683006264837324,0.0332584887515258,0.03748452576828234,0.2801634141517784,0.10701651610032856
2018-12,0.04458246880584543,0.02894614286730033,0.039228483079085656,0.028255834569809096,0.03177236182509104,0.02953445089496076,0.04549155382081461,0.027867724809582193,0.02588978338990736,0.031190329032471098,0.03091845024331115,0.03037103908682956,0.029734595545757345,0.06560247803335535,0.03264567853277088,0.03279835399402915,0.03580071053874507,0.2490774540610022,0.16029210686933176
2019-01,0.05778638527145727,0.03379291192489102,0.044203979010158996,0.032918923133701275,0.03298310856832245,0.03346310357902307,0.050032846204376986,0.03126518269765796,0.029194348061399294,0.035921950080196934,0.03160439019536984,0.03583489443144023,0.033567326482397006,0.06216211369901288,0.04078939303748181,0.034401883277175804,0.03886090336956144,0.17250154867068482,0.16871480830569102
2019-02,0.05782613319998186,0.03387021180749655,0.04376377455680005,0.032707410264191224,0.03272531821100549,0.03375537411815247,0.0503531015510218,0.031360683366698804,0.0287534878872585,0.03556388815578997,0.03168696281026056,0.0360147117884357,0.033323185692427884,0.062033331170054336,0.04066393471603159,0.03429242121562871,0.03876742060090092,0.17471317333640193,0.16782547555146166
2019-03,0.058101287092922206,0.033816817093808696,0.04376699650704963,0.032659103494802416,0.03263563516837736,0.03373966404066143,0.050199490093019786,0.03136674004658451,0.028769988197775098,0.035476354187131215,0.0316042206828973,0.03599070270037502,0.033236726538227575,0.06187210741124777,0.040783966225202285,0.03429234212998168,0.038735707437007834,0.17542052919319975,0.16753162175972863
2019-04,0.058115098182273894,0.03382681230802953,0.04377035066612431,0.032651234613387384,0.032628037580385294,0.03373331954883073,0.050211388589997165,0.0313651431098273,0.028769545948364672,0.03547403852975172,0.031603266078604156,0.03598194814942632,0.033225539796354606,0.0618808317704506,0.040787487600898016,0.03428457327177869,0.03873492346686671,0.17546797016488264,0.16748849062376628
2019-05,0.058045102328420015,0.03384686986476295,0.043782337508489186,0.03262941865419165,0.03261170529366934,0.033695091761590856,0.050264382159621444,0.031335222646663864,0.028788867772354034,0.03544006574780117,0.03157939177705302,0.03598147531108393,0.03319671321645235,0.06186818973970082,0.04075873453767238,0.034228283611168,0.03870050544045931,0.17563353135107243,0.16761411127777334
2019-06,0.05771566031224785,0.03353653377680055,0.042713278919488,0.03219864964732369,0.03242263548982101,0.033039530623646014,0.05011823035804169,0.031087387210983496,0.028326443114375432,0.035325405335173685,0.031134414340098535,0.035436199317258416,0.032974972953159834,0.06198617900999367,0.04046832961450576,0.034163947196111294,0.03848410044578804,0.18186449961824597,0.16700360271693704
2019-07,0.058060994492749464,0.03330889437611027,0.04259875671557609,0.03229242646746535,0.032388002975757155,0.03293952111508782,0.05032453675570734,0.03118342743984396,0.02804056768922023,0.03528449809680598,0.031104356510526156,0.03539046211801464,0.03318476511065237,0.06245167783184802,0.04063178414521071,0.03441606494882653,0.03864031059909747,0.18331133972052238,0.16444761289097803
2019-08,0.04410325023831822,0.03141993206118225,0.04462513996533653,0.03452984238867593,0.035007721562753814,0.033093885846179553,0.04328354291852186,0.030650132918776885,0.028318311027086932,0.0362124631065713,0.032578302061480616,0.03319682215832314,0.0346347810061739,0.063194747582748,0.03798829677980115,0.03541289613790011,0.03710619578695088,0.2173016032390588,0.14734213321416006
2019-09,0.04408752427767804,0.03138491294785512,0.0445167297722862,0.03447560683838799,0.034978430143329166,0.03303814785734395,0.04323627019863488,0.03065214432240337,0.028259106118890025,0.0361899468978632,0.03253846233161949,0.033145093346236325,0.03459899137987717,0.06319835750919421,0.03796099224321945,0.03535991429975738,0.037066435504947884,0.2177253245383201,0.14758760947215618
2019-10,0.044094295623407526,0.03137522751535653,0.044469388788754366,0.0343636735846418,0.035000693495011455,0.03299644909878751,0.04325273479766147,0.030631165034377014,0.028212768491966925,0.036209633422534325,0.03250877291197719,0.033098274084407374,0.034599477602427736,0.0630640965358382,0.03798126745780136,0.035344751741846106,0.037082844322798326,0.21827342923552695,0.14744105625487783
2019-11,0.044078059651403864,0.03138420540452564,0.044452989675588195,0.034356909063814084,0.035023490120500655,0.0329840665645281,0.04327247895100822,0.030641470410067685,0.02822636462372601,0.036211725493514646,0.03252576940223916,0.03312665901207057,0.03459641283610722,0.06303995524168443,0.037981490157442684,0.03536232347845789,0.037102225776012486,0.21821791776259375,0.1474154863747148
2019-12,0.044075807361368166,0.03136894595756072,0.0444512737763857,0.034327269457736516,0.03502932443281278,0.03296227207681484,0.04325234037592586,0.030649799663986253,0.0282011311157967,0.03618728075335005,0.03250803617811573,0.03311525495319822,0.03457158262689991,0.06310713966415328,0.037966188903742475,0.035325530845594866,0.03706237378938803,0.21834850901388242,0.14748993905328756
2020-01,0.04350189813887668,0.028768115582325136,0.03796797603634146,0.0280477499562396,0.03116284418029786,0.029268050713158113,0.04463613212129873,0.027731827642879472,0.025347145368008896,0.03067020560835418,0.030529841669906545,0.030015457109492626,0.02910198938399136,0.06441914520517719,0.03218382653930406,0.032143462190043944,0.035244011129269254,0.2582255437568774,0.16103477766815755
2020-02,0.04350523101562142,0.02878381296095491,0.03801926185407543,0.0280627984683899,0.03117688975362362,0.029292954946299576,0.044645441609764365,0.02773520404134956,0.025372832580088045,0.030673614540686372,0.030541198774916047,0.03001008673938694,0.029107403207044018,0.06440974151894668,0.032182250086984804,0.03215591909208914,0.03524913623467766,0.25807221944160813,0.16100400313349345
2020-03,0.042600474398740304,0.028487522860568274,0.03676953605490308,0.027751952444905525,0.03055329351086076,0.028906735897606207,0.04381842135380446,0.027552928595782372,0.025138804286553098,0.03056446716193511,0.030242936613086108,0.029844083358253528,0.028643665799143077,0.061849460234487806,0.0319436193771218,0.03160765134082802,0.03490177240890856,0.267250735239591,0.16157193906292097
2020-04,0.04176458615417846,0.028428596578923604,0.032875075306031835,0.027140167775267444,0.02988280929755785,0.02817372364614719,0.04481603197241209,0.02669183748015434,0.02453431940093221,0.029741147293633845,0.03009357360209962,0.028541885014797423,0.02746078523234612,0.05787083985019752,0.03271971228168814,0.030349045731992774,0.03442988086725049,0.2844715859008709,0.1600143966135182
2020-05,0.04436695206121474,0.028224942064748345,0.042343137162904214,0.03323545143027119,0.03261610634712645,0.03241592326674291,0.050473300147262104,0.030008757837860427,0.025247740544926605,0.032921116788644275,0.030026152878303437,0.03282689747939087,0.03344390843353781,0.05405552920953013,0.03762554935149991,0.03313736195051416,0.03743468289979805,0.28256267198209944,0.10703381816362512
2020-06,0.05790032113267369,0.033255492929395794,0.04187500166275105,0.03223587714034171,0.03230328914035535,0.03283747522058835,0.0503708947375872,0.031096297907283632,0.028025343733907408,0.03527985506421049,0.03113593634634946,0.03514975924003835,0.0331170298960765,0.06215828185914337,0.04062709350590282,0.0343359167897637,0.0386101047259784,0.1851463127150492,0.16453971625260363
2020-07,0.05794184817862503,0.033219487132553426,0.04188837761759355,0.032234102292032524,0.03227537861612683,0.032839880037585104,0.05041196424761735,0.031097479051157725,0.028011110771262268,0.035267342795297,0.031131566567380014,0.035088961913820896,0.033115865969797105,0.0622746702911226,0.040597879108156994,0.03434443164787013,0.03858891759238978,0.18514645555236117,0.16452428061725038
2020-08,0.05785597996842979,0.033205682870886766,0.042874905200311994,0.03270134527384388,0.03204243468130885,0.03289939226704408,0.05049566585473764,0.03107339371344929,0.028267249102450875,0.0355636900480309,0.03124207875804692,0.03448882622529316,0.033438893201791206,0.061867716557171264,0.0403530108659143,0.03467125166942204,0.03861782411229943,0.18635869412349784,0.16198196550606972
2020-09,0.05788439764074992,0.03338045312919688,0.04345852494730485,0.0324517705555331,0.032144828432017006,0.03305385232936556,0.05053751241793665,0.031100792047914775,0.02826480480398856,0.03545809851932077,0.031380614058774015,0.032639567002304276,0.033238312493925955,0.06292978726029046,0.040179757827704554,0.03476157417079127,0.038355842845049073,0.19018005097626245,0.15859945854156998
2020-10,0.05780553919786398,0.03351148849377353,0.04260410624793825,0.03281158706235696,0.03245747049963785,0.03323370542951902,0.05052250290027918,0.031218028965514087,0.028284617710540572,0.03561422075471364,0.03148394780189062,0.03236161596461794,0.033360586999786335,0.06317815474814918,0.04002284888981523,0.03472820792449075,0.03825854088788993,0.1908960564324303,0.1576467730887927
2020-11,0.057657440455707205,0.03376600958387471,0.04251455573897283,0.032839193368148105,0.032639197405385637,0.03330122560393555,0.05032982232404747,0.03120289480842868,0.0285041509934757,0.03586956486224435,0.03153757756991215,0.03231401849189049,0.03331602861369416,0.06376560269801498,0.04000691195229444,0.034797191779648684,0.038268306698834395,0.19002207324602297,0.1573482338054675
2020-12,0.04397410036455977,0.03129162289414374,0.04340514003564292,0.03417756103770457,0.03488942696305973,0.032892417272445844,0.04328430731251192,0.030624056587699833,0.028220451989728272,0.03616868108735197,0.03249981815605217,0.032570558313809755,0.03448271007894399,0.06281861729875539,0.0379557133920106,0.03521299852721881,0.03698822573457675,0.22128665719287588,0.14725693576090806
2021-01,0.043923557570795566,0.03115159105472736,0.04327595211106156,0.03413007966163818,0.034652773459781704,0.03284903054312055,0.04323352739831023,0.0307055112545399,0.028165404931489817,0.036184419530949447,0.03247456437102112,0.03224579093101913,0.03454258831763378,0.06291613353592695,0.03800700022227813,0.03509204978540888,0.036911919255542325,0.22216504030125545,0.1473730657635
2021-02,0.04198342666915397,0.028162195825580282,0.030404699941331048,0.027651744213814493,0.029284810610267255,0.027938707071456584,0.04465760403110686,0.026488573746921627,0.02501473891459178,0.030319391777133282,0.030345529057296223,0.027123453053818535,0.028034944737483258,0.05892654673459819,0.0319450555455238,0.03059279874547897,0.03421343282259392,0.2898339327338261,0.15707841376802373
2021-03,0.042032220204507746,0.028198847045805147,0.030471030236141467,0.027682165580388253,0.029312887088417332,0.027966284398283442,0.04469030367066264,0.026513663486628584,0.025056107563193503,0.0303521325218536,0.030377922833780015,0.027133778324491497,0.028071640916872618,0.058969126488767495,0.03196755969347496,0.030639555457668482,0.034250319636136256,0.28926718761870485,0.15704726723422216
2021-04,0.04183380633750415,0.02816296435785493,0.030447296351882314,0.027673810225369924,0.029323885408439245,0.027882901903583338,0.044559207886470484,0.026359302140318123,0.024859656432013356,0.030318938090799413,0.030339106386579107,0.027102538331838018,0.02797208654334013,0.058476473325193255,0.031910913231489604,0.030562508712862316,0.03423864561085835,0.2903457828826951,0.15763017584090885
2021-05,0.04184353130344879,0.028143979112488015,0.030562401963644348,0.0276596934094048,0.029328641845523307,0.027943985707124867,0.04472482269220423,0.02631600839181569,0.02490629939790393,0.030308460479838914,0.030432396954013074,0.02709072226776084,0.028015714817878665,0.0583318823891687,0.03179974510330097,0.03051170483635417,0.03415703980704619,0.2904728507264985,0.15745011879458212
2021-06,0.04186132700734262,0.028070530610698443,0.030522991900259835,0.027713207871888808,0.029317657506107056,0.02793082839816045,0.044750472001375115,0.026375011818011884,0.024795625453903732,0.030434984289244203,0.030476146332445227,0.02722232080457596,0.028031215573324983,0.058542077857826856,0.03191015909742145,0.030519177902922568,0.03426489369604282,0.29036015650061425,0.15690121537783364
2021-07,0.04185694377604321,0.028062111457908944,0.03054215132198367,0.027735651620432986,0.029337956338133433,0.027924356573441562,0.0447616216299359,0.02637452676312895,0.024790786468481693,0.03044646315275691,0.03049260825062916,0.027240995447644134,0.028027572039913906,0.05854615891244736,0.031925644764072905,0.030519998754794133,0.03428269466802741,0.29024385933435565,0.1568878987258681
2021-08,0.041867488743352506,0.028066550932634292,0.030555623054582298,0.027736311316415366,0.029345930214075396,0.02793298686398789,0.04477368185744824,0.026382290499779235,0.024794208637711902,0.030454269591416477,0.030500598340648697,0.02724529120658749,0.02803814551539732,0.05854637753317384,0.03193543116004797,0.03052812475401518,0.034292189704777744,0.2900846526875034,0.15691984738644468
2021-09,0.04187386166108055,0.02806522724711866,0.030554034817091298,0.027739866652366513,0.029337920164837255,0.027938138745778753,0.044801947506100795,0.026393781788453734,0.02480888716822715,0.030482962717137855,0.030519809052748953,0.027259640752405053,0.02803975365401137,0.058607004459894786,0.031955517810479644,0.030546391521067466,0.03431934703580784,0.28989633386063357,0.15685957338475884
2021-10,0.04204726949037113,0.02802706083828536,0.03144743524650235,0.02767778871102404,0.02930445288736434,0.02804536136798886,0.04463856012132472,0.02656082505644523,0.02470831310391875,0.030524890587387974,0.030541031268305548,0.027757614458621013,0.028257977853007384,0.058376309014759625,0.03202230477548001,0.030798674010746124,0.03431523863401098,0.28774812458767085,0.1572007679867857
2021-11,0.04205618697256116,0.027900271780618484,0.031221114715956174,0.027440421274261002,0.02937881805750267,0.027973332339994984,0.044615636178612646,0.02636167859767283,0.024607772958169776,0.03061271430982689,0.03046489800653038,0.026794623255414218,0.028256772308380054,0.0579960053246602,0.032085903573382445,0.03071975739279888,0.03428575442937899,0.289433266443149,0.1577950720811293
2021-12,0.041992949927460534,0.027900458015896776,0.031157321609643174,0.027444551862013746,0.029296625002499105,0.027961551378450047,0.04458181760791593,0.026410854573311746,0.024561661892883568,0.03061832793914144,0.03053723602740738,0.02682078770093646,0.02820428126990613,0.05790685194187495,0.03210115663860325,0.030652673632682675,0.03423617656751175,0.2896614540593198,0.1579532623525415
2022-01,0.041682025911981335,0.027778000396868896,0.031156691822396432,0.027539468078638486,0.02928824500174286,0.027903893883883063,0.044246476086547276,0.026350996814272016,0.02447617380383316,0.030620457267587105,0.030547249859283587,0.026917636930832763,0.02812314066510836,0.05741521705819456,0.03215301602995662,0.03061074134729703,0.03423377004556633,0.2904734076658746,0.15848339133013548
2022-02,0.042149677751968234,0.0278313785203131,0.03245931787063315,0.027415547625273397,0.028982706443791487,0.027993991605526493,0.04439576710086035,0.02620275266883069,0.02439248932063155,0.03077180967671683,0.03032322347886997,0.026852888716116585,0.02830865906290343,0.05764986636562703,0.03205433303045226,0.030919012276003632,0.03415276228946985,0.2873047094871073,0.15983910670890453
2022-03,0.042182322718449974,0.027896806111574055,0.03251813123474353,0.027413384156768437,0.028991716596150383,0.0280109874625805,0.04439782226586603,0.026197979153141027,0.02447896392931219,0.030783038307214412,0.030335907709010606,0.026847168450346303,0.02834047703614658,0.05767489011446382,0.03208089908868874,0.030932896059842133,0.03414988655667429,0.2868426724456289,0.1599240506033981
2022-04,0.04215491261406214,0.027797830185977215,0.032384752061338146,0.02742343994261267,0.029065669081156834,0.02795642175891306,0.044237998263831055,0.02626435332941048,0.02434750172529668,0.030797638866678117,0.030302066541463304,0.02665872413219689,0.028320278744149288,0.05713714096404203,0.031997433526221045,0.030963972380587068,0.034099738393514836,0.28904119111441046,0.1590489363741388
2022-05,0.04385661360349438,0.027806872633502146,0.03305928413937504,0.027849503007195086,0.029260779611847074,0.02845352562359244,0.045659447323422836,0.027009026108670453,0.024676059924636205,0.03098672071713857,0.030119271187855987,0.026513533925716194,0.02849787783487208,0.05778271460414445,0.031918278940585264,0.031191540565049285,0.03399432227269808,0.28051687509661005,0.16084775287959435
2022-06,0.04382446322422146,0.027810741672326184,0.03337699893550549,0.027796129500810805,0.029292957048654054,0.028579685011918966,0.04573190684062108,0.027061054200713176,0.024615015740391055,0.030965868095686255,0.03019143611303308,0.026446734710444637,0.028476603677779246,0.05808240788095954,0.03184544498206307,0.031272015163569214,0.03398538546172734,0.2806708200140063,0.15997433172556907
2022-07,0.044481483164129164,0.02825258305635189,0.04251408431321434,0.033002318373812185,0.03253657410186268,0.03229256716464899,0.050612933645619536,0.029786584913134167,0.025190097995637345,0.03283235335899077,0.029918618681973957,0.03237845119639808,0.03336312588716712,0.05393350591636899,0.03766580730701077,0.03315794859626496,0.03725443291893982,0.2837496650328583,0.10707686437561703
2022-08,0.04484172876915341,0.028639109931408325,0.04220388592400373,0.03291933427214799,0.032550078586620346,0.03242760624152103,0.051550523685868176,0.029693412058849927,0.024883184549975294,0.03266134515107255,0.029721328608661574,0.03141832224625417,0.03347202029143871,0.05397866559433777,0.03703962385184175,0.03328000105761758,0.03716407626014432,0.281342200460038,0.11021355245904546
2022-09,0.04516512456778981,0.028793197996400115,0.042770079157541975,0.03297130644571917,0.032666711413685115,0.03268388942611393,0.05158944407924406,0.02985064701134928,0.02508361598875793,0.032589216151208224,0.029765718202126493,0.0315337942047078,0.03371630387129212,0.05453625865056661,0.03722971764902328,0.033542439183722704,0.037342882577451206,0.2770338456338621,0.11113580778943802
2022-10,0.04603764850451059,0.02969331920363164,0.04319125582014452,0.03281945200723584,0.03288370813577357,0.033147034906882394,0.053504770313798786,0.030767539252585196,0.02525713987532385,0.03331013042234744,0.030294470760658953,0.03251902374187891,0.033947667690813796,0.05424702016040277,0.03799664606579419,0.034408640976326926,0.037900711462734375,0.26687284304999287,0.11120097764916329
2022-11,0.04546359778334482,0.02960086750223062,0.04183992967439171,0.03255949300535629,0.03291142193170511,0.032967587998936655,0.05286582370848548,0.0306780292669301,0.02491056697041451,0.03297694839932471,0.030142461008063875,0.032878059781063354,0.033629941839479344,0.05416652163936908,0.03811178577212868,0.034004267579968106,0.037734085980044775,0.27069528157831857,0.1118633285804442
2022-12,0.04574131025586283,0.02937468693462424,0.04241613401069746,0.03221927494820847,0.033100746342229544,0.03293978392890172,0.05304676667037436,0.030747517119219837,0.024863029010130096,0.03315316044348066,0.03005788269032647,0.03367100497291092,0.03368695946445648,0.05418231614253184,0.038499596884855145,0.03423686696557527,0.037991347389695236,0.2679803113411318,0.1120913044847875
2023-01,0.05702233287772488,0.034023027873703746,0.039639153608328606,0.032527390663848764,0.03248312996424595,0.033166079425846914,0.05059293267184184,0.031867301264374176,0.027904467484688788,0.03533945303340209,0.031374947658072416,0.030718957959096026,0.032545075145475645,0.0646395766725223,0.040277133756267736,0.03430041994273982,0.038105507083656766,0.19107198041929052,0.16240113249487292
2023-02,0.05861994753707847,0.0337576752999903,0.04017557955047578,0.032645015654056794,0.03226063885913938,0.03309800771335523,0.05205108655105561,0.03214181256147791,0.027400192919696847,0.03512103623723935,0.0314907569833534,0.030058511151642712,0.03279978451897026,0.06627992720312217,0.0399426058744712,0.034533551516418175,0.0381853954121328,0.18883402050988063,0.160604453946443
2023-03,0.05891463878070887,0.03380576524171106,0.040081479976729416,0.03259629741539563,0.03246659128679937,0.03315759423163037,0.05200094695218287,0.03222426110310385,0.027719000878107226,0.03555131515515447,0.03175868270024206,0.03065411117477863,0.03305905481162967,0.06596096085213894,0.03984204906345391,0.034713572591448284,0.038381094068611614,0.1869333081041122,0.16017927561206163
2023-04,0.058913256871985446,0.033848216738072236,0.04014304171150724,0.03261134044103369,0.03252227610568157,0.033252435915301116,0.05201824188219355,0.03227615595926965,0.027809301164012742,0.03562787874653894,0.0317451215090659,0.03070855142630717,0.03310482076694296,0.06592958569749997,0.039843502353588564,0.034868185882054814,0.03834564502170208,0.18632666402309328,0.160105777784149
2023-05,0.058930612724541316,0.033835928608476985,0.04014906728527701,0.03261390168827297,0.032518172130517144,0.03324586815660857,0.05204683855384938,0.03228377215906549,0.027799075671472755,0.035618544621956745,0.031729964617237344,0.030675355055213727,0.03309853062234932,0.06593500881927516,0.039847738762479365,0.0348713243181563,0.038350133155603566,0.1862472049387667,0.1602029581108801
2023-06,0.05864594889653713,0.033777771973639,0.03984282751421065,0.03220764997834476,0.032451613345485394,0.0331066588682242,0.05201272363384725,0.03234639384148475,0.027737905583502948,0.03566191895551785,0.03231878932374407,0.031284469829769915,0.03324715578867196,0.0654441330663759,0.04021712001334184,0.034942649720644085,0.0387901567122491,0.18555699965482872,0.16040711329958057
2023-07,0.05896673044576428,0.03340063811584664,0.03965617220873401,0.032148167804977146,0.03219519908359862,0.032878696883521887,0.051656966643780555,0.031978066105099234,0.0272532823767751,0.03509545743598615,0.03221482324184324,0.03066100224477154,0.03304513209460996,0.06534685856255912,0.04009405976196348,0.03489190673350777,0.03872023133891843,0.18752418475569335,0.1622724241620494
2023-08,0.04415977568522339,0.031162718315123725,0.04358172033590997,0.033982285616106646,0.03473227706851514,0.032919482074495646,0.04359474233957684,0.0308798240255884,0.027941834992058146,0.03622013209059086,0.03255829455192885,0.03236047325199431,0.03458158051974937,0.06284574019306882,0.03805331654290505,0.03521559430526445,0.03700397337088019,0.219666859659058,0.14853937506196233
2023-09,0.04401578154688552,0.031097448522253955,0.04385480468075198,0.03387108440094386,0.034922965925808284,0.03285236362184846,0.04388402780990226,0.030954197854924426,0.028011580820816333,0.0364017743545258,0.0326661994854716,0.03232532707525394,0.03453645304239251,0.062355516766680726,0.038183177070601065,0.03517726413560054,0.03701973626791996,0.21946652079226134,0.14840377582515757
2023-10,0.044089548215592085,0.031230937433658148,0.044756347165635244,0.03406041137531344,0.034884731200416734,0.03293041030903837,0.04399770163837849,0.030938044081067793,0.028191333727813548,0.03642729595295704,0.03267266514868781,0.0326107017553583,0.034575926646910955,0.062142350405950994,0.03826403667825693,0.035541940637711565,0.03713273866927563,0.21554069665085346,0.15001218230712335
2023-11,0.0440781438868156,0.03127154060244747,0.044510260292831096,0.03454065540823631,0.03454645567348443,0.03284882709361991,0.04413156387762181,0.03089854233544885,0.028269565168355815,0.036374176057977554,0.03261520719803407,0.03206756398382903,0.03471591595715091,0.06275115032629426,0.0386875024186625,0.03569649868763674,0.037320948140220224,0.21371178747717764,0.15096369541415583
2023-12,0.058958408732804266,0.03335171372398405,0.03966643546817059,0.03219987913137363,0.03219708343607774,0.03286530427757741,0.051789365044807405,0.03195020194973978,0.027268622625322366,0.03509614311636789,0.032187155337898926,0.030665422273054226,0.0330193112824722,0.0652774029986167,0.040146391448440344,0.034857831826339704,0.03871594548366216,0.18739742912819843,0.16238995271509235
2024-01,0.044844327139250635,0.03150677405098376,0.04604397508194669,0.034622495409725416,0.03489649293270686,0.03338328959041005,0.04488250699046679,0.030851949789666676,0.028371674421691813,0.03619674213509004,0.03259393643713578,0.03186554822406523,0.03477082529888302,0.06323262506791695,0.039089106122091447,0.035774805267180534,0.03732832379307933,0.20942996687999427,0.15031463536771475
2024-02,0.0448839034110546,0.031458781261188846,0.04608591403830486,0.034538155733168596,0.0348638156537906,0.03327927696765753,0.04511803455834425,0.03087317088086938,0.028434907957652758,0.03620463656216319,0.032765892465471215,0.031554454444601254,0.034767611615461956,0.06303764363070341,0.03918333730118402,0.0358397072039909,0.037439149329247114,0.20904164503606446,0.15062996194908096
2024-03,0.04492750174036012,0.03147825754870458,0.046056968664759154,0.03443825578653907,0.03483909255848671,0.033298074527193265,0.044945583553828806,0.03070921878591568,0.0284081374688712,0.03589110759990217,0.03247686995138604,0.03144905673870282,0.034683352753606775,0.06293215461482679,0.03886783921922204,0.03582307882030081,0.03742802820635257,0.21066681409685467,0.15068060736418684
2024-04,0.0450984005457516,0.031216093032926533,0.045697079868784865,0.03500144806954125,0.034865322962595945,0.033333486203959914,0.045230747511273324,0.030765053760991225,0.028492303195296935,0.03596391617538675,0.032484510613278235,0.03190414429375731,0.03488622472872474,0.06247377248041996,0.039055094278902865,0.035901717398699615,0.03769807229134845,0.21149785204626656,0.1484347605420939
2024-05,0.04516686527706603,0.03134585004000461,0.04573218664876393,0.03488774211215618,0.034685895763718465,0.033250221070929876,0.045152883307931185,0.030581185911765795,0.0283410235630439,0.03602804101405685,0.032417182871147414,0.0319505691505764,0.03482028321773109,0.062876142520684,0.03905549523724554,0.035852742936517024,0.03760854608547969,0.2086265159684504,0.15162062730273165
2024-06,0.04537978103160687,0.031374283765364656,0.04593109680983292,0.034868683334459256,0.03477149714383381,0.03320844919929517,0.04519063618622759,0.03064223657607629,0.028349901840542036,0.03618390511957547,0.03224382664854761,0.03210236559534803,0.03486746605590123,0.062458200308735924,0.039085370981950036,0.035884312756406335,0.03760179136706195,0.20822070825626648,0.15163548702296836
2024-07,0.045000672322020624,0.02750516913171112,0.032796674769817714,0.027739080575121536,0.029353768219622323,0.02826116074065686,0.04674421653103846,0.027142650737260358,0.02414110447449997,0.031124511760537404,0.02999279293259803,0.026590560811081083,0.0288470517723564,0.0575865165146737,0.03204087810621404,0.03141996431551473,0.03423861437599487,0.27811925926176667,0.16135535264751422
2024-08,0.0452862251259192,0.03128432967129932,0.045890351511635286,0.034619690042725464,0.03470779496723281,0.03310221918956386,0.0453113842674034,0.030606937157900936,0.028289208415480153,0.03606513887238707,0.03240255141466222,0.03224358462372621,0.034899869639053054,0.06214438456946745,0.03925602947581602,0.03588287937681071,0.03777082464022254,0.20879470944579906,0.15144188759289529
2024-09,0.04528283685441906,0.03136388517568703,0.04603383985108282,0.03459541823896566,0.034783676841580055,0.033144556691512554,0.04520579696144846,0.030646267327084756,0.028391282396381317,0.03604214566494881,0.032448844763785574,0.03234795447784984,0.034921618634329805,0.06206651795195969,0.03929238532134062,0.03590484508476584,0.037790395170721684,0.20859826899974068,0.15113946359239588
2024-10,0.059353219965679355,0.03327218200583676,0.04012029868114306,0.03237824540586907,0.03220506945403868,0.03285506187150485,0.052236526987748284,0.03176713766271107,0.02725719698203907,0.03509852923252022,0.032145415801115365,0.03086851438002738,0.033071387153259475,0.06565130272453491,0.04033613329403047,0.03491627618050732,0.03897025103113942,0.18457892678020388,0.16291832440609125
2024-11,0.05902790049204786,0.03322428830626329,0.04020162713734525,0.0322817893821451,0.03224231413006341,0.03285485942613096,0.05215914004065635,0.031748143317493864,0.027303014880245554,0.035149178271630624,0.03223798060992066,0.030844746831602668,0.0331525627984829,0.0659437651381303,0.040406994216921004,0.03511822485993804,0.039041024980861164,0.18249303762782934,0.16456940755229163
2024-12,0.05946857100632412,0.03348914596791969,0.040075855049279054,0.0322394700476016,0.03232995020720551,0.033087114356452965,0.05243918484527216,0.031681906454072664,0.027200131755250084,0.03458237938105271,0.03239545717270786,0.030147915261058096,0.03315699649391423,0.06539383086007138,0.040156963809428486,0.03483036287335133,0.039005898353257434,0.18237219561728976,0.1659466704884908
2025-01,0.059336912993963285,0.03321838677193344,0.039956642961556536,0.03282313187240652,0.03246503650361902,0.032899193899810636,0.05243904883826606,0.03140800176422794,0.026854133236960176,0.03443813031974193,0.03285978685107876,0.031069064836963377,0.033241423879013444,0.06459755435640838,0.04076977232438013,0.0348592306069907,0.03947939738001496,0.18017730359133213,0.16710784701133252
2025-02,0.04544366451747967,0.03132559259317401,0.04637030831279263,0.03459870844047066,0.03487201497290116,0.03317454667384132,0.04557930698896816,0.030587305291208067,0.02843014943436817,0.03596969298992288,0.03255684118330707,0.0321793599942655,0.03503103229595037,0.06179792492745453,0.03932852686022968,0.03605167983384706,0.03788136188125468,0.2082934254039845,0.15052855740457993
2025-03,0.04546593036398378,0.03128524075586886,0.04638516066596006,0.0345557118077634,0.03481028678352454,0.033135367625618514,0.04561319380163371,0.030545930513091266,0.028438908732738934,0.03590287307375125,0.03253595183500927,0.032054500010016244,0.035018574152271255,0.061777024934761816,0.03927513505676936,0.03602418847518433,0.03784571582859041,0.20848183545622387,0.15084847012723906
2025-04,0.04567115975788063,0.03147976147408168,0.046788324742061134,0.03391335613293533,0.03469426273012925,0.03299180973022507,0.04549589408179528,0.030474974945349995,0.02830050386165631,0.035719930458822505,0.03223916076002636,0.03188210682096924,0.03491441234308487,0.06197513605077037,0.0389197183546498,0.03590520236981689,0.037621357341476105,0.20879233073494807,0.15222059730932125
2025-05,0.05957733334980568,0.03324559877965729,0.03999717954611155,0.03281145616640287,0.03248272462526213,0.032873203351362075,0.052379171342761904,0.03139432561411362,0.026817299084673545,0.03433888441655563,0.03295332162193804,0.031120804588382046,0.0332460902878383,0.06452957296885624,0.04066259709050723,0.034771381362566946,0.03945839845527961,0.18031815465656362,0.16702250269136168
2025-06,0.0597902968368697,0.0332735338765138,0.04002205917079716,0.03267226871563464,0.03250075080799382,0.032895993627248425,0.05278347385568646,0.03142919292325489,0.02682429128347962,0.03413239136716989,0.03265969720145904,0.03090540365646329,0.03313219357048278,0.06433672977780139,0.04054399736452057,0.03474002697060483,0.039366886943530424,0.18157331595367407,0.16641749609681533
2025-07,0.060038223338859845,0.03320703546272872,0.039970564091696,0.032718247051108026,0.032500448776616855,0.0329403734508443,0.05287462918769589,0.031467403890625044,0.026748345440716196,0.034091337650927096,0.03249239086475071,0.031101388933780276,0.03311590256780525,0.06441827535915971,0.04057676262469575,0.03470351642684992,0.039345868837028695,0.18117837533995812,0.16651091070415364
2025-08,0.0600311335313693,0.03321077788241521,0.039991616274379055,0.03272678836123035,0.03250979247905117,0.03294579530153067,0.05285097591740881,0.03147933727525279,0.02675969518073224,0.034090833743054126,0.032521116639406725,0.031092859095198176,0.03311966048041023,0.0644786994919008,0.04058852208113074,0.0347011266641306,0.039355187123343974,0.1810704714415743,0.16647561103648081
2025-09,0.06007301345817732,0.033087749964856895,0.039954171567229226,0.032713454841408585,0.03245659578442064,0.032919595323439695,0.05278027498826968,0.031412210615797936,0.026756259228088355,0.034144414627232965,0.0325931779503178,0.031048980403322015,0.03313902184350354,0.06471251193974233,0.04070625903968387,0.03468693627173003,0.03938419468026232,0.18079586551530433,0.16663531195721262
2025-10,0.045158106176547266,0.02758278102696353,0.032996347826349,0.02795988032402598,0.029391709572631625,0.028350560327231905,0.04724220610933491,0.027010283478123676,0.024160276857786274,0.03097253449497414,0.030314784341276022,0.02649490299689727,0.02894848017721505,0.05731654303182672,0.03236090994250131,0.031375700175739346,0.034507135044480754,0.2764019176840299,0.16145494041206543
2025-11,0.0460733617752854,0.02943792088188808,0.04259287713305832,0.032521449299625284,0.03320630237373111,0.03296098569740271,0.05361295363126698,0.03085321879757887,0.024873473536541284,0.033135671814874014,0.030146062475821696,0.03287059395525979,0.03383813657776214,0.05449926693950989,0.03838578870455485,0.034351641893204436,0.03807564752593493,0.2650444972068216,0.11352014977987851
2025-12,0.04826886069672304,0.0299522253532018,0.03983877570921738,0.03133896775200736,0.032052997040946184,0.03163512983579311,0.04971699553298868,0.029615633683773276,0.025685208548303893,0.03319320397945876,0.03095471949900547,0.030111676509614205,0.03226402023406874,0.058887857249246944,0.03702111794984552,0.03379622670135681,0.03714169714954831,0.24577330720587812,0.1427513793690224
2026-01,0.04603949883235759,0.029439684063049452,0.04260280511957193,0.03251787373424145,0.03313515926440655,0.03294614968012213,0.05333396023427771,0.030896323448211235,0.02486257555430731,0.033189035609978,0.03021425273163934,0.0329288272109316,0.0338997413569781,0.05448826638995469,0.03842900717953602,0.03436947925760641,0.038105001370890096,0.26500574750136185,0.11359661146057859
2026-02,0.045862049255187526,0.02918573811725248,0.04215407105696789,0.032716422780556406,0.03322839679444645,0.032794754268683245,0.05331817390923766,0.030787875656590576,0.0248558131758158,0.03330343009313292,0.03017026805737212,0.03311613031661056,0.03392923690106952,0.054547999805188915,0.03840847353393579,0.03458651138986372,0.03842074285137915,0.26652315039225843,0.11209076164445092
2026-03,0.045655358062536545,0.03145243760971915,0.04657318063266194,0.033899728656996184,0.034694573325175025,0.03295921706692898,0.04549594683386558,0.030485923352225375,0.028309433598977935,0.0357664545570858,0.0322258198787036,0.03194231765356318,0.03492735208636712,0.06192296582221678,0.03897929750392009,0.03594417707655743,0.037687187009697275,0.20877435581934373,0.15230427345345846
2026-04,0.04521297011705909,0.03096713414066518,0.049030847323883256,0.03363321119314339,0.034458481104103204,0.033717663878347306,0.04513091986832628,0.030361942359250552,0.028514881928625613,0.035314279035585684,0.032466974288184715,0.031962236959249817,0.0348326832702355,0.062315534105740214,0.03942068784007928,0.036236934354269494,0.03780866647169619,0.2070487550678414,0.15156519669371374
2026-05,0.04529789240877988,0.0276291271385991,0.03319108344382699,0.028152207767180845,0.029531229540192452,0.02854605218180064,0.0472703085999578,0.027135510336100427,0.024119693974213197,0.031044303092453984,0.03023859718945487,0.026608097314965322,0.0290240870780295,0.057485254122650126,0.03240037068823692,0.03158844319357496,0.03466893360976677,0.2766606923817069,0.15940811593850945
2026-06,0.04530174184708406,0.027671406271476236,0.033162352661695864,0.02818321896051591,0.02953844786558706,0.028541029688171873,0.047353797438573854,0.027133504962620035,0.024172142977808935,0.031043276428050385,0.03032748182197015,0.02667046350071549,0.029065234289781167,0.057418911650073415,0.0324022573362361,0.03160032583512707,0.03473483087353854,0.2764713448279174,0.15920823076305643
2026-07,0.045410351403397047,0.027650764878585404,0.03311688985397082,0.028175938506584872,0.02969452644391685,0.0285411901007291,0.047597055422258734,0.027260727352487017,0.024170595643753387,0.03131379150755636,0.030421203720104876,0.026685887614986355,0.029137382927956843,0.0575983945326105,0.03234671495897209,0.031712618016722885,0.03467186585550995,0.2763530862663251,0.15814101499357183
2026-08,0.0458803433537564,0.027823397534347087,0.033789794644360174,0.028387365800972515,0.029769831021303907,0.02869297734465244,0.04788692760888883,0.02722692769317475,0.02386459033166393,0.03142101535190785,0.03026845533707212,0.026417203366731472,0.02932030845391553,0.05772400885117667,0.0328213226683919,0.03204451552109127,0.03508108501212222,0.2742202101135629,0.15735971999090806
