,Food,Mines,Oil,Clths,Durbl,Chems,Cnsum,Cnstr,Steel,FabPr,Machn,Cars,Trans,Utils,Rtail,Finan,Other,UST10,GOLD
1990-01,0.12048259474520363,0.02444565219212745,0.05402411913192535,0.07012092314686465,0.021438325748221694,0.03350102176739135,0.03602750455098994,0.027581681692113617,0.009970253984941056,0.03353390445273619,0.020345810542689496,0.029513214848680417,0.033113057802525145,0.12853773952193084,0.04675138813964034,0.02881220315149948,0.05320190497589849,0.15803027451525137,0.07056842508936938
1990-02,0.1026144239402369,0.032913884331477496,0.059602250923078325,0.06530993446232733,0.020778011639718784,0.03181789399431628,0.033870362542554454,0.029112965878920045,0.008637853653344555,0.034984967470542055,0.022512516772363437,0.032243440641085745,0.03367414375018707,0.13096173350242335,0.048746407033098085,0.024903388977745248,0.04283491939832482,0.16167095483037042,0.08280994625788567
1990-03,0.09857613111716684,0.03184264824666164,0.06251401094274801,0.06735876586758426,0.019967214276368783,0.032824042773945954,0.030164181832198888,0.03069284423603373,0.008664873683574506,0.03714723483790775,0.023596841145903255,0.03611322638975348,0.03608866894289845,0.12908146106216803,0.049452492963005835,0.025264443317735998,0.04256764174241171,0.15579780540332702,0.08228547121860606
1990-04,0.03453134629671423,0.0902756744511053,0.09344901797096412,0.03347008320482177,0.015106927048128532,0.04847976793826152,0.03813833805817657,0.03124188910717333,0.051597409662156916,0.03728702292261122,0.02096621311123037,0.021658068774698173,0.036658360622258176,0.04309746824255718,0.02166761013912335,0.02767140663416024,0.039408557765717736,0.11310573420250199,0.2021891038476392
1990-05,0.037187516927188864,0.0848970295059709,0.09425493200813174,0.03489347041950854,0.014423807347344643,0.04870623361325877,0.04205311782404252,0.032325576836932365,0.049313241938892936,0.04002658873162816,0.021714967584952925,0.021492315682824264,0.03676136768978882,0.04047433031441486,0.022240244048077635,0.027284476149925335,0.03972233103152863,0.110237632638318,0.20199081970727006
1990-06,0.03957936520387597,0.08786241044900453,0.09604636172429445,0.03457134068737913,0.013934610767049766,0.049548974636798894,0.04390041708558199,0.0339096342398857,0.04996632999766621,0.041043364672067,0.022292289606142865,0.021284248233222593,0.03715627207913469,0.03998151271945496,0.02305410928308271,0.02807794401730567,0.04220335903916817,0.10543162969803564,0.19015582586084903
1990-07,0.11594377648071819,0.0264023955118927,0.05732816437638268,0.07286735729204039,0.02151317714596562,0.03203105847427055,0.035838188561970026,0.03362729366634207,0.009777099026866857,0.04250848128429857,0.026085655895376973,0.03757918535686964,0.03897020046797849,0.11432860680172698,0.05567802333620265,0.023280159829354007,0.04560319678134122,0.14627699959851276,0.06436098011188958
1990-08,0.11757847975999838,0.031779171674827286,0.06954700607105996,0.0655720423151786,0.01852031827732124,0.03210928285505172,0.03867306768795109,0.03396171779792066,0.01097683932333876,0.04003252419541343,0.02323052466803496,0.03452582044864358,0.0355737389410778,0.11772696772879059,0.05026793010962281,0.01996898872459613,0.03944266306084716,0.15200680269058128,0.06850611366974456
1990-09,0.11416502352133417,0.03435436786177482,0.08755845895386462,0.04875708161203435,0.018554488901729463,0.026786183626813242,0.0387150556963673,0.030924375606991975,0.010658918801713253,0.03219988644826057,0.019721234059986867,0.028086568871497252,0.030600038108147213,0.11043632270133805,0.04245145209461626,0.01792719744836443,0.03394546614499024,0.15952519918888594,0.11463268035128998
1990-10,0.04137473561065293,0.08416100425323568,0.09815066181636599,0.030971438110665772,0.013724251725173529,0.04648848181970967,0.048570792310152267,0.03209630481848465,0.04950587201760666,0.03986579872463606,0.021126554295842023,0.01979411949706532,0.03561057881785161,0.04157945864236788,0.022997086783768574,0.025870060557690335,0.0394465063823344,0.11637799652116068,0.19228829729523605
1990-11,0.04657898140486532,0.06838847408206297,0.09609461861320191,0.02788152869403742,0.012713746832334224,0.04950757126725644,0.0529840593047398,0.029964174630002872,0.04269039640078897,0.03889517109122352,0.019801830389692,0.019206399740694966,0.03691563770559753,0.04974045135496043,0.022437075697641393,0.02323179779048198,0.040665024447293835,0.12457207352555011,0.1977309870275743
1990-12,0.047193366695276066,0.06529078873879643,0.09635810381349855,0.02985548688215026,0.01257802812439975,0.053664349244235236,0.05589103138714556,0.03150769953796385,0.04157873391185157,0.04063821205117913,0.02005944706769636,0.017286694620286536,0.036756432857690424,0.047375411185514534,0.02322153899751645,0.025592805955783643,0.04118217881571365,0.11833110758546483,0.1956385825278372
1991-01,0.048567480259108085,0.07065772879588142,0.08928425908624431,0.03219081472377425,0.012574921800922899,0.05413496307604971,0.05657045240721277,0.032481079457491895,0.04480651475585447,0.039803969190367036,0.02085989283203649,0.016252151508765696,0.03797306295234776,0.046156007335870206,0.023328263897932966,0.02697490429644925,0.042391901421180454,0.11969355916420964,0.18529807303830084
1991-02,0.049419343955923886,0.06163672568060863,0.08452532245378862,0.03719173695920105,0.012395713905339896,0.057386047261564314,0.05555123621397086,0.03442564485260576,0.04801886476490212,0.04519805167652359,0.02286732100677961,0.01565645876514938,0.04136178690116016,0.041087277024496494,0.024758850188081955,0.027715476768084148,0.04375795211394601,0.10869279959849862,0.18835338990937506
1991-03,0.05484910515428629,0.06399464234807717,0.08983480687773424,0.04155570276657629,0.012627893408945316,0.05868641745713441,0.05921259942868875,0.03765514530548397,0.049011264750154285,0.046145902443793914,0.023057169490345322,0.016658796444232793,0.040131879879100066,0.04112701963716092,0.025476563383103674,0.030119233373720567,0.044721877435552095,0.0995781935811456,0.1655557868347644
1991-04,0.05945593159509483,0.060726852974967445,0.08948068325709532,0.04310239526105713,0.013171188008217196,0.05704156784013139,0.06213987122249778,0.03648757105842161,0.04798220311041497,0.048344385995096724,0.02204175383961687,0.015661234960913557,0.0388966059759667,0.04117822413959741,0.02880795264725115,0.032378628934039554,0.04611580354329688,0.09658374124093401,0.16040340439538955
1991-05,0.11559248976689067,0.032853471869540775,0.08322487703509177,0.039298828742040555,0.018719256679552817,0.02681223125167213,0.040082441853543226,0.028481153904944188,0.011168281268387766,0.028472150402230233,0.01964433109006484,0.023293486959663528,0.028857245009115753,0.12024417823895923,0.03977422174575799,0.016833059203098945,0.03542163377264476,0.18244958123928948,0.10877707996751147
1991-06,0.14282952524259257,0.023727005607339053,0.05288642065282683,0.039571034761973094,0.0329880719027733,0.037050155950600745,0.0832453576791856,0.025796750245430048,0.029494670692454993,0.039501659242263926,0.028941585559634827,0.05145247356142231,0.035857072923111195,0.10843110375600859,0.04559838670734867,0.05753541860355057,0.05764276461113588,0.06948785495446619,0.037962687345881575
1991-07,0.14189492755658847,0.027245678812557347,0.05227431318293821,0.04133297335724123,0.031263185309064245,0.03712726583598724,0.08247334838274192,0.02516371885679202,0.02883390048866854,0.0418762236326354,0.02651107631988124,0.05243070815652564,0.0355990203888442,0.11014481194674863,0.04500044542894564,0.055503971695174514,0.05731094542139628,0.06878710006521355,0.039226385162055635
1991-08,0.1412538577690138,0.025851248138229147,0.052776684377045496,0.041697916948464225,0.03149650456230266,0.03752241219038856,0.08452853438801965,0.025766790398155194,0.02909008926779672,0.04211647641671275,0.026567857790034864,0.04870048352731836,0.03608693715869616,0.10993855459647418,0.04513437052222514,0.05644715985580973,0.05665909093813471,0.06891391441546557,0.03945111673971298
1991-09,0.14063168722194933,0.02381813433321364,0.05194303008945313,0.042953571356635946,0.032838222923583064,0.036632609375330596,0.08379929953264087,0.02630484032057414,0.028702958654092815,0.04238534162857495,0.026504409570607824,0.044914258463126897,0.03555309582663034,0.11112136663531619,0.04567695836534132,0.05753286915301614,0.055924311406354815,0.07408438546173778,0.03867864968182037
1991-10,0.1375588598129092,0.02466021856988991,0.051225726598597435,0.04488560988637405,0.03317646332975555,0.03487449512485638,0.08332112379467187,0.0250870606159506,0.027372897091310005,0.041705704566427165,0.02516554599782413,0.04360072328061368,0.03531160209496599,0.1201690941595749,0.043174658267500846,0.05743713092730542,0.05541655813059675,0.07915144725116409,0.03670508049971209
1991-11,0.1346905131831161,0.02485599687698311,0.05194923524001562,0.042310843348381616,0.034671242109478695,0.035474788288433964,0.08788114587111374,0.023843701690602286,0.02671101833778253,0.040331697066501235,0.024717670057752453,0.04089139468001687,0.03720650726525451,0.12116991726111322,0.040940742027958846,0.058462821872636614,0.05768807884156891,0.07874856197093079,0.03745412401035885
1991-12,0.13717900609166483,0.025958180987567258,0.04748310178170687,0.0416896223201138,0.035237313361669645,0.03377449170211258,0.08796635098930021,0.024052542903874544,0.02500583065865913,0.03818458658632547,0.023555420759610226,0.03730659627557334,0.03466998898533293,0.13223829262887246,0.042119234632625485,0.055016175821923266,0.054502450324867474,0.08491897818020272,0.039141835007997755
1992-01,0.12240115515757578,0.03067871752008277,0.07151702484865928,0.040211228070948665,0.02001949828622686,0.029558343603950592,0.042960059925653146,0.030822393133658806,0.010172333289631142,0.030190380936832933,0.01910508850143407,0.025817816108811405,0.03067238993227327,0.12022129443053195,0.04268089958801439,0.017182004285400624,0.03539756119237313,0.18455876279430558,0.09583304839363571
1992-02,0.12169067042267724,0.03623497725929892,0.07072647489982274,0.04982239321743312,0.021980392521570646,0.030442420480033087,0.03850394624828498,0.034814431997748876,0.009647717670555825,0.03414329877553416,0.02084553702187318,0.032681483684985926,0.03224835963716598,0.11410917447163711,0.047024742261488096,0.01658916081927996,0.037473967633841136,0.16064366457183032,0.09037718640493868
1992-03,0.12253420156975552,0.034406628918485324,0.06833404264286577,0.054104133476279084,0.02040988182261011,0.031054740341178128,0.03481137595238774,0.03509385881342632,0.010187558992439824,0.03570481684892761,0.021873822832283136,0.04437577070583636,0.03214721791203779,0.1073753765641217,0.04872671981292464,0.016432979384116513,0.03610406624380356,0.161960100682226,0.0843627064842949
1992-04,0.1230320036826586,0.029902107319443972,0.06683817138394355,0.0555146445561328,0.01980502160905113,0.03422600195184327,0.0321768902041213,0.035812682562423155,0.01089397860921938,0.03327644132447919,0.02104788370686633,0.0494985902742636,0.03253985232337231,0.11124050290540267,0.04985153024412324,0.01749617484896057,0.03513014159643548,0.15793676273378848,0.08378061816347103
1992-05,0.11584150786728142,0.02746884405866003,0.08048465726865289,0.048880359704050254,0.01954303413877446,0.03891216283368511,0.03126846122191116,0.034610375736551256,0.011847230886695766,0.033741616183682606,0.020891844835563524,0.06046431356070056,0.033785532389698954,0.11628027121201759,0.04281320245684905,0.01760160907406916,0.03564356144268904,0.1513069130859898,0.07861450204247741
1992-06,0.11535421088530169,0.031315239547167945,0.08316793370155584,0.04486213212861669,0.019017728503151886,0.03639057870640453,0.03097264083211037,0.0360433536410848,0.011965606546948074,0.03140180898313135,0.02008660001280909,0.05515369659614857,0.031353244999263986,0.12069132840589375,0.04037354082125844,0.018431667732481886,0.03332915149033838,0.16473087429835842,0.07535866216797436
1992-07,0.10906548409956568,0.03745576663129839,0.07653065224058625,0.038920934076026814,0.017232458945881133,0.03234561112710447,0.02656256564355318,0.03225687077925129,0.013067023405108024,0.0262413416342126,0.019494168059380947,0.062094063969849844,0.028649750923853367,0.12418680435896888,0.03975219421797372,0.019690926302067834,0.031721540724452206,0.1847671894392761,0.07996465342158915
1992-08,0.1338783898881246,0.02536580495784384,0.04573845434270899,0.042381450868485854,0.036215385450615145,0.03463771384224667,0.0832694316191025,0.025749590186063438,0.025861323844279537,0.038930450644683,0.024620033849096862,0.039970643033816956,0.03525550314961775,0.1285621754581698,0.0426156754528906,0.05768384705361606,0.05528280276501393,0.0864370775954897,0.03754424599813476
1992-09,0.13472867899460572,0.024924605162158685,0.04917252603002686,0.042968310622478405,0.03627656482962094,0.03350518079678344,0.08030610717456774,0.02668301596667689,0.02380197925561086,0.04017522506998983,0.023944302110910875,0.035143401625066156,0.03396162288193365,0.12950981002766537,0.04373826086998768,0.05587176398613106,0.05457529976126622,0.09290056807445614,0.037812776760063456
1992-10,0.06766969683865928,0.020753787900670725,0.05483716911132197,0.02372235959042759,0.012256042299243717,0.027435905528899397,0.060171015108773616,0.023429669997341567,0.014748060489055201,0.030020147308429213,0.014987896537281685,0.014921787979395596,0.01797676636140554,0.04797326505144092,0.022926739136344795,0.024777219868301417,0.03618107664627451,0.13521139424673326,0.35000000000000003
1992-11,0.05663599554297084,0.06039609756393217,0.088781394136914,0.046002804209999956,0.013039895015190695,0.06153803323453303,0.05914128318795764,0.03821921576114808,0.04679777260643957,0.04916450437951984,0.019997187554498416,0.015232713200459708,0.04014973270962986,0.0417859832240709,0.030161340223788986,0.03533057936877165,0.04625665683712465,0.10326010377772171,0.14810870746532834
1992-12,0.058529617588859835,0.05330801727534959,0.08326887285456727,0.05149637865994677,0.013371377247145511,0.06300068248998433,0.06133244462874618,0.03926811618954259,0.05141326199910782,0.05194725013515797,0.020910767995952602,0.01620314472522584,0.04195556136653782,0.03913590519124018,0.03255174851574608,0.03835632042510375,0.05070281248813632,0.09299294095001577,0.14025477927363383
1993-01,0.05690798316102974,0.0546125817231561,0.0837265206313051,0.05092769122812793,0.01264238945554426,0.06202908497984517,0.05674203742711142,0.039287240387081854,0.05340478174053252,0.05271489703172885,0.02049872390054497,0.016631345395878825,0.044077857541683745,0.04009979679102598,0.031032614406295,0.040426239596470855,0.05158213787147029,0.09696853723284912,0.1356875394983182
1993-02,0.06620648650367021,0.018332466035189926,0.05092153380796991,0.024603705770056935,0.012142077428439731,0.02759804974097757,0.06322480197193327,0.024736574900059715,0.01576925860339232,0.032048979236910115,0.014962305924337262,0.015727939043028185,0.019971220718496288,0.04783493879637012,0.02543226422278286,0.02779222421560019,0.03989938577393224,0.12279578730685316,0.35000000000000003
1993-03,0.1345519195093839,0.023861723198919705,0.04791422019971399,0.044034483119695184,0.03774031562556681,0.032487465510002624,0.07168624631293163,0.027173237137028003,0.023761486355129008,0.03927121537000975,0.024590728762282157,0.03510488382084507,0.0345814921645618,0.1309392269195167,0.04536427213296409,0.05910878331340427,0.0555473837917523,0.09600827617415009,0.036272640582142836
1993-04,0.06026766012700914,0.01907129247959632,0.05719329595299321,0.022616032032436093,0.011707626152588465,0.02678153214818601,0.05558070750695943,0.02579891098962968,0.014639509432651618,0.030239349005210643,0.014164564755617514,0.015016774008704816,0.01969810740491768,0.0553889939889807,0.023759827930774254,0.027526052723664353,0.03835301075354251,0.13219675260653768,0.35
1993-05,0.04505077485571421,0.021083655035389514,0.06022439082813821,0.021263107938600465,0.010901022835362336,0.029672050482625785,0.05803979179298118,0.025177870908265183,0.014808485801273476,0.030861715251752922,0.014371476045268406,0.017198231448399687,0.02104521861045077,0.05709931914133927,0.02062989008037103,0.026175921324411527,0.036891949979829655,0.13950512763982637,0.35
1993-06,0.04634705552821212,0.022554322974775352,0.05976741970091723,0.021133188283542277,0.011421424467083666,0.029696573240012385,0.05825128235601165,0.025490584959196264,0.0154788168867459,0.03085040364314598,0.015973707495362373,0.017079802452164842,0.021375897231946547,0.05484283758990329,0.022039608900631332,0.02549720309581665,0.039401833094517676,0.13279803810001445,0.35000000000000003
1993-07,0.04478688779346476,0.023365196351063523,0.05721943811925657,0.017738683366667563,0.010984852625146016,0.026730447775919406,0.053732507951890406,0.024027991846838116,0.015401695413143308,0.028622191806124277,0.01560472162476177,0.018126159766281347,0.021042326726128612,0.05882691243206329,0.02009357246130443,0.02713004763301316,0.03983099913338899,0.1467353671735445,0.35
1993-08,0.049605442356775886,0.05758070466305143,0.09395178330714951,0.047419205343663264,0.012581151449625887,0.059891886323703084,0.04336550383499462,0.038308837026030565,0.06029069881273036,0.052999784816493874,0.020112662226643065,0.018372128540457073,0.04550453954863888,0.04100540737619094,0.02805844388845024,0.043183342088843585,0.05221875822446812,0.09767621859556504,0.13787350157652473
1993-09,0.0935756501180417,0.033128766097880305,0.07595651682290824,0.0372433857283061,0.01919839394875993,0.030483128442564594,0.02374452396466566,0.033365310622427376,0.012046685382748749,0.02711609187606535,0.019383683830761906,0.05644538051941889,0.028746684178549153,0.13852967725299137,0.037911894502072385,0.021034385473184886,0.033043655711190216,0.2030369864155569,0.07600919911190628
1993-10,0.08756975782130588,0.028626428135075276,0.07988515470735857,0.035255888277167274,0.019898522403343607,0.029389880107270613,0.02462844831527922,0.03247446258086773,0.011589194098204384,0.028729787900262378,0.019777794005775704,0.05881461073286703,0.029272998427254986,0.1353154211523605,0.039233721164876674,0.023517278919438608,0.035166810715637584,0.21373939393051028,0.06711444660514372
1993-11,0.09825845201726767,0.030644936769817225,0.07295683128413151,0.036844610304470796,0.020702675751278318,0.029419405507240943,0.027267383059146316,0.03283450035131253,0.011755396660706203,0.032065398957887854,0.019079676864623345,0.06816030214154055,0.029206240125857125,0.1211509068869668,0.041599332027256,0.02012075018912838,0.03585973852640051,0.20554592817324768,0.06652753440172023
1993-12,0.12913426673691603,0.025408671152273507,0.04798192526673565,0.04348599222438598,0.03876305109781612,0.03245160176441375,0.07070790429246916,0.026820993484295615,0.022786277966050515,0.04051446347104332,0.024747305795042668,0.03765488724983293,0.03608866629496936,0.13118736244023854,0.04568806521858599,0.060855784639615475,0.05673951876842326,0.0940623503625305,0.034920911774361615
1994-01,0.13069643595381414,0.027048688366303385,0.046917475975172575,0.04271320722829756,0.0383258341524027,0.03249477791210709,0.07038207123243326,0.02638401596074149,0.02353125488108022,0.04129452433152791,0.02539511285321496,0.038287791231991955,0.03664326489368905,0.13251711486577752,0.04290782973962817,0.06145740381497426,0.05671223769879437,0.09155540014942094,0.034735558758628396
1994-02,0.12752635167705062,0.02642436818851706,0.048103529083592014,0.040464872234843574,0.03838568674944838,0.03462371871496676,0.07006606766340195,0.026396890709026594,0.025160924665788217,0.04061891083201116,0.025850402274831465,0.04053329649059624,0.037347418682477304,0.12760195388895118,0.04245075936486414,0.06380832169843166,0.05873430719574651,0.09101086979715776,0.034891350088297364
1994-03,0.13344349086079615,0.027188439378115523,0.04792603101928307,0.043706881883939126,0.03937372869029242,0.03581695392954407,0.06717649933483644,0.027708978605727335,0.025182289283183612,0.042168246579590306,0.027363832570360024,0.039684355024115055,0.038246086686799886,0.11742351867776513,0.046073362798157345,0.062393593658094666,0.05814661931898839,0.08569955554918332,0.035277536151228236
1994-04,0.13700020042905103,0.029843459827697306,0.0484365155292718,0.04736814445217831,0.040138549033895216,0.03704135095552955,0.06338048467813272,0.0277605091081062,0.024853388987240935,0.04203392868385306,0.02753588854112693,0.03877326507187932,0.038149174396227996,0.11533283575709079,0.04615799232420723,0.06433016448640183,0.05716701071469357,0.07876666130899518,0.03593047571442109
1994-05,0.13383789994629422,0.026875449818941896,0.051438882448431957,0.04699560815512296,0.03909797762713862,0.03815013743029129,0.06673021735988757,0.02813065573937255,0.024922584689994837,0.04207344233072273,0.026935065739720827,0.03893019542585132,0.03777519842733577,0.1176626402071006,0.04579678872117106,0.06554003094960426,0.0563005494839001,0.0769517691298897,0.03585490636922785
1994-06,0.13249085850973613,0.027171137320691967,0.052180012808734084,0.045268730155315955,0.04033585940638811,0.04021940256677887,0.0703517871349801,0.028592778742379005,0.02592240989709993,0.04415664113621063,0.027078635926656734,0.03805470311250963,0.037709381287192596,0.10469346263574644,0.04442514964552422,0.07057519885766335,0.05875986513928238,0.07583595938875295,0.03617802632835693
1994-07,0.1367633916750205,0.027086605795180067,0.051687532785109194,0.04457381990499061,0.04031158609040709,0.040028135091703256,0.0696715296247452,0.028273862847796167,0.026993198488034623,0.04544710859130544,0.026037944028117554,0.03779665616242505,0.038190554334851544,0.10097192726281407,0.044797165369394536,0.07052847994897705,0.05860191682695755,0.07575642265092832,0.03648216252124231
1994-08,0.13621639790952328,0.026546110143851987,0.05177007283876044,0.04360366467412966,0.04011395371884515,0.04035744726089681,0.06810587408730903,0.028262429740399216,0.028115544524249914,0.04334360222116464,0.026657101767773635,0.03794587484706872,0.037271371813064155,0.10519599210206262,0.04364126667464863,0.07023051278749766,0.05909769613566901,0.0771035391109297,0.03642154764215576
1994-09,0.13585044484793665,0.027118489983354456,0.04995982320482625,0.04399428537874513,0.040770331004690914,0.041262675510740345,0.0720976002787588,0.02910272493876953,0.028805719072541928,0.043481108516862585,0.027919715920024825,0.036169383890678954,0.03720617155344218,0.10090234486160786,0.043771408577710474,0.06936731516387801,0.059462568385237814,0.07600967448855818,0.03674821442163511
1994-10,0.04376977316343362,0.026573942851304544,0.0573285047248796,0.016755146619409654,0.012138109639325928,0.029842664507301345,0.048940327529070904,0.02521967660434522,0.01642887123555268,0.028649468870486926,0.01623583636353228,0.019512783158428977,0.022773984686318496,0.055715892562524905,0.0206118477753343,0.028951486626176613,0.04083003953072009,0.13972164355185396,0.35000000000000003
1994-11,0.045027584173958454,0.022611884852191302,0.06488376252412498,0.01703422752505188,0.012088483384046621,0.02914141255513388,0.050238728987153466,0.025102282112592793,0.015206985444162347,0.02904761275367683,0.01772066850465105,0.018694554744694013,0.02332532345779739,0.057049396880623424,0.02083530946049186,0.028581975526834506,0.04071732683751539,0.13269248027529984,0.35000000000000003
1994-12,0.04631755920014047,0.020430743453278423,0.059579526826134904,0.017124053439372584,0.011921990240757132,0.026411127708582935,0.05400031237437478,0.024561309976325187,0.014079400213959304,0.02845097656924269,0.017706168188442662,0.018264186221258125,0.02304591277053273,0.0609692680018221,0.02089250648467217,0.026787239922655012,0.03868403140492235,0.1407736870035265,0.3499999999999999
1995-01,0.0466485859610297,0.02060935002733571,0.058178365162266966,0.01680213796671882,0.011504019535800674,0.02755127572501535,0.053724465943885934,0.024335680530453915,0.014530245401497425,0.02840655778061429,0.018345627348616927,0.019150163411224542,0.023328402781525304,0.05997597087377251,0.018733956448958776,0.026784082929890537,0.03980844395352308,0.14158266821786955,0.35000000000000003
1995-02,0.04634584284268931,0.018135110801930473,0.05429256973968536,0.01558586300047923,0.011764433616697533,0.02501533825563514,0.05642694037301496,0.023635658849915118,0.012892581691328132,0.028404089218795416,0.017786395654139767,0.016769205461789657,0.02309636000338252,0.06699622393065503,0.018670318744385357,0.028671649125114097,0.03901187480920392,0.14649954388115904,0.35
1995-03,0.046154719870728604,0.017637677195147018,0.05583383653928691,0.014832146536029874,0.011657445425401255,0.02576081853820466,0.05520682454838551,0.023013721458858286,0.012266151384763698,0.028526921392731504,0.018407339419883872,0.016555858151129213,0.02385075943571072,0.06377511065341666,0.017969600774515603,0.029205977585778434,0.03928430269718144,0.15006078839284673,0.35
1995-04,0.05323385277228167,0.04670796709192455,0.09632072485155357,0.04748799015072901,0.013967655533213484,0.06574693464826677,0.04767496256781147,0.03876566397001604,0.06288469355706235,0.059468553976883776,0.02306763595123295,0.016473367524752314,0.047522300609151,0.03727747953387479,0.027679842038794263,0.043270815518155196,0.05563767345422334,0.09558490079457412,0.12122698545549938
1995-05,0.05573432425351124,0.04353667167970608,0.09784128649872488,0.04492747348283545,0.013719737640110452,0.06779815580203086,0.04934575782856539,0.037128479227646796,0.0607986564734389,0.058818292555046676,0.02606204210946066,0.01614813647701269,0.04916771309078195,0.037772839360529754,0.025141418179913128,0.043148097778090914,0.05597442561445916,0.09564877685061783,0.12128771509751704
1995-06,0.05852246819116617,0.03955878235717118,0.10192108074199599,0.043091294824059996,0.012656183808178696,0.06848140774891116,0.04871418381656878,0.03545973601698306,0.05915855608482803,0.06188231535332446,0.02542719343973267,0.01571698953973379,0.04811037665078039,0.0400323224504877,0.02443636238130052,0.045842051242219996,0.053391019439384506,0.10779144652531081,0.1098062293878621
1995-07,0.05848064575050495,0.03859877863655914,0.08969564066020841,0.043467288544980734,0.01237287313776972,0.06786363573885533,0.05014049699008669,0.03636602999820749,0.06561616274204624,0.059876102603366725,0.028130030099240082,0.015477951741534485,0.05059456771483523,0.03765055618057755,0.026184556422742377,0.04575544944751869,0.05897454797287613,0.10788913789136718,0.1068655477267228
1995-08,0.055371081715763264,0.04032547514461266,0.08681066144875187,0.04582056340827013,0.013166364354726996,0.06637907964904512,0.05021104930280019,0.037380193409564826,0.06920829951863665,0.06019262139926855,0.03184250155196974,0.01614444920211214,0.05492844023990953,0.03588474024496915,0.026837567480742296,0.04708051980907902,0.06313142944402991,0.09927210771702216,0.10001285495872586
1995-09,0.05494501892162582,0.04096216990324461,0.08297770203298607,0.04572766715595634,0.013090265022211603,0.06613198430132812,0.04990686972162745,0.03583529530799739,0.06832992625532876,0.05808632511877019,0.03129139179230121,0.016005392628403035,0.05434985327703448,0.03615056114492498,0.02469112149859947,0.05278560962601973,0.06629570077693253,0.10413132106797743,0.0983058244467308
1995-10,0.12188743540857505,0.028782908638720368,0.0659949767841626,0.037711300700095915,0.020294451863001575,0.034185446298396906,0.032256216087283976,0.036791560594970796,0.011491064326396813,0.0326408743623587,0.022743737691669062,0.07361133130416235,0.032767163323525535,0.10127046420383938,0.042993606060016336,0.019167794108115376,0.03544834792365407,0.18413518124470807,0.06582613907634711
1995-11,0.14093286589678228,0.028251338754976128,0.04949331781034874,0.04179931471122016,0.04074570039646106,0.041087285506383735,0.07754546645709406,0.028148236538164305,0.028455613084474047,0.041841572773880224,0.029787987187599684,0.03364109625284541,0.03584502385873786,0.0994856808050726,0.04219721757936655,0.06703708319679764,0.06124635630198315,0.07526913579072698,0.037189707097085446
1995-12,0.14131274384992018,0.028824067793666294,0.049368226127440434,0.04072851996230516,0.04107123494187791,0.041460119118319975,0.0774028550081959,0.02872933986733229,0.02916505483200724,0.04300510093928564,0.028551285010920968,0.033670201602524236,0.03658275022694233,0.09658655208468894,0.04242842105665991,0.06799715632509269,0.06061561289939396,0.07522246102759662,0.03727829732582937
1996-01,0.13957154091456128,0.02899814333738329,0.05132133511406382,0.040759413981473605,0.03949633840000953,0.04140285656853503,0.07894149294463718,0.028738681815178222,0.02813460239940629,0.04172781501118318,0.027329914611566343,0.03439507573664095,0.03619563784948003,0.1013190067922559,0.04049481541803296,0.06715244490919108,0.060436726909133785,0.07649627464337483,0.03708788264389262
1996-02,0.14046951973453287,0.03147687764844744,0.04973901579744889,0.038424193570467544,0.039796330736570504,0.042544981001992534,0.08126368381987636,0.02839010985898024,0.028493281909497827,0.04123145144213656,0.02760780524424496,0.0344787001444528,0.035502923227110725,0.10105999587493461,0.039479903379517865,0.0682060014021236,0.06026177715454099,0.07463210721796616,0.036941340835157585
1996-03,0.1422141834505686,0.032141439273013744,0.050179955923723034,0.03923590812012774,0.04011975437306921,0.0437360243849777,0.07887706963018726,0.0277095537323834,0.028188188889247488,0.044148672006662094,0.029122049133240395,0.03503646468370138,0.03667914767038803,0.0950015187340999,0.041861293486732336,0.06927892430421065,0.0602300564203601,0.06893555449511252,0.03730424128819451
1996-04,0.12844472851679037,0.025791476245299032,0.06813770056617617,0.03379366928358879,0.020455693976430697,0.03161424226903109,0.03757472146338101,0.03584670648534942,0.010968981495697392,0.028201957774342482,0.024143788125244182,0.06657043604276945,0.03273407162526375,0.1052769462577867,0.03737286315522596,0.019658453474238554,0.03520283858659276,0.19011757571575263,0.06809314894103967
1996-05,0.13660996863562191,0.031808160655621004,0.05247732326530205,0.04211799040985619,0.040313990291006505,0.045460080343045134,0.07734576166624314,0.028643019004210013,0.029533706773878562,0.04479171214505081,0.028303915643600068,0.03703422341968381,0.0376098541480132,0.09150356997699288,0.04437532544378915,0.06858987413431594,0.05983540184741659,0.06600515462260674,0.03764096757374638
1996-06,0.049673539295353016,0.019487656207431637,0.05891755416583712,0.013968236928599583,0.011787744229563305,0.027288270302628616,0.058540534927532174,0.02184885645857,0.011716910397437098,0.028970358806577796,0.019989982877013607,0.016213493269694425,0.025296730625632934,0.057606377234302224,0.01838079539548589,0.029770437628359802,0.04068558140758139,0.13985693984239944,0.35000000000000003
1996-07,0.052303333485324476,0.01644871630070726,0.05738556759293909,0.014162971198922888,0.012029313795474516,0.02552695994947715,0.05815679853552247,0.021850050336662975,0.010779458814565893,0.028297827095114407,0.018261024360993215,0.014880163995249149,0.024585280297113075,0.06519598526521297,0.017830914281507133,0.02955751526006689,0.03789129312363115,0.14485682631151528,0.35
1996-08,0.05089711747137965,0.017297609946162907,0.05596691212160091,0.014527125006316031,0.011764274658604999,0.026258264207347778,0.05770717096385742,0.021988791411025232,0.01072881562517021,0.02630971418562635,0.017802457308320148,0.015120411409827372,0.02456492488497079,0.05877490986754313,0.01704266280533208,0.030702707102134203,0.033710575161720976,0.15883555586305984,0.35000000000000003
1996-09,0.0505695012084345,0.017159992088285565,0.05774652112046413,0.014909540861870074,0.011520179803891356,0.026850849725108535,0.05683668899734671,0.022320762600912133,0.011064980170532816,0.028363187445385685,0.018400744023948874,0.015042844723702167,0.025020623821632136,0.06076299260536289,0.0181614494835317,0.03208702853786179,0.0341268121653832,0.14905530061634584,0.35
1996-10,0.05129279759888859,0.015380434896404718,0.05746651373464753,0.014960571910247392,0.011758331521029189,0.027669528723605733,0.059869898217631105,0.02295653159607152,0.01064526637423779,0.027566140854367212,0.020540262126844813,0.013950642739896879,0.024473974445726496,0.0572576136905747,0.01767222517943187,0.03317306004292197,0.035101490614581246,0.14826471573289135,0.35
1996-11,0.049140268216061316,0.014614505638052425,0.060238982883809356,0.01447744043042625,0.011079871468260285,0.026801373866172894,0.058017646753813844,0.02226719119625709,0.010037499172779334,0.025643881956286287,0.02012877098979405,0.014732436593186104,0.02400730939707179,0.05947306335490626,0.016392508047646227,0.034803308028575265,0.03190054539104262,0.15624339661585865,0.3499999999999999
1996-12,0.049362325950905124,0.013932365196976139,0.061251376605264536,0.01344371877007456,0.011250366716928934,0.026781988398272102,0.062299145099625766,0.0212927593245735,0.010289137347436,0.02632824848938408,0.0226083583934625,0.015024228808185588,0.024416217015125592,0.05841649782693352,0.015917024792497934,0.03711739553436291,0.032631282065952984,0.15626258640132248,0.34137497726271576
1997-01,0.050379280627971416,0.01423223925376692,0.06473127659604895,0.014579145998040579,0.011341005285812455,0.02699963044558923,0.06235406287084419,0.0220245768170543,0.01056517469231532,0.028181492203403772,0.02252203928103437,0.014950898750473722,0.026073323603494843,0.06101606469875445,0.015456360655126167,0.037400357774387265,0.03372468430434247,0.14738460549987556,0.33608378064166405
1997-02,0.06462340354882846,0.037066737526453515,0.08513218968590419,0.04578680535586747,0.013148601823521709,0.06660432320822884,0.060881358855559044,0.03600863745098146,0.05591067279625585,0.04995639741949062,0.03309301102812102,0.015837175408951756,0.05649323941833502,0.04053443648502036,0.025146270572749842,0.05998570507486445,0.06672995227777999,0.10123985359676758,0.08582122846631882
1997-03,0.06896427827058543,0.047248289393207646,0.07304493699333697,0.048340431269754534,0.0136447900273167,0.06772210117854796,0.06479795813285981,0.0357658284875665,0.05600068084776308,0.046342539635418664,0.02884934656072956,0.015925768791984703,0.05435873340390224,0.03951712061236599,0.02713045894612794,0.06529285397396149,0.06396964679078782,0.10096463144582093,0.08211960523796209
1997-04,0.05704759830139128,0.013833210496474168,0.0683235423812881,0.01575118513462656,0.012247089738360258,0.02865406359586782,0.0715023501543765,0.02288776309953149,0.011242101641611685,0.02912818193063879,0.02500429918634999,0.015450673415014582,0.026579710962702292,0.06067714660752662,0.01579019463634419,0.04106697306679487,0.03518875292288922,0.14277789534553229,0.3068472673826793
1997-05,0.13895758110849238,0.03141245771954231,0.05262891948291922,0.043569879070763554,0.04077047726201917,0.043983280997173725,0.07896284561698334,0.029414273099351764,0.02869675187904884,0.04419891178432327,0.02949714878144339,0.03660786012951661,0.03740536438604459,0.08925239082574744,0.044488768524367346,0.06889498946910005,0.05761260117409102,0.06580232414522309,0.037843174543849056
1997-06,0.13538459309602083,0.023939630064697456,0.07619729409933536,0.03818005639008094,0.023169438405683362,0.030501817263156296,0.039562628671425175,0.038404818878652776,0.010884735575454326,0.03245027078628154,0.030330468274519434,0.07004793026484175,0.03465056972424844,0.0920766261048655,0.04066396663747407,0.020555512270400887,0.038593945821220846,0.16493242429373114,0.059473273377909815
1997-07,0.1347444028700698,0.023359475515796098,0.0720771356883249,0.037989425932634095,0.02392134506728585,0.032907776839965736,0.044534617898824076,0.03937659698913348,0.01093227995708817,0.03275885189007788,0.029413072102646397,0.06855721469789076,0.03468263255552139,0.09313202251936843,0.04280622313778652,0.021970927067161354,0.03957258082554595,0.16318863706686204,0.05407478137801714
1997-08,0.13401701807800154,0.03162618161656481,0.05295243625693697,0.04320846151436264,0.04100096101463821,0.04370105532987814,0.07875255265257455,0.029907247867256025,0.029415812324833538,0.045648798666352755,0.030856975391506492,0.03656889676788417,0.03774502685217998,0.0882698994867942,0.044612592564712554,0.06908006551276494,0.058884018290557755,0.06533069263646055,0.03842130717574025
1997-09,0.1241486377141137,0.03295455301271413,0.05575865948212458,0.04352070055207766,0.04194885341564773,0.04363203808091046,0.07467510141588604,0.028841461578078296,0.030130217107482996,0.050135050493078266,0.03154475536923174,0.038951275955915396,0.037233617192792244,0.09137792939859564,0.045322848585523025,0.0677237326305005,0.06060018545070978,0.06261042658079277,0.03888995598382512
1997-10,0.12346736612896127,0.03308603761816336,0.056260270794121416,0.04370661780787028,0.042016084038834826,0.04198410818542357,0.0744909596657199,0.029133538242306117,0.02932551204473522,0.04859264995717356,0.03170615788780037,0.03906385762967096,0.03765479456484367,0.09200137798502284,0.045220986112100084,0.06885465741950918,0.06093749003673449,0.06349008782271598,0.03900744605829313
1997-11,0.12160371638441876,0.02917078685667796,0.056809324364961354,0.04161053012568344,0.041262722733181045,0.04144580610444614,0.07833404780985753,0.029789704565281915,0.027741231456034406,0.04705134714352727,0.028603402361181106,0.038996134890760197,0.03616152086520658,0.09704968869531416,0.0455113258106331,0.06951410303261668,0.06092640839209007,0.06941535063842645,0.03900284776970193
1997-12,0.12131854263118937,0.027115216809981895,0.05369496525938932,0.04061662453731331,0.0412620654431139,0.04158660147149422,0.0780339236481024,0.030176669631693926,0.026532960730334006,0.046817508237617184,0.02928674032008635,0.037470950050003345,0.03619757822476145,0.10250391349308718,0.04718206658450119,0.06868190173727924,0.06144396364855735,0.07137272806816959,0.038705079473324924
1998-01,0.1193554668717662,0.02606307252509441,0.052375865257518237,0.03775134792052987,0.04102487196643654,0.04075736679731285,0.07857332916823226,0.030993431737411245,0.026366858080850264,0.046335980924072005,0.028127665907267844,0.03848119666571988,0.03583184337925857,0.10950208795565791,0.04559377408672369,0.07022069759783026,0.06030531163804021,0.07406328501434348,0.03827654650593437
1998-02,0.11703177483479446,0.025934533881107173,0.04938873110157537,0.03796517205718463,0.04217674558837089,0.03979677673352041,0.08374057155612218,0.03153034829233128,0.027156001896002646,0.04540478732759374,0.029378308171178848,0.038803889449688676,0.03623995502214734,0.10236164897468875,0.04650249052150276,0.06869526766837186,0.06287094932014016,0.07658697257730762,0.038435075026371224
1998-03,0.114603468989147,0.02584829460895236,0.04953314555844044,0.0385815594783162,0.04298621124052028,0.040187740741370305,0.08283995056690957,0.032118982016738996,0.027042603687165732,0.04624962828542586,0.029934511050596743,0.03978054640241121,0.03664389703185007,0.10054090872409038,0.047476485311730245,0.06927557655609384,0.06323687354759112,0.07475885165730412,0.03836076454534554
1998-04,0.1141796803722458,0.026702712643554775,0.04966271793969164,0.03861773646987478,0.04329046351097972,0.040329542862582106,0.08045010023373002,0.03286255825708029,0.026885664321392548,0.04625473036865075,0.029011000164635356,0.039956091779595644,0.03639983712826253,0.10183197777563628,0.047956214515033256,0.06904726295638224,0.06399675218487205,0.07398245118707542,0.03858250532872498
1998-05,0.12174793413090358,0.02096560637623944,0.07052802857731022,0.03524873554163751,0.023711092546858593,0.03373915589285899,0.044221862205747225,0.04229697735035614,0.01244253947272022,0.03159897826929509,0.03566282363431292,0.0717447816376385,0.035808987491271135,0.09224083131705661,0.04697025441037413,0.026395469694696503,0.04244235133180996,0.16725886305112098,0.04497472706779233
1998-06,0.11991088480118345,0.01882473078539321,0.06290869476477133,0.03525971484593068,0.023569719478706022,0.03592159451189075,0.04375144374252445,0.0430493406282546,0.012042799246542267,0.030608321473881914,0.03189353112433154,0.08244715100518442,0.0337549158807527,0.0870344820306528,0.04979838119900265,0.026741692362091837,0.03835066402551538,0.17487013095399465,0.04926180713939548
1998-07,0.11150903752392352,0.026533083160967377,0.0505143107613495,0.03911169143124326,0.04453023539284357,0.041106743450185286,0.08220482811785056,0.032790470591857274,0.026983466346309725,0.043846525325854126,0.029753475938763804,0.04107481874983404,0.03555740150864199,0.09855242392939376,0.048421417523656515,0.07098109401927769,0.0644878648027837,0.07344102050111492,0.03860009092414952
1998-08,0.10734521944067646,0.027033998667212907,0.04840346255869661,0.036170885793498135,0.04667944556080339,0.0384784964666289,0.08704154992471537,0.03297511346572703,0.02632913310355695,0.04170354190426774,0.031524664892282984,0.043330247928762985,0.03476117226504673,0.09307449314676289,0.04967325269279023,0.07410734959175841,0.06684937298117989,0.07556053763815058,0.03895806197748187
1998-09,0.10075444761474955,0.023584942797653156,0.04848005292485782,0.0319734810044351,0.044823164347147296,0.04015568639447054,0.09281425007522362,0.03127261359968155,0.024452315630218154,0.03537283901994022,0.03022744950695057,0.038893662146301675,0.03174278903665719,0.12265422894113427,0.049647982841849056,0.058306423394129926,0.058088191297191456,0.09880111643733086,0.037954362990078115
1998-10,0.11032360535860525,0.018506465079525553,0.0591690468485102,0.03188125089617835,0.023385922990930695,0.0316601237367121,0.05037095412390849,0.04061361479078237,0.01155941097040338,0.02452990096097635,0.03369496954918188,0.0773068109242881,0.03139915362992475,0.0932251614352735,0.05239681056927479,0.02742011945011241,0.04104016728393878,0.1897321622551448,0.051784349146328304
1998-11,0.12103800281674434,0.01806226207178481,0.05582707522073706,0.032063524339855036,0.025466882580480955,0.03024441208121961,0.05176535223978545,0.04352069212911052,0.012233132470998616,0.027237838419265414,0.03608573047162065,0.08183412366596995,0.0340310232992842,0.08308903330676945,0.0568414869278152,0.02925464244756095,0.041920099554496125,0.16952756226194923,0.04995712369455238
1998-12,0.11966843424146943,0.018317432208368706,0.05314641978407359,0.03370498124612813,0.02618756598005291,0.03116834368230987,0.053611821372462516,0.04554757476717453,0.012085292833561037,0.027940343975914175,0.038797815688759944,0.08066718226825612,0.0350106620397301,0.08021458751388717,0.06023322024178999,0.03108088958368526,0.04553509024576598,0.1570974057315084,0.04998493659510209
1999-01,0.10828600983470517,0.02000951160671916,0.05003630336066952,0.034828103724332836,0.02637869403805771,0.028059291218349675,0.054151756253550565,0.04966780452620639,0.012345337712822705,0.02531221597175205,0.04365498197441,0.08012851986702292,0.032955304697334584,0.08100061384902617,0.06386334811521728,0.031829912454326835,0.05204650560094981,0.1547249767865721,0.05072080840797451
1999-02,0.09988339507622247,0.021810066212938607,0.045928719705082645,0.036069173285284924,0.026345633224710584,0.025936539667449875,0.05217709069484658,0.05298403672744292,0.013390826975557654,0.025365681379916915,0.05029674601482052,0.087344615804837,0.032567573242523185,0.06867797150764979,0.06596947588846003,0.031998420430555605,0.05873587889225085,0.15394630115491506,0.05057185411453488
1999-03,0.06045508201502003,0.01253239744309034,0.06174801366755668,0.014227623900208763,0.013709889616095485,0.027897701047710954,0.08566680532211916,0.026672850849386746,0.010821655019072245,0.028595736312964415,0.029909923296990125,0.01842092854244516,0.027020957646157806,0.06032382466294838,0.01841955713479889,0.04592964645359435,0.040248626034325476,0.15708768117200864,0.2603110998635064
1999-04,0.055502670655814164,0.014863590022351537,0.07302342982035626,0.01402011553244366,0.013498875066454382,0.02890931039843915,0.08434984487812083,0.027851989851302748,0.010466541701647207,0.02974623616882779,0.0316109396470266,0.017750417141385453,0.027766595739739306,0.05660961195152332,0.019233893983470262,0.04668613280436894,0.04241278974614894,0.15596807573313534,0.2497289391574443
1999-05,0.056855264585428694,0.01620742421701613,0.0890993517495076,0.013202449191984635,0.013772768634169083,0.035234131080858606,0.07746086465462071,0.026363382892628098,0.012485133579092972,0.03399587118956125,0.03129097212477059,0.01702467129262012,0.03045274304878661,0.05896566117321926,0.01671446943743728,0.04996788649915187,0.04358432054087502,0.13720529874536855,0.24011733536290292
1999-06,0.06076475519820363,0.014740462311414446,0.08519532631830921,0.01386371284241753,0.014046901324887034,0.032529611183213666,0.07559433811316436,0.026415081925102817,0.012034714576742064,0.03540785288835066,0.03237716913039266,0.016473316803231716,0.02987611269397228,0.07471040711427708,0.016645993792697183,0.047391161284011475,0.044297901270209585,0.13424717013039894,0.23338801109900376
1999-07,0.058773027838165244,0.013245019788748784,0.08665909520327758,0.014481856340283877,0.015408756953647051,0.03478819532738093,0.08279936851034314,0.02652435226038507,0.013809694532938746,0.03702672612667572,0.03957327785155182,0.01644424889440612,0.03184240125843318,0.06643786111635044,0.019232333471190025,0.05064704999935449,0.051606026079659376,0.13033774380548052,0.21036296464172793
1999-08,0.05878432289074919,0.012609565431770667,0.09193335301322302,0.013790334809069736,0.015653149173746304,0.03622468120263836,0.07405958625587168,0.0271515560359979,0.014744858884444989,0.03792731034468958,0.042600145961314194,0.01546729553272361,0.0325215263925536,0.06844385705102206,0.018517687424590073,0.046183030123212114,0.04901505544688229,0.1360793223950775,0.20829336163042309
1999-09,0.05537053357244739,0.014135558028071314,0.09352250768626587,0.012122663142519967,0.014858921140448345,0.03306315819807713,0.0797156777846466,0.025912500587776652,0.015165813848880508,0.03425858051939284,0.048183953745937126,0.016968358333499134,0.030472084923468458,0.07031837477460752,0.017264755694328268,0.042047262699231785,0.04678864471572434,0.13853160723456098,0.21129904337011593
1999-10,0.046026919125647894,0.01373071341315342,0.09109835672823148,0.012499833072316568,0.01288308613898469,0.031142359084190215,0.07047031593254101,0.02612196695818446,0.015047504058692016,0.03343720435181029,0.048796429840297056,0.015664824319765076,0.02826356597407057,0.06449650431559847,0.018213516952678626,0.03910369723049332,0.0504965347201035,0.1483888008475883,0.23411786693565306
1999-11,0.05051113498023108,0.014958289806884555,0.07914268069488889,0.012468491046253275,0.012537596527356832,0.03013672050302621,0.0728938142542214,0.02621662900474568,0.01490625137245712,0.031098291746742734,0.04759664241199002,0.01618608893752616,0.027201977253107558,0.06282092480714266,0.01859008802597437,0.04305147241254195,0.049411518686038686,0.13896895189606803,0.25130243563280286
1999-12,0.05285465993432215,0.015864300879317512,0.08482451072663728,0.011978498824338983,0.013023463948705198,0.030928834886492347,0.07423242591958544,0.028291842257755207,0.01738025287927264,0.030136691280285892,0.05468784900962788,0.016507506835874357,0.026337147408505443,0.0541128467658061,0.02105793822172254,0.0413981159221612,0.05758875856656118,0.14078185987847172,0.22801249585455702
2000-01,0.046099743684622094,0.01799751016901526,0.08583301585126853,0.012200637030002544,0.012964400735229345,0.03351252085078152,0.06403492746222986,0.03399988515867287,0.021777124121947794,0.03170523279247524,0.06594695173471546,0.01709704570402347,0.026732394160500057,0.05052878886017953,0.021522954361839253,0.04040748624353844,0.07086620586176959,0.13130440282456884,0.21546877239262038
2000-02,0.04307939713687449,0.0247091763780139,0.09046374811631333,0.011215777407066536,0.012161228270826389,0.03003218965431458,0.06980750901345764,0.027780147158520455,0.022164254532380346,0.02795600629390395,0.06671652228525332,0.017908597213214937,0.02402227477645188,0.060152150076639176,0.018590044249225435,0.03849909858131061,0.06282402265295782,0.1309875340051465,0.2209303221981287
2000-03,0.036874089205328885,0.024511836820242678,0.07944929817685789,0.010927114236453688,0.012442479712237388,0.027418441592149893,0.05711314307127584,0.027799873172475932,0.024950745747038743,0.024132010497443113,0.08002376920536497,0.016962831300850717,0.022785893444377855,0.05268049759550044,0.018058366776751742,0.033539913197280766,0.06628247949268741,0.14674175303864392,0.23730546371703815
2000-04,0.036800074170128434,0.02224448911720082,0.08755040039205249,0.012234666530990505,0.011679021203651028,0.029326330299890773,0.055379107928094876,0.029558993037682075,0.024139226090456344,0.026124255920379508,0.08516060017057112,0.017487046864128754,0.023959538328478646,0.05351456185258057,0.019482369349579573,0.03775829071839704,0.06677160839895575,0.14512451625304099,0.21570490337374074
2000-05,0.037038225235250834,0.01937252600771609,0.08949308838685976,0.012504933719594885,0.011426059406345212,0.027802890656595244,0.0651616478689697,0.027550892147717332,0.023964933148192896,0.02706047297834293,0.08665172118871055,0.019909421308730916,0.025715596663637545,0.06242868058182085,0.018403552304907075,0.0363933450242824,0.056471029533918665,0.13860068019077473,0.21405030364763236
2000-06,0.04591719969016676,0.01838002582428295,0.10072052472989833,0.012349575050004434,0.011987679893069945,0.028451704927806572,0.07106165590163678,0.024361662212483183,0.023237351929920852,0.026501666332439163,0.07248471160315248,0.016963585452500457,0.025396608290689127,0.06844246148747156,0.018608283309985454,0.0392344440368469,0.04867159082822326,0.14086322038006152,0.20636604811936038
2000-07,0.061430299574063235,0.04002127354127655,0.09044566901964605,0.039548744886785746,0.012032447664459996,0.06226873641468428,0.06426710650180523,0.03727307392826675,0.05992615627920794,0.03821299196511154,0.03974487288767399,0.01619209381164444,0.05350366838156986,0.03989273448866408,0.032748835731487194,0.06021397473350673,0.06863261405445928,0.10133396339347317,0.08231074274221402
2000-08,0.06410224241515486,0.03665255779190349,0.08727095299016412,0.04391387554632902,0.011153857357760822,0.06401330611393852,0.053648078901582595,0.03748366402041967,0.052419861484764095,0.04215396157627147,0.03798459909934171,0.01839234698629115,0.0633986948505904,0.044392533330110596,0.030595485226325058,0.07190281717920934,0.05742218999201213,0.10245859319193737,0.08064038194589357
2000-09,0.05041141837662215,0.036326446660199685,0.09253532080809027,0.04119777424852397,0.011722109863485425,0.06070668778546687,0.04976704685765575,0.03356614120200747,0.06491070570649414,0.045432574158691334,0.04382949982511879,0.019042417338518382,0.06058142621344685,0.052096965060510154,0.02560107834880886,0.07646684181103529,0.06021596415092696,0.10428414462504859,0.07130543695934909
2000-10,0.05663907770888595,0.032827991611837776,0.09976714028066287,0.04219867965825689,0.010299887272855144,0.05572137999285656,0.05661745353527089,0.03612811207269982,0.04985373124061099,0.03992660970905068,0.029497999932733394,0.019043808577572773,0.06329524809409362,0.06602658142121198,0.027789104456401273,0.07767636736539228,0.05034732353070644,0.11152675700650837,0.07481674653239233
2000-11,0.06450911525069059,0.031673655136364616,0.09166977932293768,0.044208553947549405,0.010599924494356662,0.05781644337450736,0.06324084397154998,0.03218721240486554,0.03979738373281063,0.04281492715712195,0.026684069996815923,0.020378862394814037,0.07564110559722192,0.06291243089666106,0.028523213034263018,0.07608890277290706,0.044161720574632204,0.11373646930134827,0.07335538663858214
2000-12,0.0701397609115148,0.03623412281613035,0.08304505448982047,0.04810664385721458,0.011327789773562134,0.05970807857669378,0.06813012583244953,0.030536913933761487,0.03140878503802369,0.037218336647872385,0.01844019269061035,0.017828448537630295,0.0740146168619292,0.06960246079668005,0.03153128876873464,0.06709505133244556,0.03176251365325756,0.13736543139564103,0.07650438408602805
2001-01,0.06500468519626763,0.03754496543515787,0.0845548336450765,0.05115454570675127,0.01232307310876676,0.06196206519995382,0.06557747680907619,0.03377932876230454,0.03028093553620476,0.040052333784749254,0.01651305583699893,0.017522903381403325,0.06746433379004359,0.07133857461717348,0.030770785130620773,0.06820868252008233,0.028842047501148032,0.1429916249609002,0.07411374907732064
2001-02,0.0633242821654756,0.03891219871699539,0.08578542166459521,0.058424779664628064,0.012372131998361144,0.06023642593340377,0.05762409312405809,0.03619963297418563,0.032668012596749035,0.041697977432360485,0.01793836381858033,0.019238793366074577,0.07487025190309285,0.056665884363601836,0.03455196831149751,0.07528065572860032,0.03323229960645258,0.13174411153228532,0.06923271509900228
2001-03,0.06188038624869363,0.043427964817180975,0.08367797705715074,0.048884785006901084,0.014194472040120741,0.05836068903190973,0.05964755532273842,0.03484367326039999,0.02279902100515885,0.04257852775253522,0.012110471067931372,0.020887665869521396,0.07409761867670936,0.06768040183850808,0.033029615633731794,0.06730036943276874,0.027454597732299423,0.1547898507371021,0.07235435746863841
2001-04,0.05716997898454324,0.04621288331658033,0.08479201110029368,0.0498380029160321,0.014512322669332771,0.055599069588677635,0.05394579160726545,0.036652222808297996,0.021473310711190883,0.042365735117771364,0.010978405133045573,0.021594628475668412,0.067976872815281,0.07254161617061018,0.0330832900672711,0.06525056310989304,0.02372503596121958,0.16522829834976782,0.07705996109725781
2001-05,0.09922423471782593,0.02548188026309545,0.050602837348060856,0.03713758207051578,0.023840638591881902,0.02768935183801691,0.05542107400654478,0.05302104316513211,0.012979420297238932,0.025268434408803296,0.04374531873467644,0.0877438676655169,0.036688071686389656,0.07273951842872338,0.07250570413683055,0.03452242029798728,0.05284641232682602,0.13941693907421565,0.04912525094171803
2001-06,0.10521016830352894,0.02641451611584776,0.04847569990025086,0.03831621908087464,0.025334704761812522,0.0270842359495879,0.05675148496402015,0.05540556356659396,0.012266682507735082,0.026660878377938665,0.03927050939852407,0.08349192293437156,0.03799213423617818,0.07160178503484661,0.07318249894476465,0.03555269633628759,0.05284421782264863,0.13438073472824252,0.04976334703594577
2001-07,0.10139526618970501,0.025428274973894292,0.04375360216637518,0.03915173989043691,0.027003240167934175,0.026966640153412172,0.053642578021233095,0.055337268724094286,0.011719859991525996,0.027610498110826432,0.040047917429989546,0.09296379840687803,0.03343566538917546,0.0629424068945226,0.07111058106522423,0.03769006841533462,0.05521889145949542,0.14213724198767896,0.05244446056226348
2001-08,0.10066798099045073,0.023139013388553963,0.04209417775122786,0.039514216998046185,0.02651451225781044,0.025840461742266653,0.05574642258167785,0.05663022698994665,0.012104111506166316,0.026968015044188838,0.03712807407902887,0.09477269022675607,0.03446696648524387,0.057227319962357116,0.07309172267609933,0.03699771578117938,0.04813834663082474,0.1543347434657458,0.054623281442429325
2001-09,0.1178777972761103,0.024844444645561885,0.03989502228696191,0.038122979971378396,0.027380469863638245,0.025802145203410887,0.0551280927327759,0.056427579494862226,0.010902208616219438,0.026876665630960014,0.03246871859052243,0.07918098746845151,0.032762163466255795,0.059770618197097676,0.0671162034883757,0.03471882307100557,0.04186855189459107,0.17290315858430416,0.05595336951751689
2001-10,0.12321537572728243,0.026863538189519306,0.039945964531769705,0.030644502774251615,0.02236226280604777,0.025063574191008468,0.06457673784980199,0.04693489794161479,0.00928818379965922,0.022037289552997153,0.02355598486402042,0.06394120989059646,0.025619793106994006,0.05641521763793434,0.06279985449226855,0.03581840702699236,0.03867124216174611,0.21037042176285697,0.07187554169263848
2001-11,0.1218814766447494,0.02613596999503653,0.039616290611818816,0.032005038176742794,0.02314452084276401,0.024959447053883112,0.06267005300886848,0.04686497852696038,0.008946766098906165,0.02318859284097952,0.027164080749625914,0.06215288365208873,0.026068338802483125,0.055495618340829174,0.06355592859816389,0.03344385471668347,0.037975595784248514,0.2168754691838635,0.06785509637130448
2001-12,0.11982837444304455,0.02465277040180603,0.03515078797591005,0.034514651901560944,0.024270114741224046,0.027644625166865555,0.06377366389852732,0.05358957887190188,0.010226059434856645,0.025108064148977895,0.03141370928224075,0.07060749034504159,0.027953420053958535,0.05200777951991385,0.06941769118804922,0.035277590462604834,0.04154366605686378,0.1903908216902906,0.06262914041636207
2002-01,0.12232555175558439,0.0258635543133984,0.037455564047638265,0.03743507596340095,0.025391340304963296,0.026786243685792296,0.059377499544676825,0.05751587895506576,0.00983435005479126,0.027454162011813082,0.030196670427767264,0.06753314678589994,0.029025393874057448,0.05517492555801954,0.07191454466551077,0.03638065728407806,0.0423391016426558,0.17594557353455484,0.06205076559033201
2002-02,0.12068030006130187,0.025682043679891065,0.03582079968675587,0.04001346596476396,0.02623460663191603,0.02611885456933412,0.05851597275580191,0.05694711147090543,0.009904225346909826,0.027256278330399807,0.03176124794123922,0.06901940190573731,0.031785360022753964,0.05016719341820771,0.07468588872920134,0.035546892824858484,0.03868763978180654,0.17656675659534846,0.06460596028286714
2002-03,0.12509660825059563,0.025822654545408438,0.037349416712633594,0.03886462582486151,0.027237865258092107,0.026923742912010547,0.05781708781962099,0.05675050393005273,0.009550536175625722,0.02914159329015174,0.026070663750361628,0.06937804513421,0.032876715676508954,0.04822004383307151,0.07304137258979751,0.033851610043013416,0.035028532051422465,0.18003536806919,0.06694301413337153
2002-04,0.09759769260675859,0.026857791301200973,0.050916121204086257,0.031164764715111596,0.04157970002020948,0.038067690228111795,0.09622330770550282,0.031005380857826673,0.024453551228197427,0.033738402968551254,0.0306609873099828,0.03762453050731305,0.032195225103542224,0.1252916100645892,0.04944066543875953,0.0585057655946532,0.056772777662529826,0.09969501530973045,0.0382090201733429
2002-05,0.10462620184151616,0.026726274221909443,0.04858964486608223,0.03257696388948007,0.04330693640248796,0.03635392205703562,0.09032973654115319,0.031182359004034422,0.022906590585096833,0.03518587038165334,0.02850790979534599,0.038622883158573096,0.03130288243536254,0.12745156295843552,0.049430778512015154,0.059187552874601757,0.04999140136547239,0.10553171581169492,0.03818881329804928
2002-06,0.10948605799645617,0.028124332732260608,0.048475625738581725,0.03250715352332256,0.043616577765765094,0.0374858618205243,0.09184561211754508,0.030506638109519854,0.023021447496409414,0.03442590304390495,0.02784124906208041,0.03968393472096896,0.031643771997163506,0.11502078088605557,0.050249793780540085,0.06065064173727649,0.05002536184254283,0.10684643921314169,0.03854281641594067
2002-07,0.1165967756460475,0.026871075983963214,0.0510809585923975,0.033457825847530584,0.04284505804400309,0.03901858073141244,0.08439270047792848,0.030057844694036308,0.022605610693493584,0.03477263068363741,0.023754420679498414,0.037961799762658927,0.03349192064250023,0.10891985232136395,0.05072760775109798,0.06089042391828114,0.04644473559616038,0.11718986601947487,0.03892031191451408
2002-08,0.11436054327456248,0.02541281427557418,0.04751803928432951,0.032186514984263344,0.04104655438992209,0.03848656653797676,0.0949055307021602,0.028290673205658614,0.019569901870751475,0.031301219348505,0.02372545983125271,0.036547423529463274,0.03382191197319753,0.09024783772356258,0.04838694556360168,0.062312750586499856,0.046576133587176764,0.14706377186676275,0.03823940746477896
2002-09,0.11115607361822209,0.026655583898624928,0.04694958577007488,0.03125603238467026,0.041920848085915875,0.03843361664579269,0.09470722551645469,0.02839941216211343,0.018597099316996133,0.03174774673874035,0.0226716361274936,0.035819711634799856,0.03151618870784388,0.09228218236784363,0.04758714864427763,0.06217245878831609,0.04553922911605271,0.15463561389257993,0.03795260658318734
2002-10,0.13066729741036767,0.027229516070685147,0.03839244960590922,0.03948371228414455,0.02770531895207074,0.02711238185831121,0.053950442095725776,0.052838918582465394,0.00899444617597138,0.031067716537697167,0.025930501563913667,0.07179341933720745,0.03261384343897445,0.050245837454872905,0.07191773176176589,0.03482080562556215,0.032876633693480845,0.17570117773753754,0.06665784981333676
2002-11,0.05513264182929844,0.04754580150229222,0.08605724705182691,0.05330680484339244,0.014591835107072633,0.0570798958973158,0.05215933013771552,0.03668420974738253,0.02102177079780615,0.04558464917881628,0.011420826915449494,0.021729183727478982,0.07033045226079412,0.06663236572740791,0.03273008315637996,0.06550453727376415,0.023828257415882348,0.16096702067661386,0.07769308675331033
2002-12,0.05199987764414804,0.0489968228594828,0.08952338868460198,0.05686510598547536,0.01496206783727425,0.0649197388237791,0.05136527200672402,0.035195311313993366,0.023826452664814105,0.048135119910009606,0.012678357467472305,0.02307580242069297,0.07468427997843817,0.06569733229809036,0.03282493547706818,0.06852281474096074,0.025145265107226245,0.13860376260740495,0.0729782921723433
2003-01,0.05087419938140198,0.056705814929177506,0.08815171717152162,0.051437967566629134,0.014799118592451073,0.0579910205794474,0.04871469068000081,0.03256469512420826,0.021304891608245804,0.04525993984975693,0.011211623522320703,0.02137705188738361,0.07100251019920246,0.0713534088212544,0.02918142803292256,0.061179315538710054,0.022538630806642476,0.16458418890484666,0.07976778680387667
2003-02,0.0490274936928104,0.056681474327667326,0.08936854306491493,0.05065025386300552,0.01409653886142045,0.05469837500514787,0.05010532798628625,0.030661385360988107,0.020871992291435576,0.04053354745609729,0.011282235625601536,0.020868151646945676,0.0683745451272506,0.06990443012876536,0.02848912080529098,0.06316522376514004,0.022416605788891483,0.1648521020622097,0.093952653140131
2003-03,0.04632408003918971,0.055503809281687036,0.09562390527791581,0.04915310377323257,0.013473463744423675,0.051727286635675246,0.04808610156685704,0.033565346494275186,0.021463963930792605,0.04005649463984479,0.011555715712260202,0.018883410196616084,0.06304922393250434,0.06463442601096227,0.027282170489056533,0.06110851663616717,0.021295160952531016,0.18166668193221017,0.09554713875379858
2003-04,0.0460572453997093,0.052206654179276696,0.09607558790674632,0.052085626667352246,0.013959368237654183,0.05464672976017664,0.050374041543644624,0.03457566522383449,0.020696452698209737,0.03940347742987061,0.011443312882745324,0.018598041607916525,0.06256201899683213,0.07004307790818569,0.0300776836694141,0.06010091532015471,0.021976738160759724,0.17682228242578912,0.08829507998172792
2003-05,0.04562362029541655,0.05200284404774475,0.0900647293629008,0.05431047556157473,0.014087696799173035,0.05908528969827388,0.04965945422024291,0.03664273050688483,0.021348537216258238,0.041517131667571955,0.011793946012472155,0.0211992825024256,0.06721908614267967,0.07388535704239921,0.03150284688198498,0.06593132103893724,0.023102995757843567,0.1628940259684168,0.07812862927679923
2003-06,0.04617067077858861,0.05486855336020629,0.09222458772389328,0.05208523198848593,0.013679130714832614,0.054698774423946286,0.04810256039223442,0.037804081073636954,0.022302196501979565,0.03954474311714418,0.012230988484756277,0.019959558789768628,0.06651257649778183,0.07868013574839378,0.029546786301717358,0.06514502619247886,0.023001169180907454,0.16628778441088835,0.07715544431835945
2003-07,0.046243721231414125,0.05860528468217618,0.08914511108556876,0.05099574298263406,0.013416160136952507,0.052569002598609534,0.05222734306954197,0.03804980169479149,0.022917766527591588,0.0398593866749713,0.012337438977127925,0.02027758129860674,0.06833957609767075,0.0795809535761562,0.03116572747818216,0.06496611938221648,0.023618827647663345,0.1587378543271558,0.07694660053096918
2003-08,0.13514450076000928,0.02535818049150903,0.038458650667783374,0.043028660840273625,0.02846369562353928,0.028537740792815205,0.05753997146023416,0.05527794274747333,0.009620178297005158,0.0316119795908732,0.029906194236706887,0.06689850971352358,0.03213618052997355,0.04847425223296182,0.07612396976435952,0.03757629991598761,0.03787418431677463,0.15427966583245187,0.06368924218574483
2003-09,0.11470885765232487,0.026847804752592182,0.04544009194377811,0.03202685402359409,0.03878198235472242,0.036390382036125685,0.09297954820637355,0.026282040964329324,0.01644438110219375,0.030983785728018232,0.020555373167021218,0.03437685867351488,0.03131864765087686,0.07975993355271599,0.0464310709342158,0.05898913757074798,0.042879468805152185,0.18642459409514942,0.038379186786553464
2003-10,0.11481684693647998,0.026433960464648874,0.043772903611339134,0.031127330370850966,0.035692188435031635,0.033469904452994415,0.09448682690121923,0.02563696213413857,0.015768206277132307,0.0296408095665377,0.019482125843879008,0.032494709684728534,0.029557272047129254,0.08322588661059448,0.04294828442636188,0.05876793422580144,0.04167294052316602,0.2019405614812326,0.039064346006733947
2003-11,0.1176115514368617,0.027571544046567288,0.04271028880275659,0.03255041463830532,0.03709731335140733,0.03414125137792205,0.0937147517339807,0.027155028411335536,0.01716354339017327,0.03161307107044232,0.02057011643314497,0.033107673953968804,0.030763559872746357,0.08189373910990755,0.04460422028879362,0.06077829221424895,0.04193038210056984,0.18646163674182017,0.0385616210250476
2003-12,0.12003091785492023,0.02887394499838328,0.04209855107203629,0.03281497504411878,0.03664351913675954,0.03456433619104022,0.0946990839396311,0.026990665610464468,0.017245337173669092,0.03249765706479605,0.020755964218372246,0.03330112013559546,0.02986981487309046,0.08148764866759842,0.043772068258796794,0.06050553712228973,0.04161576250247683,0.18371833921660033,0.0385147569193608
2004-01,0.11990144913888437,0.029108702830564145,0.04475342725875955,0.03177616578796209,0.0360252423522494,0.035964175068417856,0.09610112431530289,0.026147194977120765,0.01780406542310202,0.033333431149273784,0.019986539094645546,0.034764888913291395,0.030103616042386094,0.08339686332957982,0.04092074028475205,0.060641740969826004,0.042275139930635475,0.17885868398429658,0.03813680914895033
2004-02,0.1175310438571875,0.026586731522021085,0.0445339925090441,0.03099202501668287,0.03721989646741968,0.03505333001067312,0.09691879174815952,0.02544068081905625,0.017721863907847094,0.03248580830012822,0.02040219700131754,0.03390943943104693,0.029355686212828653,0.08485234155718838,0.04064844297344924,0.06235755318166066,0.043759908501972915,0.18226378013552888,0.0379664868467874
2004-03,0.11773461697712415,0.027297541568940063,0.045328937639390034,0.03191533762462524,0.03722423881527658,0.03507560353992246,0.09479594238951991,0.026123805911952604,0.01835061177467322,0.03271945048639142,0.019547122738827298,0.033092003360242046,0.02857465447857003,0.08436187937019853,0.042389746376584936,0.06181997198675605,0.0419105385126834,0.18363902192143394,0.038098974526888194
2004-04,0.11936066558046905,0.028068378527305014,0.045169324895489874,0.032630428508346646,0.035879145359014264,0.03429667014005638,0.09014931102634648,0.026797352444477483,0.01755863619123822,0.03394630691802957,0.01913406345984729,0.03245761084716439,0.027772110981135974,0.08568190426625456,0.042151965459233685,0.06124967584585564,0.0409183407779866,0.18885040503715222,0.03792770373459668
2004-05,0.12464519726769573,0.02571359617725079,0.04900481547746401,0.03352166150531578,0.035548692602762534,0.03566078196971,0.0976230549383244,0.026584232720678152,0.017146056323371756,0.03429442764857318,0.018803679635925864,0.035569080348928084,0.0298279539708791,0.08338993577683947,0.04241976695208619,0.059477628969507465,0.04250060229402434,0.16937242955906764,0.03889640586159565
2004-06,0.12362752384349363,0.02689728821753161,0.049141301879533715,0.0333952494487855,0.035904735980639604,0.03584070145754664,0.09567184732819951,0.027156218652379074,0.0180101682503827,0.03435776267726908,0.019840207113765957,0.03491202604298811,0.030308496280788626,0.08466235953036606,0.042377810366091444,0.060337145839051934,0.042796529307004165,0.16624995859120342,0.03851266919297911
2004-07,0.04785998770517983,0.02037305795687028,0.08769823129966824,0.011693626291800076,0.011348568941502836,0.02557760879715547,0.07362207823231852,0.023580968678280096,0.02405173097200956,0.025549398541788986,0.06406037556960696,0.014314619813691868,0.023689576008608597,0.05943202033854069,0.017080565736866567,0.03667714030666715,0.04457816766836517,0.15825133575520103,0.23056094138587793
2004-08,0.04300738934523752,0.021151207650455868,0.0931503402358552,0.011283945121970281,0.010592371915312837,0.024933900384523745,0.06661029452336313,0.02270794336313314,0.02444625461952356,0.02444343327844335,0.05654231941859332,0.013664880050698339,0.02348177721108008,0.06178832517256444,0.01691590482425654,0.0359265937189064,0.04211881501463656,0.1680899078146479,0.23914439633679785
2004-09,0.04216924122207483,0.02136280865477726,0.08956157211053976,0.011012048094187847,0.010529997453609996,0.02529860632415328,0.06785080732885498,0.02356786883837386,0.023849839844104104,0.023530475712416742,0.0515109268837622,0.012861410856941405,0.022809783094088463,0.06449146142330654,0.01609574203112204,0.03663929615390634,0.040740396873885094,0.1792474548496223,0.23687026225027297
2004-10,0.03900315349626989,0.022146876820239112,0.09787926055458943,0.011028416230138331,0.01083471837883424,0.026118476016939996,0.06251907449235994,0.024611216589022964,0.02514378719054756,0.02428055321313999,0.05202014708446832,0.012631310951553947,0.022851605592352775,0.0644652171949112,0.016098854388015747,0.0358478322050641,0.04147233258737385,0.17582853568751725,0.23521863132666143
2004-11,0.039481211529981616,0.021312332136253716,0.09528972288294371,0.011470567251984014,0.010581354596848953,0.025524721282134875,0.05870044670057862,0.024533072078063073,0.02366731657147615,0.025283195701584077,0.0529700135708636,0.011994023241161729,0.02297912881964594,0.06751374076589774,0.016348882143073274,0.035137947815162864,0.04144384541601606,0.17584961140962913,0.23991886608670085
2004-12,0.04493796223697631,0.06587394076886584,0.08921039037658902,0.055810543293032054,0.014708914801134464,0.061072507591163526,0.04721568854875857,0.03905205429014868,0.02681052509960109,0.04773467342294665,0.014108562859004666,0.02340329898334106,0.07228766854672063,0.07313471339032308,0.03331361507331207,0.06890325621838006,0.025112679367297375,0.12068554188459012,0.07662346324781474
2005-01,0.04707594515038083,0.061870346674267725,0.08330666214307417,0.05845120377025783,0.014826371103411734,0.062019036273897196,0.04990874602964911,0.04064598917336698,0.025285659011579902,0.047066528370775594,0.01393056794846402,0.024022948801318618,0.072723356365511,0.07415004237536044,0.03356107607661493,0.07167077443024203,0.025687644181017093,0.11957613895128276,0.07422096316952809
2005-02,0.047524919911754344,0.061557908651882626,0.08862457216747535,0.0565406621251782,0.014499266564058876,0.0610981591295186,0.04728952865662464,0.041923250849065175,0.025924704135243927,0.0446745370398195,0.01365607387767236,0.022185783782476504,0.06777368252431792,0.07796633480409373,0.03418449408972167,0.06919991638375825,0.024668673678170272,0.12897006586359935,0.07173746576556866
2005-03,0.045267781855790765,0.06445429457135343,0.1019523841322595,0.054348395976673354,0.014891429504299438,0.0642756333394635,0.0480681086166584,0.04092816151168192,0.02800344959934162,0.04372363377957757,0.014386608089993527,0.02257059066941372,0.06559466514215018,0.07660466826587628,0.03315391934461582,0.06373445518358788,0.02418831258002845,0.12345273856182942,0.0704007692754054
2005-04,0.04573400114824272,0.06149595843776934,0.09822897972578212,0.05451196860563585,0.014692911868648836,0.0637285974356294,0.050159250412226304,0.03986251884747435,0.026244788996885787,0.04209540211927139,0.014423027674978195,0.020601191606175105,0.06819744296140917,0.07969013497150469,0.034993228028948734,0.06185897156571965,0.024478779312859363,0.12375369132055311,0.07524915496028588
2005-05,0.039114085698736055,0.02176178615431009,0.0987971424980441,0.01140059792398914,0.011085798108994004,0.026855981682341382,0.058386431499335464,0.024566128413434005,0.024991144857484795,0.026816805067381648,0.05311049614950314,0.011950017892298973,0.023507949717889522,0.0709793523647905,0.01618521820941033,0.03527865573941909,0.041666233729899575,0.1627167340259167,0.2408294402668215
2005-06,0.048464970245932985,0.056161342462169146,0.09130397658915987,0.05057693171749256,0.013233657230804866,0.05729276320567068,0.05492612804053083,0.03889053983963729,0.02398192094960451,0.042579532305325046,0.014298563002434038,0.018447314275667225,0.06647937601550523,0.08575621156324406,0.03338275062854228,0.06308846495817086,0.02432330517385585,0.14061290814478053,0.0761993436514721
2005-07,0.0449939597849101,0.05785133334667128,0.09491030016626834,0.052279273327369154,0.013465193958825058,0.05477711474492037,0.05255360946178824,0.03887217483249393,0.022914900465131696,0.04212321624450055,0.01412323664731337,0.01894877203335579,0.06262073633829829,0.09067542795760379,0.033867621680704944,0.06290216218478535,0.023636100670064664,0.1417023308770568,0.07678253527793819
2005-08,0.12905664348295806,0.027312453129841707,0.042321383682862736,0.045206584817628626,0.028044978794284317,0.028331245318809747,0.05149598956029295,0.05979406822968924,0.00986623443074469,0.03312080944036282,0.030264316573249052,0.06920315386925864,0.032327543735511374,0.051457441583220645,0.08027913809894502,0.03553367522988526,0.03735325790399715,0.14763177848158246,0.06139930363687557
2005-09,0.13080770435760922,0.02885194050493657,0.0461436382545537,0.043402936466189916,0.026587493624410187,0.025049811944049125,0.05190260828723456,0.05840247101514011,0.009306123801321977,0.03214023701739007,0.029946109731303707,0.06635701448800076,0.03137253763683686,0.05247440178579092,0.0737819181488335,0.034598234090142115,0.036938779763548237,0.15911188266392812,0.06282415641878031
2005-10,0.03838131006801511,0.022645216974436402,0.10327402049788902,0.01150949413660909,0.011044105493257808,0.025558306173952713,0.05724874878099602,0.02582411400608572,0.024389555829373848,0.02647759045497786,0.0572893491640227,0.012499487868907526,0.023938601396597106,0.07231485982330249,0.016418878206580174,0.03554737519011191,0.0419928821331445,0.16167326516715633,0.23197283863458362
2005-11,0.044356539468125525,0.06197147373805581,0.09668524447711334,0.05126210257495797,0.013418950791887294,0.05534520729079241,0.05161953385373013,0.04147638033145954,0.025258679859962878,0.04431729399151703,0.014866097612830422,0.019963960182513393,0.06356824034711127,0.09014580865413742,0.03458369401133546,0.06162940136811844,0.024705459156485116,0.1297710453426951,0.07505488694717151
2005-12,0.043186308710393306,0.06321275592051388,0.09480904545440637,0.052892447157535584,0.013973620270353065,0.05589533868175013,0.04978441264381921,0.04259549333624783,0.027273141853821774,0.04579175992277289,0.01521032634295974,0.019327511176799525,0.06616476671908327,0.08664393371279354,0.03477729609512505,0.06311730094685535,0.025265306324741298,0.12688430273400447,0.07319493199602366
2006-01,0.03854165300692306,0.02160158992298285,0.08932414017874465,0.01134128279255665,0.01074408186127094,0.027349585393598615,0.056526793443890874,0.025273389384887792,0.024290834230503836,0.026311226169448587,0.05651602113679879,0.011681917659058837,0.02464895377543577,0.06342493807036848,0.017326365807976918,0.03837309452610577,0.04267836683524823,0.15741259923961465,0.25663316656458474
2006-02,0.03661466385582391,0.02397336880287875,0.0940623019231686,0.011195047697915234,0.011193430211431508,0.027117778062520977,0.054860892800603175,0.025664807044558004,0.02632140763895286,0.026568029844011447,0.056249735628584555,0.012076595484485376,0.02465996657329147,0.06327915818627103,0.017101581203084165,0.03704313641363293,0.04171037623419453,0.14813179143214456,0.262175930962447
2006-03,0.03746442579674006,0.021865172138441948,0.08406046257913671,0.01113160665659852,0.011322745469289254,0.027112815947235677,0.05634944050104002,0.02542914587139186,0.025541626222574353,0.027642642390861435,0.05768507559525504,0.01156316701247418,0.025603490917978738,0.06345001288823271,0.01706128293907865,0.038073704791953954,0.04192716792089274,0.1472627756104503,0.2694532387503739
2006-04,0.03808496605925039,0.02326429454210117,0.08813956949925233,0.011243433428177631,0.011953225832113062,0.02731433696020873,0.05543879862344606,0.0256660423498988,0.0285492897249634,0.028871418174338942,0.059212362587619145,0.011695339692457658,0.02676059053389656,0.05854529670139352,0.017515618097826525,0.03814065653403862,0.04320293095529282,0.13697701934984444,0.26942481035388033
2006-05,0.03744007358559612,0.02524153419159827,0.08639817934727848,0.011318766380677064,0.011772667494383058,0.02739532661010619,0.052754026348961626,0.024528070383146687,0.029600948678669248,0.027797894420644537,0.056747617114504295,0.011706209301309063,0.026680974390898907,0.058642255577124866,0.01725460704989612,0.037985476689341116,0.041228747162474544,0.13044500606683457,0.28506161920655515
2006-06,0.12469639690305952,0.02781941996249731,0.05179592208624168,0.03339448090035198,0.03533683482213075,0.03681810124575818,0.09331233410261601,0.026426931974423657,0.0190297301333427,0.035114340467239095,0.01891245729085589,0.03370895888813967,0.03196959195008062,0.08881703449603387,0.04111886945824678,0.06053163770557335,0.0426003537693813,0.16000345614865327,0.03859314769537426
2006-07,0.03847242297658722,0.022954216447668527,0.0810458903695369,0.010851383424899504,0.011084126594902774,0.026258469164012494,0.05052214874197329,0.022220945045947935,0.02801766887007053,0.02564683859260664,0.05139935146009259,0.011898805321936491,0.02586122520086709,0.059803839985755364,0.016850468102181423,0.035508308178798166,0.03895406915664072,0.1287484763240268,0.3139013460414956
2006-08,0.038967476295193114,0.02148960722401437,0.08166731546852121,0.010755077159869512,0.010998242816203275,0.024439358323724614,0.0520426966231545,0.02042237109567995,0.026314415379798863,0.02474396195098892,0.046322767908721876,0.011943820684892536,0.023376174854015202,0.0634151576843745,0.016044100501898306,0.03509975184352143,0.03714015343491667,0.13361818495005534,0.321199365800456
2006-09,0.03979831644364921,0.020491439460984657,0.07790999968978526,0.010785362436637198,0.011046699363064044,0.024877604554660183,0.05353239682684828,0.019968619118191807,0.025200922995549182,0.024680122384367925,0.04898690526838083,0.011837504063288472,0.022642765441828614,0.06428422444225866,0.016071196832773166,0.035075922445556594,0.037991745728812545,0.13671688347854186,0.31810136902482156
2006-10,0.04172267163123873,0.06428377418536695,0.0932463603958939,0.0522112401291462,0.014015506299533624,0.05532531409014566,0.05181376602480427,0.039831985502564615,0.028399304349886346,0.04487350932707591,0.014872504116312928,0.018892963328607584,0.06715786118137605,0.08721712000769546,0.03387727188585584,0.06218781009680809,0.024333345088785173,0.1269984349739624,0.0787392573849404
2006-11,0.13795115758821652,0.03262159076049255,0.04998236051393476,0.0425395972207538,0.024704241063142594,0.023868876064861592,0.051593415861894996,0.05887009125013529,0.009455814273020174,0.03036033996267804,0.02985093372113409,0.06331621460854411,0.032925526591604755,0.05615534176485925,0.07554847369091701,0.0353511972519351,0.03649631903091257,0.14238477655713763,0.06602373222382521
2006-12,0.1398587841290813,0.03364295490145799,0.05386126991947943,0.04350051192810742,0.023691684457259353,0.023392066798239047,0.04933660869053945,0.06159295846808679,0.009487314984398754,0.03012840495763572,0.029950675772538616,0.06330705301738994,0.03286364700296068,0.056451117961176724,0.07149452197069057,0.033991735515738745,0.03556254982760152,0.14066432673818977,0.06722181295942822
2007-01,0.1442512836494701,0.031050292696560625,0.05213456575466549,0.043374881686886226,0.02391684870439948,0.024232570267419852,0.05003649747313762,0.06220670584560252,0.009467150566386917,0.030354203845810956,0.029563687163411755,0.06286157138808449,0.032351695067696716,0.05752584550763234,0.07208501126159919,0.03659358911323558,0.03701853517590261,0.13180849359598873,0.06916657123610866
2007-02,0.14531462863520225,0.032378559861327476,0.04943957118904733,0.0444652385662635,0.023780100531824975,0.02476673402672358,0.05139061669602011,0.06435809960436716,0.010325866464992253,0.030826711144074048,0.029315122818296176,0.06549692585374199,0.033587536429047445,0.05616044410537368,0.07452690127034411,0.035667693763838375,0.03740831596910516,0.12425842434533045,0.06653250872507994
2007-03,0.14153543178558617,0.03437784422944823,0.046833510147101735,0.04569748422306229,0.023388935216079394,0.024949645118649454,0.04760348367724763,0.06356476677058395,0.009918223564221762,0.029812254003162366,0.0285634377633512,0.06651007651191489,0.032444603753652164,0.06031603630161037,0.07533245880978075,0.03323118441988224,0.03488322893934385,0.1313087294074283,0.06972866535789331
2007-04,0.1182845485238666,0.027722266192025186,0.05363050609986421,0.03426117215522428,0.03539143593582987,0.03677929106196356,0.09209972852422167,0.02531117242894084,0.02033802526930451,0.03466122684139397,0.019089093788797133,0.0346050127567287,0.032748512786282186,0.09283390553473554,0.04180140524253452,0.058955787304176804,0.04250196089178587,0.1614661020754891,0.03751884658683563
2007-05,0.14998170654749649,0.03531335553438662,0.05090096433500271,0.045119427742782006,0.022928371173444477,0.02510013426314679,0.04750623884790884,0.05751134379969363,0.010441918824644387,0.030446120881914243,0.028324625625006112,0.06582417682391035,0.03173813879574405,0.06524891991767955,0.07627025856576751,0.032207671646488606,0.03482553617170558,0.1248042150013895,0.0655068755018885
2007-06,0.11887277002481195,0.02844314920557833,0.0543053747386571,0.03387288646812724,0.03653467601677286,0.03634390809481028,0.09329846427039327,0.02515030843298911,0.02035686140469591,0.03526549573956679,0.019440732255897257,0.03497182950741891,0.032991446361341104,0.09347377301673619,0.0413872301977792,0.05904353615784698,0.04264945425255276,0.15620396214463797,0.03739414170938672
2007-07,0.12121573081682954,0.028551269209686307,0.0562878787154112,0.03447259059559405,0.03599492091357846,0.038131537303240606,0.09103722548919847,0.0245874035333981,0.020139069223463788,0.03600288010739925,0.020187112627806,0.03711464122837688,0.03286234234411177,0.08797553440981801,0.0412584928796806,0.05766010655027857,0.043041872510630075,0.15602780029371752,0.0374515912477808
2007-08,0.04003706930307444,0.01899538642647814,0.07904615958215615,0.011429215792967977,0.011141215784763164,0.026046577629136182,0.05420325309850356,0.01978603885099187,0.02615094456346109,0.026228990880590275,0.0529235957597902,0.012050185771364302,0.02380825086087221,0.06227936657217471,0.016689524184916874,0.036424198451877686,0.04025445176097474,0.13611710506504993,0.3063884696608565
2007-09,0.04143974796785719,0.01841891879587072,0.07694620004968586,0.011218712835330278,0.010997622185776048,0.026625341530698458,0.05556384446373555,0.019823389732925203,0.025314947472151406,0.02671686660960619,0.0537495474287288,0.011989203323886638,0.02320159888387906,0.06346998340066196,0.016959090754214954,0.03662955900099335,0.04003360800620126,0.14344025468796845,0.2974615628698287
2007-10,0.04031477063198759,0.06848846598330689,0.09483867598480374,0.053196115309058545,0.01468520244088628,0.0578508123127484,0.049899264763609875,0.03872582596010287,0.030543612669631078,0.046435225253494895,0.015107948180543429,0.019383398479421603,0.06682944225909145,0.08882480007522073,0.033276757286976724,0.058623457636951065,0.024998746755675275,0.1231483390600366,0.07482913895645293
2007-11,0.040311500209613674,0.07290036379044944,0.09377731226877542,0.05069304422050043,0.0143864942362568,0.058370269925764266,0.04945018793308113,0.03768085404238672,0.030319818396302836,0.04598279376560223,0.015154530688545942,0.019348579063757622,0.06488998202475434,0.0935011570688809,0.03270238550294845,0.05522330671917635,0.02536612383991472,0.12309221752463834,0.07684907877865045
2007-12,0.04192087639847181,0.06821429800329018,0.08987712010114597,0.04651739669773808,0.013165314261383254,0.05609074225693047,0.0523343262853837,0.03391269792344062,0.028876486987003777,0.044263191644175984,0.014376417581708236,0.017004008493686676,0.06340336820493375,0.09493447424507527,0.03241890556132196,0.0513825757669239,0.023566651104046394,0.14246711447967522,0.08527403400366482
2008-01,0.04173402303131687,0.0697472462479608,0.09835346305258072,0.04218310077642735,0.012870425953689781,0.059523009250773244,0.049567992946825304,0.03312660296915944,0.029769695875130536,0.04189872693011449,0.014941156670544836,0.017151463094664022,0.06116676721801099,0.09567154749399732,0.031482500231853686,0.04812601134494398,0.02388427552400176,0.14321482468737573,0.08558716670062912
2008-02,0.038015177560280236,0.06791681443192985,0.08720801312863037,0.04391829520258993,0.012464632950221835,0.05629848297643505,0.04698212249502327,0.036320539455751456,0.027571222739567,0.038707111996404656,0.013189388259182207,0.01651871717670901,0.06186503658244635,0.08623348873774946,0.032091736165487494,0.04911530088000752,0.02208230821666811,0.1629478035770738,0.10055380746784244
2008-03,0.03920912614808747,0.07258452931507287,0.09269744983117353,0.04130385389143966,0.012058959649225391,0.05906758646469619,0.04645969981326942,0.03239883582713826,0.029892780576071,0.037695392727421874,0.013606309166852576,0.015826237053647767,0.05749057055533127,0.08033359941547666,0.03049458091260131,0.04113587371486242,0.021410620342379595,0.171761376038996,0.10457261855625677
2008-04,0.04047454720977998,0.06775911016284955,0.08966644483741083,0.042638395953739326,0.011812299952809727,0.05785585109922418,0.04566806101489949,0.032861616842146814,0.02984185955634928,0.03923611703634989,0.013437373611492965,0.015088760090046381,0.05715028040867672,0.08141520425305897,0.03128040959153364,0.03884761086491303,0.02118617638378661,0.1739374425213258,0.10984243860960684
2008-05,0.039365633838025556,0.07088563419049537,0.09421295671794193,0.042457283463287254,0.011912343599724312,0.06129597626138273,0.042974664935380255,0.033447722601133226,0.030629692509502527,0.041443805570041646,0.014334338333044027,0.01704406250674028,0.059075216893269514,0.0845029534400128,0.03254093477298403,0.04000544599130489,0.021738923066623197,0.1617660924494264,0.10036631885968009
2008-06,0.03999738809513456,0.07498344839240426,0.09528034087201893,0.0429683023164992,0.012301308737800273,0.0619982794952376,0.04387800362112744,0.033102452768954675,0.03260967750403414,0.043317799426556544,0.015231660360629725,0.017057044454864282,0.05902139945345485,0.08664793669105346,0.03244821300411841,0.037253693047734376,0.022460175324190094,0.1527105049023237,0.09673237153186345
2008-07,0.038491192746368905,0.08227721285234246,0.09979876901497316,0.037967955179197,0.01210788632504735,0.0604109121293625,0.04365882133055948,0.029721819204836464,0.03250889975972811,0.03855172233885658,0.015443517482296347,0.015202273559979778,0.049534724869002816,0.08877784259250736,0.03146671600722343,0.030186097528220598,0.021512034058119606,0.17027709138095956,0.1021045116404185
2008-08,0.041293425343812834,0.07461961573949437,0.08638601818594713,0.03750992775012524,0.01247141212638469,0.06414597532753401,0.04796787567110753,0.03099370920395624,0.0298942007194924,0.03763300337326094,0.014500870564899189,0.014002424282669228,0.055834563689682704,0.08438110289117201,0.03226496725003997,0.03351559601607583,0.02115535499038239,0.16927558498856848,0.11215437188539486
2008-09,0.04162207484285138,0.07124916068409941,0.08793558113880584,0.04146371602777307,0.01268592575924718,0.06186392225645764,0.049899567662472825,0.03409093447037303,0.027858036004344965,0.03888585597926091,0.014470039091306407,0.013737352045629257,0.05879039377817574,0.08445399370781553,0.03393227103799047,0.033525763183673896,0.021308565209114297,0.17362378784216254,0.0986030592784457
2008-10,0.04785774599901609,0.05353543612603246,0.08689577568182122,0.04825060359562967,0.012583765673742755,0.050183469691815565,0.05329728712607735,0.0354684098844095,0.021106220647014676,0.034507716981654536,0.012822797619885092,0.012954818428534454,0.05765609494225442,0.07603739181123034,0.036208326831714745,0.03599267057770432,0.020368970440691702,0.19305465118581638,0.11121784675495475
2008-11,0.04637910275689035,0.041447809909291825,0.07920375999530203,0.0417240774698577,0.010983223485376463,0.041913994743729574,0.056324678798110345,0.03313311637102573,0.018066654677858448,0.028434283524950612,0.012998175804033433,0.011174230951720881,0.05793596436449535,0.07493706993212533,0.036340755336559734,0.032191893930266356,0.019470632192415002,0.22472413052175202,0.13261644523423868
2008-12,0.04399745595890061,0.03753621614800882,0.07850228647497304,0.033851972697076974,0.009968888742609342,0.03243004851099436,0.052423460434856725,0.031472646691232606,0.016341766641194834,0.027171540513452597,0.012077157331840687,0.010691349150332735,0.04838009614512233,0.07497352407273031,0.03273397177940501,0.02638423194370545,0.017615720029013394,0.29218879652552165,0.12125887020902863
2009-01,0.15447706194150973,0.03545704946271251,0.05442667453191151,0.04365846727293318,0.020306667881808772,0.02437976350670624,0.04711878693350843,0.057664590859333516,0.010545315961770323,0.030628598156964736,0.028338927780402357,0.05894955391450092,0.03222422008781019,0.06135953548536133,0.07563721981949406,0.027634884920648917,0.033662899589763734,0.13533736090045256,0.06819242099240692
2009-02,0.15796376080450525,0.03727256604489989,0.058639211527768326,0.038292906890117204,0.017008163671184642,0.025823421603788907,0.04834411060666806,0.050489257643523,0.00970875013925524,0.028723215195445163,0.030981199198375442,0.055387967393263744,0.03029326862715885,0.07059769457547735,0.07142290969908953,0.019797532348062013,0.03427097598605048,0.12181274657713953,0.09317034146822753
2009-03,0.1380116005937666,0.04223162340554226,0.050401843588161965,0.036080963925905526,0.014359236321723349,0.025663003965923383,0.04303904598692624,0.04593298439979791,0.008975252924911359,0.028303443608995477,0.03115136814545425,0.05862421298244872,0.025337222398699715,0.05526185082135604,0.0767526990920766,0.01735796906774436,0.03277410074244764,0.13388485311932494,0.13585672490879358
2009-04,0.13974895343795865,0.043264457604691935,0.04860005170536085,0.03931279976410582,0.014856314923223363,0.028645967563973106,0.04347724546623207,0.04928356763990248,0.00923244984618876,0.027777959468333967,0.03233213378898215,0.06073283872696171,0.02541964856432403,0.053164722231671305,0.08000908931692897,0.018951319813939292,0.033784417673504666,0.13099125336357698,0.12041480910013984
2009-05,0.14255310237536745,0.043508749896395166,0.04737075869515531,0.04528827578806466,0.018074926803561805,0.03199252532139253,0.03964978599106431,0.05553655672094998,0.010361309989464182,0.031223889340251398,0.03480714100655407,0.07020486880574042,0.02788602620586739,0.0502278971484212,0.0853832092863067,0.020705448861686942,0.03589634742635759,0.10762951096730443,0.10169966937009439
2009-06,0.15742984542932975,0.051400885770886424,0.05155349666931685,0.04478587266647803,0.01713598820484842,0.03405451749325069,0.042555869413639175,0.04919770339791317,0.010610437007839972,0.029030502676459846,0.03399380331761701,0.06278182360442713,0.028358128895555848,0.05176673840928627,0.08266213665535299,0.02220221530065466,0.035728519285227064,0.09350045463101204,0.10125106117090463
2009-07,0.16263394734498535,0.044660970022124886,0.04709081877483565,0.042248769643629704,0.01728558148593785,0.029386026451460462,0.04409188103261703,0.04931651829078229,0.010849277877845134,0.030125526539421445,0.035458201161348284,0.06756544874378304,0.027472278234974917,0.05700089559655949,0.08180986824024719,0.021245018395235474,0.03712440726173395,0.09121516445046286,0.10341940045201511
2009-08,0.1578625376664864,0.046007618965348815,0.04627588908101325,0.044575584095149924,0.01996657050063696,0.03325943732608505,0.045251088606823975,0.051745128796579755,0.010925227300647345,0.03012226655099182,0.036769463256702196,0.0704083967332817,0.02807135493010004,0.056925605262004894,0.07904119775312626,0.02237607882549821,0.038004818572423466,0.08719491364223474,0.09521682213486517
2009-09,0.15695176298692085,0.04627995474562673,0.04500905182535506,0.04528900333884319,0.021060769064159036,0.03282588807732116,0.04457388497298326,0.05328069512016569,0.01072786249324303,0.03050485361111021,0.03656687481587315,0.06839135147892811,0.029485754578934143,0.05493208484072705,0.08258074378291955,0.024583209160789123,0.03811447058641321,0.08606805357000859,0.09277373094967878
2009-10,0.16090416034129068,0.04938694976116461,0.045244985610476865,0.048946430497205026,0.021489509784944107,0.03418708902431449,0.044387328429572694,0.049129797640032155,0.010721411667163913,0.031463978976246545,0.03703451740169068,0.06409377209140807,0.029539358166955163,0.05384075729936223,0.08137071370650896,0.023439283233329944,0.03888558314132964,0.08267636993958745,0.09325800328741668
2009-11,0.12768499409102668,0.02904350878670457,0.05644775423399031,0.032613885756922346,0.03188467503746972,0.037728242237432444,0.09250387613686135,0.02226824100572861,0.01813045747693688,0.03512482881851553,0.020000623769372183,0.033642038711436624,0.03286743945227587,0.08303613261119779,0.040255922518554324,0.04878015816823594,0.04159199127293063,0.1790551887906973,0.037340041123710935
2009-12,0.12891265267511692,0.029940183987678975,0.0553750341109991,0.031629777341023464,0.03168607668952948,0.03897012377893552,0.09481945589093896,0.022061071567562943,0.018094065934446735,0.03400729786365824,0.019719796777048607,0.03468355644582139,0.0340177309176983,0.08328661113966428,0.03997154524294809,0.04877164444726706,0.042084677168282236,0.1757374489948858,0.036231249026493995
2010-01,0.04200584513634285,0.019445872339861493,0.07324889389281086,0.011039975009481054,0.01047237067976542,0.026072378340737976,0.05369988621247781,0.017409177567468338,0.02395997985342174,0.024882858709254933,0.05028756464032666,0.01176601817898844,0.02245154444060874,0.06039176605443235,0.016671535921406428,0.03139810815563901,0.03798959951201464,0.14410604796955212,0.3227005773854091
2010-02,0.041689270545608295,0.017423860395537873,0.07048399775783382,0.010756092806605888,0.01011792756504429,0.02525538798208683,0.05487819748103693,0.017172775128378427,0.021515666848475654,0.024558388683285335,0.047213435507380004,0.012024058098388466,0.022367634799583036,0.05646083935020855,0.0167117106753534,0.03196467411645886,0.03677472597224346,0.157670947985411,0.3249604083010799
2010-03,0.04169051903461747,0.01825976352230519,0.07283415743910598,0.010736505620561746,0.010517200578070204,0.02604030753115006,0.05510948156248906,0.017421470280814418,0.02159063204902568,0.025762100163410618,0.050496170119352674,0.012002035631133381,0.02293918860548878,0.0543718039449271,0.016436876884350894,0.032306648516545695,0.037159185286324,0.1535205963580259,0.32080535687230116
2010-04,0.04273653248072169,0.018370507260631514,0.07367388730877474,0.011254994092120106,0.010523355986054047,0.027009266958909303,0.055460556270625724,0.017473579204893685,0.022707741515988093,0.026105108259394858,0.052782403060512045,0.012389102845700647,0.02407552169444674,0.05453119370347759,0.016691423186035052,0.034090401990942834,0.03851588010067965,0.1419425924334942,0.31966595164659756
2010-05,0.04036978002166538,0.017389237382475872,0.07582872793824393,0.011164774397464819,0.010785107797142082,0.026730324460898704,0.05218684757887607,0.018684594524877016,0.02122105104398621,0.026142311490593567,0.0541250265726725,0.012583917730189003,0.023874368829627794,0.05484128764762305,0.016071826385727354,0.03336799066599161,0.037878968474333724,0.1405823578258375,0.3261714992317738
2010-06,0.038202819774744504,0.016432903716664005,0.0653688165885148,0.010688323679459925,0.010299459062473294,0.023494702924571082,0.04791418557629982,0.01733923486067173,0.02013300908960611,0.0233453006853708,0.0496434884896276,0.011779720135612334,0.022084624962020294,0.04890524745016693,0.015277909213263538,0.029585981677111052,0.03395865022928409,0.16554562188453817,0.35
2010-07,0.03771024197582547,0.016048256120465187,0.058640513784228916,0.010219943768817652,0.0098663456006505,0.021650912300395807,0.04846976970737782,0.015097115139391312,0.017994255181371873,0.022069817455245777,0.04548696644896137,0.011384881734965211,0.020675499050725667,0.049736641436429294,0.014250631463090305,0.027056721478683522,0.03210151678537675,0.1915399705679976,0.35000000000000003
2010-08,0.038761404675359726,0.015999198793185825,0.06112613856293733,0.01010930252073334,0.009401893719925822,0.02354882190493825,0.048268375882178194,0.014718698589692547,0.017992985750488622,0.023179347992817487,0.04705163988773822,0.012266629373499571,0.021410273074664934,0.051538660470952985,0.013866450506628394,0.027526179329008218,0.03306950798720733,0.18370395180184335,0.3464605391762
2010-09,0.03781408025693048,0.016051498717699748,0.056948092010222134,0.00948362695024022,0.009153184202955468,0.023341045928195782,0.047359318741631955,0.014057647667918007,0.016499987160178375,0.022384905713866615,0.04098639001990091,0.01123451520452894,0.01961208047913585,0.051657590166395,0.013449140373984262,0.024180433566622625,0.030812348461536253,0.20885913032490572,0.3461149840531516
2010-10,0.1562633286528345,0.05009628512813138,0.04684835617058429,0.047385640256085985,0.02162440069493667,0.032852716531005674,0.04494781409299007,0.04385961565116975,0.009447150272015013,0.030970692266823356,0.03590298580042807,0.06469526549126171,0.02782539044007285,0.051737936068662616,0.08283161297299411,0.021730841074135702,0.03710951062188182,0.08594002985331556,0.10793042796067102
2010-11,0.15649560125997244,0.051426322916884155,0.04723615051772381,0.04649307462067865,0.021080079106056804,0.034998439046070765,0.04477443510343969,0.040659400094302196,0.009632437999266065,0.03293438565986252,0.03592950121175819,0.06712871595164369,0.028484303268292696,0.05092848357158636,0.08012755554916086,0.02123954251652007,0.03772502954191389,0.08089933720148766,0.11180720486337942
2010-12,0.13086766804435854,0.0292530963117823,0.05375005671432241,0.033195792393621616,0.03327081138850113,0.039963696800546386,0.09459305018444417,0.02281031334047195,0.01963257473928589,0.03593620413720174,0.02050197931833955,0.03700805021497481,0.03502881708864719,0.08806814054061916,0.03975639249383695,0.04782789906741188,0.04350576489861593,0.15802603749267988,0.03700365483033855
2011-01,0.1306643087543338,0.03092739065617606,0.05598242032043925,0.03250871870418944,0.03429382546419093,0.041126681121715185,0.09462214164062885,0.024665678121597936,0.02087207264680209,0.03674820046171919,0.020998718601729707,0.03793835033858339,0.03515427754967769,0.08806349529213457,0.03906226042859371,0.05045156304446368,0.044944923290258613,0.14335531943643157,0.037619654126334216
2011-02,0.12588446084929286,0.029605771633157817,0.060203094274064846,0.03125898198653343,0.03342972545606504,0.0418291809005871,0.09192870070313894,0.02559020095789521,0.02153354703699906,0.03782429849054416,0.021997445446247627,0.037528488228672434,0.036108451538127216,0.09072440466052403,0.03819000181044314,0.05186349694346514,0.04614636188845568,0.14061884380005574,0.037734543395730694
2011-03,0.12458839606818188,0.029091028877981134,0.06271418471038522,0.03270948109864954,0.03396488745142932,0.042646444376841536,0.092386932871518,0.025551253987327573,0.021677733079547207,0.03787226912956745,0.02206972846217268,0.03553731021612269,0.035814064147934296,0.09075780168629402,0.03779953714370015,0.051745036187876195,0.0469185813925112,0.1383836115970077,0.03777171751495221
2011-04,0.03713941815241667,0.01620816639772776,0.06151013987189528,0.009932392047167136,0.009450558580517472,0.024422934859499396,0.04813808467226681,0.014378250983738653,0.01698363658508732,0.02369022683052222,0.04419003606391891,0.011530287429643434,0.020227103381665796,0.0510268984021965,0.013783311752885965,0.02458555633532136,0.03265498627621201,0.19014801137731735,0.35
2011-05,0.03780010079161319,0.015435045779435292,0.060423843936932814,0.010304340050816348,0.009708538107385967,0.024820570600601135,0.05022509950549164,0.01380317862788552,0.01641731812110482,0.023270332384596484,0.04364863760595802,0.011363080181239198,0.02010497299623446,0.052275828155611916,0.014036649903897979,0.023863841001523924,0.03266176358454034,0.18983685866513098,0.35
2011-06,0.038566897645142886,0.014454769154660228,0.055605930302984795,0.010302441533630097,0.009739469280852876,0.023374678104942193,0.05170319776516851,0.013185115091177375,0.015414020534209396,0.022868697156310784,0.04140797576946122,0.010919704997865116,0.019646769650267733,0.052788742254801124,0.014166628691865395,0.022690931872743392,0.03167198066984527,0.20149204952407165,0.35000000000000003
2011-07,0.04179380236201405,0.03943940984501996,0.07323809526430945,0.0350777844598922,0.009868364368694862,0.03180030594750034,0.05220833319248518,0.030581389135780786,0.017046951917028326,0.02899037962752085,0.011511285150954599,0.010657795230452634,0.04869575477511955,0.06987129814974545,0.03286749045868788,0.02463712731458956,0.017063173117577612,0.2973220503470831,0.12732920933554362
2011-08,0.040340590085413096,0.03860972106852375,0.07130306007060161,0.03525561999719273,0.009610980471946267,0.030928886364185906,0.049936612084170974,0.02831617227048029,0.016294372500158128,0.026815431496224677,0.011625778799547288,0.010123315371574884,0.0440636991258298,0.06781908416256194,0.03293028754810663,0.023552169000213202,0.01683297411185331,0.31718288505586745,0.12845836041554812
2011-09,0.03950201459985856,0.03509510865025015,0.060077343935756054,0.03227933962121701,0.009320456951088478,0.027533216530188188,0.04902644753159626,0.025698591020575,0.014685875107338996,0.024636710404181545,0.011174122548071899,0.00965518146410027,0.03905774938333953,0.06559459070481811,0.03145052862263247,0.021059262353251073,0.0159465433339119,0.34874296168100216,0.1394639555568224
2011-10,0.04029803597223481,0.029449874291934738,0.05443578717828361,0.032813637863034414,0.009240643042257753,0.024374590093570465,0.05051384940242335,0.025033201420206142,0.013648200981475154,0.022965249818016304,0.011755644805473966,0.009823397097965375,0.03825723066576312,0.06839459190704522,0.032951283442415345,0.02025689522816998,0.01653469229943987,0.35000000000000003,0.14925319449029043
2011-11,0.03898385345942882,0.03104454836886794,0.05818310794630511,0.03457492457822232,0.009042699694214607,0.025656471473733025,0.049672180908245676,0.02603534875065257,0.01351650576370434,0.024319412020433497,0.011301314353334637,0.009806687303149307,0.04033359926822902,0.0700105080008147,0.03305388531769606,0.020404201770362385,0.016021508372999475,0.35,0.1380392426496065
2011-12,0.038751745764943266,0.030438938948318103,0.058035076173444895,0.032802190272591125,0.009072817897631725,0.025205536532608683,0.05048546852150874,0.02740422196968012,0.013514470317549996,0.02520535162329632,0.011462807090653115,0.00946405964152987,0.04012599219291306,0.06908530965091664,0.03278014339890763,0.01981552574714676,0.016199955518597157,0.35,0.14015038873776295
2012-01,0.039127765756404066,0.013857296662392299,0.053668011612418166,0.010820261965489408,0.009765033550325212,0.02306768669211074,0.050457975488154845,0.013000805668416075,0.014816613782288351,0.022542065104727456,0.04003895580761662,0.010679037837759675,0.019756223917572507,0.05392454568703952,0.014265501080493006,0.02173797974672768,0.031058786265565855,0.2074154533744986,0.35000000000000003
2012-02,0.03823728847265254,0.014206441015000149,0.05406874125689158,0.010923391576419627,0.01001878212148045,0.02492928573351817,0.048780509128302285,0.013071984592277226,0.015433414181991642,0.023085140547012988,0.04406786266661434,0.011153067536018173,0.02002619396974174,0.04966440887068849,0.013740246829371484,0.022556867337164502,0.03218292659126794,0.20385344757358673,0.35000000000000003
2012-03,0.1276293612899271,0.02808937352625075,0.061585575902098885,0.03161481918540573,0.03510879478760666,0.042033360849733435,0.0945745086971509,0.02544026277526873,0.020625847723219157,0.03808812940647813,0.02137272942528765,0.035054976918085484,0.03607828060810798,0.09166902887954416,0.037936874315850494,0.049102433636830735,0.04626409763601407,0.13999342294134165,0.03773812149579845
2012-04,0.12718009974428665,0.026442806207861897,0.05849607789339917,0.032010207931755526,0.03659456731172006,0.042446274822905805,0.09527371058333305,0.026851876213627664,0.02085494254053424,0.03800073116836545,0.022284473470722488,0.03512478840492298,0.03591868316316686,0.09153357520102755,0.039533022548381376,0.051717129792289714,0.047301994372902334,0.1345209620015938,0.03791407662720352
2012-05,0.12707963852481677,0.026243658928772826,0.05716525161768939,0.03188041112918756,0.034733679789658634,0.04235806740857453,0.09455264414508661,0.02736149435058959,0.020124044915916475,0.03764211889471155,0.021698047182698812,0.033675576692251984,0.03601042808259283,0.09307987395346909,0.039812476941478686,0.04994230695878756,0.046766883841197204,0.1423386247961634,0.03753477184635649
2012-06,0.12882711713308834,0.02388787023660846,0.05180411402106232,0.031436011747119616,0.03130361824537634,0.039136663269506884,0.09451333709222987,0.026680345467888764,0.018415089468115386,0.036781310629716055,0.020806812697784685,0.03247047431714657,0.03558977735814802,0.09580047389939839,0.041056743556946156,0.04578842046150949,0.045380004382982765,0.16408075484985415,0.036241061165517806
2012-07,0.12886120802937145,0.024682720385830352,0.053412490497813055,0.028306536334060044,0.030631548363006453,0.039476753206424006,0.09588479090003126,0.027739963877218207,0.018914878207262037,0.036339066253288796,0.020908719319264826,0.03033969398240023,0.03610307814461966,0.09709269064803587,0.041120581262161934,0.04672442298510409,0.04672663386646936,0.16044547153085806,0.03628875220678031
2012-08,0.15132748697159168,0.04855249373149358,0.048892658410948316,0.049499934664978505,0.022307192151349145,0.0339014260664696,0.04197587693869555,0.04123258929361386,0.009604590576013887,0.03378631159134649,0.035700755104459636,0.06637698432941658,0.028152587140128686,0.05067754210824689,0.08424735128277554,0.02062591266585272,0.03657306072761376,0.08060725898546556,0.11595798725954001
2012-09,0.14314001635200926,0.04975021640608595,0.04938509278813383,0.052602813235502595,0.023854075175264056,0.0344662288885327,0.04089880917023359,0.04439097368125725,0.00955934123165248,0.033664280920590095,0.036944290171938905,0.06607844449615781,0.02783556784903933,0.046361000421770035,0.08382782510737156,0.021634212973065316,0.03732574760166721,0.07937816852731447,0.11890289500241363
2012-10,0.14088164651991417,0.05236120764753674,0.05003844173795358,0.05066425817498623,0.023900543600725223,0.033661849057192404,0.0411672960722315,0.04565641044721022,0.009564137455014521,0.03433345039069624,0.035500371025527465,0.06541632049158784,0.026379401446475093,0.04634093891321973,0.08271362651625322,0.021817233978362292,0.03830424229837469,0.07510889784736802,0.12618972637937087
2012-11,0.12661123837243693,0.02393623911080536,0.054228736994964555,0.028559608043191798,0.03126125344532306,0.038378647757746784,0.09709490455255444,0.027052177700072205,0.01852921254752023,0.03658496656567113,0.02086937376726618,0.030166213689991825,0.03531259631993457,0.09943074764084918,0.041191391649902494,0.04585928193091396,0.04615614048137869,0.16266868751363067,0.03610858191584589
2012-12,0.12956209204006933,0.023146920772489255,0.05302151407187036,0.029307115026808547,0.0316028686771852,0.03893198547410822,0.09680432161004658,0.028032356131945796,0.018753150743451293,0.03728099240420404,0.021046045382071298,0.03079769735062608,0.035491990124896275,0.0929701741266302,0.041073702051317565,0.044935286068671636,0.046395662685812605,0.16469718272913178,0.03614894252866397
2013-01,0.12697467530977288,0.02324222982372067,0.05364837451103642,0.029351538286433335,0.03178418780360102,0.0405495737169498,0.09454784532572916,0.028224716744176995,0.01967550527292999,0.03791918953549291,0.02113893207536387,0.032324846927362115,0.036450421525002566,0.09303109820406151,0.04043161047821632,0.04693482711968716,0.047206349624720145,0.16014503739959304,0.03641904031615018
2013-02,0.12473184455073351,0.023005460068542448,0.05494620109088331,0.029400166670995508,0.033230595886478656,0.04079765511550937,0.09533588026405874,0.0293038068617603,0.01994052593999338,0.03857962676676083,0.021107636433142056,0.03224827350268137,0.036965648087798106,0.09390572265594001,0.0408709393200022,0.047587928356873116,0.048168355056145536,0.1530211321478375,0.03685260122386421
2013-03,0.1246978957588148,0.02187567244226745,0.054464697661498265,0.02963759390503687,0.033666222951355296,0.03986058354336015,0.09420264998336662,0.028997117599005875,0.019542382019804124,0.03917973158609565,0.021129874966163975,0.03188371280797264,0.037627481154328346,0.09428720588360062,0.04052079725866634,0.04720393864112525,0.04816922440844153,0.15637044531559266,0.0366827721135036
2013-04,0.1240200764373707,0.021761806547749698,0.053789753775998685,0.029766710699602694,0.03445561568236648,0.03903312431389715,0.09323960870996127,0.029034441195373226,0.019549025708801016,0.039383993680303854,0.021234958996761106,0.032051558931305874,0.03812278922220491,0.09581995370856027,0.04114172285177994,0.047320995210564404,0.048344910870477334,0.15503331146475255,0.03689564199216884
2013-05,0.120912618903296,0.020522945252488052,0.05224838212739579,0.03142444738619729,0.034278039644151534,0.03939346045684252,0.09208036576503877,0.029181086583088475,0.01907416274311103,0.03814746893016703,0.02121329557787025,0.03285063538643044,0.03764327091754455,0.09819789424266126,0.04161537211479186,0.04687637444681157,0.04805809342824151,0.1596656161734059,0.036616469920466056
2013-06,0.11714796409728054,0.020839171020168606,0.054138316514560816,0.03203973138060797,0.03547288320377497,0.04088421435491628,0.09227559894650632,0.030902372538436793,0.019799924295291222,0.04062586719612544,0.02238696368018325,0.03538713767214658,0.039458355126324784,0.08948067649764,0.04246829598452798,0.05022559922490017,0.049758034039920095,0.14954957780570222,0.037159316420986
2013-07,0.11790027812209532,0.01996751552153506,0.05413665117515798,0.0332092241094647,0.03560637474909082,0.0397799792616657,0.09180381788187415,0.030475658090757158,0.019826117183416023,0.0405628852452946,0.02251388892118775,0.03635901221668984,0.04032916979666646,0.09187573073362905,0.043633531813716396,0.050810013604779034,0.050036538055890256,0.14435443702837056,0.03681917648871929
2013-08,0.1143694278203312,0.019983357854411143,0.05435334160785871,0.0330544369206438,0.0357584519348884,0.04032985966802089,0.09148054622946017,0.030462068021143762,0.020307490715250485,0.04166997958976281,0.02296065858637689,0.0371077729448312,0.040722089211249264,0.0921099431457586,0.04414252598765551,0.05124724440009587,0.05053931392806094,0.14205478464013999,0.03734670679406036
2013-09,0.11534168678552938,0.0205862198880132,0.054861360457484125,0.033199352348627406,0.03574713457575785,0.0414033564967168,0.09166933834515695,0.03007844941009686,0.020127166149765573,0.04224707079734867,0.022712859112833134,0.03776882600377013,0.040937127524427686,0.0900331299295579,0.04338475263191355,0.05092060607139605,0.05168037310253438,0.13936828538359583,0.037932904985474476
2013-10,0.03842804740451819,0.012639863159380265,0.057116155760672756,0.011382347788893434,0.011313799074115163,0.025122050979567816,0.051715509896282694,0.014014079649949716,0.014539506754125192,0.024725722292156856,0.04621474573846357,0.011754246271554516,0.020415470876796505,0.050181265251981445,0.014035822497524214,0.024711852449610296,0.03446795057396976,0.1872215635804376,0.35
2013-11,0.11273599936424468,0.020390512587928487,0.05433457063898043,0.03387564901453853,0.03649649386078415,0.04174934742586928,0.09130603626623641,0.030423857202828107,0.02059273268002709,0.04293291755077718,0.02288678536163201,0.03808512773350598,0.04182940154047227,0.08873802847460288,0.043735313106073474,0.05074498740369273,0.05214071132102688,0.13885006853743748,0.03815145992934213
2013-12,0.11097961614501212,0.019942012575237734,0.05412512980782603,0.035160671173364993,0.037328447468871685,0.041687036602057914,0.09177618787485699,0.030556950301816998,0.020821254960120276,0.04345098708856553,0.023283612150402155,0.03816865512085421,0.04293974635654988,0.08556943284995788,0.0446713996572146,0.05225279052038301,0.05263377546030731,0.13631028133889458,0.038342012547706125
2014-01,0.11048226406311196,0.02069565056927077,0.0547324943871309,0.035174737468708174,0.037817034775228305,0.042813613417671634,0.09003658494527408,0.031114350649354933,0.021530184267869287,0.04429856482629826,0.023960526786836283,0.038126365231822834,0.04335909822248345,0.08589536072736922,0.04392781753211452,0.052545336651665664,0.05333775442130081,0.13156217113515462,0.038590089921334246
2014-02,0.10896018862177988,0.019900041864420764,0.05227418728638482,0.03367510352513639,0.035412541291007446,0.04223337130892541,0.09043256344535668,0.030654010534165194,0.02100996941432142,0.04270276367189558,0.02399896690049549,0.03794778887746436,0.043566305014013075,0.0906965364268384,0.04161895225584012,0.05172990254352448,0.053463283943503845,0.14129902744732525,0.03842449562760137
2014-03,0.10861572034635197,0.019924324505764448,0.05260073899417663,0.033744846153000496,0.03539459731341301,0.04297723600497276,0.09134422324409519,0.031065550466329885,0.020787084219630145,0.043106358585555365,0.024040486097349385,0.038637931442303194,0.04344239460149912,0.09049145453078801,0.041836793919399345,0.05150657954719651,0.05381290249239083,0.1385689663742526,0.03810181116153102
2014-04,0.03940662071196731,0.012484668089478172,0.05827919361157232,0.011044282245218983,0.011476175816518587,0.02513879488395195,0.05340252251588543,0.013830920721566725,0.014917729697112182,0.025073866147333382,0.046317209732132186,0.011176113050449606,0.020816406572399245,0.051203296222117514,0.014090298301619451,0.024767293949487422,0.035208185631758024,0.18136642209943157,0.35000000000000003
2014-05,0.04003182701815103,0.012985527702826467,0.062081388080519925,0.010673893229663719,0.011323421736612367,0.024993285249644084,0.054896259032781856,0.013460198273434091,0.015026790989642842,0.025761431950814904,0.04544904685742656,0.011327710692194676,0.021049845192399882,0.05505509476175899,0.013947837134492736,0.02339853821076463,0.0346338250660658,0.1849745678603888,0.3389295109604166
2014-06,0.041878138490317414,0.012592741492809855,0.06181522724537753,0.010871009984328358,0.011208744343698522,0.025455017359618227,0.05484252119188263,0.013587279022929707,0.014662766033727884,0.025374553052525513,0.045797925657055885,0.011352765230041898,0.021851577125322673,0.0543730661686479,0.013954112332376749,0.023679269158904417,0.03572682187077908,0.19323009500242416,0.32774636923723155
2014-07,0.04255899540033872,0.013039711260328764,0.06431041837191757,0.010781921269805966,0.011314596497046464,0.025251164860975762,0.0550975722464084,0.013698350700961008,0.015115515073441253,0.025959293176700753,0.04729182326203335,0.011719946330243546,0.021525833932603267,0.05890164173540873,0.013910534055638989,0.02430421422443162,0.036282866444559435,0.18912065245488566,0.31981494870227073
2014-08,0.039065835576571825,0.013289217354450083,0.0616405658189699,0.010905402133386389,0.010738666651852394,0.024628128793044754,0.053865688283160996,0.013216879787130674,0.015873879004368745,0.02361505692616407,0.046160161374705244,0.011362831900463236,0.021049520523604152,0.05179129393400589,0.013905654097248228,0.024045499137218686,0.03697616816651542,0.19134849354185943,0.3365210569952799
2014-09,0.041036563872174185,0.012847745213422116,0.061906116937778595,0.010836656341755197,0.01080330927224007,0.024919618394995003,0.05566167985398658,0.013979850759033755,0.016033099372696914,0.023443053574225374,0.04714714944264747,0.011380859698690089,0.02140593349059545,0.05430052272815199,0.013904807325403805,0.024279883874553786,0.03766486799936596,0.19498092761080454,0.32346735423747913
2014-10,0.043438523575002524,0.012150506325671204,0.057641452275203016,0.012060823062252627,0.010778681678674915,0.025762189635425477,0.06104247695298401,0.01424632157713606,0.016220488682314526,0.023271528647500973,0.048034944701245065,0.01068621449164111,0.022892054880957826,0.05350439831880614,0.014658974824443744,0.025699682445238875,0.038927346743815296,0.19682722496742822,0.31215616621425835
2014-11,0.04425822394067633,0.010884114772383848,0.053350590439318564,0.011902697353105831,0.011189066666688306,0.02460475031859571,0.0638069624128958,0.014664134063723333,0.016134045230036215,0.02440336127743124,0.04797387846269748,0.010870190425057824,0.02354742753715938,0.05851171775174068,0.014493832775043366,0.026392566765764073,0.03980108666756271,0.20150029218026888,0.30171106095985045
2014-12,0.11057975015709323,0.019553332630276747,0.0522733361241161,0.033727258899114425,0.03532369073046317,0.04279140925131212,0.09104588289068759,0.030305558906324102,0.021153041916577048,0.04245786779629684,0.024269377686916463,0.03790213442919435,0.04376823124805271,0.09225399793656842,0.04152740295422394,0.052127320724149336,0.05304447185819889,0.1378394655824577,0.038056468277976783
2015-01,0.10752829683923001,0.01863745007317897,0.05264791874134955,0.03359784610117932,0.03543713803561644,0.0428151379586654,0.09005868798870792,0.03121379845708696,0.02029183818799829,0.04294182842588801,0.024295303369168412,0.03830485001666511,0.044079195805775906,0.0942553236676082,0.041882104824940265,0.053175733221670976,0.052527060328434676,0.13819734126791913,0.03811314668891635
2015-02,0.10847233577851358,0.01778136834510345,0.051078432020881186,0.032877127794163276,0.03536527090275312,0.04233312457590052,0.0913129564537292,0.030825306891868385,0.019065789669006312,0.040667174169626494,0.023142533806836636,0.03679311020760465,0.04350299411824391,0.09651816293821508,0.0421881703255707,0.04969829534332068,0.051900261380989826,0.1486757221017227,0.03780186317595032
2015-03,0.10850998196047922,0.018800414100376858,0.051615550250753296,0.03362932676842395,0.035880432800619734,0.04355437254836044,0.09137568816948684,0.031814523560507166,0.019217464312862066,0.04234032483257717,0.023835069372730437,0.037645131158334504,0.04385699488379835,0.0901949518317852,0.042841965839481744,0.0510158427194934,0.053305990010214334,0.1421175092344762,0.03844846564523916
2015-04,0.10720774957556888,0.01819302899492584,0.05095175205997846,0.034348011837934914,0.03583328010906338,0.04246606956650133,0.09013349434885336,0.03214101800682514,0.019138395106169433,0.04294258668822447,0.02357864748514922,0.037961158582209685,0.04331619422970214,0.09025772219277926,0.04344657998824501,0.051375620372059616,0.05285459732840132,0.14573497324924287,0.038119120278165615
2015-05,0.13822363091590242,0.05062776712014842,0.047416620572827334,0.05204356786457049,0.02569823157655217,0.033371673649226594,0.04287358680870763,0.04899730554418479,0.009824109835162334,0.035268072217811655,0.03327900991831505,0.0733873253411026,0.02897673128417789,0.04847870193515825,0.08101325537095984,0.023637232731018486,0.03824088526470976,0.07267513360327829,0.11596715844618607
2015-06,0.14036255136106343,0.046448539299006955,0.04360892292299354,0.0517416732575076,0.025990312869777158,0.03364843631663283,0.04527237065589603,0.05039313373552944,0.009566588648594799,0.03523753206671744,0.03452070578865919,0.07313467605302945,0.02848014765802128,0.04813240651420156,0.08068651155245875,0.02479050009708494,0.03913737276988172,0.07239209895944226,0.11645551947350175
2015-07,0.13641712051168733,0.04323759011560983,0.042711152204610914,0.056105580223714265,0.0268349973075504,0.0333366901059239,0.045794256758730965,0.05147514201241267,0.0095711912252922,0.035698226826213854,0.03360271417317276,0.07342112025155513,0.028370410910690834,0.044633607044601675,0.08207799474725742,0.026567147602934493,0.03968666338869261,0.0718689001528926,0.11858949443645614
2015-08,0.14099438705763015,0.035811728379462164,0.037400947138228446,0.05800237317716853,0.027135766813141688,0.03086285703873076,0.04932158742467676,0.051955759482779154,0.009249850163179326,0.033852614164392156,0.03298372516792779,0.07006179601689069,0.029361936300751762,0.04770076606536389,0.08662586572713385,0.027643691559432783,0.04120938440976086,0.07827742505736734,0.111547538855982
2015-09,0.1399122703286655,0.03787723119867444,0.03745838373951562,0.05935514688488791,0.026315250998240575,0.029605328070581166,0.045421367482472025,0.0541288037595668,0.009234443646412946,0.03506350392279071,0.03268810671522284,0.07050442393216964,0.02865629959699282,0.04634829410789823,0.08352413025618832,0.026596844260361126,0.03893214056163065,0.0828602406333193,0.1155177899044094
2015-10,0.14114309269347078,0.03518603720610179,0.03548527086758213,0.05996067246453582,0.02486905700814979,0.02709970673082844,0.04461607375557092,0.05228487958859404,0.00869160941257737,0.0320948213655245,0.0323698538919524,0.07052844961987172,0.0291602586271532,0.04765861354365242,0.08219982742465029,0.026380373691523955,0.03800545773930522,0.09104626020077872,0.12121968416817652
2015-11,0.1439019454319274,0.035289029322356134,0.03748650567870526,0.05744781041178241,0.025315670965730987,0.029495625500788297,0.04638327481600323,0.05281651816485526,0.00871406431340165,0.033179336516327054,0.032868116107994595,0.06995718917851207,0.02973897150924539,0.04654811228309786,0.08102975073764017,0.02650378585965703,0.03974831347236665,0.08539024516749055,0.118185734562118
2015-12,0.1446221654430345,0.033877221769716984,0.03872696426495416,0.05639392859029446,0.025842115267522434,0.030657842981735503,0.046601097373975685,0.05664077871760755,0.008984064911718246,0.03401095069940315,0.03377657138623627,0.07007351532654635,0.02997431459755722,0.04447891887677298,0.08125165283546716,0.027843362927326025,0.04062777594852545,0.0873481619644021,0.10826859611720392
2016-01,0.0414401134232146,0.0264511346898433,0.05594890442788084,0.03365132580500721,0.009120147971891262,0.025679449926087134,0.05602427754256564,0.03043215959424803,0.012733983300088113,0.02500611702393784,0.01137657290371035,0.009689469058466935,0.04257766779667954,0.07252412103520123,0.03453395900245878,0.021334711474478758,0.01718432148256743,0.35000000000000003,0.12429156354167302
2016-02,0.04197940542250133,0.026187154539532957,0.053921562666590594,0.03489697331551785,0.009416264141202318,0.023337455350148507,0.05384227908146726,0.029269787001578246,0.012624084567048884,0.025075808451164736,0.011559241172255194,0.009713169094266783,0.039045293390533815,0.07826751262326387,0.03415635008260914,0.020164175210152156,0.01717708197377074,0.35,0.12936640191639567
2016-03,0.04112606975958086,0.027523506948372762,0.05127679081753115,0.03439824538887444,0.00964423666910136,0.024208306161469382,0.052030890068822735,0.02845478875635592,0.012878703031895393,0.02517787786792168,0.01147006133015069,0.009665513292417723,0.03999364999753237,0.07799952245910881,0.03319322891990763,0.019111079758971847,0.016682829993762326,0.35,0.135164698778223
2016-04,0.04801481182281488,0.009988823547146353,0.04431250124992272,0.012588962875429039,0.011082373882408897,0.024180524335857344,0.06748339574254034,0.015051269664302425,0.014784548002115537,0.02402120190066651,0.050246323085829755,0.010852381868140587,0.024311070512495665,0.057561142831512896,0.015755770777603553,0.0263542862156103,0.04148921276207437,0.21206615647891613,0.28985524244461264
2016-05,0.047694962797816105,0.011376599263712995,0.0492989809470552,0.012110202414827688,0.01072890004754681,0.02532198891240689,0.07028633651278396,0.0148444985669975,0.01603143598705559,0.02422322749664913,0.04933911266278099,0.010712770466872397,0.02450638477617834,0.055996997103495504,0.0153344492799449,0.0276135537522327,0.04011082964824564,0.20715233472775835,0.28731643463563933
2016-06,0.04797160410578343,0.011125421797329274,0.04781082795180524,0.01170432910677112,0.011241236617364855,0.024662806380470432,0.07054930492533922,0.01535626941680419,0.01475130904838344,0.024508122946967022,0.050294263699751866,0.010813647283736226,0.02382652873548757,0.05807470357188843,0.01574591614423325,0.02833140119250801,0.04114594114463212,0.20638201375984994,0.2857043521708945
2016-07,0.049868599257333585,0.01173214530351845,0.04750831664734206,0.011631397089684891,0.011070790382077037,0.02360979427729673,0.07072659043102403,0.014706317482793328,0.014767745494740959,0.02324252667329904,0.04784631452422708,0.0101556313428678,0.022861665710124022,0.06334493874605113,0.015647610722444038,0.02544122852362564,0.03932049664553756,0.21872007528792076,0.2777978154580918
2016-08,0.047954976577571445,0.011730095057295973,0.044316024657909014,0.011211171270492374,0.011325667158058156,0.023875476751274348,0.07193623651334495,0.014761535314876202,0.015675999293372895,0.023243201852396693,0.05004104304598452,0.010284119425073946,0.023055727538766793,0.06055419794263982,0.015331708873788718,0.025549909739020483,0.0405213688503416,0.21158820698945072,0.2870433331483414
2016-09,0.048061323908904816,0.010962312313071466,0.04587851263337778,0.011671735772823011,0.01193062889550551,0.025355693162841465,0.06860309070158037,0.014714875089141618,0.014754000307707616,0.024529779794851728,0.051823260203506465,0.010430274919633019,0.023577013411384986,0.05659394771938087,0.015531683263959853,0.027889677329369356,0.04115158433267024,0.20728758434411224,0.28925302189617763
2016-10,0.04663037322595173,0.011540074146868792,0.04776403261738572,0.011089359684025319,0.011518408569658958,0.025062876881701685,0.067083599488031,0.014352129536311757,0.01541621948986271,0.0254996444124824,0.053491910035327835,0.010698091421238882,0.02424825160578448,0.05912269502748969,0.015974968329047212,0.02756026150497919,0.04181981249955243,0.20871100695937972,0.28241628456492046
2016-11,0.04888210519377247,0.012286213870121177,0.048334196331909676,0.011000429164800731,0.011472893663362509,0.026524005308517236,0.06648074969880124,0.014124689270520222,0.015889008917820757,0.02589928804101121,0.05427096694155667,0.010870472201450944,0.025973659959040687,0.06196054830743999,0.01623163032729717,0.03004194913661196,0.042599110850261634,0.20446426123839456,0.2726938215773092
2016-12,0.045799614434593884,0.013404728455502196,0.0548448757860823,0.010926055298395706,0.012335439234519036,0.029177265138988537,0.06728377948816529,0.015098111291426134,0.01882559280736936,0.02828586675877994,0.059573017983351774,0.011339310884707816,0.029574402319477947,0.05923800674559167,0.016503278095354738,0.03528086924469632,0.044897515752881284,0.17740226850028676,0.2702100017798293
2017-01,0.050034039964124685,0.01345315148973124,0.057486082946297604,0.011107835704977075,0.012634855567198813,0.03001642194578035,0.0708063617552257,0.01569818194648005,0.018819283030379535,0.02884611351204974,0.06123278512451534,0.012089756029868073,0.030366507650950125,0.06479420060275089,0.016538242227405506,0.037994078338459275,0.046975373906297045,0.17773731513429264,0.24336941312321647
2017-02,0.0492069853331634,0.014384822495995087,0.05311114122270225,0.010903943780176534,0.012138136692007438,0.030410448007146828,0.07109312483478575,0.01601156233718876,0.018973059490954992,0.028947548144975615,0.06228487979688174,0.012162959170625164,0.030394238736008748,0.06455399897637878,0.016310352303678236,0.03741344123894841,0.04849050413305545,0.17424443435433754,0.24896441895098936
2017-03,0.048999602164369334,0.013233957667593438,0.04920505405703635,0.01110764524363525,0.0124629349804873,0.030424459179096718,0.07440898919838211,0.016206147715137387,0.01990269206786383,0.028316689949431068,0.061332561700439645,0.012065396247882183,0.030771397445898463,0.06619297624471839,0.01661027672161916,0.03800040224106077,0.04871971629218019,0.1738302321494853,0.24820886873368314
2017-04,0.04958057617140852,0.012982864804825764,0.048391250964408855,0.011245888950415756,0.012591530399740508,0.03134504862426228,0.07487235447120713,0.016880507166847396,0.018745098893875888,0.028955550458028726,0.06225032712692605,0.012034326299296133,0.029871937643271437,0.06672883835746639,0.01684137192060052,0.03676993151722078,0.049689241605125174,0.17301784787180763,0.24720550675326497
2017-05,0.04938618678407913,0.012508455916834674,0.04567995409888193,0.010903836869430479,0.012808301821254127,0.03086290660025863,0.072512340720668,0.017193145354134493,0.018245569913695248,0.029436156103973064,0.06219207804999355,0.01180576226800392,0.03028795741854655,0.06565484033757249,0.01724345741745313,0.03606496145741069,0.04994363617675059,0.17470585457924914,0.25256459811181015
2017-06,0.051036146273850475,0.012425204060813187,0.04327419076751427,0.010833946534386161,0.013318424618667562,0.030489531940171698,0.07463050174124233,0.01670095022745889,0.017464640055507127,0.0298075570778072,0.06359132825738338,0.011765961669370897,0.03117452332135821,0.06815001032511969,0.01790329787953035,0.035230540475175535,0.050513532606625784,0.17910135711848527,0.2425883550495322
2017-07,0.04873519735521252,0.012198802265658483,0.04310897988908093,0.011695052199629618,0.013508044063340455,0.030976480998458674,0.0769796521475948,0.016921668591602667,0.017292089295077393,0.030259226603715817,0.06253113216630847,0.011743453906715783,0.03209508945330909,0.06545638339622635,0.017116292827303342,0.03795045871107198,0.050594131073543304,0.1735547891447091,0.2472830759114413
2017-08,0.049639019974279594,0.013227522908283048,0.04385093722113286,0.011974403352161026,0.012767643620522193,0.031541809906082206,0.07615334600975993,0.01669666415133758,0.017527029978929673,0.030454642299315538,0.06367581520130049,0.011624915345003387,0.03201009206507492,0.06860639012464084,0.0173642496550102,0.038607886088217115,0.05220207995525178,0.17466825233306046,0.2374072998106373
2017-09,0.10753668180382737,0.019162086138835265,0.05155718696923575,0.033501363119601446,0.035663863793694704,0.04298481513145516,0.0905986112914964,0.031186414119255275,0.019448481101352867,0.04332422043181843,0.023793568128384072,0.03767985515363388,0.042709700612705924,0.09109273762361374,0.042863981684828856,0.05235576887684854,0.05400137288614068,0.1424955264967019,0.03804376463656963
2017-10,0.10594956852220908,0.018860143751178105,0.054166764253770795,0.033382918010850166,0.0363433974871621,0.04373165474340282,0.08995213108391806,0.03227562578906589,0.01960611017157689,0.04491458118182106,0.02433560417276358,0.03883718485039598,0.0435687878350144,0.08835415959214468,0.042636592828072355,0.05360778504573448,0.053508284533526664,0.137739419910611,0.038229286236781894
2017-11,0.10546284532240983,0.018926256888255687,0.05385711488985985,0.03384034322332493,0.03561082538846998,0.04479781316902013,0.08559661688120286,0.0329176989609692,0.019772419492488716,0.045129100608314106,0.025183641846763933,0.038815365250851705,0.043099785270540814,0.09001264397867348,0.043536176097589266,0.05441555986422952,0.054108034514435806,0.13658457687992628,0.0383331814726739
2017-12,0.10565029838433225,0.018854069774516792,0.05379714919848892,0.0346983986650395,0.03594728987518505,0.04452134580020678,0.08493793194443032,0.03366633068597176,0.01943416278034047,0.04436873353761997,0.025234099452565613,0.038653725411301014,0.04375707652992848,0.08982590786578774,0.04495453728443987,0.054570017987400556,0.05361856990599646,0.13509764336927907,0.03841271154716943
2018-01,0.047284504269882656,0.013337759729517885,0.04073556134130628,0.011508754194692258,0.012134618672592131,0.03177934653615117,0.07428363407523901,0.01677313399525664,0.01778944702485722,0.029538079098868786,0.06328423054403368,0.011802540784906359,0.03228379258156363,0.06914879786203593,0.01716706284055849,0.03754555242799002,0.05218723076551323,0.17922841036783593,0.24218754288719868
2018-02,0.10643736038795938,0.019736689213549406,0.055282612097743704,0.035387451796040754,0.035069821990876916,0.044427461390769585,0.08583138909718162,0.034302864565166076,0.020570706667279837,0.044289737083078165,0.025152641202850018,0.03833391746804528,0.04457906285197279,0.08420090932557416,0.045436658949771204,0.05484516264756751,0.05377088313519853,0.13376185244490732,0.038582817684467724
2018-03,0.04686503784352503,0.013487058334425909,0.04058369591640769,0.012065443931274792,0.012225646676454437,0.03153076264942946,0.07302825957125504,0.01694843050115985,0.018020281246135098,0.02943400767305385,0.06623459771886014,0.012164245440391502,0.033825685563012,0.06390741825759616,0.01886848018520649,0.03930961475023576,0.0553767531954338,0.16355781149570578,0.2525667690504371
2018-04,0.04610397307210146,0.013489408880920392,0.04236414798790629,0.012231872621608044,0.011919450057650735,0.03083746395594636,0.07268303114450998,0.016970083048289022,0.017135230578543218,0.029449582768590558,0.06498510014607345,0.011554872209997945,0.032797504161679016,0.0677855335025085,0.018235961037381638,0.037497280840734094,0.05252832962598053,0.17097014326833365,0.25046103109124523
2018-05,0.04464424470304066,0.013115365495091775,0.04773711230602474,0.012471788084499783,0.011946567854705928,0.031817594138610565,0.06899660508894188,0.016740540375349926,0.01771618773358282,0.028901333442424834,0.06295422279625522,0.011475522747821647,0.03247785064934137,0.07135152289922049,0.01930765399315317,0.038225507718567746,0.05285598640610362,0.16234241420149545,0.25492197936576827
2018-06,0.043767098855798985,0.013345632434159612,0.04922634626901781,0.012701833588736118,0.011860248136632827,0.03250590877556379,0.06724508661984249,0.017010625781166376,0.018333265413558057,0.029241618721726773,0.06616628792650112,0.011830583010167931,0.033711925794377595,0.07088773680937958,0.01900076800658397,0.03802518541147457,0.05584256164991683,0.16526813865059303,0.24402914814480253
2018-07,0.04698875482450469,0.012976208146669459,0.04967877825642079,0.013414215355155664,0.011934036329416201,0.032222511212079426,0.07002486959856603,0.01725242683603476,0.017353061826282764,0.02765059422186977,0.06452843553213271,0.011759128455592556,0.03229225381699402,0.07428392455870118,0.019586858089707143,0.03756647452115587,0.057417473823077554,0.1635754651237985,0.23949452947184077
2018-08,0.048102349319750166,0.01292250811187694,0.049639435443605315,0.013562869644913019,0.012482166428226889,0.03355092131715476,0.0748007241773132,0.017756859438572317,0.01805257271568704,0.030236987554159343,0.06525864525928726,0.011856542941635868,0.03477553556820607,0.0755417008322287,0.020465020513094644,0.039129551314237176,0.058385711307469404,0.16031316901740628,0.22316672909517565
2018-09,0.04003934283602182,0.028323878011834606,0.05317464988905849,0.03352431179710256,0.009399489846938702,0.02452228051158009,0.050618837723549845,0.029499041891346556,0.013423607152566908,0.02546626129100459,0.01137297322698273,0.009360509497827931,0.04120158573318771,0.08084542757140778,0.033618239027266746,0.01932804716534333,0.016930935855406296,0.35,0.12935058097157331
2018-10,0.03964505502917696,0.027706379393933306,0.05467112277379015,0.03352816821218136,0.009551919931393964,0.02363207596302111,0.05215794334504496,0.029382867198818358,0.013374838621355254,0.026616420774294443,0.011440660934604763,0.00909406042623034,0.04244825007390758,0.07935312069633407,0.03363210380099837,0.018912011360624082,0.016999376010533758,0.35,0.12785362545375722
2018-11,0.042509559332733454,0.02721688718666376,0.049583483085839604,0.03148460099612776,0.00911591541258439,0.022257326577464334,0.05372863603290569,0.026626664727057818,0.01313680563295089,0.024579276584051922,0.011186782926769346,0.009876037201263791,0.03951587501851894,0.08396162221954383,0.032298674127122305,0.019117432031165223,0.016579471517819078,0.35,0.13722494938941798
2018-12,0.04752581167319022,0.011814513739614495,0.046743311769267236,0.014176789090539982,0.012784002210261079,0.03278024837220069,0.07749788183102067,0.017963137791430023,0.017340099278432906,0.031075225647656007,0.06623755114779789,0.012114934662696664,0.03462564583663262,0.07655595855261144,0.02264030920734799,0.039826544931636884,0.06145151227635257,0.16448125560925198,0.21236526637205863
2019-01,0.14815101542668313,0.03279662845512388,0.03345553955630875,0.054451863167127613,0.02514007264774098,0.029723221897800058,0.04882392611186965,0.05556735376474101,0.009232689332890275,0.03416505655318749,0.03461818844219905,0.06794625494096708,0.029682381266777344,0.04464002691840505,0.08560827364820513,0.02783466551346507,0.040866769629830116,0.0873072083881317,0.10998886433854642
2019-02,0.1491136270302962,0.0327686474756395,0.03406711192674062,0.056015673600907846,0.026002877907477902,0.029402938994000007,0.048072083894885737,0.05612961484171502,0.00975046004851027,0.03560571384705135,0.03472458837635504,0.06768290055867753,0.03079494620928637,0.04455531065785212,0.08699774007089708,0.02842452177174757,0.04178364247403502,0.08271439492928473,0.1053932053846401
2019-03,0.1418608854086903,0.03357436732539233,0.03405006610695069,0.057766112452861014,0.027100705097075007,0.02979435326402697,0.04972131346373959,0.056764025863983096,0.00964141271743321,0.0371218377223221,0.0361204223812511,0.06901352236455284,0.03213831918960242,0.045590709861311224,0.08464638920450017,0.02849672869673721,0.042616090005122245,0.07886840602988862,0.10511433284455991
2019-04,0.14574966088737557,0.03443386715461075,0.03441628483261115,0.05574217102098609,0.026511359754484567,0.0286937261665125,0.05047491462821131,0.05669797409843567,0.009246903175676151,0.0363711639937354,0.036121614251048144,0.06506159351446962,0.030348936209033825,0.04740410955230746,0.08607176006574063,0.027221942156043438,0.04309951045921211,0.08442573642269849,0.10190677165680714
2019-05,0.14605526206021002,0.033312890715397156,0.03397769888965103,0.055932743288601205,0.027189382459369745,0.02986754628408336,0.04797882601968124,0.05737489348294495,0.009265374214753723,0.03741703118164695,0.03676609287386287,0.06357821235096012,0.03131626112829109,0.04747495278685202,0.08581019757760061,0.02887139080567129,0.04430224269738159,0.08344770364739569,0.10006129753564534
2019-06,0.14937046733078152,0.03229723283629957,0.03029030515533695,0.05231145768191462,0.02627206733559265,0.026170014875133055,0.04846668636913036,0.05546439859561335,0.008259775938297995,0.03667042267084588,0.03409035455084518,0.06008184086680731,0.029875042016461986,0.04928968468085479,0.0853798606955592,0.02868526272550772,0.04307873625284595,0.09870085360642836,0.10524553581574368
2019-07,0.15005668887675946,0.03316532085163131,0.030507468141723542,0.05298610797261066,0.026729412864872668,0.0268461970893375,0.04817226967719104,0.056363327869803186,0.008576699615240293,0.037530036828230084,0.034636504788648284,0.060888767766528115,0.029912769816477853,0.048367102926607855,0.08600083755007541,0.02848176479216456,0.04347476476494352,0.09451093697927983,0.10279302082787473
2019-08,0.10375195987761833,0.019830895623410512,0.050814234865165106,0.036215784724459694,0.034957698238053544,0.04386335935802174,0.08590233013280961,0.03284400859935727,0.02067786146752399,0.044279127979805745,0.02591110163252175,0.03794767546873408,0.0451309839511746,0.08442025682005289,0.0466049360598441,0.05640344719033586,0.05557552300155443,0.13594771976948938,0.0389210952400674
2019-09,0.10785129937737799,0.0192445196571834,0.04726951855110482,0.03455537381259398,0.03449104745280866,0.04163754239033744,0.08637825032955627,0.03381348182390738,0.019047006976466337,0.04415479726154199,0.024939997471938667,0.03630093984739176,0.04438142304231945,0.08755688353607093,0.046496901227955065,0.05432938495002658,0.05473968252329766,0.1443196516577696,0.03849229811035209
2019-10,0.107333803069017,0.019305997730224397,0.04794764994815617,0.0361703661445976,0.034077021490418545,0.04256773223316962,0.08553686555537983,0.034184739376228276,0.019557559603876153,0.04377940076927801,0.02529342533646037,0.0371171688747758,0.0443142141992908,0.08950502802476308,0.04595610340924932,0.054737385389526744,0.054247993874211135,0.1397006298668416,0.03866691510453554
2019-11,0.10496258094074563,0.019404088859136016,0.047008097087228376,0.03563086657554418,0.035041072220072585,0.041463886503187726,0.08724768940378459,0.03460538962796042,0.019900822828831325,0.0436659659311323,0.025801417680970128,0.038481362076241234,0.043834307641083294,0.08770158528402262,0.04577854523181415,0.055917973515468435,0.05556660627684804,0.1392319929222626,0.03875574939366634
2019-12,0.10364660506796099,0.01963998559272746,0.04686279562760642,0.03637638113513503,0.03477846902738849,0.04207759511695937,0.08723218233781509,0.03412517058166858,0.02042951783098749,0.044379083981629056,0.026204037227746307,0.038710287122744685,0.04455625017004039,0.08450655361746695,0.046070297903655424,0.05721500778862201,0.056965590409781386,0.13725246768422547,0.03897172177583949
2020-01,0.04158666257800137,0.011529858975327083,0.03913047997531622,0.01360544264022824,0.011402926517094307,0.030534068643433058,0.07122266786936149,0.017464396557439574,0.015338471582606593,0.02812549141903827,0.06367073781274916,0.01125645472452679,0.029718479840660027,0.07336139609589916,0.020675518806070253,0.035228203767364685,0.057058804313333,0.1941924305415868,0.23489750733996392
2020-02,0.041138363714376174,0.010889680145577495,0.03251457442366916,0.01264705537499296,0.010922842600113157,0.026875703312223623,0.06785811637763314,0.017463303324311796,0.013185299212319593,0.027770653148296916,0.059113103265606474,0.011858385745458574,0.029100334667080927,0.07657910824834921,0.020743438940624265,0.03307613846300373,0.056112207507404664,0.20964300288009738,0.24250868864886072
2020-03,0.03630547526133933,0.010451791587011301,0.026743962034744256,0.011805671825148648,0.009623595129285468,0.02427851725612307,0.0609198950518065,0.016711953803392885,0.01250434487397887,0.02669227569025139,0.05520321359712467,0.011503622119854963,0.02567933544952122,0.06277901515744706,0.01979260450224284,0.029127613712987045,0.052122335148282954,0.2486023144368626,0.25915246336259495
2020-04,0.0328476331130799,0.010722595049630673,0.017306063011425187,0.010937608744269177,0.00906742235971224,0.02046589325957272,0.06245666473792873,0.014342485110032248,0.011431186741262431,0.022238810685181326,0.049110622258945094,0.009931585315352699,0.020008544190577102,0.04933259949812607,0.0212502391741851,0.023017953155983248,0.044878477222292976,0.3090154445201168,0.26163817185232624
2020-05,0.04291583420172459,0.0265559994809009,0.04465054793106199,0.030481538866818127,0.009226069665672772,0.02216870603644352,0.05560246607165631,0.026985545097948788,0.012316733229924373,0.025613016111116917,0.011314868907157985,0.010144670087747306,0.03903817561907223,0.08516204302001894,0.03292038463262332,0.019013614919141476,0.016502887031454434,0.35,0.13938689908951601
2020-06,0.14641068976867966,0.03191704168705361,0.027632696530899493,0.051588715255402165,0.027501347936006316,0.026108851868358384,0.0474436107492937,0.05648979355091663,0.008321251210978584,0.03758268467015595,0.03493020073553353,0.06055998630505418,0.02892380527440495,0.04660721857524407,0.08563261871350064,0.028760590632810175,0.04462960805920789,0.0981329563330492,0.11082633214345088
2020-07,0.13937274448010945,0.03364369793774677,0.02735206518593033,0.051744248211458566,0.029004941256211406,0.026227023243266964,0.045373085326902686,0.05639548453798777,0.008730432687960712,0.03849652083365688,0.035298272461529626,0.06476129221027882,0.029205748423836334,0.042559077540881236,0.08813137530427984,0.028346727870583323,0.04606927656902631,0.09782101678183261,0.1114669691365204
2020-08,0.13721830264945076,0.03412629973612372,0.025487783400832662,0.048623906127098764,0.030414339245590966,0.026735009118683192,0.045680372338784275,0.05635942749026635,0.008870739309096952,0.037735161492420566,0.035126379280591986,0.0664744097185126,0.02858233698166847,0.044189134925830924,0.08834319453441597,0.02781279923210502,0.046512252449104875,0.09782889024911953,0.11387926172030227
2020-09,0.13305705346696342,0.03409232003397686,0.024991306293877642,0.04982936880047779,0.030825532368640676,0.027104042456398754,0.04590605775027406,0.05600683438016345,0.009530296112911604,0.03891570382205628,0.03511381910995653,0.06680160294623351,0.030012550200724093,0.042222403413345024,0.08783260951543376,0.02824533105314942,0.04807225957971176,0.09476056760983893,0.11668034108586643
2020-10,0.13077927353256924,0.03479757506985557,0.021433694659954403,0.05407472806095901,0.033232745281492164,0.02809835122009849,0.04554591214344162,0.05732533760903039,0.009524196331813096,0.03998537857664429,0.03587748825400474,0.061971611163787126,0.030663044091513013,0.04345323757165899,0.08431574295032605,0.027776095257227015,0.046305605589506214,0.09896760389862372,0.11587237873749494
2020-11,0.12734448358582512,0.03761986483167752,0.02043839303189334,0.05484576114394637,0.03532887112433434,0.028368083626789154,0.042738459763469155,0.05693676887312254,0.010060903431792285,0.04345365659793321,0.03647796275506447,0.061826484816667956,0.029553603879057703,0.04692530480249943,0.08440563538875101,0.02792557411377273,0.04595274400581492,0.09469188473265538,0.11510555949493334
2020-12,0.10363414120023015,0.0203799542379754,0.04495904101177144,0.03737166099658293,0.0350185590297324,0.0416563533886481,0.08840995183137615,0.03379848898278782,0.0201658788292663,0.044595275643228356,0.026845059037845197,0.040014903167511995,0.0427258963740489,0.08474356512114153,0.04653978910825658,0.05645777411287524,0.0577871704990836,0.1357976200751076,0.039098917352530176
2021-01,0.10307327178850435,0.020877980450265465,0.045499182292213,0.03760836014191503,0.0364284254078391,0.041962791594513625,0.08807250830320924,0.03315613314532191,0.02049563664758648,0.04444922287619343,0.027051749986958418,0.04178862595697449,0.042144194445557406,0.08326995665428898,0.04600783685351957,0.05735586789461328,0.05834866816648304,0.13304951402465362,0.0393600733693897
2021-02,0.033144510805524025,0.010603296470107097,0.018118043076168835,0.010601751822607256,0.009613738809325341,0.02187385595519906,0.06583682797119794,0.014917853176655057,0.011164626763481709,0.02305741276269053,0.05416196104863843,0.011191227763287515,0.020202321714313784,0.048914547270384794,0.022311944641295253,0.0237423162688076,0.0494847696453014,0.2874467817208035,0.26361221231421095
2021-03,0.03373158391499741,0.011409606226277742,0.02243224745353259,0.011105069650405548,0.009780090289963956,0.02311337103071055,0.06662440149070323,0.015033466750954984,0.01283582522440617,0.024759158516122263,0.058944261620171065,0.010240245478921174,0.02240389707297764,0.04607597721841892,0.02201102089902299,0.02714317756161306,0.0527667192516891,0.2686848541894174,0.2609050261596942
2021-04,0.03729691388885421,0.011565168617123282,0.023015337202814623,0.011148161391039817,0.009578913319581285,0.024989198897006713,0.07170592035060891,0.017224120666142855,0.015024438095431126,0.025663543382649003,0.06189697820500763,0.010399777960254911,0.02463230182726089,0.05328052114538844,0.022919204656922505,0.029083506282302038,0.05398789781437668,0.2512066355452051,0.2453814607520301
2021-05,0.037516655673264454,0.01155363262220334,0.022313509484337562,0.011209159448193189,0.00958726605431091,0.024744482962146826,0.07033969924506434,0.017690232734005606,0.014788419080860107,0.02607920532533065,0.061312653693623174,0.01046407994692077,0.024543774474926356,0.05441886336653899,0.02387898870116149,0.029956159959790594,0.05628726457129479,0.24831453364821834,0.2450014190078086
2021-06,0.03754029345896104,0.012181543169008009,0.02294778355325881,0.010885677349681292,0.009776870736800563,0.025348867263339857,0.070300726657267,0.017164926959375045,0.01598194921363755,0.02437902619658394,0.060757590089764404,0.009674885140432138,0.02454789397886965,0.05202710480400953,0.022588464633737097,0.030195968912915292,0.053933528684562124,0.24626027364409167,0.25350662555370507
2021-07,0.03601394301495773,0.011124697107441118,0.023925865458935897,0.01159793727491794,0.01031769748419175,0.023581074774889785,0.07159605316447797,0.01661382594131814,0.015009639497093228,0.02476320747533083,0.06301456053120666,0.010076429173602389,0.023265337015438328,0.0502114374223915,0.02332898601423045,0.02904354169103787,0.05669817981024571,0.25203490232188386,0.24778268482640903
2021-08,0.035476650388710736,0.011143592838763183,0.02155431685850363,0.012003724772623315,0.010115178271321064,0.0231085169682145,0.07391159246081734,0.01672965230479512,0.015677814753051578,0.024464416765445845,0.06273780620380866,0.0100156093483631,0.022102972096133176,0.051807066278933965,0.022849837610772472,0.028671594201280237,0.05761005418013583,0.26204556234679566,0.23797404135153066
2021-09,0.03531109824471706,0.01114010806014488,0.021420846755319432,0.012158803580600877,0.009928882671431367,0.023169012718928742,0.07499568522056207,0.017190730972143752,0.016262191725038788,0.026021413098838358,0.06368476365272428,0.010448736933723564,0.02201382192413095,0.05446185769805053,0.023775109243390036,0.029579157923979388,0.059530579617750455,0.25845473080838394,0.2304524691501415
2021-10,0.03523508051683003,0.010812338043367163,0.025361692555791373,0.011508744107980544,0.009388286096144399,0.023087500151458277,0.07135812643453765,0.01735352839085771,0.015472231602589044,0.02539545431302821,0.06270749592681445,0.011495437244091727,0.02263463684975781,0.052217582866187384,0.023298419112689976,0.030623574229300485,0.05754947780383745,0.2541551618649843,0.24034523188975207
2021-11,0.03525035849030381,0.01070661770293764,0.026254577933331066,0.011869369152064003,0.009012978561412418,0.02377106587053125,0.07337447532035501,0.018173772534170837,0.015718037856009198,0.025341067662997832,0.06643346660787272,0.013488873472745369,0.022963164955073393,0.05361786244324965,0.023119097706443416,0.03169882588930916,0.06021819278184474,0.24337820633094268,0.23560998872840594
2021-12,0.03361666047001908,0.010877822496222723,0.024805381582840347,0.01203283265705586,0.008394280100970467,0.02333745773880286,0.07080869909386342,0.019222829914843247,0.014976758381586292,0.025356977145201617,0.0692242281658299,0.013990017451392932,0.02150948608767732,0.05155408664794406,0.02346316820419368,0.029253369973094894,0.05657037833010209,0.2510086472156444,0.23999691834271478
2022-01,0.03726555910381661,0.011578886307315997,0.02507075425938737,0.011633309859164378,0.00861858519249454,0.02433985982942104,0.07693660370720831,0.020100692493830494,0.015863043616873185,0.025659761482733603,0.06874798923473802,0.013425096268554548,0.022751502944054477,0.056531271721031395,0.023147180976969984,0.03018698834879175,0.05678700219070385,0.24258405806208763,0.22877185440082287
2022-02,0.03924746055772245,0.01191720963225503,0.03145377898852731,0.011149707397956078,0.007949135062103653,0.024193700904392077,0.0755034890856887,0.018485296754493872,0.015416170872966555,0.025828357091340483,0.06091951595728202,0.01301738249178536,0.023227943495351285,0.05728402416343411,0.021909047225103798,0.031545141806635,0.05239981096820649,0.23625801327367413,0.24229481427108154
2022-03,0.039223145740729194,0.013041630900985724,0.033724686471204496,0.010546302737847627,0.007677761486458851,0.024117338880605788,0.0723857756317461,0.017048361273530356,0.018067995441234372,0.02523963182867085,0.06012497810514074,0.01221575444758687,0.023908164272829976,0.05634267060300524,0.02187338445258167,0.03099558179087506,0.04965290115683885,0.2341848485551812,0.24962908622294713
2022-04,0.03923422389732454,0.014153772843240087,0.03587103097765848,0.010645549692320845,0.007536962307052118,0.02510875199383652,0.07452307115615582,0.016220940215046897,0.019862935835205802,0.025111243889073914,0.060031891700966726,0.013937779316964475,0.024285612550827368,0.06244564780139956,0.02280921882374131,0.03038102447155383,0.05025741341177091,0.2099665917953294,0.25761633732053146
2022-05,0.04513050687976218,0.01392232076781246,0.038270352685619055,0.011070911132718013,0.0075276075333985774,0.02596161413487005,0.08185030746105372,0.017691497607681454,0.020483263460132226,0.024399689736586863,0.05338341821200103,0.012923898004625617,0.02361228404636941,0.06326348475118423,0.02120573633683952,0.029680029880538413,0.045184301484585,0.19308200001361336,0.27135677587060886
2022-06,0.04442616946361017,0.014089143564010075,0.043370341931027394,0.010914569737270202,0.007908906498864993,0.028019898708231374,0.0824617795027282,0.018403895149403562,0.019657081394778505,0.02407907232986823,0.054361908725916515,0.012487907281054872,0.023287733559807164,0.06812816776422771,0.020388354403644365,0.031005874303955537,0.04417896290736554,0.20026513018419992,0.25256510259003573
2022-07,0.042541579318394133,0.026232738147445554,0.04531803898276156,0.031249065235018168,0.008777591429719093,0.02262606246028154,0.05495113638996876,0.028842689814517646,0.012378350544039086,0.02610801116786166,0.011036737936129953,0.010545039663696807,0.03986180381111982,0.0879275983100841,0.03133829084687813,0.018541881587201204,0.0162260760307873,0.35000000000000003,0.13549730832409548
2022-08,0.0421846661182036,0.02514178222772592,0.04701414766499237,0.032443709126700145,0.008358284728080792,0.02240643316713634,0.052644688358809144,0.030240085027787716,0.012715030205622065,0.027285590593669647,0.010927620308867078,0.0114001308523861,0.041083082837280904,0.09254289465244737,0.03394852538593735,0.018226127838882538,0.01615418334394515,0.35000000000000003,0.12528301756152577
2022-09,0.04185223064060545,0.025107414732513923,0.04977667130239535,0.030922731684974895,0.008192505905322882,0.022755504927478135,0.04981037707497619,0.029554521728099303,0.013009811228724298,0.024814864545006376,0.010572612969793622,0.011248634893254833,0.04109273157044787,0.09385502707390096,0.0332188247305006,0.018359291851735286,0.015899059469044644,0.35,0.12995718367122538
2022-10,0.04320199086433594,0.027766304548745405,0.05099916983371527,0.02877280352873095,0.00794798599116524,0.023073181753671696,0.056258149745359254,0.03209520556722926,0.012829261670412494,0.025778637367292054,0.010906350141646983,0.01228187590256529,0.03980389468864742,0.08719548879809726,0.03468724998679154,0.019390009148218038,0.015970336478538218,0.3316126165179631,0.13942948746687464
2022-11,0.04639154798648552,0.028544342031400653,0.05791268105117089,0.03044660456382437,0.008110737243264641,0.024389001165307032,0.059517928745031,0.0331140828942707,0.014171862621396704,0.02793070708335904,0.011494645762453863,0.011747493076731176,0.042582057092789914,0.08747957656778282,0.03441463053689021,0.021214762483130676,0.016814051375492686,0.30970351907669785,0.1340197686425201
2022-12,0.04624701063367299,0.029882384451033178,0.05518788010425624,0.03255248101112556,0.008329273678079698,0.02526199551642994,0.059484342061955166,0.033694912390841415,0.01478837857721727,0.02812755355320386,0.012119550407658322,0.010896559599594551,0.04323014064241312,0.08823022837600768,0.03364454758816559,0.021288244434825566,0.01696758646152358,0.30999094345311495,0.13007598705888118
2023-01,0.13413208517330416,0.03806260443033846,0.023511844141804544,0.05567432136915953,0.035089374330006105,0.02941113894855767,0.04400091435404018,0.05814815224528762,0.010843056109102151,0.04485040754934089,0.03753529436329671,0.06223506199247314,0.03106575685487982,0.046149867354593116,0.08378601286717609,0.02958704815344138,0.04663914848945574,0.08305559224905612,0.10622231902468664
2023-02,0.125706808015741,0.03938309010387635,0.023007845843045476,0.05664575023769323,0.0365926863453372,0.030402832785905658,0.041075240275161906,0.058583095807318866,0.011708543625813618,0.04666832593484226,0.038137420715948236,0.06474918753621554,0.03132031926673167,0.04370859030463701,0.08649426931635551,0.02977859987555111,0.04767717402066792,0.0828483373873354,0.10551188260182214
2023-03,0.12516546974288112,0.03880818974730988,0.02244728345770747,0.053980360045732326,0.03757965922376466,0.03001370640154689,0.039894357669363764,0.057587380890421334,0.012659166782053933,0.0498447695422029,0.039768908263568326,0.07171312734063028,0.03250116184954083,0.04173160311760402,0.08140830719531619,0.03021373727568586,0.04802130730109361,0.08018659482259417,0.10647490933098229
2023-04,0.1270219727646935,0.038359388678045274,0.022097424001184224,0.0541175502894423,0.03647390748390554,0.028111137027439052,0.04049621762561834,0.05594976428581622,0.011823765642816012,0.04749120450133611,0.040759704775711204,0.06913410992462998,0.03182511508867251,0.04311216449155231,0.08248435531721005,0.02694613149340562,0.050098570851128295,0.08536611998869793,0.10833139576869563
2023-05,0.13192908758248162,0.03711388183084102,0.02228056336362548,0.054825158228320806,0.03594580294509486,0.027311728053148455,0.04238624638342564,0.05758212060028044,0.011049791859317256,0.04606604921896183,0.03853478222994532,0.06141414290276851,0.030974213863052262,0.0434350599635962,0.08402003870339325,0.027104211513653793,0.05087462204036955,0.08468044482016213,0.11247205389756161
2023-06,0.12248895888363298,0.036248910155757354,0.02135694547335354,0.04750338084371162,0.03480828113128861,0.026046743064820053,0.04193296432444436,0.05668304987225691,0.011066872472096246,0.04549575322457642,0.04301427431232911,0.06781782488875866,0.03160215048164114,0.041470529149787466,0.08723390701355034,0.02727240744215437,0.054246041825109635,0.08657590910233501,0.1171350963383963
2023-07,0.11806343185594528,0.03721941787609201,0.021741985112807838,0.04775885233248951,0.0360319356475004,0.02700465549659764,0.042698800341618284,0.05849313636610104,0.012070434830574085,0.04781462720747969,0.04352412017559116,0.06981483411596251,0.0326196969408617,0.041362471479147386,0.08724424511259422,0.02764234321722845,0.05458943569423232,0.08312677904014795,0.11117879715702854
2023-08,0.10004525391802234,0.02140367996452772,0.04995012544720928,0.03592414262808438,0.036504295284925076,0.0427604150756785,0.09004373076453658,0.03448057570298856,0.020752754810674446,0.04453095699371311,0.028115871663108544,0.04414205492525846,0.04103331446248091,0.08376138090318379,0.04586757393661013,0.05713284252486898,0.05873104473097685,0.12488535012843102,0.03993463613472143
2023-09,0.09741011132903346,0.021063857197934726,0.05187275532386543,0.03490709284078096,0.03775916527816109,0.04180213816952304,0.09423497146944368,0.03484769252091576,0.02098921600000856,0.04592710895430773,0.028596821713975575,0.04378386649269284,0.040324068453293144,0.07970248906782769,0.0467759057891023,0.056399844468675735,0.05858009129201983,0.12510742552311058,0.03991537811532788
2023-10,0.09728682535820296,0.021323048775218352,0.056303340701199404,0.03531999252467538,0.03690537999125752,0.04169631174870712,0.09484656856253845,0.03401826967033776,0.021359406279031594,0.045464287318899996,0.02817949205446477,0.045378913490826726,0.03976303400585573,0.07836322785454464,0.046518233061647776,0.05861306651363353,0.058438587133141595,0.11983499277656003,0.04038702217925649
2023-11,0.09719871883601211,0.02135133897233649,0.05501811615369474,0.03774615396984524,0.03429185475935801,0.04061360934170552,0.09664503728938229,0.033324452438421005,0.02149020953651584,0.044657687274739184,0.027575265973154586,0.040748930683482065,0.040285708754968966,0.08213869246081697,0.049073232161868964,0.05980559094132647,0.059763536951223536,0.11774385660277593,0.04052800689837215
2023-12,0.11700571452506081,0.03846625700366488,0.022666138426809992,0.04747101898093693,0.036178884747546235,0.02744711728545435,0.041534628482180196,0.05932066451012683,0.012211892543669807,0.04806110300854365,0.04432692205983626,0.06891163548761892,0.03331921235827489,0.04176873359525381,0.08765546959025068,0.02874136109496042,0.05523224893631339,0.07951759019863343,0.11016340716486439
2024-01,0.09663353437111571,0.021323416398542655,0.053036357328907754,0.038077281976089665,0.03451551743396153,0.0404917487387603,0.09596350998124248,0.03404509555277833,0.021640976160840108,0.045487397504273774,0.028041259904288515,0.041243554559279895,0.040924318044471886,0.0816923850935242,0.04916871849893636,0.06050395458756686,0.06066897480748238,0.11630430490547837,0.040237694152459355
2024-02,0.09727970884007002,0.021031430954077134,0.053480038805991795,0.03697083525087384,0.03400358537710809,0.03884592427110463,0.10054310040338936,0.03408127314825437,0.02202530407740614,0.045345734530080846,0.029366144699016467,0.03684571669994296,0.04063310753873062,0.07948925836121093,0.05013786459535012,0.06141375560674666,0.06233989559362369,0.11594998894073273,0.04021733230628969
2024-03,0.09504465081687788,0.02101408615801845,0.0532570532180391,0.037428701336638476,0.034161207825093604,0.03858455737839097,0.10040591459209512,0.0349905497085707,0.02223739403182328,0.04704348306135702,0.030709504565279558,0.037313952858070265,0.04100797829139707,0.078977216211159,0.05166217826913423,0.06098177537777753,0.06187485582375847,0.11276509615396957,0.04053984432254976
2024-04,0.09597991759351936,0.02162987234335777,0.05465502804052345,0.03549063985478582,0.03447898084122005,0.039142481521466786,0.10077202979080595,0.03527722690512013,0.02219856464513015,0.04752630018369124,0.031041884226140074,0.035867764038406004,0.040720049040196805,0.08082801331282795,0.05137759190434733,0.06182340447108137,0.06160259331016959,0.10969933234090254,0.03988832563630769
2024-05,0.09924727317300032,0.022380287751240055,0.056090103438712034,0.0345822805995391,0.032980038836320426,0.03864430380021346,0.10196033257092971,0.03340654631841705,0.021326963434024074,0.04870634616487471,0.03063752673549711,0.03658062805037693,0.040092657901459036,0.0851365283539664,0.05158922953012199,0.0619105200685278,0.06092460780683455,0.10302790336360512,0.04077592210234018
2024-06,0.09680659058642674,0.022312288848881336,0.054839472518463876,0.03490209382688221,0.03264528990074562,0.039308287941316,0.10223735976294845,0.033192596822989154,0.02138826864001987,0.04747588075766182,0.031889317819025216,0.035585909829981006,0.04003904461889992,0.08814275099955478,0.051683345110546224,0.06209554953195378,0.06164222500553777,0.10308013366388297,0.04073359381428329
2024-07,0.046820742515089886,0.01346698319977015,0.038669157274699294,0.010552707853665888,0.00781973550114986,0.02455520967940218,0.0855999750598532,0.018155894365873174,0.01798692760691319,0.02413077810756798,0.051619758668311616,0.012390966088366711,0.02370896476997422,0.06368322227364401,0.020619550248842988,0.030053693525942726,0.043624012611495705,0.20053772421732768,0.26600399643210954
2024-08,0.09443495407319014,0.0216965888514833,0.05426607312030435,0.03180648657173366,0.03204529235216549,0.037615191121967,0.10471939046033074,0.03296670059355757,0.020913290084322536,0.04572472615059217,0.033418702338899355,0.03745836032059518,0.0404632414985465,0.08442415861283148,0.05376708773682514,0.06227969056935684,0.06454983474578821,0.10688975279283279,0.040560478004677596
2024-09,0.09494576055735184,0.021206355525857826,0.052401958719918644,0.03237737569498247,0.03133983631560389,0.03719613366694723,0.10749344344791122,0.03262497890480638,0.020013757437561033,0.04640948030895864,0.03298331106499136,0.03597338317296549,0.040452215529061544,0.08593222921433437,0.0534364284214469,0.062036171304421676,0.06443024636203527,0.108482392921952,0.040264541428892284
2024-10,0.11528011992255237,0.03910945076219069,0.02174740850214686,0.04627621420079183,0.036438391327344666,0.027697780782561923,0.04095457554745152,0.06117457983617471,0.012334391346013876,0.048946953763413334,0.045631238211553515,0.06730173145851259,0.0336077431731796,0.04158330796233936,0.08802361470998361,0.029108006786143326,0.055056045042261206,0.08051199508568851,0.10921645157969648
2024-11,0.10842780868098133,0.03892705033910011,0.022003566980705037,0.04434237931830771,0.03664200162451426,0.027376282299664635,0.03973400203674872,0.06046932904937207,0.012381830725533807,0.04977579635738799,0.04705632926424414,0.06759973106167058,0.03422913742786544,0.042707422033157444,0.08975654514546033,0.030514069042661317,0.055894989197318015,0.07452278132469725,0.11763894809060987
2024-12,0.10434046423802072,0.03745068189694767,0.022532305668106597,0.04484223335290695,0.03660634755742439,0.026782978304592565,0.03907809012321247,0.06096121809664528,0.012931667195282085,0.052402178815043374,0.046193563932684166,0.06965383418460508,0.03466078779624864,0.044199977003129255,0.09102590346233398,0.03202101870089338,0.05639193559922002,0.07469946793505959,0.1132253461376438
2025-01,0.09878087057740206,0.03515824091653393,0.022453605411265426,0.04754891508577096,0.036403645696205036,0.02539140185173209,0.03880705778235437,0.054326083769719626,0.012250169689645379,0.048923940803588174,0.048157800586657834,0.07623578854354397,0.034067965712268194,0.04183843018534575,0.09360317962554508,0.03140520932264571,0.057826054617142054,0.0757889221560936,0.12103271766654063
2025-02,0.0945246471102162,0.02132738863500474,0.05059566336840731,0.032935231042313634,0.03126873842505277,0.03733844814161187,0.10364002418934912,0.03326246377938733,0.019751493216178594,0.04763690744054804,0.03305517429499739,0.037993887880127725,0.04030474280493875,0.08817648140780877,0.05464776961763132,0.0617891525338901,0.06548752063918611,0.10605483395477948,0.04020943151857086
2025-03,0.09952634885956373,0.02080406552659026,0.051810623523243796,0.03169440902659286,0.029366511441004245,0.03595349990097563,0.11008817378268716,0.03179946912173551,0.020057455092431495,0.04476780938383382,0.032475665274383676,0.0327983091594737,0.040452522085020065,0.09021860778522289,0.05278322791633385,0.061384836298757454,0.06468665505099347,0.10951221299328165,0.03981959777787483
2025-04,0.10471863909344163,0.021667381790065297,0.055097278888917404,0.027815006423327158,0.0286557490934643,0.03504733126933247,0.11110957526201952,0.031299056738174826,0.019437576451348384,0.04340268315696262,0.030573885283042272,0.03187354764312092,0.03973446037934674,0.09393424465310515,0.04975193719007346,0.06058394388867603,0.0623429147617278,0.1117102977050319,0.04124449032882219
2025-05,0.09604938586494938,0.035303742120954024,0.02203170504324573,0.046610292948864276,0.03596840573601535,0.025324314256123626,0.039294074741139856,0.05488274675705917,0.012355097690300154,0.05070810024226849,0.04613505564266234,0.07482550957680864,0.03404607247400257,0.042136312323319755,0.09653574416829978,0.032257877049168375,0.058326433120227186,0.07440673286439668,0.1228023973801946
2025-06,0.0913513127498424,0.03512297497382694,0.022343896699780187,0.047571317306232486,0.03587720347985944,0.025506005830787364,0.03709715817568784,0.05355436725643759,0.012747216357960407,0.05231426422370891,0.048108390490609804,0.07536244461414919,0.035096609383528266,0.04325793153838932,0.09561695581933544,0.03262294703723314,0.058781377274794544,0.07340040475940936,0.12426722202842745
2025-07,0.08861547516253437,0.036070324218634486,0.022499653018365248,0.04752540318329598,0.03627209583072483,0.025227561407482134,0.03637983858122347,0.05381967077434061,0.013078267994715701,0.053776645390350444,0.050830748413576564,0.07202128318959349,0.03564254940022,0.04258317434216605,0.09683960476255322,0.033203752876913795,0.060073930044386575,0.07283629681812745,0.12270372459079568
2025-08,0.08728963668608274,0.03604171531365134,0.023041192602672237,0.04791288807343969,0.03669303283532434,0.025307171214506603,0.03524736089585784,0.05454822593028773,0.013339455696642504,0.05334873366075507,0.05285288679336948,0.0705808746356551,0.03563567479800005,0.04400333124231154,0.09762590988453176,0.03279069224097451,0.060522560154960145,0.07167797839899502,0.12154067894198235
2025-09,0.0870144450196413,0.03748140768867801,0.02324754661363563,0.04849435250261794,0.037670871310395676,0.025702154024622472,0.03574296816860389,0.05633500165044374,0.013402143204827924,0.05271052084916955,0.05184557405353176,0.07195143629750486,0.03560515738144805,0.04238933713056105,0.09504794867044308,0.03313136968468571,0.060415504713567825,0.07175868329839756,0.12005357773722401
2025-10,0.046005943714164076,0.013288328439385046,0.037442714690566516,0.009890236119783864,0.007713973090739289,0.023921770420856393,0.08158373948531271,0.018767392271087424,0.01784383851970958,0.02528531753111493,0.05006455431143766,0.012983865375281598,0.023589739339185574,0.06614797425459151,0.01955779619505319,0.030897055934766732,0.04274291544558641,0.19822609172499672,0.2740467531363807
2025-11,0.04427142773314592,0.03047176874451012,0.0530720880315065,0.03242634818245123,0.008522750406967854,0.02370836898808376,0.06012229501279934,0.033863365782258716,0.014988954067679808,0.028507835425409894,0.012950310690539075,0.00985725838708883,0.04307017544393762,0.0887766559793306,0.032279517357504346,0.021365452461868342,0.017272630153114584,0.2981519271884347,0.14632086996336877
2025-12,0.10179517765783223,0.02144147256290245,0.04002225187709744,0.022074090577888637,0.011007829468833009,0.024542199820622456,0.11504840064321165,0.03882825927239405,0.011888738250780437,0.04531001519733165,0.036895093113963114,0.02667086247186569,0.04076809563937968,0.09479598195132356,0.054075132832326005,0.039046609197305585,0.054921184348231865,0.11897713044607684,0.10189147467063364
2026-01,0.04527825138572684,0.03067209622399883,0.05293719051934456,0.03280757672016541,0.009098231543064649,0.024159373018056853,0.0661161148561959,0.032809920804410454,0.015255975042269367,0.027632422075169957,0.012376397927066806,0.009557154174109713,0.041603751740240356,0.08898074873013175,0.03166368937581154,0.021373269649074503,0.017076182452544764,0.2961773685188318,0.14442428524378606
2026-02,0.046808925208265344,0.032698277805662694,0.05600347840436338,0.031721746231366664,0.009411773763449122,0.025628839917502862,0.06595315579353596,0.03404712023277057,0.01581830960548793,0.027514260112393833,0.013018332575786835,0.00966025916064966,0.041785787171577576,0.08736358160868611,0.03216824595629555,0.020925718700620086,0.016659014326548933,0.2844106870048659,0.14840248642017098
2026-03,0.10517072335191602,0.02214097361286208,0.049208550283856026,0.026127967876297686,0.02785212565096983,0.033342781205139234,0.1149656276438398,0.031218635275555927,0.01956020363092543,0.0454145457529676,0.031026681049025485,0.03301415704996939,0.040025672602437806,0.09416086927021503,0.05056502532344866,0.05965275018289779,0.06371184449823035,0.10952370976801236,0.04331715597143328
2026-04,0.09926577092542387,0.02067253539851014,0.058919756146238345,0.024879891772140186,0.026408796962482016,0.03655524976918685,0.11034394804221091,0.029919904540676806,0.019979237277965384,0.04181823886727704,0.031702822534349605,0.032994038104479505,0.038737336362885476,0.09768222432315744,0.05269511033374838,0.061585767864622346,0.06384562440370367,0.10877920204023157,0.043214544330710446
2026-05,0.04423981740086824,0.013642948327638647,0.03658461118550338,0.009560508376147709,0.007800016216400291,0.023024604913991664,0.07944843432889309,0.018099802691696212,0.018945713426143134,0.024798900802549855,0.051345452888537306,0.012984214921822773,0.023299394767006116,0.06437464269560049,0.020137231145757526,0.02941082953730115,0.041143441801169224,0.1958037510988748,0.28535568347409845
2026-06,0.043571813121856304,0.014261655126293366,0.035109472162419934,0.009906792905055733,0.007775971386230611,0.022464581792705236,0.08332812024500053,0.01774205411764974,0.020427414240521715,0.024360225552707348,0.05650164503527145,0.014108829524277122,0.024468271025127594,0.06044549040205641,0.019930153546061338,0.02940356955826876,0.04400605016673629,0.19642637126443224,0.2757615188273283
2026-07,0.04550967760334063,0.01367533026014166,0.03416209182214306,0.00973319501356128,0.008528335936096188,0.022129829115788514,0.09109692805669263,0.019300563032568715,0.02012114225870997,0.028467978584446333,0.05975563084211797,0.014021366993443222,0.0256255205530163,0.06362954957215092,0.018984588578674317,0.03138632875039629,0.041697972249095404,0.20015428852063552,0.252019682256981
2026-08,0.04896985656997731,0.014181039978920257,0.03923781126978282,0.0103326191389901,0.008611853364733154,0.0228030939341122,0.09398108819291962,0.018559525387880887,0.017491137982482335,0.02876896352436829,0.054616575919884405,0.012454124471636605,0.026671391934796916,0.0637742226985212,0.021275440925831772,0.03391659471124129,0.04520316172042335,0.19465224263251366,0.24449925564098388
