,Food,Mines,Oil,Clths,Durbl,Chems,Cnsum,Cnstr,Steel,FabPr,Machn,Cars,Trans,Utils,Rtail,Finan,Other,UST10,GOLD
1990-01,0.11846231349019666,0.038931460643690144,0.08771219918364616,0.040781340707154695,0.013097970159244259,0.04238433370356722,0.06146856075644611,0.025242799448166275,0.02090381186346368,0.0352735922791227,0.01578265977466254,0.024355367750974338,0.03059667426341357,0.0905872511504213,0.029512813080706503,0.03434779969501748,0.05855627464570758,0.08980677436459446,0.14219600303980426
1990-02,0.1108994673812701,0.044838522763094864,0.09131501300884509,0.039191535629639965,0.012711960614694708,0.04151536088018639,0.05991126796929409,0.025591611716398302,0.02009823117384629,0.03582331801387979,0.01633237269272721,0.02512535836350758,0.030644684157450343,0.0889655890908955,0.029524228202675872,0.031901438181259505,0.05269646532829142,0.08717537261318231,0.15573820221886067
1990-03,0.10923313774013078,0.044278267636472024,0.09413610730457862,0.03946985255662484,0.012370637211323325,0.04227165004615698,0.05700488888919525,0.026191758551033534,0.02034049692053721,0.036878881835367056,0.016619472638985232,0.026417638331060693,0.031606999230088945,0.08784085791501474,0.02951756292294607,0.03223155763825323,0.05267030126021265,0.0843873408597971,0.15653259051222185
1990-04,0.11756242038841518,0.041596005199599946,0.09248747842396543,0.041612286570349044,0.012713131176295068,0.04226527307744897,0.05989032441535572,0.027313213146889392,0.021377208190382607,0.03880829328084232,0.017090242593913712,0.026975132916686576,0.03303026145255546,0.08524300129550653,0.030874543340969292,0.03087306769759389,0.054853478267283706,0.08103119806529821,0.1444034405006489
1990-05,0.12188091205477702,0.03933287387348126,0.09106687631668416,0.042722963853852255,0.01256277232688196,0.04200368770767909,0.06431637701522352,0.027999389554822663,0.020830777770825024,0.04090082492388816,0.017901938142094245,0.027074766972359877,0.03288951845994536,0.07902871300753593,0.031621024532983225,0.03052768263563838,0.05464476136916937,0.08101458729810077,0.14167955218405778
1990-06,0.1275978342194047,0.03894618679959324,0.08934374549512014,0.0421348667304998,0.01266768190030357,0.04193393499592846,0.06690058963274413,0.029045325505784626,0.020790728819523464,0.04151673862585095,0.018650478209002938,0.027420995379054975,0.03291105316111012,0.07886983958154595,0.03296487662682295,0.031599297590821224,0.057055022132242714,0.0809281121678583,0.12872269242678783
1990-07,0.1285934610985121,0.0369525064297431,0.08734141987633162,0.040964331630678995,0.012775356751946078,0.041023943247718436,0.07244609488105917,0.028412680985983447,0.020738119899815555,0.04254808818888511,0.01853374601113741,0.026943418156139265,0.032869729463783866,0.08032468162515558,0.03405567674163142,0.031050899960720444,0.05581790786066146,0.08562309852099169,0.12298483866910534
1990-08,0.12657024289648655,0.04006328143772028,0.09337406024557267,0.038684019185071306,0.012358357662236375,0.04066536437451821,0.07355342233143983,0.028412249370957283,0.022256826713543437,0.041045127086677735,0.017933392931079765,0.02615252292905959,0.031407279751384125,0.07988817654785153,0.03237825310548901,0.028994492220178532,0.05130773467743461,0.08893340497806619,0.1260217915552329
1990-09,0.12101633521369808,0.04065718763630115,0.09957752319773543,0.034578687755126784,0.012596524695358087,0.03723551746320753,0.07135233992502575,0.02712510557444525,0.021971166376767146,0.03710131052061961,0.016905999653481652,0.024204460579897558,0.029404456470707867,0.07633632927276432,0.030191286969611365,0.027277066999715185,0.04695218599534105,0.09137431455851969,0.15414220114167654
1990-10,0.11756762728739507,0.042281372587063985,0.1006775202313864,0.03077206399058769,0.012532558254039747,0.03610415507189703,0.06945329841578857,0.026010963014622347,0.022089430053869527,0.03424282751881934,0.016709761054517644,0.022747482052079458,0.028534996371679375,0.08074662794945565,0.0286507757969627,0.024822910438814537,0.046709556024943595,0.10090914876223776,0.1584369251238394
1990-11,0.12062948485986344,0.036064199570521704,0.09371962235923773,0.028624669034622026,0.012647401724381925,0.03704576440049939,0.07143710186394406,0.024744897583766853,0.02034021674742874,0.03350686802264788,0.01662566036520019,0.02293443594565399,0.02906171404412324,0.08988993132227603,0.02836946113818087,0.02340260574199028,0.04687319585479338,0.10903997896213859,0.1550427904587298
1990-12,0.12220839662341358,0.03366558064732639,0.09229245154355767,0.03028641223600578,0.012914196054836041,0.03868327751892409,0.07516842419089476,0.025554843880372904,0.019469979473906426,0.034444757084707484,0.01697563972695834,0.021998416772974025,0.028741361713260114,0.08890380159110127,0.029620199012050024,0.02538421450490127,0.04764841978607888,0.10787138916826385,0.148168238470467
1991-01,0.12335847563639554,0.03562484191615995,0.08855227048701071,0.03185588079725644,0.012785304905782582,0.039011629753893724,0.07646297078394071,0.02608956328943261,0.02036418615137609,0.03399060230409693,0.017299895140040725,0.02101348887994379,0.02939037766667442,0.08786522848132051,0.02971610499394843,0.026280067607300988,0.048725561853753166,0.10846680214719932,0.14314674720447346
1991-02,0.12548262927756793,0.03163179561295286,0.08564369491075097,0.03532391660492267,0.012830762269145925,0.040113994956324124,0.07722785265066029,0.026991886262861555,0.02060821925340331,0.03692668575103472,0.018374032064623878,0.021034622727970666,0.03088821800707328,0.0838553578876708,0.031507615846391716,0.026973159247124387,0.05045155079516214,0.10322278896262466,0.14091121691173422
1991-03,0.12726722906618979,0.03219104999881365,0.08738889697924272,0.037941306163213,0.013481011131200017,0.040278573754102605,0.07995960141297985,0.028647679543400625,0.020922327048875238,0.037328412719831054,0.01882914846901854,0.022391181020170434,0.030217094140750526,0.0844875131809268,0.03236409636727775,0.02885985459291618,0.05086658688275276,0.09976493674271723,0.12681350078562137
1991-04,0.12783050646427033,0.031147541246965563,0.08573025359589709,0.038616989830918956,0.014200943335999803,0.03937276732114688,0.08135013810237403,0.02808702337574321,0.02082959978098265,0.0383189732173604,0.018606795650895753,0.02190046411261338,0.029660068357580737,0.08419860839791359,0.03494966849759157,0.03037831995723916,0.05145175483351042,0.09956044415959277,0.12380913976140369
1991-05,0.12752367123656344,0.03125064053673218,0.08762229378491611,0.039140840428426193,0.013971321197621706,0.04071341109781405,0.07985628740428456,0.02804285968903958,0.02076105820615413,0.038311568252430865,0.01806139103918709,0.021328904743422143,0.030008229180538373,0.08338595582992857,0.03551623959646001,0.030900558369137878,0.051323575641427636,0.10076691566431191,0.12151427810160348
1991-06,0.12928654493145075,0.030501113194956877,0.08444299296467761,0.039055694801676685,0.014039467346347534,0.04364341881814515,0.08189531768731793,0.029287501127180628,0.02064164760630975,0.03980094821613036,0.018298277581422395,0.023775181395298776,0.03093186440953598,0.08100610569817591,0.03703500990158022,0.0313259348763064,0.05176720563142272,0.09631795041238297,0.11694782339968131
1991-07,0.12800520382277628,0.033876216283074995,0.08294866875403875,0.039695959261381135,0.01346746810439894,0.043069079925363365,0.07923343612575826,0.028746793912644716,0.020244224528612076,0.04105467848470118,0.0171549015875139,0.023558246126256795,0.030486453772002153,0.08003292174463957,0.036125452555537715,0.0301202223178252,0.05046412354546435,0.0973119245276212,0.12440402462038933
1991-08,0.12826227512875255,0.0320656535747956,0.08277828401406324,0.040081465852813615,0.013888512627330802,0.04350820488139312,0.08168652502848059,0.02913982657275085,0.0206306620118055,0.04128066510571481,0.01741038466193723,0.022715151510532623,0.030960284997148257,0.0808224436335646,0.036486339225629855,0.03105686182318337,0.050289531042555444,0.09693887163289659,0.11999805667465123
1991-09,0.12840301057643558,0.029682712329763678,0.0813194166740914,0.04132071635980606,0.014551315913896403,0.042785168590599845,0.0822360585134939,0.029514045944937242,0.02047974334965963,0.04163052320063413,0.01743716612913766,0.02164451799035368,0.030703610475470912,0.0827493178194647,0.03716341231744116,0.03198888294972915,0.0502555833641605,0.10235223893072032,0.11378255857020414
1991-10,0.126954715126327,0.030557936046589608,0.08090668787912275,0.042677007522751456,0.014488649779503846,0.04116161153244658,0.08188631749250075,0.028504129947954336,0.019625755711635155,0.0410954615332137,0.01662286671071017,0.020923121089400462,0.03047724188587106,0.08756183854620712,0.03555979047136157,0.0317275199559045,0.04981302527723739,0.10839408913546271,0.11106223435579993
1991-11,0.12625329740211758,0.030682460141098114,0.08136031598409472,0.04055207251521168,0.015061558155486644,0.041566701165533904,0.08479839276909111,0.027296101966698117,0.019233851269581756,0.03984570534140444,0.0164009169192586,0.01986545298472058,0.031680293837043225,0.08754681279608713,0.0339766893164401,0.03202341613011346,0.051174084267911306,0.1081188857155084,0.11256299132259917
1991-12,0.12550237965747854,0.03166407741765151,0.07536843520608746,0.04001827618395676,0.015427340628011467,0.03988185210718103,0.08410099512868993,0.02747181304461347,0.018483905092918616,0.03830684146643424,0.01599097829415425,0.018807034339621814,0.03020294874407557,0.09243931616119018,0.03463799851179458,0.03096522601510222,0.04902390183623098,0.11529641999496582,0.11641026016984161
1992-01,0.12560610948119616,0.02955021822826895,0.07073590950989705,0.041180147872314526,0.016108983261870383,0.040349964624140026,0.08776689138814367,0.02879389314177888,0.018412846970951042,0.039191880113811216,0.016530168771133176,0.018797963508635232,0.030978395323180707,0.09048301384733996,0.03576548954718515,0.032581556583092156,0.051069121247744605,0.117915180214964,0.10818226636435312
1992-02,0.12771668332612324,0.03138187582750773,0.06985400849163356,0.04483408308721184,0.016494804944717802,0.04146377475620822,0.08704711417003173,0.030032340740626697,0.018629309456717914,0.04174102168419329,0.016927001515306267,0.02029842657634015,0.031569968837677244,0.08658628367866791,0.036773168034766185,0.03318566121323108,0.053165440399613156,0.10583081776255339,0.10646821549687266
1992-03,0.1287948226052302,0.030643987779841245,0.06933575320295557,0.04650496921762297,0.015791280664600362,0.04232060226895954,0.08628055793477764,0.030107122305736995,0.019214482531382124,0.04291483090259775,0.017054158946621305,0.02280903305590023,0.03159678442777917,0.08437506926899277,0.037235886644222414,0.033697898732103486,0.05318294024908538,0.10389762881005116,0.10424219045153965
1992-04,0.1291764848431694,0.02907950554470961,0.0689357493785149,0.04727601792923058,0.015600125592632137,0.04401994870647478,0.08336157353439601,0.03047064932920153,0.019607805068859674,0.04178267539943736,0.01680319752733288,0.0239411522185659,0.03184395403771329,0.08609136196778701,0.037774267991310125,0.03439687777136532,0.05260108904691264,0.10314306039058047,0.10409450372180645
1992-05,0.1291480232410055,0.027949374736027346,0.07498482548099937,0.04500866095956348,0.015367730196588264,0.04622951062137561,0.0819328338419072,0.029996905473074913,0.019990960422201512,0.041849404544749016,0.016615402306565386,0.02616467426168165,0.0322098407390539,0.08810130444601696,0.03552229914887436,0.034167616122799574,0.052738199140883076,0.10124749336402271,0.10077494095261018
1992-06,0.1286624113060778,0.029566716245996803,0.07659853260419065,0.04363846149378621,0.015151213350450986,0.04504927627432996,0.08145586837054813,0.03058394118870785,0.019932318573331234,0.04061938484989848,0.016316000647011726,0.025325149479347043,0.031288311652619555,0.09026006311942696,0.03476935080005198,0.03472113731556901,0.0512805165305403,0.10594474641723445,0.09883659978088086
1992-07,0.12808806721795168,0.032009805879532734,0.07548719069146179,0.04185379383851483,0.014203546295328941,0.04344625420906394,0.07762269150118344,0.029438036595599515,0.0203815239864702,0.03782951119361427,0.015814530992823227,0.026625973138434317,0.030294148089342852,0.09333587432507427,0.03480676435736438,0.035786537997833545,0.05080171904168483,0.11106913708051168,0.10110489356820952
1992-08,0.12719386460047144,0.030681755223872422,0.07507264267566946,0.041902666319039925,0.0146316679259298,0.042941170944573843,0.07801788541821957,0.02980461454591653,0.019617406011495853,0.038282322540409204,0.015622833722640188,0.025319216580971207,0.02944630887909339,0.0965537590879098,0.03416953144466746,0.03540992316640494,0.05048777097269562,0.11513851643581356,0.09970614350420585
1992-09,0.12658081944632024,0.030114343726145316,0.07773139905210721,0.04190802722374326,0.015055077946146087,0.04122752568569012,0.07476510655100907,0.03040610543718999,0.01855885925989256,0.038997455461467705,0.015551709386021895,0.02316615563868054,0.028594581729943128,0.09614521244654474,0.03477894470625287,0.03471002761242843,0.049516911694759275,0.1228706903347987,0.09932104666085895
1992-10,0.1265760498868539,0.029750545727523014,0.07716509059181967,0.0431216180502272,0.015232769913394962,0.04079269670146905,0.07082481694399663,0.030755442272668215,0.018064992969975865,0.03817471267542348,0.01569428693112722,0.022478228747885954,0.028620105138628407,0.0963437478052492,0.03587446082846939,0.035504232202409884,0.05000537822786041,0.1268401886590172,0.0981806357260004
1992-11,0.12730581571142374,0.028537674854563218,0.0738955183624113,0.043463057334299324,0.015105059332035991,0.04112660399939671,0.07336066842350107,0.031589140727881805,0.01850859597769754,0.03910375179110938,0.01565722379169443,0.022581902489689287,0.030162122606380175,0.09558108589571977,0.037735103209892276,0.036845830093227394,0.05175714288011117,0.1192815778325161,0.09840212468644921
1992-12,0.12888570714664616,0.026204028775637447,0.07052592971550355,0.046140534260724356,0.01568011509376979,0.041161505454705934,0.07495647067487286,0.03191222266959887,0.019222639759367666,0.04008911262249839,0.016215215983704522,0.023854768519918673,0.030752201831038835,0.09341985623074447,0.03967718909741554,0.03876907658740664,0.05448503606219296,0.11447819563953218,0.09357019387472114
1993-01,0.1287427112381981,0.026400250470566287,0.07066892924521631,0.04583817590459667,0.015125119398378213,0.04069368225933565,0.07178594189894717,0.03185321862053235,0.019445360974377608,0.04031357520193726,0.01594101211608152,0.02414595503104904,0.031507969149452975,0.09538743850895587,0.03861410995256799,0.03995746210840639,0.0550107748542353,0.1172920613389106,0.09127625172825474
1993-02,0.12889582985033912,0.0248661147100617,0.07322214405539243,0.045979040913676626,0.015607199366473706,0.03929358350461365,0.0655815891385378,0.03130678182132447,0.01982028955841477,0.04063025259854359,0.015762438430162614,0.02570917938860054,0.031043757617002753,0.09979311289923258,0.03819985087337065,0.041324812889060744,0.05597818814634984,0.12029127091005926,0.08669456332878328
1993-03,0.12729501621780107,0.025095109859621108,0.07709260977480972,0.043739883322796595,0.015338337634218657,0.03860830843218655,0.06075709854178962,0.03203156666383879,0.01916147212083951,0.03898068586117475,0.01530917819508866,0.0250219619536127,0.030775882107549057,0.1079986843949125,0.03670922712459719,0.04089586180228201,0.05445233826801685,0.12628056762662943,0.08445621009823526
1993-04,0.1276394170295503,0.026737799768265364,0.07879520182257614,0.044365902205119156,0.015378653620798767,0.038447770422744214,0.059315528764676204,0.031641003455319595,0.018378842851209134,0.039747593036439106,0.015162366011624781,0.02573744744476275,0.03124092404838257,0.10837930276766136,0.03688515838808357,0.04190599449892619,0.05479051030558364,0.12340537829131035,0.08204520526696686
1993-05,0.12417186888332629,0.027472857476506494,0.08225767854047412,0.0424903677733492,0.013839167472097095,0.0404489783520675,0.061168494739591045,0.030842410647641948,0.017633915063217327,0.039793101649503594,0.01443005684423506,0.0267606760181228,0.031901449730011945,0.11136086624844103,0.033320546763715,0.04028854764836614,0.05354184214925792,0.123344757375964,0.08493241662411152
1993-06,0.12566330253808283,0.02821558775136031,0.0822854661034453,0.0421730732856811,0.013790595576009453,0.040304851005986825,0.06143777478326475,0.03091721185364921,0.01774338679303565,0.039600965764824546,0.014986584378612033,0.02618393501275627,0.031964343336445,0.10879118067172375,0.034390964024246976,0.039362046726989904,0.055941942936448864,0.11778132236469886,0.08846546509273848
1993-07,0.12429803551044277,0.028826352229542336,0.08094150651908799,0.03779949061760144,0.013346982369558053,0.0378744135536235,0.058836586702692706,0.029874593373330274,0.017600105385560037,0.03785609919534964,0.014644979137810215,0.027087217634314566,0.03177588648087132,0.1148161372879078,0.03255649437294723,0.04107823945994382,0.05681752413353898,0.12556529674031694,0.08840405929556028
1993-08,0.12348579596837776,0.03059521187429458,0.08150715047523494,0.03584565444372547,0.013324553888291115,0.03805950510858787,0.052742786696950476,0.02978880554605235,0.016859305067843736,0.036078001153989965,0.013999619284581766,0.027579644858477127,0.032877685350257306,0.11910314151648888,0.03248493612439711,0.04222074720463492,0.05629782273802054,0.12428243495348507,0.09286719774630915
1993-09,0.12337805668336049,0.027273027257626335,0.08206594223368356,0.03637221399782885,0.014144687876587948,0.03806190836764649,0.052961797470996864,0.029660884714787183,0.016737499386236806,0.03698135138175092,0.014497260126648792,0.026334383852602,0.033052262181101105,0.12103154367485183,0.03260435571542229,0.042111827450835214,0.05732820432156571,0.1296230149593372,0.08577977834713044
1993-10,0.12076743465029813,0.025358835603741567,0.08421526308116663,0.035392249840141755,0.014398944634721337,0.03718892577016908,0.05324121625133854,0.02926580168441344,0.016264836176240756,0.037824505794364555,0.01464348632172546,0.027132890324234066,0.033229190881071756,0.11998548463256152,0.03317019569263552,0.044086360189068995,0.058662301132653735,0.1345798689123013,0.08059220842715197
1993-11,0.12434264057355478,0.026362562278648385,0.08053303392779865,0.03631182012190683,0.0146801896774901,0.03740261627135819,0.05677600533283424,0.02950049072895879,0.016441058212499887,0.04039189061862653,0.014343113185879879,0.029446898582401626,0.03330970856151098,0.11341478987250321,0.03427241176221782,0.040846193870891466,0.059830500090386665,0.1312827058644716,0.08051137046606034
1993-12,0.1263998033740896,0.026196882058582557,0.07666254793973493,0.03800652535302509,0.014673179417007824,0.039254943237633115,0.06079682441034191,0.031471759820737126,0.01678038542757146,0.041566499366992464,0.014611991552100051,0.030721143361782704,0.034857775177118244,0.10511234519508633,0.0357611519916963,0.039756555525750976,0.05906318409941288,0.12346376315254098,0.08484273953879543
1994-01,0.12700477848674654,0.028278349451506014,0.07595650016836951,0.03733744959500506,0.014243473445701819,0.03963706096381586,0.06056351538196487,0.031134000657138637,0.01738617797402985,0.04266201915708088,0.014946611087697983,0.03134640572001719,0.035604120432301066,0.10641056125662662,0.03344577232882729,0.03999124902196563,0.05934427867261683,0.12042056734229736,0.08428710885629107
1994-02,0.12745110393470152,0.02744382811941026,0.07942266594929089,0.03498738830933417,0.013781522894144804,0.04285038219197786,0.05984585971177558,0.03113508985664231,0.01857084269992904,0.04175662058337158,0.01491724631778366,0.03329914076223651,0.036213975252605335,0.10186174239072898,0.03270460822996844,0.04106700967787529,0.061676057111618506,0.11940502071217005,0.08160989529443535
1994-03,0.12935205019451057,0.02834290152713572,0.0799190909229726,0.037618382597793126,0.013961827749980666,0.04437123357798482,0.05778075794136361,0.032737737203061654,0.01853713688845481,0.04337802907911802,0.01566485187166996,0.03256810858311602,0.037101648715258985,0.09582140715089144,0.035274753142195255,0.04034074600326236,0.06127740390756777,0.11254340619064146,0.08340852675302127
1994-04,0.1300583977437768,0.031071979273041166,0.08124274624555997,0.04016929482008155,0.014078704660846942,0.04557054890544549,0.05464808790065934,0.03288820288458639,0.018334283606299996,0.04323929273788725,0.01570698389761752,0.03169695414500426,0.03693785953604738,0.09423516419054874,0.035196615775741125,0.04109082653237189,0.05993178935487908,0.1042552396766373,0.08964702811296765
1994-05,0.12976100294433848,0.02780656116569757,0.08377795421298369,0.039844875323670405,0.014316597657580301,0.04645528535596096,0.05771594125408737,0.03289330214176397,0.018590781167280825,0.04296731144526097,0.015719776848974444,0.03204813248731007,0.036405766094673955,0.09589781797330742,0.03508756384022175,0.04225726828598449,0.05858738846774729,0.10129824955239941,0.08856842378075665
1994-06,0.1301942061123373,0.028044094134121997,0.08531637269934532,0.03821168873763196,0.014497230259267484,0.04898024604094062,0.06045690684745458,0.03336068633925813,0.01920434440542168,0.04491624837971749,0.015607131784776447,0.031023151558469464,0.036161073299092655,0.08584839762641887,0.03380530304215929,0.04497935402456985,0.06090568660265478,0.09927885986654968,0.08920901823981224
1994-07,0.13021441219125782,0.028155360102169676,0.0848217806671695,0.0375975643552104,0.014391515641469997,0.04859783654325266,0.059560587994162424,0.033096975408151715,0.019972411588239574,0.04606428898104216,0.015014718023377992,0.03070079737929978,0.03653351248171018,0.08295652047693135,0.03395061675279506,0.04466583460223947,0.060442124605028145,0.0997551588620271,0.09350798334446492
1994-08,0.13015222017549546,0.027390805040975928,0.08525400524002817,0.036840206013039854,0.014316273658762809,0.04932845607494278,0.058552875334119826,0.033036532232965043,0.020909704203778478,0.04388386045828185,0.01537034638258847,0.030949927840320985,0.035641091128270984,0.08763695558837888,0.0331006645252384,0.04478455231792838,0.06146972749167784,0.10156051829748579,0.08982127799572012
1994-09,0.1313803988169194,0.027782084140573496,0.08104480299059623,0.03756854343451748,0.014900032781367485,0.05105114170936838,0.06459330654644323,0.033992391791245864,0.021612089173968858,0.04416707824281863,0.016350384733624882,0.029489536173303663,0.035704076155241106,0.08475955318594222,0.03354103197701997,0.045119494389994415,0.06274186722653721,0.09851990404502457,0.085682282485493
1994-10,0.13188760375599284,0.03050022830106159,0.08061407861468198,0.03696003449392125,0.015067193951963934,0.05187983066088469,0.06693119080051538,0.03347985562518239,0.022408018971014954,0.04360965956577283,0.016554506025076854,0.02830957074633717,0.033610951672027475,0.0820659725876295,0.033348792663662946,0.04306667174484587,0.06373719571318541,0.09401241426282417,0.09195622984341868
1994-11,0.1315552937227242,0.027639153188128956,0.08609143753449937,0.03709121974310892,0.015283903401469866,0.05062392151136639,0.06758227638473764,0.033368258242779426,0.02144452933119648,0.04390643850676016,0.017803712463577977,0.027697587956791864,0.03414077834867307,0.08265326660624832,0.0335563116964441,0.04255965904161193,0.06310333510758552,0.09258963836001906,0.09130927885227685
1994-12,0.13087942747155473,0.026046829166891848,0.08280272440836303,0.03702313890236666,0.015153619398641184,0.04747229273780893,0.07134463474224524,0.03308583581061406,0.020315403463589586,0.043412762480150524,0.01789794653570263,0.02738938912370736,0.03395143947996582,0.0864477513578105,0.033658548252173744,0.04097446261644285,0.06119114798277946,0.09701801061326873,0.09393463545592307
1995-01,0.13137793086529134,0.026341553221419102,0.08144249092048116,0.037034407444504355,0.014988228602830212,0.04913553159299114,0.07102656070037537,0.03298490129503988,0.020955002984437712,0.043589939895587786,0.01840225415763281,0.028416709368210197,0.03442543055295727,0.08596946211636124,0.03154462970559818,0.041225288842137046,0.06257129271706982,0.09749082745606752,0.09107755756100787
1995-02,0.12997121261430605,0.02448923826685791,0.07841211140555547,0.034968300611428,0.015414504004321533,0.04600997479210995,0.07372681370238345,0.032656814153645464,0.019463665091365066,0.04387727295746836,0.018411044843359495,0.026242016590738527,0.034458628525756985,0.0919281070970885,0.03157043469719129,0.04317622223875203,0.062018797542172314,0.10297089376235344,0.09023394710314615
1995-03,0.13038243253458065,0.02434922194838947,0.07975462996531006,0.03447097399769803,0.015574631433660698,0.04739419341777485,0.07256917182790394,0.03230980859456239,0.019178704372927055,0.04440928767617037,0.019011700661670284,0.026358499129932444,0.03554820386146688,0.08942301168872507,0.031206990874011995,0.044009178040096734,0.06268611704488267,0.10569259269976916,0.08567065023046723
1995-04,0.13109389936519564,0.026176864251721454,0.08247205377309638,0.03352265882462785,0.01584419481802646,0.04938826963764704,0.07237303767381717,0.03155503434887347,0.019104962914939547,0.045724412453882854,0.01943603406437115,0.025995496447432296,0.03645161306250479,0.08410312403370308,0.031861794744379425,0.04343152514695154,0.06296884143350695,0.10399600690173375,0.08450017610358904
1995-05,0.13085837578203674,0.025230254728492482,0.08225788337527479,0.03244595133771545,0.015936777573093936,0.04979665275921796,0.07346751436750808,0.030752970575580397,0.01878558551342852,0.04520933913877697,0.020936621282266688,0.02596199487531016,0.03697528270327241,0.0849244541710154,0.030290943311128665,0.04325435520316068,0.06272238372731287,0.10530633524412988,0.08488632433127803
1995-06,0.12991920723890701,0.023966895271991348,0.08168769100830764,0.031490353052213836,0.0158413032484869,0.04894335041703787,0.07233392589520347,0.029819435167167254,0.01836841627170911,0.04567815129645421,0.02095517461368936,0.0262577701095283,0.036070793041562826,0.08832627703192932,0.030108036880395084,0.044342295443137336,0.06027233264703042,0.11555278655977583,0.08006580480547285
1995-07,0.13062371966661449,0.02357665538791017,0.07720491156730858,0.031637761347002316,0.01551646183980715,0.04892312875651965,0.07395420583062426,0.030229586150471287,0.019223462179895377,0.045049292159356116,0.021954481787630462,0.025946376678303146,0.037074809894422085,0.08582033357058566,0.031194295886688456,0.04445028623917054,0.06368715484348197,0.11525422678187665,0.07867884943233171
1995-08,0.1319465475004254,0.02414663234156332,0.07715183988342579,0.03276891608484328,0.015548735285263203,0.04911793888429586,0.0743945803123545,0.030831298293314196,0.02001722470272692,0.04571132203507982,0.023282368851507498,0.025825058863863905,0.039223606789672176,0.08273774729650317,0.031392873097850146,0.04554030487152801,0.06671912158517533,0.10771290143842727,0.07593098188218034
1995-09,0.13149461310775734,0.024269490006075475,0.07499060674766286,0.03260303554269396,0.015606120559149318,0.048745881063230856,0.07406618812446326,0.030054644189899792,0.01973566639211983,0.044656865505637806,0.023049334664311454,0.02586913497599185,0.038793948379825194,0.08340889865052854,0.030025634645051643,0.048340921585426785,0.0681610356252623,0.11121690599767187,0.07491107423723992
1995-10,0.1308423837285034,0.024198674780417716,0.07205356182037562,0.032222273384609874,0.015942321542162522,0.04785414860416877,0.07661465652592149,0.029813206290298364,0.018809183881663746,0.04072933282365804,0.0233265955507807,0.02557960003920171,0.03891071929890955,0.08746083928945475,0.030685004611000502,0.04947013078354903,0.06689432766039123,0.11384639315785106,0.07474664622708195
1995-11,0.12960621759577828,0.022812809313871394,0.07217559273429444,0.030885344038038103,0.016180401738505584,0.04490691332256812,0.07968308626340993,0.029548476838984605,0.018202478450787894,0.03758434032517588,0.024265692373967057,0.024693282157594372,0.03837177846499696,0.08996925463532454,0.02891726661282972,0.04857786951069589,0.06580290852762864,0.12085531957757252,0.07696096751797603
1995-12,0.13010491544220298,0.023301254317580213,0.07225390859362174,0.03011941880240356,0.01641104311411017,0.045644718621042954,0.08038559419576088,0.030158244622767342,0.018783464286018504,0.03881503268111865,0.023170929467504625,0.024838404379311306,0.03931576191606357,0.08752283336290058,0.02920554909245516,0.04972192915545157,0.06543517255202727,0.12102904813843632,0.0737827772592227
1996-01,0.12910178970521147,0.023491798227598323,0.07406998937626054,0.030102525624455007,0.016080790044924617,0.04521031790584148,0.0809079855544912,0.02999823407465629,0.018302371161154074,0.03757239454345291,0.022313934093032103,0.02552802427665564,0.03859957260600882,0.09089683026065606,0.028008000632408617,0.048785777534483925,0.064434945540836,0.12333623132244478,0.07325848751542823
1996-02,0.12945264158074365,0.02560410113181187,0.07187073683731172,0.02850676061461051,0.016206678928621453,0.04668776519066902,0.08381552824022628,0.029670657974138866,0.018558148960268177,0.03717679194126407,0.022563044230412835,0.025650412322279246,0.037939473766065365,0.09093766738366657,0.027354095622571233,0.04962768472204268,0.0644502626061376,0.12040960347878421,0.07351794446837473
1996-03,0.1312582545079537,0.026200618777194064,0.07253024891752599,0.02924052907792803,0.016503259922150983,0.04822942206142785,0.08226628294669458,0.029123989346812568,0.01848390673984533,0.03984281492886481,0.023863413281138977,0.026225615187209672,0.03926070672170174,0.08674547002394951,0.02909522844304918,0.050778134913117674,0.0648430357080221,0.11051327422448572,0.07499579427092776
1996-04,0.13200267642462135,0.025792682177678168,0.07548559170749461,0.03104354888498095,0.0163548971850937,0.050480839812744815,0.08153546604933216,0.02987935979450638,0.01922248337882335,0.039996771977221846,0.02283969261065347,0.027554861281579326,0.040113022964444425,0.08471994862036249,0.030522867091721993,0.050675620215709115,0.06417805841957964,0.10552377415480005,0.07207783724865227
1996-05,0.1330962591258846,0.02567420635102039,0.07834294577201532,0.032228515080870886,0.016888999081978648,0.04960746702588226,0.0805395958590657,0.030253598449132613,0.019190211125210146,0.042084772732647255,0.02421683559534039,0.028120178109312083,0.04063847202243197,0.08048813130707252,0.03161702311065967,0.04974816499425546,0.06778875259305789,0.09902974149569894,0.07044613016846345
1996-06,0.13389752935347715,0.02639470227489128,0.07658951755249425,0.03376646780482872,0.01750825062389233,0.04816325863413418,0.0822953288018541,0.03072528665510888,0.019073768694361483,0.04192861566708249,0.024952044590718973,0.028339563577486328,0.04014448582939512,0.08012250415775064,0.03247145888071462,0.04936995025993354,0.06778051948434312,0.09642820402912443,0.07004854312840836
1996-07,0.13304195964720406,0.0242960848263406,0.07611576037461909,0.03386834096873272,0.017986777679491885,0.04639293093115865,0.08220100703240565,0.031029014932747543,0.018364909484514417,0.04174494375976302,0.02409406074017374,0.02722678560940301,0.039699843755440674,0.08553028817381014,0.03206139078788394,0.04923589223782818,0.0650700928141087,0.10156748815934905,0.070472428085025
1996-08,0.1326174017240309,0.024789020054666735,0.07648468703178588,0.034173653090978515,0.017440773628802305,0.047419228443449334,0.08352866991868513,0.03118859578365811,0.01795690570521979,0.040014634495981395,0.02353649275319704,0.027262255439702097,0.03980077412723729,0.08179481842926932,0.031086850960788476,0.050701125701958095,0.06105465366500692,0.1059243763554154,0.07322508269016728
1996-09,0.1333289258556351,0.024702221900867117,0.07676819420888596,0.03483412561599683,0.017361262214718867,0.04782525693967295,0.08169792620234902,0.03131459920594684,0.018418198961304196,0.04162579723999878,0.023992962968740025,0.027281466913580642,0.040055163084524975,0.08277269851036563,0.03224421772810886,0.051653658460166486,0.06113944394025734,0.10117248010110416,0.0718113999477763
1996-10,0.1333190404700382,0.023490426276440157,0.0762087398315962,0.03503041977275606,0.017855593076351893,0.048597857701451135,0.08340606489034612,0.03196332314257893,0.018322935087065523,0.04113481025853527,0.025774117054601947,0.026424087056115216,0.03965009970642625,0.08001210600223253,0.03194162354432165,0.05248796996607849,0.062056094055947496,0.10289909931168531,0.06942559279543173
1996-11,0.13226968649181525,0.02291434156791044,0.07888577376053708,0.03432695603410584,0.01731127577748198,0.04794363402379121,0.08266702962760747,0.03165486195033217,0.017729670928549136,0.03971291220255009,0.02569177209651081,0.02719586829498499,0.039456196086541974,0.08201242354136401,0.030650523904042496,0.05417349575083911,0.058917031900979924,0.10805075809582258,0.06843578796423333
1996-12,0.132374891246406,0.022389262243752435,0.07868853930531552,0.03284780528707886,0.01756136497325333,0.04764928865636121,0.0849256084589259,0.03074849302302711,0.018113929399334705,0.04024765922861307,0.02745215845968937,0.027479049652883676,0.03970375491781135,0.08061893159316313,0.030130339737034988,0.05568737402413356,0.05938924092931931,0.10873890207627246,0.06525340678762398
1997-01,0.13268077711918322,0.022576467751936367,0.07999301416399049,0.03404157007889375,0.017637404936793503,0.04728456968574145,0.08378052722156754,0.031050203461489158,0.018333288649858743,0.04139908412031918,0.027225400277874342,0.02729520161739492,0.04073307069982807,0.08164073021263331,0.029423144528528577,0.05521727196470793,0.05965978771361222,0.10486688847279883,0.06516159732284851
1997-02,0.13299397443336028,0.021870939928091974,0.07920591107841264,0.034578986823562016,0.018457062833161234,0.047257753226850094,0.08695637337489605,0.031136925844971138,0.018960946497988795,0.04153987899510658,0.02885733858628057,0.027488294131908477,0.04002898331031215,0.07944862180869315,0.028952733385883864,0.056216435378238776,0.05969726827401807,0.1033189132571441,0.06303265883112014
1997-03,0.13371536695070918,0.02436681539973861,0.07452135808658253,0.03545070172040445,0.018788690928400346,0.0476783333437176,0.0896695809344938,0.031097016419311403,0.018976088924323252,0.04032600557348579,0.027279112731220807,0.027612579079643894,0.03945158335553877,0.07869898922164698,0.02998155160091109,0.05849837075698567,0.058798976832178246,0.10341467923435509,0.06167419890635249
1997-04,0.13336626008871025,0.023081330992765662,0.08182788425407231,0.03547409166240785,0.018202397340021822,0.048585967095117276,0.08531902690103309,0.031012184346247994,0.018907894396318486,0.04002066563907159,0.02699361622720228,0.027487414665849724,0.04077577633263711,0.07839993609021757,0.031176283465808297,0.056432268493155066,0.05651725200633076,0.10168683175859974,0.06473291824443322
1997-05,0.13355042931552055,0.02200787566797967,0.07882491148487712,0.033656459852786605,0.019048883858221247,0.04842766896149599,0.08776135558154458,0.03197160832751145,0.01889546262394869,0.04097339954460237,0.02828347794135664,0.028151792191680187,0.04103722804371381,0.07465106801870008,0.03108317712688577,0.057588129041431325,0.05672545292570132,0.10417261864627597,0.06318900084576672
1997-06,0.13408715054373213,0.02225445546769421,0.07930428753968466,0.033548116946568264,0.01938021404261146,0.04784243907137881,0.08820770244323022,0.032041488067475164,0.019347731051233347,0.04269188802971611,0.02920891598531384,0.02812449505272614,0.04112671609711177,0.07399636790528713,0.030995823472801956,0.0574152243246039,0.05840981285333312,0.10122242984127965,0.060794741264218174
1997-07,0.13401558296757543,0.02212147465162115,0.07697027320948747,0.03334146270113743,0.019703682554763628,0.048701393141141934,0.09060290807746037,0.0321934846652277,0.019404893379655057,0.04260215293066043,0.02884046258311883,0.02796878418149455,0.040818250142046965,0.0740368176677487,0.03151037747342895,0.05814976091243329,0.05838716374867938,0.10150899162856453,0.05912208338375429
1997-08,0.13425453450797054,0.02153753865777872,0.07720905146457017,0.03261597993725251,0.019137320153067888,0.0489270692734644,0.08797820111273347,0.03280100866975583,0.01999238704372522,0.04172469445529658,0.03114124714611839,0.02855235844430002,0.04126995954326043,0.07287224245684167,0.03224802895674094,0.05994616176770192,0.05831778006456063,0.10426125660973194,0.05521317973512867
1997-09,0.1336039221362989,0.021815709836016987,0.08142382132625027,0.03238726202043686,0.018777976399415867,0.048729939473941906,0.08507802993845456,0.03193076771893825,0.01989107463695348,0.044394736136190306,0.03143334742973414,0.02940519636947975,0.040872749913482116,0.07421853353227467,0.03215571574918739,0.0591796526331961,0.05934054862127263,0.10045702552440607,0.05490399060406986
1997-10,0.13339473318495437,0.022034219611678788,0.08146970664091019,0.032674491965880896,0.01913284624442561,0.04681346403467649,0.08486916501915752,0.032040845332284566,0.019528017937644956,0.04306834893631856,0.031541149064723155,0.029742768979686796,0.04113761938086035,0.07497323996524177,0.03224911032700106,0.060336448990596925,0.05970672696077487,0.10139352614307402,0.053893571280109145
1997-11,0.13154076484355182,0.02020388563391232,0.08123268859569056,0.031406654572369665,0.018860185920647747,0.045857956954021235,0.08677513676138446,0.03236418694003871,0.01870971796018174,0.04177632410296402,0.02908202228769426,0.029521762413879556,0.03962552178772822,0.07723194074176419,0.032198827069163584,0.06003757259936552,0.058989370176387335,0.10900094763934769,0.05558453299990738
1997-12,0.13156024298724903,0.019288749527146775,0.0757480701706113,0.031156966136580953,0.019573423146032908,0.04590832729004339,0.08645254683690837,0.03250125438503236,0.018365147175812432,0.041751107991377275,0.029657776581059097,0.028993519096146246,0.03942337915504336,0.08170399502641355,0.03366901797390451,0.059723955378615155,0.05961629601892476,0.11036987038008354,0.05453635474301512
1998-01,0.13044532459761457,0.018793247134755043,0.072944708714192,0.029617896814759848,0.019950038470005038,0.045004773192709915,0.08682576440965825,0.033031432403620206,0.018462765124630184,0.04144228484666235,0.028629025766742186,0.029942619874148205,0.03888359107656682,0.08707972482806955,0.03304008868434591,0.06096614536267069,0.0587450462495586,0.11298997607485672,0.05320554637443396
1998-02,0.12949204840494238,0.01851764985714886,0.06975747480711222,0.02956404710128684,0.020073663300446035,0.04408424056247015,0.09183302476983189,0.03345204697935446,0.018699829299686086,0.0406684015261578,0.029563047007882395,0.029896584781878323,0.03922681024040396,0.08268555615068504,0.033345680905120835,0.06004923941846175,0.060758743803008324,0.11599163401533721,0.052340277068785294
1998-03,0.12746731433187983,0.018381297342831004,0.0700884915952731,0.030260072396983487,0.020744764711699365,0.044655199447482904,0.09131227619835597,0.0340435904005594,0.018596470520619246,0.0416590051414434,0.0301286738665187,0.031248113173781632,0.039658722589900906,0.08134493883092234,0.03459779496787629,0.061203299306407735,0.06145181706501324,0.11149229891244716,0.05166585920000426
1998-04,0.12863916809384354,0.019090302007793592,0.06965844899031506,0.030396737241858925,0.02122424675211792,0.04481548576771825,0.08877532553730297,0.03473263626594832,0.018554619156683872,0.04167807342494102,0.02907818182532958,0.0316551657430763,0.03922690361543007,0.08340886903259828,0.03525193998750097,0.061266261752782096,0.06262632124300753,0.10898059472402691,0.05094071883772486
1998-05,0.12645982832413552,0.019096226934135513,0.07201670566496704,0.030626380361349896,0.021523126858463228,0.04583079889886335,0.09035692562229991,0.03458316214851234,0.018752744256858123,0.04039391437754336,0.029835391065059485,0.03170173974591163,0.038730360939365466,0.08084056420452236,0.03491893068013467,0.06274295565736518,0.06321071706821807,0.10734642315662765,0.05103310403566713
1998-06,0.12835418195182424,0.018148640955069222,0.06967585673439113,0.030767673027848264,0.021244065947086936,0.04669333237252415,0.0890274631458716,0.0353037006398158,0.01786861467795973,0.0395370545632406,0.02873194527956202,0.03470042763178556,0.037924911200135206,0.08032018694948162,0.036184208922604544,0.061582825865991585,0.060495452718520096,0.11212883265256188,0.05131062476372588
1998-07,0.1268750400588483,0.017947777639636436,0.06755737517172823,0.030446146620651725,0.021385414285021307,0.0445005905701121,0.09131826478606804,0.035127398931473354,0.017350225609005294,0.03668292165533149,0.029280895640776954,0.035236600135261135,0.037162938827385104,0.08143814782005705,0.03757654904929162,0.06179592396346126,0.06183578290109654,0.11496520210862154,0.05151680422617268
1998-08,0.12438833347947166,0.01802810680622956,0.06570597647691064,0.028748450620449027,0.021797198269750927,0.04228638315527907,0.09528833136549679,0.03523309944963641,0.016851832526312706,0.035313431370829894,0.03039779152556584,0.036392165168800616,0.03651579335472851,0.07840244611474143,0.03809365086338137,0.06365594879931309,0.0633480917680082,0.11715670041861462,0.052396268466479726
1998-09,0.11775447827109681,0.01640885820264651,0.06611679563935795,0.026198138356033372,0.020563669590206987,0.04242035999088432,0.09745951062027783,0.03372188450179725,0.015665728717421435,0.03140725690095637,0.02906319819140424,0.033059662252185096,0.034093274140096004,0.09139690322154072,0.037371297606620786,0.05498240733699858,0.057102859036123485,0.14085417995582572,0.054359537468526405
1998-10,0.1124144193413736,0.01758874890813096,0.06918782761210822,0.025300085428022413,0.01935246042975885,0.040937452141306986,0.10036516840950768,0.032438830467224976,0.015991878254368697,0.029549404216990417,0.030040072748506567,0.03210374727513956,0.03379435753848258,0.09437071026137571,0.03592989908238026,0.053763972283864814,0.058884678119569885,0.1449957688184794,0.05299051866340834
1998-11,0.1171969881031122,0.01743998230554422,0.06719106798359266,0.025361844116484046,0.020222531864280528,0.03995239568184569,0.10093396613052351,0.03357768655092234,0.0163955910207968,0.03106790121191275,0.031093183098550883,0.033359010371642406,0.0350154155642965,0.08915981465825307,0.037533187602739326,0.05513707145872866,0.059225769682340716,0.1377269677744439,0.052409624819989835
1998-12,0.11595763039588165,0.017546691776616632,0.06531068979111221,0.026010740751891765,0.02055696632194267,0.04013738469060949,0.10078697641134364,0.0345297686123812,0.01612581146363101,0.03129611544141375,0.03229306202687504,0.033897662772958734,0.03535531820672653,0.08758179425934876,0.03900896357837741,0.055778961250631594,0.060995512380956025,0.134592749307418,0.05223720055988395
1999-01,0.1117941668797357,0.018104098689471774,0.06324116530082656,0.02639071261742771,0.02050910871232521,0.037882709236661476,0.10073967601216553,0.03639839531997391,0.015923753929386227,0.02957040072145852,0.03439922335844956,0.0344644112883596,0.034290264390969875,0.08823752175883806,0.040661683761684726,0.05586424806884945,0.0651413799010203,0.1347090423237162,0.05167803772867965
1999-02,0.11019575809711,0.01863999447903068,0.06083005121232721,0.02679792119785318,0.020290916359349615,0.03640063213461437,0.10026235944669769,0.037974630263912276,0.01621194334025892,0.02941021708422369,0.03721582290144246,0.036444947655066645,0.03415501582261265,0.08190481653618174,0.04177394630945936,0.05628232232153566,0.07011499539777834,0.13453708435439762,0.050556625086147916
1999-03,0.11067521623943394,0.01952695530919176,0.06087409478607414,0.027477677891298888,0.020172100333217678,0.03810724366845768,0.10359155384052304,0.03769334960670537,0.016084064890617592,0.029804624855415573,0.034924818296375115,0.036340926266081354,0.0356284706668659,0.08072654496558805,0.043208070919913764,0.05851066230849867,0.06826491022574048,0.12629420714811174,0.05209450778188919
1999-04,0.10594877247762571,0.020830061398832797,0.06571479522532857,0.027025027327845008,0.0198436080199161,0.038608326853320996,0.10298546344069728,0.03832688555642667,0.015667855123866637,0.030300668863132492,0.03574857466706361,0.035408816066769946,0.03597875990419488,0.07799362968424672,0.04369266635155143,0.058856002506172914,0.06979092225584702,0.1257702029342644,0.051508961342896814
1999-05,0.10842695091331077,0.0217831192923183,0.06981471839632886,0.027025774594170507,0.02026796698585276,0.041989583890282796,0.09745382253314129,0.037453621302332867,0.017049217604440694,0.03185749379918858,0.03532734851900243,0.03559792867544963,0.037488612296940046,0.0801575428787358,0.042305070100789606,0.06024969702762963,0.07108066235056744,0.11750686305124247,0.047164005788275565
1999-06,0.10994208913541208,0.020789067306195726,0.06879946634853402,0.02731653858913053,0.0203610581669876,0.040310295252736564,0.09580219605237808,0.03723089072179459,0.01666973652048091,0.03250057170672156,0.035784532052772065,0.034714287528358596,0.0370056423473062,0.08755605425764579,0.041545494807440284,0.05859783254376973,0.0708523375859105,0.11628570813260374,0.047936200943821505
1999-07,0.10590537028538372,0.01979769054417895,0.06822241920760953,0.02769830248139511,0.02119145763353725,0.04106230906284088,0.09745153429478706,0.03685155892064913,0.01776355718222878,0.032901616840501864,0.03857685294877144,0.034454937368865284,0.03764422952268205,0.0822075043124401,0.04361724658951416,0.05926023409758024,0.07430143203913109,0.114568885096816,0.04652286157108745
1999-08,0.10688143351651153,0.019014924091808327,0.07121986748964254,0.02663937455113292,0.0210269883609498,0.04198512578767384,0.09422528225141312,0.037235026633930794,0.018037900200968907,0.03338012588779022,0.04010214627415768,0.033081694544906934,0.038107542128038185,0.08340965193306428,0.042416131710116406,0.057442849707725584,0.0731421039434421,0.11589521219053356,0.04675661879619328
1999-09,0.10504845393077082,0.019869939209636103,0.07288386158722478,0.024729155322069304,0.020358854399362872,0.040360184573393354,0.0986856219418973,0.03654179950626291,0.018166612937745276,0.031939067682781444,0.04279103996676033,0.03427959140053779,0.037095524278266914,0.08482261540570026,0.04083573844594493,0.055476160678738166,0.07215205913980004,0.11666509841728195,0.04729862117582557
1999-10,0.09945967347983295,0.01962789610634941,0.07346459016882803,0.02533726847818043,0.018968524541714018,0.03972036179238712,0.09599569464008276,0.037337557624961444,0.018056033057729175,0.03177076227635098,0.043699347898082816,0.03350585093245714,0.0362312240825217,0.08315001327277342,0.042756661980740886,0.0548522435732772,0.07694102719181745,0.12058611655153235,0.04853915235038081
1999-11,0.10324454401890852,0.020241954468866327,0.06954197125928728,0.024829284371037125,0.018376868614481647,0.03907943644735703,0.09847376023561132,0.03727219419194575,0.017824776376034388,0.030701705611171765,0.04365530631179539,0.03341541196795671,0.035526717915566844,0.08186652348448312,0.04248422651975734,0.057613505917207465,0.07635590444603291,0.11674031097487517,0.052755596867624086
1999-12,0.10296806107896492,0.02064574889533298,0.07147443276530903,0.02383042309717145,0.01854073462150581,0.03912427565838984,0.09770334705321725,0.03813340692953438,0.019160114900945577,0.03002268049546989,0.04641828054886941,0.033127110452485196,0.034478453971695494,0.07482846896740504,0.0441429207616598,0.055630105894417636,0.08088069150102394,0.11705124890313566,0.05183949350346673
2000-01,0.09645269048520544,0.02181338320405985,0.07160061713908888,0.024020789613911103,0.018356563954178243,0.040703475172973846,0.09070431639154328,0.041680978130904316,0.021350795538304563,0.030609928780516882,0.050941573096901775,0.03368023442015497,0.03466490223288884,0.07226727035282003,0.044798784476001205,0.05500432380625215,0.09016208100250822,0.11181299219953734,0.049374300002248954
2000-02,0.0945835830301758,0.02534532228555828,0.07522855527956827,0.022530128293179342,0.01739235785744347,0.0385809618280977,0.09685154963178441,0.03768828932448028,0.02145186348401558,0.028632068682327927,0.05240472626761994,0.0343093326397019,0.03276653060867319,0.07888733437008842,0.04118368901724239,0.05439513775818329,0.08652829115903915,0.11103176250588373,0.05020851597693691
2000-03,0.08885469350545502,0.02524018348023469,0.07430248248111401,0.021325235024832818,0.016884724557891122,0.037092325589865166,0.09077008626655214,0.03846691074668393,0.023003750036970447,0.02623115362199422,0.06169887974413506,0.03281835121878637,0.03193929745457004,0.07403871786122261,0.04020907934796491,0.05170683191349548,0.09467515419399143,0.11766923917321431,0.0530729037810262
2000-04,0.08703042190512,0.02389486195918212,0.07619536604354203,0.02301866666209867,0.01677079173570063,0.038393186035362625,0.08647737214015647,0.0393949868686564,0.02264420853478121,0.027663248320574776,0.061660901911949076,0.03354787553002597,0.03283132173366401,0.07445637474783236,0.04185542454917613,0.05430529473379071,0.09135033807485898,0.11837150048126721,0.05013785803226077
2000-05,0.08821410994799075,0.022219288019830193,0.07584492362046913,0.023741127776321334,0.016906320439159288,0.0372286884610151,0.09391761776270761,0.03787059087903298,0.022522028034544752,0.028234133753370243,0.06089484031188386,0.036220596811255286,0.03425825094087277,0.08091964719873056,0.04115883218502586,0.0531391977631999,0.0819065246693168,0.11574665861611709,0.0490566228091565
2000-06,0.09536061946310041,0.021517798687974862,0.08091372663540229,0.023213089903021417,0.01725800580600711,0.037471102190727516,0.09690595888616926,0.03492249351822387,0.022201100875728685,0.02793068340800627,0.05553466544157751,0.032554220243998025,0.0337687887502322,0.08391664500222776,0.040538936230662716,0.05470699321183266,0.07397207265273126,0.11731024543953128,0.05000285365284474
2000-07,0.0973890205607233,0.02237895756497253,0.07573858891331704,0.02198558766521422,0.017085308766695055,0.035467822276287475,0.10160715399060062,0.03456393675002501,0.024432864900804315,0.026626930941766724,0.05891906636101623,0.029813714761970138,0.032185933883096,0.07897081095370993,0.03960453242875297,0.05233794809649109,0.07747538764618728,0.12163847029186609,0.05177796324650394
2000-08,0.09963506184750615,0.021707797825305408,0.07523737210141433,0.022767610078808613,0.01652140535354747,0.03587167832998771,0.09563297836836589,0.03471012810183355,0.023447932837857878,0.02749552021819151,0.05831170275302799,0.031044582489886497,0.03421390448761958,0.08231237054603983,0.03873220692338361,0.0559729724900914,0.07349347593668445,0.12184227203222082,0.051049027278227216
2000-09,0.09170788607459329,0.021664657593302848,0.0774073423888392,0.02233963391383192,0.01664048837167824,0.03544189229134836,0.09348747914628071,0.03350126863647652,0.025718252406064256,0.028295444065406877,0.061236755879976165,0.03117408222293839,0.03395441089871274,0.08733754622440766,0.036321563988652765,0.05787051081382482,0.07502767535835203,0.12222441090220756,0.048648698823105616
2000-10,0.0939697723072748,0.021175701395741008,0.0794920093972192,0.02286248959859683,0.01554318003676362,0.0347366375934876,0.09569227619148053,0.03428322915745053,0.024072402530618386,0.02731790572331653,0.05178375218956899,0.030552683127767696,0.03495286293465429,0.09452084521525744,0.036908045384696046,0.058395597392513654,0.0693047911922926,0.12390231344262535,0.05053350518867481
2000-11,0.09850173247394696,0.020954751505875238,0.07696675583453455,0.02332472937707462,0.01572337737408041,0.035239049000618736,0.09938390300114869,0.032794422765823825,0.022305644685705252,0.028076368638729598,0.049607487557912874,0.03125000496494823,0.03750178612667157,0.09235455790182558,0.03720501020624793,0.05786887274565892,0.06575162100189746,0.12488886585504459,0.0503010589822548
2000-12,0.1039284221843403,0.021993602607224282,0.07562286418183892,0.024286641419026343,0.015363399495480453,0.03618176845733626,0.10366452925164078,0.03207797810889261,0.0204046889114493,0.02665459419701931,0.04129123292569818,0.028797407943674296,0.03818475461706662,0.09681012701036681,0.038423726443783605,0.056410644300644665,0.0572320464074442,0.13223138357913228,0.050440187957940814
2001-01,0.10241658683574906,0.022317520260201857,0.07757522328170335,0.02526570027195181,0.015350720298646583,0.03729823343572711,0.10332817132946032,0.03357134875624436,0.019983749886493783,0.02751451354153417,0.03834081387710233,0.0278204125478224,0.03749723405349657,0.0989327091566441,0.03783980407437237,0.05815540678661869,0.05436047449232643,0.1331150255339731,0.04931635157993161
2001-02,0.1024202181972009,0.0222188850517364,0.07753522219009093,0.025816995877767868,0.015995232872907172,0.03612279883092492,0.09971828522140556,0.0346761959350167,0.02039935979552133,0.027639067005217687,0.042041314283366105,0.03013298725135562,0.037869422111040274,0.08964220276596682,0.040444441587113626,0.05966369546980483,0.060037468170422444,0.13094160217100004,0.046684605212140906
2001-03,0.10250359042447996,0.02333111355078754,0.07798587846376429,0.024382078353877172,0.016429396328916334,0.036149737451354746,0.10170800544713385,0.034246229920563316,0.017525978230039273,0.02797149246042103,0.03322712798662337,0.03052313985757106,0.0385484350125966,0.09724768068175575,0.03956742110766851,0.05807473688907178,0.054560267445321504,0.13893336623662206,0.04708432415143192
2001-04,0.10084208892512753,0.023934030376017577,0.08004454242085228,0.024648397792620166,0.01614445768811752,0.03578006434780368,0.09879086999527842,0.03526932496609053,0.016805489174553354,0.027916150702695514,0.030978355797461294,0.030693683201957807,0.03776932223198895,0.10166670222100611,0.03973167970868373,0.05846795434008315,0.050925852451204255,0.1420674449237427,0.047523588734715454
2001-05,0.09684168834210959,0.024367146754212858,0.08287966171763966,0.025100295915550887,0.016273454170945476,0.03642521072990386,0.09847102805419733,0.03557884411050928,0.017676554439987245,0.028622277498638663,0.03313374402555066,0.03161659106174205,0.03869999125366729,0.10355813080400156,0.03980325631765654,0.05852141118788001,0.05357658088344228,0.13260234076042954,0.04625179197193514
2001-06,0.09890957290009966,0.02480110697334808,0.08149381604085537,0.025355476318617436,0.016754947442636225,0.03622359364542841,0.09979106043230357,0.036057454407107926,0.017408415257916813,0.02946205603913603,0.031531424503456855,0.03056294128227398,0.03930878639179332,0.10295759083742421,0.0396192189229913,0.05958762254776351,0.053471947163769566,0.12988421114864676,0.046818757744430964
2001-07,0.10011797276261251,0.024254825531652754,0.07852369399990151,0.025594632568301544,0.01695234692312504,0.036148734897111644,0.09923095539645616,0.0364967922893381,0.016761828530334418,0.029760670707460506,0.03191005974898542,0.032341577610525286,0.037498205319795384,0.0981427553158194,0.039668967994417575,0.061879163765057615,0.05518917902517183,0.13282410604520828,0.04670353156872504
2001-08,0.10125612632327632,0.023074473617559675,0.07660700158665755,0.025834161667816904,0.016726174474043055,0.0351167775605775,0.10119424867202642,0.037534463930903594,0.01657869405034976,0.029204179936617638,0.030986518159179872,0.0335590890025399,0.03799594626352808,0.09339310981774412,0.04100872679421323,0.06121065526996789,0.05218433305188589,0.1398327084627619,0.04670261135835077
2001-09,0.10758262773348205,0.023834717248322812,0.07480030892907849,0.0253054935282961,0.016911087401649507,0.035212236307020486,0.10064998583075249,0.037033985586616386,0.0160175786883908,0.029176366075672113,0.02910020710736574,0.030653242203470904,0.037080564485813865,0.09541868089860304,0.039034456767021365,0.05945365474810108,0.048770828202068336,0.1465165099899632,0.0474474682683112
2001-10,0.10866405751123713,0.02475146004553835,0.07295884036460612,0.02346929389885662,0.015747129138672586,0.03435911108592598,0.10525135800168478,0.034427320977667264,0.01479443180214602,0.02644219658172677,0.025275642176195736,0.02866921866766616,0.0329024108742934,0.0912751169870128,0.038284180164300075,0.05887992533132298,0.04655078255266368,0.16359684822519208,0.05370067561329154
2001-11,0.1086369682792939,0.024314656381248995,0.07331618073191526,0.023848049136698565,0.015894217798104404,0.03436039610015512,0.10467548544882718,0.03431398180762085,0.014488143673091893,0.027146466977883955,0.027222712653421518,0.027991849097785796,0.033261672726338,0.09110846793773789,0.03836310371782417,0.05729540407373012,0.04624603467959907,0.16580042503585432,0.051715783742868955
2001-12,0.10845025599797348,0.02352834080149727,0.06912979434131793,0.024693722924026246,0.01617377982099072,0.03627205300598762,0.1067254004591206,0.03709782409918413,0.015333612749306355,0.028334373215843457,0.029572838191508813,0.030188562372540355,0.034583319826474536,0.08857089457928981,0.040229098292232646,0.05939276891524193,0.0487067663778543,0.1537176280773767,0.049298965952233174
2002-01,0.10911541807084096,0.024081201114763515,0.07121288764900653,0.025723825066046112,0.016593615250855138,0.03562780841010225,0.10254954227734499,0.03854147594851264,0.015022559777821869,0.029673727463882714,0.028966531307323243,0.02959765235990792,0.0351895653021245,0.09109725959971379,0.04101290137296361,0.060092133209879925,0.049099164574119454,0.147650746942738,0.04915198430205293
2002-02,0.11074351281164449,0.023855207038497934,0.07003769863747154,0.02654951728718646,0.01665498908047502,0.03520352214001526,0.10350740466290982,0.038721021492994785,0.014827480911173885,0.02948415303120831,0.02975964214006652,0.03000484791837141,0.03696725793979073,0.08717567606865811,0.04216518423242905,0.06002427169583848,0.04720403277792698,0.14791157307989075,0.049203007053450466
2002-03,0.11306737261415976,0.023879949684815965,0.07200690322464148,0.026119121598749226,0.016942925338945578,0.035800629345330494,0.1033880141071668,0.03866854462589256,0.014533575939226906,0.030606184855592793,0.02673762031770067,0.030042526419240934,0.037702426405723286,0.08562519723077451,0.04167159509422575,0.05874674037472654,0.04487589507564309,0.14970398784316857,0.04988078990427506
2002-04,0.11385885980010906,0.0246959249011824,0.07423588792773025,0.02635381565418005,0.017390927312279793,0.036407576200043125,0.10075780005267765,0.03762755341638452,0.01484294973800672,0.0320987693479767,0.02782328169041564,0.030906932972931525,0.03773107433850688,0.09148369801029714,0.04152019656624246,0.060050189253212746,0.044905583082503094,0.13827580056824434,0.04903317916707609
2002-05,0.11936377522478527,0.024520296331990658,0.07196075583733316,0.027060147176276347,0.017581408464066466,0.035032458431205414,0.09610202273076754,0.037816823081077845,0.014043843452514944,0.032985520829367385,0.026432359843705622,0.03125648962020622,0.03697272761807997,0.09192235134068902,0.04126460575817663,0.06031755807935359,0.04097267376930406,0.14481530100194526,0.049578881409154694
2002-06,0.1224760983267561,0.025387388504981966,0.07205713814045804,0.026850314552979825,0.017357445262014323,0.035655764836726875,0.09652538060643846,0.0372456691912608,0.01396904952459913,0.03236128103060597,0.025936758903510333,0.03161700479297435,0.03724360665757256,0.08535307702071523,0.04144741193184115,0.061032279512931546,0.04064262861156316,0.14635090765011222,0.050490794941958066
2002-07,0.12506682378372258,0.02457130489499426,0.07450413111760477,0.027148165963346748,0.016884810122214558,0.03627748714862985,0.09006428955273846,0.036791104004240516,0.01373832899392563,0.03240924468698202,0.02350842863203092,0.030351714217514036,0.03852343776965975,0.0817039012606374,0.041228638519789224,0.06040167796489681,0.03830345704485413,0.15620590664378792,0.0523171476784304
2002-08,0.12089881807599549,0.023563939109576982,0.070262363332169,0.026273930896506363,0.016375175217319765,0.03541851587850221,0.09462934415477028,0.03506663720366931,0.0126034975224449,0.030107023690275396,0.02338388312672409,0.029244172826135485,0.038276170773084574,0.07314933650938604,0.039691455284474035,0.0602054696079457,0.037817628315185606,0.17868197584991094,0.05435066262592375
2002-09,0.1186446967388639,0.024354051344272036,0.0692413418586395,0.025682313482521323,0.016712185128248725,0.03534942174808732,0.09467250381813216,0.034980846918520964,0.012129730826217586,0.030328019807847734,0.02256228630783724,0.02881101266676515,0.03621700475436546,0.074423405061889,0.03920520856536125,0.06009619190714501,0.03721073943613155,0.18589499443445962,0.053484045194694615
2002-10,0.11796476618729385,0.024089888742364177,0.06713622417502957,0.025638136033733154,0.0157267003192145,0.033504270187634834,0.09124747621864279,0.032883881420963115,0.011103596762552936,0.029609002424678378,0.020756551095888653,0.02766380584834826,0.035799208617067015,0.0671872703379595,0.03773946274738421,0.05669108292922206,0.034899301359974905,0.21311594240525109,0.05724343218679709
2002-11,0.11935992686273404,0.022957696264090395,0.06735310740273162,0.026813715904590543,0.01615138234496031,0.03436910219891129,0.09393328433065692,0.033474903182460575,0.01152010705587393,0.030059676809047618,0.02241488699722412,0.02659389087454448,0.03548175388984204,0.06570331289464666,0.03863987483015863,0.05854071727116353,0.037714219923944935,0.20213173172497487,0.05678670923744345
2002-12,0.12018041751093671,0.02277229316078651,0.06850148157806094,0.02712136671822178,0.01647477306693004,0.03607785136028918,0.09629076911666704,0.03296458645264998,0.012045412390342096,0.030516361379123343,0.024145151561947922,0.027650451121567932,0.03583596821405588,0.06549190553415404,0.03918906817608062,0.06000463237834717,0.03953814581371783,0.19118865524568432,0.054010709220436506
2003-01,0.11887639291930321,0.024599475165964016,0.06901765501569507,0.026263476223109095,0.015907281530261268,0.03478705850107811,0.09343648504480899,0.0318164892260633,0.011344986765143422,0.029857909601092362,0.021848256360613164,0.02620770398357458,0.035738152818286795,0.06841120630798618,0.03680940194296917,0.05776619110668767,0.03681218717267882,0.2042544129189112,0.056245277395773494
2003-02,0.11735875436081834,0.024451501898489394,0.06953205996513787,0.02595875378082141,0.015462135202073068,0.033841083069242814,0.09530077739733148,0.03094132869158645,0.011132051774491678,0.028383892470065987,0.02194322351075156,0.025949393898257195,0.035049811171199534,0.06751954857157129,0.036430218305465716,0.05867511420270634,0.036807812325107714,0.2044107400688082,0.060851799336073945
2003-03,0.11504029227457817,0.02389709405352537,0.07129009047872661,0.025324973105243592,0.015157445691438952,0.03276020583592777,0.09415780994120031,0.03222640744111747,0.011167286302074796,0.028058782010242474,0.022444679583960386,0.02489613526013574,0.033443896607985704,0.06465376621746789,0.035789030814280594,0.05754842640311939,0.03618473069181686,0.21537115514099012,0.060587792146167926
2003-04,0.11274850189178379,0.023581156762162506,0.07147856026950174,0.02630388810854612,0.015507046545304035,0.033804450160432056,0.09500008587798153,0.03269229195867017,0.011160700263219534,0.028036582141293627,0.022197866350540264,0.024698335622954655,0.0335965561305837,0.06749390569964248,0.037367112322511206,0.05697589146483058,0.0365002344795291,0.21185393890850282,0.059002895042010076
2003-05,0.11259230446798099,0.023479439460508185,0.06894110292934535,0.02677707078255981,0.015799258428621454,0.03501143221321297,0.0946389954564554,0.033643768642910486,0.011431684224054382,0.02874988050235223,0.0228743218996974,0.026432563207394465,0.03464804399089302,0.0695920882349687,0.038369490149846294,0.059493773996886934,0.037675985074340695,0.20433532861120537,0.055513467726766005
2003-06,0.11360310966294593,0.02401873049526767,0.06958339723026205,0.026116135405414635,0.015460286500940465,0.03360409560197636,0.09331713448695246,0.03404952412318238,0.011620819023263588,0.027912921195720596,0.02320024104676218,0.025527233429013113,0.034351848292142606,0.07201106205938201,0.03707846034915509,0.05914490364704949,0.03745466182376094,0.2066325077334487,0.05531292789335979
2003-07,0.11310802915497604,0.024879504246356404,0.0686153255390101,0.025968308814675403,0.01530938789335945,0.033094678387663834,0.09666883763341967,0.0341685700331646,0.011827259753047109,0.028068057282649727,0.02321735853604375,0.025673384385263308,0.03490784934907777,0.0725379044887373,0.037972177679665035,0.05909614650901818,0.0378185910064802,0.20156695019600324,0.05550167911138889
2003-08,0.11753082203907728,0.026255113797739295,0.06915865896218285,0.02730741826558678,0.015702053582115492,0.035911985386446826,0.09733519723865663,0.03502260475107623,0.012336788373838602,0.03015507272214367,0.024968290132720217,0.02740598744742164,0.03668542650408506,0.06976541385302384,0.04020241580846623,0.06338200534024398,0.03935254871392563,0.17668698023371582,0.05483521684753402
2003-09,0.11687864123723964,0.026881546297525597,0.07167146662760568,0.027606281240682408,0.01563886064699659,0.03574027089193277,0.09448987810324891,0.03591478255820715,0.012194985648469298,0.030418849586292752,0.025551993041028107,0.02821895352069473,0.036946123979882846,0.06989694832151573,0.041636399309147254,0.06260741568285325,0.03950281033958547,0.17448280632114577,0.053720986645946114
2003-10,0.11562438706347589,0.02663571161733837,0.06935574329056829,0.02706084479629432,0.014841009108767523,0.03354206072721108,0.09478870517654057,0.03520509971494109,0.011932681821608433,0.02947704026005145,0.024663242355039697,0.027096944948593507,0.03535437364804503,0.07200990790482467,0.0392719037140273,0.06199518315791572,0.03862591204112264,0.18652174576400357,0.05599750288963084
2003-11,0.11894700867646078,0.027719651041972167,0.06876496373348535,0.02812561882063317,0.015149665484842591,0.034216012717172735,0.0946111837438933,0.03717150446661961,0.012708450012160125,0.031196783651176962,0.025757311883742376,0.02750823295560335,0.03677638955864744,0.07121031529037782,0.04067458461141391,0.06420177730918727,0.03885294147714694,0.17293970041759502,0.0534679041478691
2003-12,0.12061894913440255,0.028774908932525458,0.06821327427874077,0.02828371024376993,0.014944767631991438,0.03456328319747938,0.09521308944189336,0.03706858588537801,0.01275405554919718,0.031890414594093947,0.025954366514015958,0.02761960409479314,0.03600311420174788,0.07089193208013451,0.04006355445204698,0.06392009951968565,0.03859949083155211,0.17094172190250384,0.053681077514047965
2004-01,0.11951372428506922,0.028973914268824164,0.0720877584226333,0.027495226598432218,0.014739932192849952,0.03574466763210765,0.09584898085492213,0.03602322120560499,0.013135094651767747,0.032559452203893634,0.025151792400785876,0.028725270152340273,0.03617025903081817,0.07232944928764115,0.037801582784504816,0.06363934149383198,0.039001285539972244,0.16748335385709534,0.053575693136905286
2004-02,0.11823053431878221,0.02703022371215675,0.07175196315799452,0.026967635066212085,0.015085842282655292,0.03504523432696383,0.09672392048268515,0.03524944146558589,0.01304894505944766,0.031903269073883855,0.025434719328008244,0.02817405496364881,0.03545900309013115,0.07331570779883612,0.03759724199347724,0.0650356265817264,0.03999842769237318,0.16997736117146964,0.0539708484339621
2004-03,0.11924138881025953,0.02755318205770033,0.07236093423125588,0.027585770471327115,0.015228842018480451,0.0350653608551718,0.09553973199840014,0.03572841487722034,0.013407429703330637,0.03203021004196457,0.02447459591635521,0.0276992154713,0.03456437890198294,0.0731631183991894,0.0388642008273733,0.06468251196742095,0.0387417027612398,0.1716099129621482,0.052459097727879496
2004-04,0.11969604606323112,0.02817888524206273,0.07208309042272852,0.028053771591502026,0.014878986848509704,0.03448042054106155,0.09177566350877807,0.03639419080430545,0.01303687225698904,0.032938359164531424,0.024174441687642895,0.027329974647957007,0.03386892016331893,0.07390027128809996,0.03867832969823007,0.0640253667504738,0.038061324554660624,0.17569190032977233,0.05275318443614484
2004-05,0.12197149087823479,0.02649500928171634,0.07503319619900838,0.028623821659850168,0.015152066693488073,0.035335207265930986,0.09619983153018385,0.03579142782207248,0.012976834065318767,0.033112121112851674,0.023828049435334835,0.029268148187314824,0.03528108985231818,0.07251519099353146,0.038779425907546086,0.06225651649958692,0.03903213566683058,0.16305779148082605,0.055290645468055566
2004-06,0.12188118231915876,0.02740609390975496,0.07533459344982092,0.02856827711916835,0.015254976838533543,0.03550612550083924,0.09519884069806107,0.03637962786556768,0.013435063121948561,0.03318391151705197,0.024703595447876564,0.02888767863308527,0.035718516173855915,0.0734662729374022,0.038810001747781195,0.06309287388710529,0.03928236255309962,0.16083087888207706,0.05305912739781197
2004-07,0.12227938063824341,0.027460549505679378,0.07740205863014953,0.028765381917620094,0.015145914359216894,0.03633178806725678,0.09364240703992117,0.03582142579470156,0.013778322978798158,0.03382151235882652,0.024476804155710543,0.02917502819004507,0.036964177955606844,0.07368835621278101,0.03799451306503261,0.06259202549818214,0.03946174654819084,0.15896476890834332,0.052233838175694186
2004-08,0.11681910723302409,0.028146477163101313,0.08168767602775173,0.028116082877577175,0.014386050641570067,0.03601786286854176,0.09006762052724313,0.0353304670679879,0.013866831680660649,0.033100773259609084,0.023178092445762848,0.028424671261369064,0.03706457259280981,0.07607127384299588,0.0379700838670808,0.06284818550430704,0.03853623497154793,0.16519108467805454,0.05317685148900515
2004-09,0.11453197417638349,0.02836589977877464,0.07924318753061252,0.027763321497676553,0.014441386612203563,0.036338760049413686,0.09049695481901458,0.03607653730966256,0.013719358137756823,0.03232656935629443,0.021985881308716478,0.027479183639937607,0.03635567789664472,0.07771177938020493,0.036812443952087354,0.06327978950812219,0.03768907316913437,0.17233569682419186,0.053046525053167565
2004-10,0.11118224519765516,0.029006385996601575,0.08455678742099886,0.027869995251313732,0.014482716354200557,0.03724454251593541,0.08710171936609516,0.037301866972316675,0.013987504491972393,0.03302124406872038,0.02191968910746761,0.027165831466341626,0.036598067969374044,0.07820117710886365,0.037024466365517296,0.06328086023214698,0.03817800279649861,0.17009541283261273,0.05178148448536749
2004-11,0.11197143690345913,0.02834666465465209,0.08362490367546603,0.028521433041277987,0.014272162638610995,0.03678593723838488,0.08387764055838491,0.03729267831860732,0.013536702412847176,0.03395755403843732,0.022297317036687053,0.026269168688609953,0.036789216350352205,0.08047024408837801,0.03734417319057631,0.062577353104968,0.03832679499694087,0.17092294114512577,0.052815677918234015
2004-12,0.11244740885978627,0.028904311641179917,0.08599513130949525,0.028502581782308654,0.014653991637529973,0.038217761479752185,0.08353570778063789,0.037497558929858746,0.014038314201443717,0.03560395957058119,0.022357949900276827,0.026589247043646236,0.037569583732865106,0.08233553136828663,0.03722518034096512,0.06363653727430883,0.03879892798841325,0.1597151727480892,0.05237514241057506
2005-01,0.11375891274089434,0.02788928315248352,0.08192577219436879,0.029027107938413465,0.014971459110177856,0.03819367462317449,0.08523192666677401,0.03798535242068878,0.013738285764784102,0.03517838425463321,0.022437454735170566,0.02707212615717805,0.03728120092843096,0.08237908605913032,0.037281855530712844,0.06397891735240367,0.03929549956184885,0.16023835409925496,0.05213534670947707
2005-02,0.11281816764007127,0.028080220562761146,0.08423215855332984,0.0287805943262351,0.014760282084855953,0.038083857993895444,0.08205271667638375,0.03853572751167327,0.01400212940892391,0.03440060105949016,0.021984386684683454,0.02593297993485004,0.036309575757880706,0.08446496742371502,0.03750123401253198,0.06285368614216663,0.03817188955348289,0.16564936151272247,0.05138546316034697
2005-03,0.10939751630742789,0.029481635651032442,0.0927444805962975,0.028766428850470607,0.014725727075968835,0.03984341734248975,0.08248862125648254,0.03841515795815259,0.014731581436564674,0.03430491903972398,0.022185443463229086,0.025866137865285556,0.036546551561669985,0.08470117123287133,0.03689254720004926,0.0612253512268918,0.037294309723055794,0.1592781176406765,0.05111088457165991
2005-04,0.1091841585698023,0.02890565080994444,0.0908376687935335,0.028854792899202893,0.014620372166081195,0.03969401957209506,0.08396502478984315,0.03784053962942141,0.014286501022022164,0.033676527383846265,0.0221434243932489,0.024653898306327613,0.037296794979832494,0.08631044175685625,0.03787407049833405,0.060101856270036905,0.03740668408763887,0.15905414457169395,0.05329342950023861
2005-05,0.10890292695122508,0.02773459722632012,0.08560772877661571,0.02774635578129748,0.014034787523248582,0.03751598278471364,0.08601413744918229,0.036788615177670604,0.013902881658538967,0.033754285569390606,0.021954703458827413,0.023260395414884647,0.03649405585366274,0.08842661871900476,0.03655322067550713,0.059403003956871335,0.03695981921051528,0.17006268066043956,0.05488320315208408
2005-06,0.10866566873412771,0.02788493069681116,0.08495852498054485,0.02824743591333341,0.014237204150805923,0.03673134407514248,0.08499448518556336,0.03772652161611427,0.01358785913840573,0.03352744014321003,0.02265235758157274,0.024056729007363366,0.03695736538217057,0.08783367213256929,0.03727885190446766,0.059590730351982285,0.03702644295653655,0.17113582731017657,0.05290660873910202
2005-07,0.10443212702757948,0.028526794388032798,0.0875362991053638,0.028937116592297595,0.014220451741140852,0.03611666425578227,0.08317458079102134,0.037870824072213635,0.01324385752175393,0.03342973197302929,0.022305734714544438,0.024216261959969412,0.036164285441165324,0.09147657667937503,0.037582830914256606,0.06002147893257022,0.03628670225166063,0.1712345422865268,0.053223139351716534
2005-08,0.10405222003233802,0.029726944553864643,0.08937970126640246,0.029067135266978204,0.014140404744682375,0.03676432844037454,0.08279513120112181,0.03969491369097144,0.014024065978099942,0.03471492977633891,0.022826137798684892,0.025019670564491652,0.03682689386469363,0.09240617546802575,0.0382438256161691,0.05975441750058641,0.03704673510128528,0.16165562014627624,0.051860748988614716
2005-09,0.10248133570319665,0.030497844342859428,0.09284448384365639,0.028288056391606843,0.013831990107045536,0.03477212359650095,0.08251779692868702,0.03858154613729406,0.013930552603885081,0.03411483044321453,0.022621326545304524,0.024165842016546434,0.03616481542446854,0.09309254247724413,0.03618167964893159,0.05873269561024362,0.03669269894855353,0.16740647324255767,0.05308136598820362
2005-10,0.10113269372918628,0.03258753429980161,0.09654568080169282,0.027777963425665166,0.01359594768320277,0.03427098975936187,0.08144464765100305,0.03856982688241913,0.014331040779120606,0.03332027601287813,0.022781942776236155,0.023464055835639906,0.036696576221467596,0.09627713244929142,0.03566817220724568,0.05872461495039915,0.03651288211776767,0.16087362588146156,0.05542439653615931
2005-11,0.1037734624293746,0.0319433540076589,0.09095539009400075,0.027870068344094584,0.013411379658255508,0.035880059150634365,0.0819157815602644,0.038558961997397015,0.014184137649670426,0.03343101000759157,0.0226356523519919,0.02298129204686642,0.037551473947079944,0.09144142372045887,0.03726284730103425,0.061983494095226875,0.037068435203009904,0.15947621123027617,0.057675565205113626
2005-12,0.10399236940189509,0.03218392859099157,0.090896863284201,0.028254916722942603,0.013563693253763047,0.03604647523477398,0.0811830483536624,0.039306212358371895,0.014689102622168401,0.03397943378053605,0.02293666863636598,0.02246774367480892,0.038424922699318256,0.08994393865242167,0.03746694109689796,0.06343617214609677,0.03766479503881006,0.15740563037084562,0.05615714408112866
2006-01,0.1023579902989921,0.03280703870505652,0.09088898087295862,0.02794275799965526,0.013355980024922389,0.035928368506208654,0.08335001341089154,0.03864754224359876,0.014741897256251633,0.03356437879544657,0.022536469858808476,0.021915195841796856,0.0387394807359321,0.09041820194366108,0.03685533767221422,0.0633058295800305,0.036840990176463695,0.15784996532269205,0.057953580754419004
2006-02,0.10033782330493743,0.03488485487737982,0.09670603718919889,0.027327121204272452,0.013289467595904462,0.03582608675243169,0.08313631889888799,0.039248607855266654,0.015425539708611422,0.0337939175976801,0.022634794842510155,0.021882367938655403,0.03888803984832541,0.09104494043941888,0.03633197450686648,0.06278514160338831,0.03654249157765603,0.15100985069505152,0.05890462356355694
2006-03,0.10260895301573175,0.03311493262155372,0.09041230679699604,0.027583075546319835,0.013480968751505075,0.035916408238887615,0.08463219582288393,0.03918946972240702,0.015106515794667569,0.03470040083776772,0.02275180879916104,0.021583614409688038,0.03994726490008332,0.09161900333274639,0.036636574598642314,0.06402609455199139,0.03660433284700618,0.150979627486291,0.05910645192567016
2006-04,0.10462040070499136,0.03436071171965215,0.09353604652234658,0.02772806843231656,0.01375108266442571,0.03607862260805496,0.08431173073819241,0.03951367530484068,0.01601935550041663,0.03560685816218235,0.022947176441731054,0.02161361760053822,0.041109275948674834,0.08776753342510245,0.037241250166146524,0.06448836297748857,0.03721832748089581,0.14365919067818958,0.05842871292381357
2006-05,0.10433874119474232,0.036289853823413716,0.09557020851272072,0.027358411319360926,0.013329226181031,0.03642394959406845,0.08309836026481086,0.03866874132179121,0.01658165803788428,0.034997736874544126,0.022939803640592706,0.021195515064164165,0.04136592067089964,0.08845045183462791,0.03660610961633136,0.06533212554886487,0.03667626512914359,0.13866917679360605,0.062107744577402195
2006-06,0.1085496794981721,0.03459831247095823,0.09383183102208072,0.0268434518182674,0.012883733568547327,0.03600258511489675,0.08240133554549296,0.03699399694438546,0.016140702471181267,0.03375626568798477,0.02204154400821274,0.02151399382792763,0.0411187775710318,0.090720028471994,0.03646343409358888,0.06390453322733336,0.03594202076598991,0.13864716327915746,0.0676466106127973
2006-07,0.10667447785805818,0.03456806290416392,0.09548446821474764,0.027204111124678357,0.013092426526832946,0.03590015000112523,0.08289228947420516,0.03598220305392748,0.016772879595042606,0.033358597523806176,0.022056067935262116,0.022099459059368966,0.041916229081929546,0.09294010912950822,0.03710766663541531,0.06331071700804766,0.03607614545639,0.14055083781958586,0.062013101597904796
2006-08,0.10631448426224442,0.033018636571912334,0.09745664340456828,0.02652408485860944,0.012957714862379498,0.034317991342678066,0.08458542117696563,0.03392750570383349,0.016440461921516675,0.03268639913699253,0.021347443127447126,0.021876387111421168,0.039124548412451436,0.09591745532041002,0.03545391550499215,0.06282504164471041,0.0353981799655752,0.14419316191549716,0.06563452375579518
2006-09,0.10792295372857645,0.03202477547386115,0.0937733009728362,0.02678280788434008,0.013054672630534878,0.03471745410598603,0.0859106702816337,0.03347048961047362,0.0159022642451339,0.03261938087084007,0.021877560702582722,0.02187517588833986,0.03832267908241041,0.09661096085667704,0.03566343056425778,0.06268847360313042,0.03578420447947576,0.14668136116932762,0.06431738384958229
2006-10,0.10855948596370886,0.030047350267914684,0.09097185340076047,0.028173012032608923,0.01336440297860863,0.03510377386881406,0.08636471878734592,0.033570512740903884,0.015761099369312147,0.03338958679582092,0.022051640761897532,0.022434607488531755,0.03930963921142091,0.09401534417062346,0.03720436433895114,0.06444689635529628,0.036496534304128345,0.1479137473595601,0.06082142980379204
2006-11,0.10688612724280135,0.0310512233632814,0.09230685616630044,0.028796284800501344,0.01366032271426223,0.0357833500567602,0.0857760861009228,0.033824509097790174,0.01625550834598613,0.033868596733895265,0.021845228275633816,0.0225148661698717,0.0396258055900738,0.09651686581610279,0.037262473089879074,0.06405785518548701,0.036924006843613806,0.14487057854180682,0.058173455865029804
2006-12,0.10581767593694305,0.031479677674300224,0.09613022157464578,0.02887430366792776,0.013422414994575683,0.03579694961180129,0.08426603615080973,0.03401898957470673,0.016595124613658016,0.0338791621096084,0.021845848218882333,0.022144903772636372,0.03965231718901003,0.09730771898009061,0.03572615528976085,0.06326767182828713,0.03650561931241231,0.14398050317436592,0.05928870632557758
2007-01,0.10733476347222398,0.030496897452250853,0.09411002779882825,0.029012674458495754,0.013591372672516778,0.036204893231089066,0.08432533197647844,0.03445692543355506,0.0165044269501324,0.03398677196529464,0.021838077023949205,0.022380253456626656,0.03933300003485749,0.09766301679463929,0.036196402331185706,0.06495571190497458,0.03721419953635584,0.1401976370307752,0.060197616475770634
2007-02,0.1078772420251332,0.031142978620749644,0.09245426019701808,0.029331381608612855,0.01354112936077312,0.03676008484848405,0.08589696939733454,0.03497053589822741,0.017189517507543328,0.03437359935376049,0.021769160667923247,0.02274513843719531,0.040188513681989495,0.09722898996432865,0.036701715638153644,0.06466483733727926,0.037512746982234564,0.13637749380300962,0.059273704670249665
2007-03,0.10691974038766797,0.03189545538262914,0.09149074767354613,0.029394036920369772,0.013235314149960464,0.03717094886338981,0.08411716799987994,0.03433848609584883,0.017026948985838033,0.03390199718091644,0.02131748749308258,0.022363428710342546,0.039717115537679946,0.10157647075125156,0.03632698205662193,0.06355409555197152,0.03633274668194203,0.13922573089054802,0.060095098686513394
2007-04,0.10724268384393593,0.03218337508693091,0.09393883088121449,0.029252259767132416,0.013299102873688537,0.03736884387122977,0.0831766004527621,0.032761128967757396,0.01763778801836545,0.03423855684637589,0.021341616497903712,0.022290437316894236,0.03922857248846701,0.10431141756537358,0.036354624480673656,0.062235122207164394,0.036338051369377795,0.13732386133580515,0.05947712612894757
2007-05,0.10780862694527456,0.032749740031798286,0.09455616614611294,0.028858626469282042,0.013673896535971534,0.03685689144272346,0.08431729312472772,0.03239332172063524,0.017507914205494968,0.03457590779152369,0.02152503969641174,0.022489574212982033,0.03930094194283214,0.10515008379290018,0.03602938163500355,0.06223420715981506,0.03633690179856172,0.13425500867576404,0.05938047667218518
2007-06,0.10753858845870083,0.03369227358921852,0.09690935241285191,0.02947933040746631,0.013809538331282775,0.037601993185951074,0.0833481311108529,0.03324865346796497,0.018403531025690974,0.0355555818051653,0.021935935477018963,0.022651796417890162,0.04007582942165967,0.10393296906272725,0.03594825985149208,0.062200642488219486,0.03685807089981812,0.1285543038117267,0.05825521877430205
2007-07,0.10904844762339648,0.03380686514649197,0.09988321127754875,0.029817126984019043,0.013570924905920101,0.03891477436136935,0.08194023393607726,0.032777429922008126,0.018235566155405072,0.036075260267867816,0.02251653012733109,0.02355072407968247,0.0400192858383818,0.09978468555873991,0.03584927666336172,0.06126432022254704,0.03704505055188614,0.12798042142743093,0.05791986495053485
2007-08,0.10819785906591972,0.03465775204160953,0.10156815958554206,0.029257606327909736,0.012869426076622694,0.039268812834355155,0.08040691499507312,0.03176848376869466,0.017917549132156332,0.03645529354712034,0.022920438882706926,0.022659509068306855,0.04116483413626148,0.09726176167265849,0.03488415912475595,0.0581633688493142,0.0367646330060542,0.13475432531682965,0.059059112568108765
2007-09,0.10880992214733239,0.03359959674276503,0.09955645370606962,0.028436515723796685,0.012699000131695776,0.03956428645360059,0.08107457121280517,0.03152217250210087,0.01761389513410955,0.036668784793759346,0.023328414824930505,0.02233492012734577,0.040113146795623944,0.0973349769602444,0.03479479236379055,0.05790812894300629,0.03661241046139566,0.13893558204706546,0.059092428928562445
2007-10,0.1100559477371629,0.03510099091027143,0.10114304139036082,0.028121300870233273,0.012446590248625423,0.04012175518803823,0.08033135909569279,0.02937103694428034,0.01808392184072838,0.03630493885614386,0.02343134635375935,0.02240135955065057,0.04017795432709825,0.09740063310337317,0.03415506872462497,0.05693283677381422,0.03688194464485425,0.13616617809272114,0.061371795347566635
2007-11,0.10970235696891888,0.03654715447232025,0.1005021484251167,0.02739852258094379,0.012251247665199238,0.04036280198286678,0.07972219201263643,0.028910412441524598,0.018021126168618104,0.03608207616289826,0.023379409676717155,0.022283331431861286,0.03958001436537268,0.10088942275833068,0.03374964142706251,0.05498638940159349,0.0370678115507728,0.13580846033061558,0.06275548017663081
2007-12,0.11101661494715166,0.03502937573171074,0.0969019485976313,0.026028255953515125,0.011728740321608653,0.03918220353662072,0.0815980093437451,0.027161150451215452,0.017500410655819972,0.03515732605263311,0.0226764747131989,0.02078542715104315,0.038707158894121386,0.10048041433782921,0.033445767591282476,0.052227244688413395,0.03543925627358972,0.14789501403657213,0.06703920672229796
2008-01,0.10954359870236068,0.03578346709235969,0.10188377430833147,0.02487587409960959,0.011578159928510164,0.04069160449050979,0.07862576038672692,0.026905154189491704,0.017934954365558257,0.03425893192751007,0.023068665244406383,0.020827026342868107,0.038225379167989085,0.10117732566238631,0.03290091574938955,0.0503542001739155,0.03553789814787988,0.14815032237334988,0.06767698764684696
2008-02,0.10660813119333767,0.03543715832040767,0.09838760444403327,0.025247977864010254,0.01096214414969307,0.03977250566463944,0.07775139429651327,0.028307970811766142,0.016898012301587613,0.032880008451173455,0.02112971730800335,0.02010875218420611,0.038723427402806154,0.09673579854219891,0.03327439235352566,0.05165433390624548,0.03395042146046485,0.15855369648680745,0.07361655285858026
2008-03,0.10738243555459201,0.037462250813964745,0.10259422595079597,0.024598144439980565,0.010611533928181694,0.04127594507749073,0.07670651629006266,0.026611490798885418,0.017873277153090616,0.032472428196270976,0.021211495396537675,0.01934985336170696,0.0375871979798417,0.09303317215980551,0.03221570989630541,0.046506336166409847,0.032902115457222506,0.1632410439805189,0.07636482739833628
2008-04,0.11018823388218076,0.035783201830479824,0.10043240898128437,0.02491011528457119,0.010460852241356306,0.040574641607847434,0.07604630127990535,0.02673369400261941,0.017739319102596858,0.033128425729108436,0.021101158911210685,0.01881882095584053,0.037234473734708375,0.09360053631455409,0.03266430375437865,0.044804594350630486,0.03276245228836079,0.16446524944977195,0.07855121629859457
2008-05,0.10684150289244303,0.03757055463579195,0.10429515593247558,0.025164062519645532,0.01048301232904131,0.04259753965595312,0.07255586569897823,0.027218870731032182,0.018273769049905186,0.03446135329667991,0.021807919601970434,0.02013003583783787,0.038554646665492374,0.09685612570981354,0.03353124244706107,0.045784842775349256,0.03301431599880426,0.1562069326539978,0.07465225156772748
2008-06,0.10717593817371118,0.03933381976897332,0.10534288470905959,0.025507274205747627,0.010658586358564287,0.04314486429493326,0.07318685228841634,0.027114195116905063,0.0191559133679509,0.035495159509323956,0.022546368038719962,0.02002518685217945,0.03879369357073417,0.09893229486880578,0.0334551421560335,0.04371459577157432,0.033499949972684046,0.14976488674094554,0.0731523942347377
2008-07,0.10175122814548028,0.04277774357531015,0.10919991658623036,0.024219577844016096,0.010442172604742932,0.0432829129238239,0.07199752381585431,0.02566741709472815,0.019485344054563362,0.03355076155083865,0.022285872649457136,0.01834579747134774,0.03583420863102235,0.10123529964559881,0.032854095578623344,0.038059650045477234,0.03201730452768817,0.15981127912631346,0.0771818941288837
2008-08,0.10963262832499678,0.03892514481676738,0.09892570112682662,0.023465307265973852,0.010791042201835804,0.04365988230664499,0.0775830619370583,0.02603329906220547,0.01801616742513669,0.032718671727309405,0.02194684768799867,0.017870128716424717,0.03748807375553749,0.09606923792337983,0.033344871107001586,0.04083200308061772,0.0324513843390457,0.16035136471674352,0.07989518247849557
2008-09,0.10995497821505641,0.03736350582111652,0.09865871760893326,0.024861556338189088,0.011115820528365461,0.042285816307859575,0.079357378962849,0.027522577125305175,0.017230024481611327,0.03327069903235209,0.022201355607636208,0.01795011707511008,0.0382353680142759,0.09512338264973759,0.034379563069728974,0.04078406876132141,0.03289414839116141,0.16403490778116347,0.0727760142282269
2008-10,0.11746835575617484,0.03170028713419191,0.0953231133516483,0.026539309087826687,0.0113918214848774,0.03729887594752313,0.08147673083643549,0.02780398272723512,0.014749643631073993,0.031049394286217818,0.020961398821129667,0.017869629747153597,0.037005089240197526,0.08680014940993054,0.035431687041059166,0.04196842488537083,0.03241195502127444,0.17566292905347922,0.07708722253720035
2008-11,0.1111936312340986,0.028250482070933895,0.09064769869824259,0.025221140991593935,0.01056504048381506,0.03429026980489753,0.08313526219610815,0.027093424604837244,0.013662769905684559,0.028182471267662764,0.020778386607732163,0.01628863182241177,0.03767311678830667,0.08494591334611842,0.03572000055067023,0.0389277621997304,0.031132643487801925,0.1958511604926901,0.08644019344666426
2008-12,0.1055665446165207,0.02720212492399029,0.08991027593358036,0.022883520853867856,0.010148732221376789,0.029845739407297556,0.0791203272980725,0.026670355070056963,0.013146194070567248,0.027757325546511103,0.019847037985304503,0.015956240333390513,0.03459458022591593,0.08546254470230752,0.03391315902462015,0.03446053313337487,0.02922647270737499,0.23030970236416567,0.08397858958170447
2009-01,0.10381247333720425,0.027405895732254645,0.08697991839361235,0.02260302720248733,0.009745066618012777,0.02842678858806969,0.0799596460530231,0.026235345605036212,0.013562374029441467,0.02830365257743275,0.019263633702446454,0.015454804969479322,0.03423184969615941,0.08202687863305183,0.0338368990435675,0.03377658371468502,0.02869302322258623,0.24139450727193168,0.08428763160951797
2009-02,0.10470523638890612,0.02822229016156436,0.08818132987544057,0.022098520095567058,0.00946350145668429,0.029102245311841208,0.07971805705331053,0.025517034645542905,0.013313211413677688,0.027773561266597056,0.020162975812781436,0.01565585610551618,0.03347399377219032,0.08592807377279595,0.033728086880927724,0.02975735451993842,0.02908775055007533,0.22943041157441627,0.09468050934222672
2009-03,0.10355512195599492,0.02974847350617623,0.0835063430575606,0.021759188222457135,0.008668450877309823,0.0288518282157167,0.0762933010382093,0.024960463011688194,0.012557455208652172,0.027427730161776638,0.020166330726142084,0.016152139098815545,0.031045508438066412,0.07828109795593038,0.03529002467861445,0.027594983614865308,0.028479811348513222,0.2374703597181106,0.10819138916540015
2009-04,0.10502671065754313,0.02999787162270913,0.08312828368738104,0.022575798213798164,0.008644258351771586,0.030281174118029254,0.07733633918656352,0.025840170827269637,0.012545678766606262,0.02711382680636567,0.02044245341597971,0.016254286007657145,0.031110552444059757,0.07739770922816962,0.035982394093720296,0.028756364711827805,0.028798458094364873,0.23664052833920998,0.10212714142697349
2009-05,0.11317348293309615,0.029869610916591825,0.0878514288209227,0.023896245564387054,0.008851376942598842,0.0321507059392578,0.07836506939081563,0.027168270343572627,0.012622991628150065,0.02869181594398087,0.020582659457376383,0.017222575223989532,0.032957907474559164,0.07815628335839116,0.036702397316255686,0.030344388187402826,0.029332795408790732,0.2186515122251976,0.09340848292466342
2009-06,0.11379321162774429,0.03237764072880899,0.09005986662716484,0.023966164191404127,0.009139205599330569,0.03332656101040553,0.08028336747390295,0.0257276541786187,0.013313064853350072,0.028115261437930805,0.020699276142726368,0.016630929728433132,0.03348321187938832,0.07928360472483671,0.035905409894119875,0.031929839634113076,0.029675288845774608,0.20674617736931525,0.09554426405263175
2009-07,0.11564724063242378,0.030669358268625158,0.08728952451825259,0.023278447504640736,0.009090350289080097,0.031405184273736717,0.0821005640777269,0.025624743830571544,0.01342278908188897,0.028564322875219605,0.020973562732682315,0.016978664650914025,0.03309224379238216,0.08308263417682372,0.03557057005058576,0.03140745541348608,0.030115163648315287,0.2053682919546072,0.09631888822803718
2009-08,0.11873821708435649,0.031281170859874585,0.08798826086322657,0.02403044690134868,0.009509723268099473,0.03337438111357224,0.0839036612564547,0.026686271035846556,0.012967074060175157,0.028381086901153787,0.021342567643124147,0.01764765703977375,0.03336776628283441,0.08360770667161126,0.035570830142225396,0.03194869384212378,0.030340243380866886,0.19830859242725804,0.09100564922607408
2009-09,0.11840512684375144,0.03120824211109365,0.08761024305684936,0.024019501306975652,0.009696664140592772,0.033178082463321185,0.08398250840687677,0.026856837865368504,0.012860962691214698,0.028544560660423712,0.021145837380309535,0.017129174231727166,0.034234650694453916,0.08266089824750705,0.03598440378405869,0.033631453210133055,0.03030078599060991,0.19860141184292288,0.08994865507181014
2009-10,0.1191351438302682,0.032104755214445446,0.08815840714025153,0.02497433920968218,0.009847199619218419,0.03389875116616252,0.08403801813682978,0.02580307085144857,0.012902960162239043,0.029063102519209846,0.021293265612931097,0.016545984592308424,0.03435674209495593,0.08214700699038527,0.03561503729172109,0.03300857252462338,0.030634230705085114,0.1960726525105701,0.09040075982766411
2009-11,0.1181813647419512,0.03256958222472719,0.0900389441075997,0.024807481215830825,0.00992259594199288,0.033124047514452346,0.08384161563042808,0.024848346941250755,0.012268181276540181,0.028789153635729193,0.021198539770192447,0.016729248120235907,0.033199254252558645,0.0801316670098955,0.03643985891956848,0.032037738944584206,0.03012515490692278,0.19632300922119622,0.09542421562434336
2009-12,0.11794289869360824,0.033442017815367556,0.08841589086284253,0.024167134675117923,0.009869024649391916,0.03397205564783015,0.08523939006439996,0.02467809608120158,0.012275370744611252,0.028000203784117588,0.02097592124486167,0.017204749837319133,0.034147990611429924,0.08030097142974224,0.036198035822736445,0.031855590586973,0.030343584293149765,0.19441797668137367,0.09655309647392539
2010-01,0.12170669403908602,0.03317738469556391,0.08897515032132215,0.02482371216489987,0.00995633962290758,0.03461982418320184,0.08691369599793197,0.025597899747312414,0.013119305025996893,0.028936622278710876,0.02161547193430262,0.017605433513557818,0.03511237209575575,0.08539036153400774,0.03631585289915794,0.03192749011941298,0.03130048564763603,0.17659382988359473,0.09631207429564088
2010-02,0.12073757929783151,0.03099558310582438,0.08654826296973842,0.024582173676512206,0.009872355398447281,0.033955259431173446,0.087788372483437,0.025467733613392104,0.012370043157275369,0.028744369695549304,0.02090166180968818,0.01797719416256422,0.03506373372444025,0.08224082168548129,0.03651908175367106,0.032283864601290985,0.03068899639104624,0.18667730344866135,0.09658560959397541
2010-03,0.12256485471134843,0.03235514363339312,0.08733731084543638,0.025102526759054583,0.01014342672613285,0.03468130541516853,0.08804931981143113,0.025921694596616963,0.012233671070905285,0.02965294107353658,0.021233560929572494,0.01815717291000323,0.03586216031756885,0.08073346690337802,0.036776485919026054,0.03230879397736247,0.030604136147137907,0.18376725140613923,0.09251477684678804
2010-04,0.12529585988658862,0.03273034679009987,0.08735076398520225,0.026144690324870757,0.010205487784386466,0.03555874828383724,0.08839026442771608,0.026112635594744832,0.012616645127516096,0.02994138052061107,0.021590905805533696,0.018607411381266363,0.03714550565193644,0.08112830396601271,0.03749959389530809,0.03335061432652096,0.03125557346686464,0.17417974948749967,0.09089551929348433
2010-05,0.12357444598883029,0.03200328254436304,0.08959826136668748,0.026418663717252842,0.010316344611974457,0.03559676104817262,0.08610041914207422,0.02746336639811032,0.012006153514250646,0.030128206167157588,0.02169079905430941,0.018858593650808,0.03734459869227308,0.08238031191177418,0.037188293104973076,0.033008843062723954,0.03094373031670514,0.1746367015436797,0.09074222416387996
2010-06,0.12353948728286104,0.031313018469309346,0.08493928754562452,0.025864267798234714,0.009914043706747887,0.03340215873555841,0.08404705029748313,0.02651756005060674,0.011605193930061737,0.028397953191744617,0.020931858410158224,0.018185227375051103,0.03613266979727214,0.07895498904211927,0.03645026599687906,0.03128274202818127,0.029313348990889044,0.1921915772714036,0.09701730007981421
2010-07,0.12028937712869185,0.030494925415517016,0.08058006692281622,0.024528064766936294,0.009663822350834884,0.03173224640235217,0.0844648564498604,0.02409902570253204,0.011088459924246131,0.02748920184254627,0.02064325362443437,0.017683274215079203,0.0344926899118117,0.07927203617944532,0.03414886199360274,0.029941447962593785,0.028691460527242297,0.20895073542721795,0.1017461932522395
2010-08,0.12193194236368612,0.030908772420426153,0.08148933145924851,0.024947897533288296,0.009679352857063117,0.033754879464482156,0.08357917783347742,0.02404670864460191,0.01124282775599944,0.02863964945708827,0.020886503407322444,0.01883605029466941,0.03552265308503113,0.08123963351423029,0.034170401288292934,0.03031129626643087,0.029349406783277823,0.20347175021493788,0.09599176535644582
2010-09,0.11835125587674784,0.030869443930788443,0.07829978710668535,0.023756185280466333,0.009636186699802554,0.03365577174862658,0.08232899936726983,0.023360326503861335,0.010869203416373003,0.028168869754405336,0.019779505007297332,0.017930423751674394,0.03356848407402388,0.08107817219876812,0.0332831526250221,0.02824722847447232,0.028394297770309926,0.22011314436396107,0.09830956204944429
2010-10,0.11894999951417265,0.03132978569008081,0.08045675777475433,0.024943132935352354,0.009747620639600196,0.03443966607789496,0.08423467923117119,0.023792552571826605,0.010877273179844289,0.028948697932464573,0.020300075827203824,0.018211352156668227,0.034416738251470985,0.08091467706940161,0.034525061350187805,0.02839096227075782,0.02924079117471602,0.21006379603990646,0.09621638031252536
2010-11,0.11997728951494618,0.03195183177861849,0.08106849658561355,0.0249495465911333,0.009692708348891658,0.035765039559333495,0.08416240448218784,0.023121277915798235,0.010951012940109544,0.03007271408136774,0.020496795421622516,0.01893197525651431,0.034968166218383466,0.08044903458490446,0.034364869490925765,0.02813067667616968,0.029667789194993303,0.20320629058583295,0.09807208077265339
2010-12,0.1217546000237835,0.03289552061480965,0.08484847301784551,0.026126565161200193,0.009800828576655717,0.03584158122195005,0.08133359138244492,0.023240798388982405,0.010901641806135412,0.03072415522218485,0.020538497335377666,0.019589551170196336,0.035055249372671134,0.07931065767133498,0.03552621986111509,0.027846660241772753,0.02910775104751783,0.19689387959240917,0.09866377829161288
2011-01,0.12430198572534136,0.034634797583676595,0.08868160096259231,0.025795421737508355,0.010063417752882012,0.03695977810863488,0.08277847428357049,0.024768452412837306,0.011445388605016909,0.03141700540648519,0.02087320878730017,0.020121304101842194,0.03535314527342452,0.08024651755942916,0.035235330133677814,0.029391492415278338,0.030124042461951918,0.18007381612074608,0.09773482056780428
2011-02,0.12097997845284326,0.033607351433457146,0.09349092539802492,0.025159262786131814,0.009940900400448755,0.037444306254068284,0.08110687308912433,0.025463262592233867,0.011741853984561283,0.032114495813846816,0.02158495179255952,0.020026041695924462,0.036068958622243866,0.08207612822688638,0.034718296015276914,0.03001296782060628,0.030761888815840834,0.1777227647586498,0.09597879204727151
2011-03,0.12001708143494857,0.03308449311430137,0.09618105377598869,0.026065677532114553,0.01017301800726413,0.038012418453926326,0.08160619050517287,0.02541213376315482,0.011866725149916229,0.032152079577661606,0.021613025277028134,0.019333215737589064,0.035797718161758404,0.08213349603486086,0.034453771760173134,0.030062104280135473,0.0312768010936838,0.1755144001938534,0.09524459614646852
2011-04,0.1213073283867132,0.03323065269616935,0.09631344413766088,0.025163496331589177,0.010451301361783448,0.038050588708678425,0.08208395484436032,0.02543188422466837,0.011794788175939885,0.03257781506558639,0.021244377427354987,0.019426871547509827,0.036188581953712315,0.08197498904650692,0.03431608085324596,0.02936071049531138,0.031047882927189185,0.17317140192022465,0.09686384989579536
2011-05,0.12169475318803212,0.032127452431678485,0.09452218738147054,0.025771477321744445,0.01067058758348594,0.03837316665325197,0.08393818180433367,0.024761110985277945,0.011588668642289801,0.032170458520891204,0.021072996609582725,0.0192686430681201,0.03598300151230261,0.08279500233313423,0.03469194957417546,0.02876941199078661,0.031046153157061482,0.17331819399885484,0.09743660324352588
2011-06,0.12270752537948894,0.030813841670979895,0.0899218739964932,0.02576271495576538,0.010739203587669192,0.03699820815022368,0.08540131809105614,0.024077520601877577,0.011225151184770868,0.031888074355122906,0.02058339763092561,0.018858322310827118,0.03548494073580774,0.08317696175072038,0.034874069312772135,0.027986256912703403,0.03057578003476352,0.18022158071149197,0.09870325862654043
2011-07,0.1244343004346712,0.030492994693278173,0.089235830494812,0.026516767133487783,0.010850725411081145,0.03721465605380772,0.0840012269905901,0.023830443235677238,0.01115340547853898,0.03191694301686547,0.020329766021457602,0.01885411930790051,0.0358097630323844,0.08363573543392225,0.03486855284036106,0.027668501602101922,0.030398498777054882,0.1785445209560944,0.10024324908591328
2011-08,0.12051496621618532,0.030575758126630524,0.08869406991235593,0.026927948271935308,0.010531992511811637,0.03669561020711049,0.08166513276793881,0.02295135714599126,0.010912471821326554,0.0304639395855848,0.02016983912620059,0.017879681170213015,0.03418367337042972,0.08293043460906872,0.035097087181931566,0.026894450220043928,0.02975363796989287,0.18998046459683662,0.10317748518851241
2011-09,0.11786155426120949,0.029356808232222562,0.08035554001832797,0.025892635059314054,0.010200597193983566,0.03414587612888624,0.08091537214341485,0.02188317946587072,0.010288340476093486,0.028975997013680983,0.019308685990511804,0.01696373223851954,0.03228868515882206,0.08243510349909451,0.034379017776549475,0.024974788354743576,0.028286850117711888,0.2081933556681629,0.11329388120288027
2011-10,0.11376035758092629,0.025788498053153128,0.07344475193975981,0.02587417045047045,0.009839187235370628,0.030523344022967396,0.07994287871042553,0.021239179511129497,0.009646098597980182,0.026963080706570774,0.019205194058192807,0.016476056324171522,0.03149925712029513,0.08302446272766857,0.03474413578098593,0.023657740440690255,0.027875161891977362,0.22807064629909038,0.1184257985481743
2011-11,0.11633010839996137,0.02709438836761415,0.07846429620044382,0.027047870346265233,0.01013263207532628,0.032502299400626565,0.08129126251152495,0.022104768505512542,0.009798311549648626,0.02874461787355168,0.019702267721367444,0.017295816340350583,0.032832648951855045,0.08552364909858069,0.03541930319504031,0.024536265321144436,0.02863710679451451,0.2134498770596329,0.109092510287039
2011-12,0.11367373667521478,0.02691208163366805,0.07821538773834744,0.026268135393082214,0.010038514870698016,0.03194125641328108,0.08148892725248444,0.022950348987739677,0.00983524600942939,0.029358647206782912,0.019565535369507916,0.016517951024116725,0.032930302622211284,0.08501748734794895,0.03518734871370058,0.023896974051014517,0.028380040771120715,0.21550572301705873,0.11231635490259273
2012-01,0.11308568752103532,0.02563746551346351,0.07679033717838388,0.02588403228845088,0.010085418164678022,0.031858482506501244,0.08268357658758144,0.023438147261171768,0.00974295892695927,0.028555041344920366,0.01949780688717197,0.016624256193083622,0.03296503122245183,0.08630469170102525,0.03516296693155789,0.024270145280343377,0.028538058384178156,0.22162637345949926,0.10724952264754291
2012-02,0.11579931677339189,0.02636118084236706,0.07762466340761053,0.02655935956935511,0.010027663147411206,0.03344200778689629,0.08219101940446306,0.02378290908156894,0.009692833736665104,0.02892192715832645,0.019923901675489148,0.01697109991815165,0.03356544755847739,0.08361822007816483,0.03517980889281708,0.02462858384354744,0.028797239814875464,0.21856931655613124,0.10434350075429025
2012-03,0.11552912853792685,0.025311779925689858,0.0802401082297289,0.027114079831711616,0.010475948799345006,0.03334509045808672,0.0836053399065893,0.02420385940173123,0.009327513119637209,0.029552651767679905,0.020288527250751524,0.017108124440616424,0.033432599418524396,0.08352924212737166,0.035304002122063825,0.0252831619081014,0.02920952796445866,0.21071696989862465,0.10642234489136093
2012-04,0.11930061377944598,0.024301218489809345,0.07819365471334233,0.027430563355887817,0.010842088093592868,0.033933953953436,0.08633279393581433,0.02513216653868154,0.0093766275788158,0.02968357168965165,0.020749678515301507,0.01725530650708414,0.03353182851060777,0.0847454383096336,0.036560744488914124,0.026600069464015642,0.030020039262380487,0.20297993635026956,0.10302970646331565
2012-05,0.1175581572592685,0.024153941503643674,0.07595090591278089,0.027302217304502045,0.010662947785358489,0.03376733932317835,0.08504179799303396,0.025410560465467722,0.00928148133113043,0.029453899961563165,0.02041364925586232,0.016912207094248427,0.033447411823192226,0.08510664828220041,0.03660872507070624,0.02606592258691151,0.02982787076415071,0.21140851933008104,0.10162579695271991
2012-06,0.11532282000002612,0.022716820003898876,0.06986987414968389,0.02693164608295137,0.010290285074566951,0.031948282822478594,0.08329248539677112,0.024864857947142473,0.008961947810873592,0.02888987509035646,0.019909115640317984,0.016685384138282768,0.032882267717438365,0.08527698567817425,0.036954813059780545,0.024836726776125112,0.029215543787024453,0.23000883849717427,0.10114143032693292
2012-07,0.11549683213508412,0.023286422802497538,0.07093516956729194,0.025080799468258252,0.010364654932841853,0.03222980507659231,0.08449334878007887,0.025588049649905263,0.009278210254553419,0.028726002586301248,0.01999718453718365,0.01613062279069349,0.03322157501215068,0.08620647529021735,0.03703386346169099,0.02546098168975089,0.030115594037019872,0.22528664011897218,0.10106776780891608
2012-08,0.11384763687730684,0.022618519139507652,0.07126319493294628,0.025137662634514026,0.01052719826640462,0.03160748455394449,0.08509326032179376,0.02488032755370156,0.009212713598078489,0.028795734015932516,0.020016141602311136,0.01604471966826073,0.03266445920189138,0.08768648543635606,0.03704415004666956,0.025057709244954846,0.029884903805136222,0.22853939690737254,0.10007830219291737
2012-09,0.11452168084997075,0.022919328202242763,0.07253167992475096,0.026072092264777174,0.010693024916817147,0.0319676779401305,0.0850377449156627,0.025973939135331376,0.008943751792513577,0.02877365906351766,0.020338331065411216,0.016033973993033128,0.03256876056175774,0.08467709298085462,0.03747450770511141,0.025491216084104384,0.03017478321673085,0.22532496069655325,0.10048179469072878
2012-10,0.11422054407220238,0.023501702587767626,0.07340496843508314,0.025685840710527926,0.010728716093811683,0.031724619929105316,0.08579128150471449,0.02645106945034524,0.008949248246495779,0.029166859095929833,0.020004522007865243,0.015988129806375526,0.03186544025382392,0.08514110700629773,0.0373614643225558,0.025717168195194793,0.030670407288238655,0.22000537620410646,0.10362153478955839
2012-11,0.1138535146085664,0.02393903571695459,0.07292233911678811,0.025625316129543683,0.010810509758280944,0.03125171481788021,0.0862731252330311,0.0270885799487775,0.008843387885401911,0.029080667189724248,0.019278869838852877,0.01657011948822734,0.03248221912784053,0.08674605989859452,0.036847066183983736,0.02610762529532656,0.029842200777466854,0.21866990013788598,0.1037677488468729
2012-12,0.11691899294011215,0.023305935938767286,0.07191395589201259,0.02605334758629764,0.010831071742310718,0.031582285416832355,0.0866173782377473,0.02776199283095199,0.00885891171513132,0.029448963806933185,0.019311050099426193,0.016763300535165913,0.03259879081694878,0.08294823619668051,0.03678232250766598,0.02573304859869845,0.029952470800240674,0.22078890177188948,0.10182904256618754
2013-01,0.11742873213475223,0.023354091604845386,0.0733726924697515,0.026097137187259256,0.010729636242742762,0.0326450401625998,0.08630756758815723,0.027967174385122046,0.009047108243490719,0.02985123506581987,0.019290543150304502,0.01725774526681599,0.03335654408724728,0.08374281799116648,0.03649561356991325,0.02655142497559399,0.030352952855523318,0.21617491357046692,0.09997702944842754
2013-02,0.11855624419810071,0.023069451139000767,0.07497349909742695,0.02612213438953008,0.0113114631515187,0.03306064196812314,0.08896004535464604,0.02884087528232199,0.00920743217753512,0.03041584300828108,0.019180088247969993,0.017403822173703006,0.03386249080579012,0.08545858701681912,0.03699135336053794,0.02724121964220351,0.03129579857683538,0.20597706402403157,0.09807194638562472
2013-03,0.11951187534790647,0.022108927035322804,0.07404262733577516,0.0262250211660477,0.011568309012042654,0.03256158576042768,0.08871351867491654,0.028547808444153246,0.009135967038375086,0.030802374030524625,0.019132410184218844,0.017376505512928693,0.034302889975128495,0.0859435622877827,0.0367466721437152,0.02727768968322219,0.031504461556405024,0.20880535605583397,0.09569243875527288
2013-04,0.12135298674146729,0.02189185108866553,0.07311816622011737,0.026270132446369877,0.011942664982850282,0.03213978255348382,0.08925545273811986,0.02853486218061396,0.00917707794596087,0.031019625949412252,0.019101908348235358,0.01758025563829497,0.034745316083482504,0.08798383484050204,0.03731040277304567,0.02761165948580148,0.031909865931310906,0.2061903495557163,0.0928638044965499
2013-05,0.12067668004354346,0.02076490730430192,0.07097147956350144,0.027356255449564874,0.012127620374914229,0.032508203019386006,0.08947455841317081,0.02858630802074059,0.009094065099319782,0.030372155374391134,0.01900952228504438,0.01812074559922322,0.03444302293676197,0.0904183964281337,0.03771833403193591,0.027751786708828333,0.032122206487532196,0.21024904279211568,0.08823471006759045
2013-06,0.12151593787739888,0.02096786589844016,0.07435915124182191,0.0278960078150147,0.012297439435916038,0.03375341117244059,0.09177188610475098,0.03011151749043366,0.0092165762370072,0.0321055194597371,0.019720454823612343,0.019165170755672596,0.03608196008275901,0.08572176839339815,0.03865909741937992,0.029487150283898426,0.033220435219910985,0.19855186362490654,0.08539678666350067
2013-07,0.12315955213924053,0.020267163500101035,0.07417730630790052,0.02870851504156134,0.01254731109207696,0.033287100657723855,0.09214636465113397,0.029862998217179745,0.00932862430482814,0.032243340948427256,0.019837934731932697,0.01976933507135092,0.03678221223640956,0.0878615463736728,0.03958666217521192,0.030077031549356592,0.03368453185191163,0.19244458365059927,0.08422788549938132
2013-08,0.12234419608263618,0.02013405045966385,0.0746306966906168,0.028609141373068095,0.012745966057976062,0.03396040641138052,0.09382221408808851,0.029869131013770818,0.009561200393800944,0.03327413122447476,0.020083252501681186,0.020379124131712896,0.037311004685758334,0.08913815140056254,0.0402537566973383,0.03075084985279649,0.03444635021704227,0.1879756630381989,0.08071071367943264
2013-09,0.12213148636151483,0.020729504186633902,0.07560430160434599,0.02869698421213347,0.01252512254750118,0.03450865515353567,0.0932184440945042,0.029597067505468578,0.009405524963408626,0.03350379261265961,0.01996805979003674,0.020422833041137033,0.03738941808616334,0.08725474254767977,0.039621608269342086,0.03029022238185397,0.034687315526877587,0.18602039546980814,0.08442452164539543
2013-10,0.12133623805062682,0.020422808837227933,0.07545555847997983,0.029265529411284498,0.012643033013124243,0.0348877475899637,0.09398879258021126,0.02993169514780949,0.009485661257019343,0.03404318295621488,0.019985558852702246,0.020585222493544168,0.03827143543084618,0.08661677575882702,0.03998773550930421,0.030243744097711623,0.03503776004777691,0.1856164564427163,0.08219506404310924
2013-11,0.1220989093426418,0.020609491369397426,0.07572902667892462,0.029103575749776008,0.012947530576094664,0.03482251020989448,0.09485566005973328,0.029940307976458667,0.009732622676273096,0.03437111865141294,0.019924541421407465,0.020291654067308894,0.038630484237226655,0.08694927076147324,0.04052546418744636,0.030246082265976294,0.035405694541967,0.1842974809083191,0.07951857431826802
2013-12,0.12237701364842204,0.020114849163126527,0.07558882303079571,0.03010993661566881,0.013323936240353846,0.034993269994404955,0.09668737543909048,0.030097128480732687,0.00985151990116074,0.03490862351531589,0.020162319097574637,0.0204993286164682,0.03972077349550254,0.08486627335342656,0.04147336301927498,0.03136171624859331,0.03605509976652457,0.18004552486445863,0.07776312550910487
2014-01,0.12394425286875509,0.02072927347227813,0.07673655558933128,0.030237804988358524,0.013565823814233791,0.036088740238613116,0.09640393580823424,0.030684441790433985,0.010161338552526288,0.03572649406146537,0.02063903003505898,0.020625039441188455,0.04032472617909462,0.08587890802815082,0.041107142171612016,0.031822934880785796,0.03683470871665462,0.17322341567737878,0.07526543368584618
2014-02,0.12080104407572469,0.020118523701344503,0.07365229512999427,0.02912981846228719,0.012832444900468037,0.0354314106546262,0.09543996692070089,0.030186167903354925,0.009927168436753972,0.034506985230199065,0.020636446791813437,0.020369669805328235,0.040175960027878765,0.08892084418985419,0.03917959295076957,0.031132014310011735,0.03650888643888894,0.18429497583806434,0.0767557842319371
2014-03,0.12001550067763665,0.02017583571062469,0.07406487258585122,0.029197016387720365,0.012899087964047632,0.036081265352005926,0.09646712425331372,0.030586779722201893,0.009873917120937532,0.03484181757249486,0.020675424506969752,0.020868438463006875,0.04000533572782416,0.08874402462876506,0.03942100542961675,0.03101257879518599,0.03678639781110034,0.1809964436492126,0.07728713364148398
2014-04,0.12168294644518529,0.020011789897317556,0.07467701885821174,0.02899353983072872,0.01293040873786334,0.03608695751447961,0.0956706172426461,0.029868634057973714,0.010021524180163213,0.034551450444390716,0.02077416771255254,0.020607125098768622,0.03999560997074961,0.09015569648464493,0.03900291705259576,0.03134274214338072,0.03620479628987674,0.17896461338324404,0.07845744465522712
2014-05,0.12046913461753381,0.020366949144230036,0.07628433036324345,0.028293083272093286,0.012920303195310411,0.03579378751267423,0.09575227101311908,0.029262502558697202,0.010142309790982849,0.03486071169601493,0.020693159761631615,0.020700491630548587,0.03990302797814598,0.09217139977188489,0.0384763655127203,0.030405817642927546,0.03582136289260432,0.18064116174268777,0.07704182990294973
2014-06,0.12123799086556897,0.019984937584446368,0.07549529473600011,0.02833461775005483,0.012878869524418794,0.03590805894753477,0.09461545732051714,0.029171514762383038,0.010069163180498811,0.03441675004071368,0.02081854241203651,0.020638859649095988,0.04033276995847626,0.09069591033741099,0.03813438184554754,0.0304323162913587,0.036244980719107645,0.18418592926909078,0.07640365480573894
2014-07,0.1213480007818254,0.020277434128514026,0.07642408383512361,0.028125323025199562,0.012915772055822653,0.03559124793060038,0.094189626558654,0.029177798890016586,0.010203932758511837,0.03465123554425273,0.021041647612713394,0.02087877421962093,0.03983083900721878,0.09354516985764894,0.03793153245346328,0.030672694835931158,0.03635351971154751,0.18158318639966528,0.07525818039366991
2014-08,0.11982865130664454,0.020454601560990528,0.07690659492652319,0.028403742331172974,0.012448790037237327,0.03560822384113649,0.09571558369290231,0.028872174503547943,0.010329717683966148,0.0334267807778454,0.020953758470454643,0.020545248549291236,0.039932170592567484,0.08999493863991574,0.0382206155375554,0.030795277856459278,0.037116304127288544,0.18328566760771067,0.07716115795679016
2014-09,0.12073236137224165,0.020164566899386924,0.07559170091837801,0.028344828581634392,0.012604463735073408,0.035536443395495484,0.09565219326076509,0.029630881917679777,0.010445420691557671,0.033096639968241984,0.020982868195437883,0.02062283953178227,0.03997683762871256,0.09101012326118119,0.038166668491410004,0.030748639687963698,0.037132926273029825,0.18448799742823424,0.07507159876179398
2014-10,0.12131244831622018,0.01955792388078643,0.07221026409449416,0.02956704188516444,0.01265893674198975,0.03572646194247988,0.0980573971073572,0.02960659801709285,0.010555425416878298,0.03269929117913969,0.021154446631958836,0.02001206604516536,0.04077545015776685,0.08931102260715958,0.03872995888689929,0.03133377529241049,0.037399282941896726,0.18475380052455145,0.0745784083305886
2014-11,0.12089552572281047,0.01855235470378406,0.06880713520321029,0.02935875449310023,0.012950852686054025,0.034729782042876085,0.09895277178915343,0.02995679822746,0.010566304610826315,0.0333349685470346,0.02102286218801095,0.02020754580532043,0.041106136093773143,0.09228987349055466,0.03844554397963041,0.03157743866088833,0.037575239788862125,0.1865095945048785,0.07316051746177198
2014-12,0.12298954599758581,0.01835106274347035,0.06325297390838193,0.030361976681488594,0.013159368275667912,0.03458024296306551,0.099607493306027,0.030242733686572987,0.010407146170966107,0.03302335886024302,0.021209101074343973,0.02055127984148778,0.04184918961739121,0.09103952090031275,0.04008610847140897,0.03156193755975593,0.03788947150836117,0.18902678233471712,0.0708107060987518
2015-01,0.11974237468432397,0.01769358790691816,0.0635329051797072,0.030266486694814944,0.0132139263272111,0.034560058054300805,0.0983584383267955,0.03095329849977478,0.010109281101117426,0.03329455736832173,0.021259848286510948,0.020734627561793773,0.042016862345760166,0.09245320358176716,0.04032909682524143,0.03201171418677049,0.03755397123767724,0.18990745089408456,0.07200831093710879
2015-02,0.11768496012089892,0.017123137330274228,0.06138839110370882,0.029605702386785688,0.01319300047216315,0.03392816756509317,0.09738731133269153,0.030446042423503867,0.009698279483598207,0.03173939187061872,0.02052165170604491,0.02004133340069077,0.04114126441112064,0.09279509803680717,0.04019982454575853,0.030232812615055685,0.036821664173203074,0.20193357797439002,0.07411838904759288
2015-03,0.1200755814684718,0.01796236650395807,0.062425747572943203,0.030331405397176568,0.013423976054322766,0.03514513001736586,0.09915931761929588,0.031475137264222075,0.00975240440301071,0.03319339836160859,0.021024358360116183,0.020609158792522547,0.041765075871416625,0.08832354982452537,0.041046053746005985,0.03130123248198648,0.03816329946367757,0.19233593107674574,0.07248687572062791
2015-04,0.11928734360312387,0.01746045463340934,0.0617129710302423,0.03079083872580643,0.013468688779295022,0.03454585671461538,0.09834330511777033,0.03169124429276289,0.009733802403035096,0.03356866279345013,0.02084068464404759,0.02079257789004681,0.04139305647231171,0.08844670206857955,0.04147802413868443,0.031554216579595784,0.03801169066848157,0.19575369988738717,0.07112617955735474
2015-05,0.11958902046115293,0.018286364214632582,0.06424278175282817,0.030361363108428834,0.013338179108378515,0.03489584330277929,0.09883639422001107,0.030785814995681157,0.009821651984299752,0.03362774281305815,0.020773105976611982,0.020650698825844332,0.04074801574352758,0.08884897968417654,0.04099426482795511,0.03165281236529808,0.03829365812348196,0.1928110399723012,0.07144226851955286
2015-06,0.12017898032611223,0.017840519148747614,0.06186703794464618,0.030413229490648758,0.01347877384677418,0.03500396977937869,0.10048665241463395,0.03127859551312364,0.009722508074032417,0.03362749649975454,0.02118832403747442,0.020812265665454688,0.04035196692148662,0.0882054751564854,0.04111338882112379,0.03227318097157707,0.038675661583104294,0.19170656494593052,0.07177540885951095
2015-07,0.12051899837584157,0.017520387900870783,0.06145779462773467,0.0317257348721452,0.013662437285718537,0.03496782906338176,0.10115251074023962,0.03181795240990954,0.009651948708934429,0.0338991100556379,0.02102950723351233,0.02107642140372497,0.04031006013000523,0.08533518116182888,0.04185100478809951,0.03323238514670469,0.039016154307712624,0.18941999357297068,0.07235458821502702
2015-08,0.12028922234070695,0.016610155868063803,0.0570287175960114,0.032431347449038056,0.013965888176650912,0.033584699714105444,0.10147277459802534,0.03210408971080526,0.009543711182244438,0.03296475031804308,0.02103319004389046,0.021157370308259277,0.04034667600071951,0.0859790445985265,0.04317937817695928,0.03350840552973136,0.03944910259484679,0.19410956275433305,0.07124191303903903
2015-09,0.12113780304018545,0.01683802110308948,0.05723098396667775,0.032595649194275086,0.013591691787373614,0.032986081650425665,0.09883991325199606,0.032521500357362315,0.00946007311834196,0.033382077728702116,0.020792161720907965,0.02098210291157977,0.03995229068628656,0.08525832960118208,0.0424694686454017,0.032869071060875076,0.038460713338832594,0.19875953395638982,0.07187253288011489
2015-10,0.12106891462969922,0.016469045497052578,0.055405322869280675,0.03283893352541995,0.013293808589102257,0.03159115796431421,0.09685949005936882,0.03209363493203782,0.009194476649191067,0.032005734478552816,0.020729931352248262,0.02117757212010384,0.039953717631096244,0.08539747989107703,0.0423289701726647,0.03253211594515445,0.03791648911708021,0.20571246859906045,0.07343073597749554
2015-11,0.12155130463412908,0.016610783742406862,0.05703799996514762,0.032268047049105575,0.013603279358089693,0.033103990594906506,0.0982238732164714,0.03242511418821458,0.00927779325308645,0.03267022192852687,0.02107326576012314,0.02132976518055715,0.040368070185006065,0.08422417345329276,0.04217609477100077,0.03271070465335103,0.038930577037852826,0.19926589621683113,0.07314904481190057
2015-12,0.12192063273808622,0.01641279722586002,0.057571001345564386,0.032166459177277264,0.013772702006201398,0.03359549615804289,0.09770948370171623,0.03362527301302627,0.009356187122509345,0.03298135533292667,0.021387653408852656,0.021554918706293405,0.04034701774361217,0.08191756737356619,0.042456622283125134,0.03334668072480073,0.03927095442669636,0.1998521358281975,0.07075506168364523
2016-01,0.1239266774803894,0.016196054668471137,0.054328917574254024,0.031799720672531756,0.013723224710148946,0.03303645558436654,0.09974843915424865,0.033412198005228315,0.00943743288830649,0.032870693481178645,0.021423099583770297,0.021415626517194107,0.03982456033442527,0.08094229146085566,0.043172504045051206,0.03312271358490598,0.03907855593304249,0.20115865069637645,0.0713821836252546
2016-02,0.12296127734068378,0.016011374107206544,0.053153851019117064,0.032240438170760916,0.013404747086638665,0.030684354218889775,0.09665834319941856,0.032439922696458616,0.009167367525992592,0.032411223088232785,0.020830393967922415,0.020519940007865084,0.03787341223156265,0.08463923915061967,0.0424592288399424,0.03128452468835095,0.03779776255491404,0.2122136034796029,0.07324899662582052
2016-03,0.12433375019409638,0.016257870434593338,0.05176492941658607,0.03194172482604892,0.013314053059114631,0.03133513371726633,0.096257867711767,0.031932955755346853,0.009052222316152641,0.03244866051360079,0.02056925966608759,0.020256542493856087,0.0385102881167988,0.08512558155880742,0.0418536559478582,0.03020593776119278,0.037182140282403825,0.21307750925161686,0.07457991697680542
2016-04,0.12618646052493995,0.016505986234109166,0.053064198600056275,0.031483125641372414,0.013427548014815514,0.031607639888410775,0.09615471523404118,0.032625430988738026,0.009291191008128858,0.032762213466588995,0.02063729936217434,0.02046417864902959,0.038650762159899946,0.08738532368760017,0.041904010371524754,0.03037682209123253,0.0377752506471925,0.20635194357002645,0.07334589986011868
2016-05,0.1263333841131361,0.01739270771925253,0.055470445188035754,0.030969958280465424,0.013190748247532705,0.032193910062689686,0.0979691754453997,0.03245780556451858,0.009551176706957947,0.03283606803079092,0.0203396551717397,0.020321833432797323,0.038780389995661274,0.08643112903084295,0.04146997028465605,0.030897927406179422,0.037124152384747235,0.20382962953408568,0.07243993340051125
2016-06,0.1255536324058647,0.017113590072798533,0.05486749860709129,0.030127812120810057,0.01340483809746377,0.031803751121543905,0.09809502057936316,0.03265563179485531,0.009280607495836616,0.03295284593726548,0.020777251243210327,0.0202396512097214,0.03816243572867383,0.08732720615939545,0.04149322868664583,0.03123796075670427,0.03767382608233749,0.20373966017655928,0.07349355172385928
2016-07,0.12606165138200046,0.017471519613948737,0.05452451677814267,0.02977103115133307,0.013313934650767944,0.031072090467099855,0.09748810891365361,0.03173704491518554,0.00934269321439024,0.03204288048027406,0.02047108430334432,0.01958466297733039,0.03722057515256624,0.08993945263568787,0.040965248638050226,0.02972674609478616,0.03687276596515929,0.20906416944548745,0.07332982322079167
2016-08,0.126768878505375,0.01747969206243747,0.05312729469683904,0.029633252315749804,0.013335583725959292,0.03137684243462624,0.09976276981988841,0.03217394344464427,0.009465063744188802,0.03220827410240776,0.020628176318236408,0.019715220892856933,0.03773181292029515,0.08919010773937855,0.04117867274128784,0.029841197001147637,0.037457471131430324,0.2059461241153594,0.07297962228789184
2016-09,0.1271017480317853,0.016884975119704788,0.0540553059740227,0.030041522687299333,0.013585560851869393,0.032229197309332505,0.09803878243333716,0.032028047376859714,0.009223403055542896,0.03298166525263799,0.02104814198153966,0.019748228660140043,0.038094899563449074,0.08675271456253587,0.04125545895280877,0.03098383299473644,0.03780682655615787,0.20442940597693005,0.07371028265931055
2016-10,0.12551535225611715,0.01709752193661237,0.0551304126402989,0.028981571354323915,0.013231982795889998,0.032000567873176955,0.0975169725880239,0.03142411707255051,0.009335868737107272,0.03347719499578715,0.021429189730776545,0.019741086168714908,0.03849410674902236,0.08832784076842322,0.041460339916908326,0.03076474407561914,0.038126912965881915,0.20460605168908708,0.07333816568567848
2016-11,0.12686289073037238,0.01748757163595324,0.0550695803079114,0.028630125652445944,0.013177478786377617,0.03259967116360954,0.0962993501657057,0.030948362090272047,0.009436525423995543,0.03348857763484581,0.021507978362450258,0.019796604183801737,0.03941144919048161,0.08951956668887998,0.041417243624830416,0.031741651969321306,0.038203135985263696,0.20192333372903784,0.07247890267444397
2016-12,0.1260292941385384,0.018117724663333917,0.058445775272753575,0.02883872625181501,0.013410340685693065,0.03405563056634409,0.09801572831061596,0.03224238703110936,0.009978187581889352,0.03489513081544206,0.021908274016997922,0.020131752545806996,0.042116605667305046,0.08858153418752694,0.042293823523916516,0.03403861860903699,0.03895046590009364,0.18788557412452397,0.07006442610725722
2017-01,0.12693371513484186,0.018097428946327147,0.058634820794683074,0.028726153542741578,0.01362793986005389,0.03404475024052372,0.09766818990370592,0.032337697510691675,0.010062398085430408,0.03476745169791416,0.022096310259747835,0.020618953221040928,0.04190437936312605,0.09019992768598953,0.04165883853254291,0.03473567558119022,0.0392500861857663,0.18691191385650002,0.06772336959718286
2017-02,0.12702280733792617,0.018674964205128493,0.05675574000775199,0.028582511223492486,0.013362587962899096,0.03433460956663603,0.09843060230584016,0.03276647177523009,0.010065661431620342,0.03491258105766609,0.022213965152933064,0.020680147930986263,0.04208840400279671,0.09046639452621737,0.041582621832155456,0.034555692535025335,0.03990477062510361,0.18549455447405436,0.06810491204653685
2017-03,0.12617350305332478,0.017823480569976374,0.05488820030237461,0.028534348314649124,0.01343519416933392,0.03434833246960429,0.10078916565118538,0.032716410998377854,0.010332331527813347,0.03452111210107232,0.02228634908522311,0.02042683628063236,0.0423165209444839,0.09124848710400298,0.04156732534968102,0.034847637497064744,0.04015067638355139,0.18494842819400453,0.06864566000364399
2017-04,0.12589797963175228,0.0177142271138054,0.054365040527365,0.028685021718436416,0.013569804044875417,0.03478712993459558,0.10051495205396896,0.03328444613393628,0.010126472230342671,0.034852932279076966,0.022484468483232555,0.020450724070983695,0.04163566353214918,0.09126971608455149,0.04175575015571261,0.034333833967903224,0.0404787859891007,0.18488797384312297,0.06890507820508868
2017-05,0.12620998769242642,0.017439908282451535,0.05306868654774638,0.02835504419826464,0.013682192434240795,0.03461397082141931,0.09934051461781764,0.0336722756299798,0.010004873617215113,0.0352053502941812,0.02247846030404108,0.02031228031577493,0.04203315267618253,0.09084035642505407,0.04236535581848763,0.034094800002042056,0.04065417454757241,0.18612247154752778,0.06950614422757473
2017-06,0.12624971219896683,0.017335035517758782,0.05153427646414422,0.02801687275815562,0.013935380610384204,0.034281267240055265,0.0997533675935728,0.032924714836365075,0.009875126184804168,0.03526109746523816,0.022824939967145953,0.020202383616219722,0.04233709760862481,0.09155776659759968,0.04269335688267376,0.033646141419642554,0.040785776645104146,0.18781793722967705,0.06896774916386718
2017-07,0.1242841446967067,0.01726362586941583,0.05155875152658363,0.029227111165264847,0.014055067423583178,0.03460246485208259,0.10146601078737927,0.033312524859300224,0.009821572599915179,0.035592303281586975,0.022581734855420064,0.02028322292493275,0.04304939868879458,0.09027987570504728,0.04206369417591717,0.03482751342408679,0.040828883077875446,0.18566558267144168,0.0692365174146659
2017-08,0.12403739054732123,0.017846598000758496,0.05176098205408466,0.029311777996340094,0.013692431197800742,0.034777543396632346,0.10037511555624419,0.03285926048455922,0.009909668236690691,0.03557194026930623,0.022854487096957556,0.020089300706831934,0.042792189413524945,0.09157841046199022,0.0419875709301596,0.035010578599585826,0.041361919295298706,0.1857044320825923,0.06847840367332082
2017-09,0.12214600667543785,0.01778972713727634,0.049933183445043314,0.028485145362314248,0.013280317846761768,0.03495372971341545,0.10064201996255935,0.03265792280681646,0.009895370828663088,0.035106484786206024,0.022876015753478786,0.020048599536768286,0.04305585966524798,0.09290147219730438,0.04149304003701482,0.034585240554819256,0.04165978161436751,0.18894763808027046,0.06954244399623476
2017-10,0.12163109083571899,0.017541914844630933,0.0524922629663987,0.028456769074777795,0.013455351035331384,0.03556764481377396,0.10075370536949575,0.033742853414044566,0.009928836960566421,0.036336736352894895,0.023304522662974336,0.020591357544037934,0.04397723169078613,0.09099543720517869,0.04145456047362151,0.03538410638435774,0.04147807702555273,0.18310391981980478,0.0698036215260528
2017-11,0.12176376909112373,0.017598586547782496,0.05237769126902788,0.028811762958237917,0.013309253173492581,0.036366072899577086,0.09731766242099488,0.034333755673371415,0.0100163853851192,0.03657642706665223,0.02393369814282786,0.020663101546295713,0.04370666242288687,0.09269325982944421,0.04225769537071336,0.03594294671227975,0.04200295788277128,0.18180641595124308,0.0685218956561583
2017-12,0.12199744961760939,0.01755768317407347,0.05233677052444049,0.029472471017592053,0.013585336740191543,0.036251886717173006,0.09667926205482803,0.034970296902882274,0.009963417031203637,0.03611748668552734,0.02396504433611831,0.020767358171727854,0.04423722809084294,0.09250905832401256,0.04353507717772136,0.036201930154277535,0.04182210805756739,0.17970307610050604,0.06832705912170475
2018-01,0.12331015146870009,0.018201254938374118,0.053614559454717575,0.029877615331959047,0.013253587163130492,0.03620764739941148,0.09791589880475651,0.035528321244679126,0.01037982223533775,0.03607430784967088,0.02383910939420686,0.020543000200301906,0.04488214726334675,0.08834409590129562,0.04379218264966416,0.03624796099469911,0.0418012270158556,0.17913251152712592,0.06705459916276699
2018-02,0.12376021831323353,0.01829324537720619,0.054011595576188336,0.030588070149381055,0.013306886498130348,0.03624609200446786,0.09783332126221858,0.035909683659714205,0.010449003119241353,0.0361803262051834,0.02444943032266282,0.020850188606467264,0.04612497756037971,0.0856111670047629,0.04587340696887869,0.037165016577893895,0.043242975593669,0.17158982296024652,0.0685145722400743
2018-03,0.1224401458187999,0.018464670730443184,0.05169367450407001,0.03099110546303696,0.013032370724817765,0.03620065252934212,0.09809919498063797,0.03495518218998986,0.010467470595689768,0.03603284237215557,0.02496725497238858,0.020525209457309363,0.04692187321673569,0.08516152124186488,0.04656469407130145,0.037780051741079686,0.043977146141225006,0.17222866259173727,0.06949627665737486
2018-04,0.12073189099017327,0.018477240013700977,0.05268956598673116,0.031119233798787053,0.01292371801852959,0.03579925310869401,0.09758025896250021,0.03488868816078578,0.010275344397597632,0.036021098869768634,0.024858405244003262,0.020059276499127907,0.046131138650310904,0.0872762170208791,0.0456182379607544,0.03697599744069491,0.04292298687798798,0.17597954856096715,0.06967189943800606
2018-05,0.11918317500230977,0.018279008037043357,0.05582171336090483,0.03155682526319844,0.01296897020816415,0.03637152427627088,0.09527395622510555,0.03477635746372768,0.010440011780884087,0.0357483795416531,0.024469929986718025,0.020067975724424317,0.045974503578666975,0.08950546327286117,0.047084866842051584,0.037332658725875476,0.04303713765831248,0.1720635219427547,0.07004402110907346
2018-06,0.11825709940278238,0.018384104203691288,0.05651508367557748,0.031856307454744555,0.012861948742241162,0.03664933948522995,0.09401162249010137,0.0350365814008428,0.010544538899908718,0.03586115143264201,0.024858819563059152,0.02029031571104152,0.04676438483710975,0.08910250948597537,0.0467298357377413,0.037120232174244525,0.04404128699025637,0.1729674664328662,0.06814737187994413
2018-07,0.11998231328384909,0.01832538158134513,0.05614512032542483,0.03277543241079453,0.013131828233451852,0.03623613496355346,0.09403357584526847,0.035176333825234225,0.010414899834179175,0.03477797398130078,0.024422832536706962,0.020452789298892844,0.04531560678797567,0.0899475284505224,0.04725061234892598,0.036653010517230786,0.04410955221801059,0.17300689761343885,0.06784217594389452
2018-08,0.11875259933775013,0.018167064669243924,0.05568756214613803,0.032451756425447925,0.013384307685670515,0.03667159650583905,0.09580653656929897,0.03515015111658183,0.010672534382333817,0.03600175548752855,0.02470185599928681,0.020356813503460025,0.046476404004034265,0.08957559551450314,0.04748178399824005,0.03712387097208558,0.044312631212919985,0.17062150055647962,0.0666036799131578
2018-09,0.11591440151778648,0.01744154361544457,0.05420035730058698,0.03304650229352269,0.013616450908359388,0.036318557259986645,0.09607816679523438,0.035242504088311526,0.010594998419208865,0.03633622489444182,0.02504073797670673,0.020468878714840304,0.046121205200996704,0.08912895007852226,0.049431899805333024,0.037354692087918195,0.04547532770070305,0.17257035695120382,0.06561824439089249
2018-10,0.11491237157952837,0.017400208987606924,0.05524995589391818,0.03320910350737062,0.013816654599601208,0.03564237842909704,0.09759221387304054,0.035288471877540584,0.010673589965908807,0.03733466503563339,0.02515985542330139,0.02017191767351755,0.047012587279176656,0.08857783905844954,0.049538256619143996,0.03692352046193638,0.04552927621989578,0.1699372125163902,0.06602992099894292
2018-11,0.11876559091467284,0.01723658512679695,0.05250603416625889,0.03209445943662573,0.013231537143811914,0.03418034571059289,0.09890394998145675,0.03335416236677731,0.010484731793395955,0.03547478832115432,0.02442558513474106,0.020820409664577422,0.045254350119370026,0.09146072550082772,0.04830691889051443,0.03679681414647289,0.044251609403209664,0.17350764184936712,0.06894376032937613
2018-12,0.11849154639373025,0.016985807021120496,0.05102973543772919,0.03154000307754949,0.013425693950653194,0.034453217455047015,0.09941375783846237,0.0333315682384861,0.010332959989734486,0.03616617623328794,0.02449126055639661,0.021110068712631394,0.04540383216857237,0.09185107154627586,0.048162729635296574,0.03682389682038883,0.04362586979712922,0.17462539261392984,0.06873541251357874
2019-01,0.1149880954153778,0.01686119699399332,0.04850952806614152,0.03129735668757085,0.012691069384444906,0.03412111765824592,0.09853756801652323,0.033379291027213535,0.009800721756024176,0.03492361792016652,0.024202793682398686,0.020629925334397756,0.043273281513470145,0.09213685393553765,0.047092956402079375,0.03538400995177865,0.042639829671932854,0.18818037472907126,0.07135041185363185
2019-02,0.11555569383180574,0.016819413801327846,0.04920499999764769,0.031883766733270175,0.01298348147019114,0.0340009103559306,0.09817475564635902,0.033651259412372896,0.010033182043164123,0.03585011598273241,0.02429682539485268,0.020609298165546294,0.04428883215499216,0.09249436264515257,0.04766396464040672,0.03592584499887962,0.043281611339719195,0.18332191509081183,0.06995976629483726
2019-03,0.11325128069306092,0.016954018303172128,0.04926620351365816,0.032338753996216454,0.013246583741419014,0.03424035878021693,0.10005232456419295,0.033809842814800935,0.009964901371664326,0.03661751128454994,0.024772241559560135,0.0207620480766389,0.04529919525920293,0.09377534464852862,0.04703813053163699,0.03602057874880829,0.043732937402912495,0.179113896295849,0.06974384841391093
2019-04,0.11346871170582233,0.01719591489089106,0.049141427166493314,0.03184597400216686,0.013202690303557947,0.03347412096109329,0.09936302549695458,0.03377572845133299,0.009793774966184016,0.036118286868912414,0.0247880805373183,0.02037110083670629,0.0437497112709937,0.09437480856278069,0.04734174826617547,0.03504444365302874,0.04374871837347343,0.18424067344039619,0.06896106024571848
2019-05,0.11465110057954381,0.017095079910610805,0.048657431158137615,0.032340324745163546,0.013500370391726675,0.03410790955381078,0.09645987622257793,0.03446122719268754,0.009719943567408728,0.036734313337491206,0.025221197602038697,0.020561738705995636,0.044336719945065134,0.09373848576098705,0.04799276983083378,0.03602927373802234,0.04449533354157304,0.18145789976076468,0.06843900445556103
2019-06,0.11386923454357797,0.016844791156723698,0.045912008858284975,0.031094284389637548,0.013212918114952302,0.03192387188436169,0.0957516984301989,0.0335064891834299,0.0093111589333124,0.03600701666860213,0.024184389889984323,0.019888474914695167,0.04291206499260827,0.09438096452713488,0.04721826806584032,0.03556580342018264,0.043446588337580666,0.19498951939033532,0.06998045429855697
2019-07,0.11469830105420169,0.016992044317828067,0.04634489171325239,0.031310046841653755,0.013295396162628651,0.032480463552940354,0.09637649351104075,0.03386161729292998,0.009414968505773004,0.03659565922050982,0.024420712619636742,0.01999286545667554,0.04318133044397464,0.0941940775963974,0.04747785041973314,0.03557625317035076,0.043813018104414576,0.1909509715473635,0.06902303846869526
2019-08,0.11559428735619788,0.016709477339874112,0.045551672905371834,0.03125710562647612,0.013537742734919795,0.032369275617090326,0.0955955300996232,0.03412490665504441,0.009263981445019257,0.036845536103245875,0.024485924341288268,0.02000125583805184,0.04317410400823228,0.09325328465612238,0.04759585176692265,0.03610123166664819,0.04433792637555583,0.18991365979190714,0.07028724567240865
2019-09,0.11545904950072615,0.016467439571079417,0.04287405477525625,0.030057020543696158,0.013469161985205287,0.030936796756546515,0.09361314395961574,0.03451616218549798,0.008858820818499582,0.036380073572777956,0.023846776976209204,0.019356903792168662,0.042092120335665305,0.09429459668845437,0.04691124946164491,0.0347495992233116,0.043250137028994884,0.20006007574258486,0.0728068170820652
2019-10,0.11576853576186842,0.0165122677158574,0.043483567273241444,0.031212862979114037,0.013352833038423939,0.031545769084706965,0.09341365810916079,0.03490503432058556,0.009029192958318355,0.03624683728881255,0.024111737060794006,0.019725146787137247,0.04218127249344072,0.09645160821878906,0.04665074235947161,0.035048402632767685,0.043102693900657844,0.19467871517042465,0.07257912284642783
2019-11,0.11514400669709485,0.016480871738486114,0.042911164334788914,0.030904306026358772,0.01351805786079283,0.031008255128328405,0.09566984214556837,0.03530608186544106,0.009052124800905415,0.036245691426976055,0.02439540401488632,0.020193724940213827,0.04201152246547788,0.0955633140466437,0.04667710267777893,0.035659760041460965,0.043999459489235254,0.19372417658470592,0.07153513371485654
2019-12,0.11521390175828103,0.016599630812335283,0.04292427823381963,0.03147024146333465,0.013483504840993914,0.03149583184040424,0.09654273313276159,0.03503612450899323,0.00923163274167292,0.0368355419343823,0.02465962910033035,0.020373830555570453,0.04270838699122705,0.09329103554013735,0.04708260173929925,0.036547292201813276,0.04515152246746259,0.19083863848746238,0.07051364164971839
2020-01,0.11581200857627745,0.017064245166736967,0.04383071991588299,0.03220891078479329,0.013505217085424133,0.03140968288536635,0.09765516288628283,0.03466339468246029,0.009220053626908793,0.03672304224648608,0.024961139612790593,0.020735257143430365,0.04175212620791969,0.09481849877891811,0.046920189320849764,0.036673386062440146,0.045381146016906744,0.1863907999592503,0.07027501904087517
2020-02,0.11410235610718708,0.016655409930635644,0.04045527046292117,0.03093682664738154,0.013348153305752576,0.02982152471400458,0.09546433626577722,0.03456616496373052,0.008755401946700762,0.03662439250197648,0.024608226926488418,0.02121601163767204,0.04142622125694919,0.09656507724877972,0.04681876813064382,0.035831539176777005,0.045430402790332024,0.19456182998455096,0.07281208600173926
2020-03,0.11114624983041078,0.0163173793478561,0.03759311260666523,0.030203474913885336,0.012522617143677932,0.0289445420141315,0.09415292448720494,0.034464658179844794,0.00846714472230668,0.03662664111604338,0.024403351835066246,0.021016918462209943,0.039896213981024074,0.09138847794624484,0.046617263559087276,0.03456265373751661,0.045100617304690754,0.21113658490870754,0.07543917390342612
2020-04,0.10697251711215858,0.016278495910374922,0.030284866078006352,0.028512659299289447,0.011952349117869793,0.02709880464026527,0.09857979850276603,0.03192536016760419,0.008124228984624202,0.03404743021733914,0.02439953883205063,0.01936506519694829,0.035581300683986294,0.08414004797974751,0.04835547385997628,0.03156561477438826,0.04376248349129666,0.23938570041366997,0.07966826473763823
2020-05,0.10838480592070554,0.016482161679770995,0.03181784351678578,0.028511404184833566,0.012335760541375697,0.027845761652281198,0.10004493361983915,0.03277563105595765,0.008061604550078363,0.03420734911313099,0.024558464759233102,0.02017421900761338,0.03572023697100024,0.08379124172286355,0.04985607406325877,0.03195889702539047,0.04484136117001302,0.23093733670909816,0.07769491273677037
2020-06,0.1080867781874651,0.016382850208382052,0.031335196953950255,0.029355551879597902,0.01246408824304168,0.02843352761032974,0.09937812025809666,0.034166907513802046,0.008105378865658304,0.034879575776148204,0.02491914109485927,0.020586320747484857,0.03619850698288921,0.08473710078545545,0.04951587961402802,0.03197244395749043,0.04564288930587163,0.22670934409246837,0.07713039792298083
2020-07,0.1088298053213756,0.01663789270383136,0.03102039551417321,0.02959045641045828,0.01261462849788424,0.028476844594518883,0.09899320609825667,0.0345673355866932,0.008027879153109522,0.03549324535980044,0.02506663344679306,0.021389981209800207,0.03655265874796527,0.08160339275773272,0.051097525741663256,0.031774975127364824,0.04682943662819223,0.22506796302936327,0.07636574407102374
2020-08,0.1096460727598741,0.016774569969601787,0.02955160773487432,0.028852530918939065,0.013053600199943163,0.02867036123244616,0.09905659580200807,0.0350726546363492,0.007910464314351323,0.03516124313454593,0.025109017747341648,0.022369242376366043,0.03600399473429815,0.08275746798968855,0.05222009722376193,0.03131569618568248,0.04730428875658014,0.2222255166518284,0.0769449776315197
2020-09,0.11065928312187076,0.016758409800733454,0.028837827521802296,0.029791772769837868,0.013162819279843656,0.028799903252646874,0.09962157024381837,0.035661853115061266,0.00797690930658777,0.03604210121670677,0.025243225538168965,0.02469259611849512,0.03709868093979061,0.08002270991061888,0.05350343913623107,0.03151853906499981,0.04882187752353901,0.21396914674824588,0.07781733539100173
2020-10,0.11028320345689027,0.01685775053663977,0.026502946538483677,0.03102501289937461,0.01362898635778154,0.029180602059410983,0.09891134951021957,0.03608248932649525,0.00788457699528748,0.03642145917482242,0.025430165518462656,0.023773960720167516,0.03734215927474087,0.08075295715348188,0.05259304312216009,0.03107000219941237,0.04780167367836508,0.21716733196158797,0.07729032951621609
2020-11,0.11059946017715526,0.017318531794602885,0.025870250798601408,0.031108320250155516,0.01383939693821803,0.029375353095455838,0.09756201311701779,0.035938682378967864,0.007998930882558321,0.03816743158775275,0.025531271321189625,0.023437421468452537,0.036832505364701784,0.08520871765531211,0.05271864033308036,0.031232053847012532,0.04785301566432216,0.21288067896475943,0.07652732436068366
2020-12,0.11270830933799726,0.01713701053413083,0.02736583732962034,0.0317698199938036,0.014157239417907858,0.0299522210718256,0.09811163657364873,0.035745700254293675,0.008181270130046263,0.039416485725897135,0.025967457713502763,0.0247727975805943,0.03838292856516246,0.0838562783975573,0.053011601590657084,0.03226372357879705,0.04888381961871425,0.2054846685052068,0.07283119408063674
2021-01,0.11460860539953337,0.017399377368637357,0.027666102535424945,0.03205097740503937,0.014626658157742774,0.030281007273430218,0.09959260772400426,0.03531393117757862,0.008206240202727795,0.03951992901929213,0.026071897103531617,0.02596388680776671,0.03814815117463312,0.08330693589970557,0.05287031776925917,0.03300354926662007,0.04981752153229226,0.20024033442014674,0.07131196976263393
2021-02,0.11195011000589304,0.0175266095886699,0.028574400484911625,0.03151304628749439,0.014899512476373914,0.030741946380910677,0.1009893309418253,0.03610675010205556,0.008005404960781748,0.03968088973999732,0.026590100904531417,0.027355685349246348,0.03730146601605429,0.08402978738066219,0.053531643089953784,0.03271126812260993,0.05033847222830681,0.19651340722688132,0.07164016871284054
2021-03,0.11432981158616566,0.018016875772511716,0.03164203611323284,0.0323587737379615,0.014837144240103274,0.03137744809396721,0.10169246871870534,0.0363031919551538,0.00837777891182976,0.041028557944279474,0.027126682430932116,0.026135855518893712,0.03926524671851152,0.08146171404683461,0.05324849188843295,0.034732810650144594,0.05157379401425523,0.1872111988148663,0.06928011884321843
2021-04,0.11636875174715675,0.018089728493142648,0.03168948216077656,0.03201318495615986,0.014725103564515951,0.03211444410686043,0.10203918791041461,0.03809965802587958,0.009162741082053557,0.04094560916291659,0.027242156752269507,0.02609095657308898,0.04042025048438887,0.08552276954472482,0.05318255243491402,0.03532416631985626,0.0508041290902327,0.17916765095503148,0.06699747663561675
2021-05,0.11589913524985414,0.01818235406107703,0.031224912461379935,0.032172367274606775,0.014835438317111054,0.03191598507845896,0.10015406539722353,0.038569006799921375,0.009161451520493304,0.04118855303134453,0.027008281256153118,0.026196393231128615,0.04026521991050791,0.08611687137275616,0.05419486451012706,0.0357926712779662,0.05165598699172057,0.17845589460249872,0.06701054765567102
2021-06,0.11887208617103695,0.018498043198458904,0.031696152317822066,0.0317436066051243,0.014723424127186156,0.03243087212722268,0.10229798128967892,0.03829523347509213,0.009349119473288035,0.04005255865203969,0.026889243432497455,0.02511257158469073,0.040635932747310324,0.08509331840574742,0.053217346982537064,0.03611646171614615,0.05112668717584959,0.17664642333123076,0.06720293718704072
2021-07,0.11609920320101422,0.01769142392507463,0.032513573042878385,0.032837764364044286,0.015171338375683085,0.031283104660340885,0.10310371501744804,0.03767533759319177,0.0090945922665547,0.04040379085565218,0.027381692552209555,0.025641696655278486,0.03951447115700837,0.08359042366510379,0.05414268946130249,0.03544269585092037,0.05244276556818155,0.1792773608923255,0.06669236089578785
2021-08,0.11483138224562707,0.01766201029049284,0.03061838816349009,0.03331931188318809,0.014981839831758725,0.030917143011062125,0.10470610983878183,0.03771173249547807,0.009305877897886384,0.040077423047244445,0.027355020498510452,0.025464669279828576,0.03837661176523939,0.08475421778769575,0.05341612515312308,0.03517042323951031,0.052879268854035044,0.18287330030944285,0.0655791444076049
2021-09,0.11262465419295617,0.017504764226015223,0.030353024892710162,0.033045517358383396,0.014733461875778646,0.030793355172039974,0.10481030050294336,0.03778982901858165,0.009523983874309673,0.041032607612417796,0.02775184205676741,0.025648970057327945,0.037962705843082804,0.08613543839617194,0.05388598784117232,0.03556882898134088,0.05373706492049401,0.18173643759647226,0.06536122558103434
2021-10,0.11318399129121424,0.01726986377854722,0.03316846854536775,0.0321757368211652,0.014345825477078905,0.030805062006214027,0.10285363885972695,0.038108428949030146,0.009275352125020215,0.04067089101435389,0.027636752858254496,0.02694654555786311,0.03860322319924465,0.0848055878556644,0.053508190377548594,0.036284179868810655,0.05303169548975489,0.1806934557863608,0.06663311013877977
2021-11,0.11253384682124891,0.017447701100834757,0.03387193439399161,0.033030688322523614,0.01430908551171353,0.031212613485649365,0.1024601319200368,0.03906709230651798,0.009440141241516924,0.04047939359364651,0.027897636253388928,0.029062517452355902,0.03882204634354886,0.08553256574250376,0.053234624476526535,0.03669985074210432,0.05336126768043551,0.1762951629275069,0.06524169968394934
2021-12,0.11011873201418765,0.017525001850599624,0.03300583009588413,0.033153461739513015,0.013716610175989085,0.031096129671162306,0.10192533988747075,0.04030624928787231,0.009245168356258876,0.04069319249775572,0.02895788341435741,0.029560401545870637,0.03765748517594715,0.08436832103545823,0.053798824506875766,0.03552868345794491,0.0524658396598976,0.18018220888913866,0.06669463673781607
2022-01,0.11264032206048799,0.01798400036280344,0.032936842329003374,0.03196511140652273,0.013859587136645573,0.031433496227306186,0.10423650773106281,0.04048499807911903,0.009607054112682376,0.040311494315635674,0.02876781886779973,0.028517001267175324,0.03821453899132588,0.08687967504360099,0.052335124873069995,0.03568255345264797,0.05187635960225894,0.1765612900732088,0.0657062240676431
2022-02,0.11493239989433313,0.018088673468248044,0.03705250186911731,0.03074037218703542,0.013113662160917854,0.031333321108479945,0.10394041566027307,0.038489099190057253,0.009493442328004942,0.040361323325345276,0.027806970935486425,0.027837355807046348,0.038481720381344724,0.08743693138140683,0.050444566629130924,0.03653949335920495,0.05032741842209841,0.17506826987142984,0.06851206202103946
2022-03,0.11826957872067681,0.018718139373861565,0.03859570544087244,0.02978864907180051,0.01255560834654599,0.03132103585394123,0.1041887615133489,0.037089870570411854,0.010093757875712026,0.04014050484447203,0.02757370098018752,0.026873370177295505,0.039389352988740446,0.08784116571950612,0.05095312551012258,0.03635959749174433,0.049432774736298486,0.17266827053884645,0.06814703024561522
2022-04,0.1173235742323744,0.019357123101394536,0.040081798464531436,0.02940277137537733,0.012176253701668012,0.03189413833356862,0.10616745831991224,0.035606126210678754,0.010662480595846869,0.039757326646329805,0.02779789220094074,0.028384261947447722,0.039509695214282714,0.09261485451926818,0.05167524752284937,0.035844059317316775,0.049910807530954795,0.16196019149584742,0.06987393926941037
2022-05,0.12348280836284768,0.019130424903000022,0.041385781448523465,0.029527738580973073,0.012128095298082639,0.0323045927098556,0.11017550979411429,0.03675158468199963,0.010966442285895439,0.0388122363255129,0.026701785858560402,0.026957428722510682,0.03848184468236116,0.09246959747146666,0.04874593252071748,0.03530834522363717,0.04710860472102857,0.15635633813720937,0.07320490827170376
2022-06,0.12033877087043506,0.01901265648305715,0.044501897349395976,0.028606173677144596,0.01224356101450675,0.03347025132063984,0.11012643243596777,0.03700008968012927,0.010732371947663582,0.038087703601076384,0.027139500814748647,0.02598136503714247,0.03773919172084084,0.09546372945007117,0.046794988802895475,0.03592895602907275,0.04637610490788917,0.15878189805726703,0.07167435680005613
2022-07,0.12355780103516424,0.018373861404937776,0.041603664387864406,0.02785696233272338,0.012200580740217572,0.03142536797966536,0.11197337007165974,0.036040209566461416,0.010297872084103455,0.03765249875076868,0.026449368106784027,0.025764081026653594,0.03777780211066172,0.09287705118451149,0.04599599647182022,0.03526695923999761,0.04574128039648095,0.16409477693925195,0.07505049617027246
2022-08,0.1229126492880827,0.017921015670598332,0.04206381405376696,0.02833185997166769,0.012330501912264825,0.03151307309232832,0.10873716773675769,0.03681277171794477,0.01064468461881821,0.03863124191296207,0.02706466796624455,0.027131734817442722,0.037991271222991084,0.09367971549033513,0.04789628231324778,0.035471978446383945,0.04660431990712154,0.1636309723028648,0.07063027755817675
2022-09,0.12406075725821931,0.018124169524532083,0.04385454785953671,0.02806204473382235,0.012196458161103074,0.032098048830979234,0.10722340418478471,0.036919429416043766,0.010837538896957287,0.03716958649213437,0.026632887570911947,0.027087735001861325,0.038624316423778005,0.09615492337894838,0.04801814980390196,0.03588657370852152,0.0464777808798654,0.1574338956244044,0.07313775224969411
2022-10,0.1236051587684295,0.018971083128790363,0.04435551473752731,0.02696106527408676,0.011976174606097578,0.0320549739587079,0.11246973834711191,0.03812081023050597,0.010730075211272566,0.037492106215593915,0.026774165891838494,0.02821885423319612,0.037792757970951524,0.0910944270496816,0.04862747049984799,0.036552415773061266,0.0459976530581349,0.15288633193618464,0.07531922310897982
2022-11,0.12461259739599889,0.01924296833314257,0.04671936358017845,0.027558541119748172,0.012091192940104687,0.03258854537946336,0.11295605581547141,0.03820732426047442,0.01134412731268489,0.03854654103692721,0.027149257302270604,0.027128411039205838,0.03868234796681263,0.09011175948221076,0.04767089059547031,0.03764652919625512,0.04625752834929918,0.14748712356739,0.07399889532689151
2022-12,0.12480090236526102,0.019677791820750117,0.04562188961829876,0.028470065047206762,0.01196435635803784,0.03302464565858554,0.11333402984292834,0.03854899456532871,0.011473547740287337,0.03856503469917318,0.027537647730586548,0.0255882618962437,0.039057909167255704,0.09124700173984578,0.046986010451506466,0.037440372633485715,0.04597144374181703,0.14782164115139115,0.07286845377201034
2023-01,0.12450772098580623,0.019783409574510715,0.04564757390261536,0.029120786813074707,0.011892388738877,0.032555015342019204,0.11516999312835552,0.0387150403196077,0.011396821728164716,0.038023142369233216,0.027236620992082933,0.02284483926758759,0.03908651872652078,0.09240584853989595,0.04516929093316158,0.03702851499633754,0.04493014118729295,0.14784695962087216,0.07663937283398412
2023-02,0.12491613106512599,0.019867355631800507,0.04526848349176399,0.029367148408381036,0.01182028258702367,0.03327654004958695,0.11436298117542336,0.03930829274038163,0.011480546590867472,0.039352266995556266,0.02739691590331506,0.023721199052094924,0.03957965486957044,0.09094346574750274,0.04680102080915707,0.037317875872085994,0.04597276125192928,0.14470877190696163,0.0745383058514719
2023-03,0.1276669740169083,0.01978727359117252,0.04455883979468686,0.028999468296344883,0.011909412459950662,0.033137167274499904,0.11362431828235466,0.03952044137074222,0.011754650385781093,0.041042247328469214,0.028103997202965334,0.02536859027576547,0.040512197712728445,0.08903827796966882,0.04622653280292479,0.037652083689224944,0.04650196740196676,0.14013692037032385,0.07445863977352131
2023-04,0.12775856313992567,0.01970643699447792,0.04379069785660844,0.029112828836201466,0.011813750615435768,0.031838357279958096,0.11311125846498583,0.038882575862464214,0.011323577821061696,0.03989488583884591,0.028543758910273453,0.02501798768846221,0.0398482649932016,0.08975726060177089,0.04664199920014848,0.035125439653088814,0.0475700213477869,0.1450948388640548,0.07516749603124799
2023-05,0.12733107222758958,0.019512296856511825,0.04395294243349387,0.029262723031787802,0.011919465335595137,0.031332740988163195,0.11412497503474754,0.039178379170903936,0.011125427372478052,0.03904752310597176,0.027696775562019754,0.023522738734805003,0.03907927874154818,0.08949118416103485,0.04671327800178572,0.035219515428592564,0.04764958906248148,0.1463129103792325,0.07752718437125729
2023-06,0.12578016306311968,0.019400548777528538,0.042583453767415375,0.027715694405170112,0.011737868457771148,0.030516583705258463,0.1135032747954391,0.03940954907929539,0.010966701551141302,0.039069965532533765,0.029535469314354263,0.025263146639477863,0.03952205042655592,0.08696187291913046,0.04839876030025201,0.03520848993037499,0.049655054978904094,0.1459170206288205,0.07885433172745701
2023-07,0.12436344154653284,0.01973200238641764,0.04278724605153675,0.027942948564375552,0.012039914295307853,0.031171252681477336,0.11499719653461996,0.04079218927516151,0.011394634456018437,0.040866635189689623,0.02990821611868231,0.02654758701650476,0.04040262427006713,0.08651884124834706,0.04897204224554415,0.03543226246532134,0.05015641615943339,0.1401537059938646,0.07582084350109791
2023-08,0.12447716266705623,0.02016892161658232,0.04380081007203763,0.027831076547894348,0.012156823561175877,0.03166036162253917,0.11291117953457064,0.04130381411708046,0.011453289032762604,0.04103358186480426,0.03033679437001007,0.026523756596326963,0.04101452325222689,0.08723685019440443,0.04909206127741521,0.03625200404780142,0.05053996068836704,0.1368588726200677,0.07534815631687675
2023-09,0.12241101777198007,0.01991781681906709,0.04489832138860711,0.027313228785499164,0.012375185901600267,0.03119828306347835,0.11674759300574024,0.0416268414620107,0.01150778684781715,0.04189037938741487,0.03068179360086503,0.02639843863488376,0.040581743519574685,0.08445033092633358,0.04976256773906943,0.03595756137382984,0.05047452941852414,0.1365588661322216,0.07524771422148302
2023-10,0.12220568622848102,0.0201001154786204,0.047281193108509305,0.0275323711555827,0.01218201187058682,0.031164335682772284,0.11716908021863419,0.0410795258184748,0.011628098443482822,0.04171688882152883,0.030512642004827187,0.026986239341760553,0.04030434556500525,0.08365357154604314,0.049647138527110564,0.03677809041728949,0.05041090602319711,0.13232920497550865,0.0773185547725848
2023-11,0.12023387508145503,0.02020504634566875,0.046573061308536175,0.02871385392569663,0.011799639582662707,0.030620220191393724,0.11691265930168407,0.04033164170518807,0.011782205181030275,0.041102479132747685,0.030122176286220815,0.025452649634967617,0.04047633613647202,0.08572502124633687,0.051111626546066526,0.037112185705222185,0.05080695546039579,0.13161242845979945,0.07930593876845556
2023-12,0.11951829382063411,0.020120399648879888,0.044808051970837676,0.02896311121645401,0.011791942906932492,0.030340072048056093,0.1161460275720471,0.041077751395471186,0.01180651708385461,0.04195922424178772,0.030466420732442778,0.025880680083958177,0.041036591530545674,0.08559595709320024,0.05111494150605314,0.03758906859569437,0.05177196826452068,0.13215930319439517,0.07785367709423482
2024-01,0.11963823403137723,0.020228846277853273,0.04372173558798978,0.028827232978848986,0.011837100073421255,0.030633314347211584,0.1154469554557074,0.04229505839173969,0.011797819070971131,0.04246031987403869,0.030888938464494985,0.025673939822175362,0.04145873576768379,0.08465300542843815,0.051323740462354266,0.037871608245585386,0.05172392886785632,0.13332008718790175,0.07619939966435102
2024-02,0.11882884950317836,0.020080016649678394,0.043876343477150345,0.028269186080805038,0.011853718331423988,0.029793950507414346,0.11823826578756709,0.042080532853559754,0.01202875597462221,0.04220581722228041,0.03179825047420893,0.024002298355355854,0.04108456847134323,0.08260416667196759,0.05174706571818011,0.03818776943358247,0.052456791288646054,0.13351154651404862,0.07735210668498733
2024-03,0.11656870649079543,0.020081613797150375,0.043795861254508205,0.028675355631532007,0.012095047713343923,0.029756981900834145,0.11857708789319596,0.04293383963450182,0.012224900491710777,0.04373168738809494,0.03295608388193919,0.02443936656593679,0.04139068766678891,0.08224681445781928,0.05323707073330187,0.038271199318773694,0.05234486951076343,0.12990175314401242,0.07677107252499686
2024-04,0.11674819517253332,0.02071658561720205,0.04481798065889665,0.027390875014827305,0.012159238705869468,0.03004320865054119,0.11790309239726461,0.04319053756018149,0.012207049246322143,0.043977097506781006,0.03325018156358645,0.02356923925708217,0.04104755126315129,0.08420776251586046,0.05283768289079895,0.03844623985589006,0.051795584739259465,0.12794254555862344,0.07774935182532854
2024-05,0.11746213794925435,0.021339018286188928,0.04545316180173955,0.02694353052664769,0.011869988373061847,0.029732419769548893,0.11688411044406324,0.04152887686987406,0.011985774163437182,0.04443320103006155,0.033014125947041166,0.02383317435546509,0.04050926680314108,0.08662854545119356,0.052659099144778045,0.0381594282741091,0.05098957140962993,0.12342619329247279,0.08314837610829207
2024-06,0.11498441021239471,0.021300737282101682,0.044649487204312235,0.02714431719014736,0.011801547119288826,0.030141515116285267,0.11709715955390537,0.04127539263192266,0.012023283051443923,0.04353662400711981,0.034049128197025075,0.023349364044840344,0.04042803235129847,0.08945027218244159,0.05270146012505333,0.03824699324611633,0.05145545593684902,0.12397195196801031,0.08239286857944367
2024-07,0.11248799434859481,0.020878643509427253,0.0443411822187824,0.02560516294062673,0.011736402131126592,0.02929028744231971,0.1188869197210796,0.04082934666627717,0.01189410081685252,0.04231937809695804,0.03510923954992231,0.024153384743944798,0.040606634250818396,0.08649466667964055,0.05410739437698901,0.038303389017066286,0.053120933860922086,0.12731695440819085,0.08251798522046096
2024-08,0.113452138119271,0.02079082698731875,0.043929829112130565,0.025029182354906462,0.011768227611517764,0.02935731997531466,0.11677445109269795,0.04209491677470223,0.011884827580458215,0.04340815707409631,0.034228065304693425,0.02457613570023214,0.040670930381698146,0.0883747565300418,0.05274260774749839,0.03898729669998597,0.05238377365144622,0.12752704836090586,0.08201950894108427
2024-09,0.11258883928919618,0.020445541447435493,0.0426930208830716,0.025388376419979625,0.011772453456037285,0.029102867398542103,0.11827886470831105,0.0413759784877061,0.011635632215074925,0.04364568364711194,0.03373410348012112,0.02393928573625377,0.04039910639062615,0.08900678778974305,0.05212440152570855,0.03884335821283501,0.05206062711447628,0.12978400015163935,0.08318107164613049
2024-10,0.11269827824445967,0.020672650155637542,0.04157874875807426,0.02564430618880165,0.011672204439307096,0.029267983197026316,0.11493315208486594,0.042200766095271396,0.01151382790420864,0.044298032156517654,0.033733769860939934,0.02466646410302332,0.040236497227529824,0.09110375082149949,0.05258187064042492,0.038312704993732495,0.05229782247849537,0.12895321655640696,0.08363395409377766
2024-11,0.11010655256417241,0.020671738972333178,0.042074366247140366,0.02513134848429929,0.011685405855097903,0.029168269584570403,0.11375654094579747,0.04198559765872723,0.01158707140728511,0.04475471315096556,0.03430743680825214,0.024660525411468896,0.040736046963265084,0.09294223452103732,0.05310339772090274,0.0394329098477722,0.05279393365600293,0.12403467510240089,0.08706723509850894
2024-12,0.10773155754288426,0.020255436426456705,0.04226548092650808,0.02544767907866847,0.011766893103001564,0.028659028387086925,0.1114026535989454,0.04252630171603261,0.01179058492961187,0.04692622912917732,0.03402967459415332,0.026246110778400434,0.04098074660330638,0.09403513481767617,0.05423389096871048,0.04060185086946521,0.0532280838788075,0.12306323324325313,0.08480942940785424
2025-01,0.10746140561801033,0.01988255658540889,0.041714865614628435,0.026554962814262898,0.011794252806572895,0.027811658539849356,0.11072034231921304,0.04108761449223033,0.011308549424417504,0.04594167902690914,0.03524545864195967,0.02834301121144867,0.04080780579648088,0.09092080643110426,0.056439253086609874,0.04020677447655518,0.054688585757797246,0.12154019377072116,0.08753022358582031
2025-02,0.1047904780437095,0.019892553051754466,0.041459137115889874,0.02653376112941652,0.011811599408006983,0.028022372536542595,0.11117362480688796,0.04134556327185352,0.011450389326288054,0.04713744769727874,0.03440050481151626,0.02808873924692209,0.04082453203257059,0.09128303277061282,0.0575316468108674,0.0410983570659289,0.05497569879451381,0.12053635707572934,0.08764420500371063
2025-03,0.1069291871882346,0.01959019064961878,0.04184674112817356,0.025778060553990324,0.01138846435080158,0.027196142043654215,0.11411216748473964,0.03978918197204128,0.011610175566356148,0.044837294334882025,0.033808485778557516,0.02552175520212263,0.04060174603493864,0.09173018021708243,0.05560137987638158,0.04046441311541651,0.05383863274451103,0.12456158756297624,0.0907942141955214
2025-04,0.10936621868841602,0.020118677471707678,0.04327757350420372,0.023792043401116843,0.011220334879553916,0.026717668842034345,0.11359928931681884,0.039284769674882994,0.011418143488342117,0.04384635546065078,0.03258034283907864,0.02504536468287078,0.040046338452206634,0.09356183771845868,0.05340874075950261,0.039938046743488435,0.05235756811399659,0.1266547611303819,0.09376592483228832
2025-05,0.1082009203747272,0.02030579609585511,0.04021410610670056,0.02295605136372472,0.011012704482479771,0.025839108833411922,0.11394615571874009,0.039229634390269955,0.011427814020288864,0.04481594701935871,0.03259326114296795,0.02557074908127836,0.03995480453450611,0.09275901868164493,0.05383345390624578,0.03925255220938877,0.05264917147470977,0.12753808456823132,0.09790066599547019
2025-06,0.10660017713698373,0.02031110638796893,0.04011179861932992,0.023592907852001598,0.011052621496236023,0.02586974565310731,0.10938853630194893,0.03931340601759468,0.01145398974392738,0.04664447557579823,0.0341729479934721,0.026650880202700684,0.04099914314425775,0.09374960145260745,0.05497569877837195,0.039646290855900726,0.05370953197182284,0.12356670685665692,0.09819043395931296
2025-07,0.10492475775049678,0.020562702043194152,0.04045829772145235,0.02344796518608108,0.011044481260787766,0.025691552475080603,0.10891352298591132,0.03934382348659018,0.011628497947319495,0.04751325630370455,0.03550193504663244,0.025690152934456974,0.041471688553338173,0.0933845157273546,0.055190931849817486,0.040198399592919744,0.05444528118538091,0.12331689089346487,0.09727134705601637
2025-08,0.10442855633400007,0.02057461776173361,0.04098637405125101,0.02362592020604552,0.011137581835776407,0.025734056262896318,0.10682197697358668,0.03983453727499679,0.011730837478509525,0.04746768548707298,0.036547359184373254,0.02551054518776175,0.04154481556157099,0.09521327445892533,0.055778339358348535,0.03993148511744201,0.05489558321481942,0.12154668586856249,0.09668976838232712
2025-09,0.10495530639037483,0.02100968013600358,0.04120569963110804,0.02373577598201134,0.01123457705434209,0.025932501103860608,0.10857150636569336,0.04087422392034903,0.011654146822559833,0.04727633341950576,0.036153496410993365,0.025883022483613485,0.04162221496665934,0.09330638260296664,0.055098381951815094,0.04028488076750745,0.055047822588922025,0.12072868552067989,0.0954253618810343
2025-10,0.10188934920653134,0.021479993234258223,0.04065371730339746,0.02290098172521348,0.01101002312046211,0.025114674276770135,0.1087417606711893,0.04040529235220383,0.011539278826100787,0.04649741423709431,0.03694636635571472,0.02751819929344282,0.041807992064424315,0.09483765334428851,0.0541596219324215,0.04012434120991925,0.05574158736340808,0.12005736616925357,0.09857438731390622
2025-11,0.10043845194027445,0.02146816827918596,0.04014128005893296,0.022034215922118915,0.010752409059300755,0.024386433692008058,0.109505900418841,0.039494067588556295,0.011864184494102733,0.04628860845908566,0.038165205147527755,0.027385959559532467,0.041663851189015305,0.09426002287794306,0.054775938110199214,0.0392727467701425,0.055553333782949056,0.11955303640823588,0.10299618624204804
2025-12,0.10179517765783223,0.02144147256290245,0.04002225187709744,0.022074090577888637,0.011007829468833009,0.024542199820622456,0.11504840064321165,0.03882825927239405,0.011888738250780437,0.04531001519733165,0.036895093113963114,0.02667086247186569,0.04076809563937968,0.09479598195132356,0.054075132832326005,0.039046609197305585,0.054921184348231865,0.11897713044607684,0.10189147467063364
2026-01,0.10071473167874852,0.021944502517173784,0.03987894465286446,0.022363006858659776,0.010797493118262625,0.024377359150299757,0.11559785918778108,0.03812364862475408,0.012048905312496744,0.04620310453245022,0.037026874712219264,0.026986371436780097,0.041801541033328095,0.09213867802446055,0.05409614033282227,0.03987211946128469,0.054836348249098936,0.11642210190639737,0.10477026921011784
2026-02,0.10216080584585845,0.022785336372956256,0.04118790699783002,0.02186055288098978,0.010685553311561074,0.024984997045964158,0.11537501651736395,0.038802813158730534,0.012159197595361316,0.045678009612871794,0.03724485471443995,0.02631222652969003,0.041899736348337914,0.09180538933299127,0.054095534713754494,0.03876351581173719,0.052699106012834736,0.11375787016862518,0.10774157702810193
2026-03,0.10404802284555788,0.023131732057746702,0.04165346691234409,0.02183839449089518,0.010678628311245449,0.025269446574029842,0.11659587352504995,0.0387413331233367,0.01214600833145316,0.0464832874340021,0.036214198382948766,0.025238001815316515,0.041686235412604675,0.09459497575463446,0.05194426632787082,0.03693034755252127,0.05046159205446164,0.11419466529226523,0.10814952380171565
2026-04,0.10054079914432851,0.02223740278447712,0.04616995337893734,0.021216346529394924,0.010348113680980256,0.026660662009571085,0.11386571475614077,0.037840225885509046,0.012307634837666863,0.04444901479539803,0.03679074780003889,0.025278338615764152,0.04102362341000755,0.09690155705290045,0.05328579899407773,0.037619034040465175,0.05055075009585141,0.11359642071354262,0.1093178614749482
2026-05,0.10070934671184954,0.022173000014162322,0.04471296924539511,0.020750562302490894,0.010576930711280543,0.026720600921830533,0.11112632953143292,0.0388085381326378,0.01290418858393453,0.04409146206919809,0.039393406064601275,0.025328851600995454,0.041259255980926134,0.09680987113260073,0.05594204950973331,0.038757670464050036,0.0520362507570423,0.11161478095923055,0.10628393530660796
2026-06,0.09965964617453368,0.022601958736204717,0.04341167288841211,0.021004126877211735,0.010436701628438448,0.02621649452852489,0.1144254156035827,0.038170488949041514,0.013425395810029913,0.0435021741209996,0.04160180638919528,0.02632003374248338,0.042349413952387824,0.09320004718536906,0.055344244473247366,0.03864082071220707,0.05407034318754405,0.11120203191551715,0.10441718312506952
2026-07,0.10001654486139182,0.021917036482860426,0.04210356205820066,0.02073422850761969,0.011061031235310248,0.025793181719665652,0.1174181732046723,0.039486217407907254,0.013289557335023633,0.04660965347733401,0.042175123596557805,0.02605517534759622,0.04288067110003669,0.09425514144036935,0.05284863087350679,0.03958434042044223,0.051537574764704074,0.1127367153950895,0.0994974407717115
2026-08,0.10098334501430883,0.022261259741129483,0.04518196815169175,0.02135413892297835,0.011295243277909208,0.02613468970780011,0.11603272644733989,0.03780520504139977,0.01242806095852797,0.04600797596876793,0.03994899198855647,0.0242033559890586,0.043078191218944385,0.0924188535273879,0.05491524593411406,0.04077285261224553,0.05298908337252307,0.1130769938889485,0.09911181823636811
